{
  "model": "Qwen/Qwen2.5-3B",
  "n_modes": 15,
  "seed": 42,
  "mode_names": [
    "haiku",
    "python_code",
    "recipe",
    "scientific_fact",
    "diary",
    "numbered_list",
    "dialogue",
    "philosophy",
    "song_lyrics",
    "math_stats",
    "metaphor",
    "historical_fact",
    "letter",
    "childrens_story",
    "json_data"
  ],
  "unconditional_bits": [
    111.9375,
    91.5625,
    129.375,
    106.6875,
    132.75,
    206.75,
    113.375,
    101.625,
    127.9375,
    219.625,
    89.4375,
    115.4375,
    177.375,
    162.625,
    126.25
  ],
  "unconditional_bytes": [
    69,
    134,
    130,
    143,
    138,
    298,
    105,
    140,
    111,
    163,
    87,
    158,
    171,
    166,
    129
  ],
  "conditional_bits": [
    [
      7.61328125,
      106.75,
      123.375,
      109.25,
      130.125,
      210.0,
      107.875,
      107.0625,
      106.4375,
      229.25,
      94.25,
      118.9375,
      170.25,
      160.0,
      121.5
    ],
    [
      120.75,
      5.84765625,
      128.125,
      95.0625,
      126.875,
      201.0,
      109.0625,
      101.4375,
      127.5625,
      202.875,
      94.375,
      117.5,
      169.0,
      161.625,
      112.125
    ],
    [
      113.25,
      103.375,
      7.8671875,
      102.1875,
      131.375,
      203.375,
      103.3125,
      104.3125,
      124.6875,
      232.125,
      93.125,
      113.625,
      163.625,
      165.375,
      124.0
    ],
    [
      129.5,
      103.6875,
      133.125,
      13.1953125,
      120.6875,
      193.375,
      106.0625,
      101.25,
      130.125,
      205.625,
      100.0625,
      110.0625,
      167.25,
      166.75,
      118.9375
    ],
    [
      115.0625,
      99.0625,
      119.25,
      97.625,
      14.359375,
      202.75,
      103.0,
      98.625,
      129.125,
      225.125,
      75.625,
      113.875,
      166.0,
      168.875,
      122.5
    ],
    [
      116.4375,
      97.9375,
      121.4375,
      95.75,
      125.125,
      10.0546875,
      111.5,
      97.0,
      126.75,
      215.625,
      100.0625,
      108.0,
      164.625,
      156.75,
      114.0
    ],
    [
      113.375,
      106.0625,
      115.6875,
      103.75,
      128.75,
      207.5,
      14.7109375,
      101.8125,
      128.125,
      217.0,
      84.5625,
      112.6875,
      167.875,
      166.375,
      120.375
    ],
    [
      113.9375,
      101.6875,
      126.8125,
      105.0,
      123.3125,
      200.875,
      109.6875,
      15.4921875,
      131.125,
      225.0,
      85.0,
      110.5,
      165.5,
      166.125,
      125.75
    ],
    [
      105.875,
      100.1875,
      116.6875,
      120.25,
      138.625,
      207.625,
      121.875,
      108.4375,
      16.765625,
      232.5,
      100.8125,
      125.375,
      174.0,
      165.125,
      120.5625
    ],
    [
      129.375,
      72.25,
      125.375,
      83.0625,
      120.5,
      210.25,
      108.375,
      101.0625,
      135.875,
      8.734375,
      105.9375,
      113.1875,
      157.875,
      173.25,
      99.0
    ],
    [
      109.5,
      101.5,
      125.625,
      103.625,
      123.875,
      204.875,
      105.4375,
      103.1875,
      125.3125,
      224.875,
      14.8125,
      113.9375,
      163.5,
      159.5,
      126.0
    ],
    [
      118.6875,
      97.5625,
      122.5625,
      94.75,
      114.625,
      199.0,
      108.875,
      97.0625,
      127.9375,
      216.875,
      96.5,
      5.80859375,
      159.25,
      165.75,
      127.75
    ],
    [
      106.6875,
      97.875,
      112.125,
      97.1875,
      122.8125,
      200.125,
      105.8125,
      98.375,
      128.625,
      216.0,
      96.0625,
      107.875,
      5.546875,
      162.625,
      134.375
    ],
    [
      110.625,
      97.0625,
      123.125,
      107.9375,
      123.3125,
      203.25,
      109.375,
      105.9375,
      131.625,
      224.875,
      87.3125,
      111.9375,
      162.625,
      6.8515625,
      122.0625
    ],
    [
      115.5,
      74.75,
      128.375,
      100.6875,
      118.625,
      204.75,
      124.875,
      101.0,
      135.5,
      207.625,
      86.4375,
      113.25,
      167.875,
      165.625,
      10.8671875
    ]
  ],
  "reduction_matrix": [
    [
      104.32421875,
      -15.1875,
      6.0,
      -2.5625,
      2.625,
      -3.25,
      5.5,
      -5.4375,
      21.5,
      -9.625,
      -4.8125,
      -3.5,
      7.125,
      2.625,
      4.75
    ],
    [
      -8.8125,
      85.71484375,
      1.25,
      11.625,
      5.875,
      5.75,
      4.3125,
      0.1875,
      0.375,
      16.75,
      -4.9375,
      -2.0625,
      8.375,
      1.0,
      14.125
    ],
    [
      -1.3125,
      -11.8125,
      121.5078125,
      4.5,
      1.375,
      3.375,
      10.0625,
      -2.6875,
      3.25,
      -12.5,
      -3.6875,
      1.8125,
      13.75,
      -2.75,
      2.25
    ],
    [
      -17.5625,
      -12.125,
      -3.75,
      93.4921875,
      12.0625,
      13.375,
      7.3125,
      0.375,
      -2.1875,
      14.0,
      -10.625,
      5.375,
      10.125,
      -4.125,
      7.3125
    ],
    [
      -3.125,
      -7.5,
      10.125,
      9.0625,
      118.390625,
      4.0,
      10.375,
      3.0,
      -1.1875,
      -5.5,
      13.8125,
      1.5625,
      11.375,
      -6.25,
      3.75
    ],
    [
      -4.5,
      -6.375,
      7.9375,
      10.9375,
      7.625,
      196.6953125,
      1.875,
      4.625,
      1.1875,
      4.0,
      -10.625,
      7.4375,
      12.75,
      5.875,
      12.25
    ],
    [
      -1.4375,
      -14.5,
      13.6875,
      2.9375,
      4.0,
      -0.75,
      98.6640625,
      -0.1875,
      -0.1875,
      2.625,
      4.875,
      2.75,
      9.5,
      -3.75,
      5.875
    ],
    [
      -2.0,
      -10.125,
      2.5625,
      1.6875,
      9.4375,
      5.875,
      3.6875,
      86.1328125,
      -3.1875,
      -5.375,
      4.4375,
      4.9375,
      11.875,
      -3.5,
      0.5
    ],
    [
      6.0625,
      -8.625,
      12.6875,
      -13.5625,
      -5.875,
      -0.875,
      -8.5,
      -6.8125,
      111.171875,
      -12.875,
      -11.375,
      -9.9375,
      3.375,
      -2.5,
      5.6875
    ],
    [
      -17.4375,
      19.3125,
      4.0,
      23.625,
      12.25,
      -3.5,
      5.0,
      0.5625,
      -7.9375,
      210.890625,
      -16.5,
      2.25,
      19.5,
      -10.625,
      27.25
    ],
    [
      2.4375,
      -9.9375,
      3.75,
      3.0625,
      8.875,
      1.875,
      7.9375,
      -1.5625,
      2.625,
      -5.25,
      74.625,
      1.5,
      13.875,
      3.125,
      0.25
    ],
    [
      -6.75,
      -6.0,
      6.8125,
      11.9375,
      18.125,
      7.75,
      4.5,
      4.5625,
      0.0,
      2.75,
      -7.0625,
      109.62890625,
      18.125,
      -3.125,
      -1.5
    ],
    [
      5.25,
      -6.3125,
      17.25,
      9.5,
      9.9375,
      6.625,
      7.5625,
      3.25,
      -0.6875,
      3.625,
      -6.625,
      7.5625,
      171.828125,
      0.0,
      -8.125
    ],
    [
      1.3125,
      -5.5,
      6.25,
      -1.25,
      9.4375,
      3.5,
      4.0,
      -4.3125,
      -3.6875,
      -5.25,
      2.125,
      3.5,
      14.75,
      155.7734375,
      4.1875
    ],
    [
      -3.5625,
      16.8125,
      1.0,
      6.0,
      14.125,
      2.0,
      -11.5,
      0.625,
      -7.5625,
      12.0,
      3.0,
      2.1875,
      9.5,
      -3.0,
      115.3828125
    ]
  ],