sample_id,sidecar_key,context,label_value,label_name,resp_0,resp_1,resp_2,resp_3,resp_4,metric_averaged_cosine_similarity,metric_averaged_distinct_ngrams,metric_bert_score,metric_bert_sts,metric_sent_bert,metric_icl_E_qwen3_30b_a3b,metric_icl_E_rate_qwen3_30b_a3b,metric_icl_C_qwen3_30b_a3b,metric_icl_D_qwen3_30b_a3b,metric_icl_D_rate_qwen3_30b_a3b,metric_icl_E_qwen3_30b_a3b_std,metric_icl_E_rate_qwen3_30b_a3b_std,metric_icl_C_qwen3_30b_a3b_std,metric_icl_D_qwen3_30b_a3b_std,metric_icl_D_rate_qwen3_30b_a3b_std
test.context.txt::01240,test.context.txt::01240__row0,It's like new england patriots or houston texans,1.0,content_diversity,Who are new england patriots?,Do you think so?,Which team do you prefer?,So you are fan of american football?,I hate both teams,-0.015,0.976,-0.143,-0.706,-0.223,15.769056,0.459564,0.376585,5.938396,0.173065,28.729148,1.157276,0.000000,10.818977,0.435813
test.context.txt::01240,test.context.txt::01240__row1,It's like new england patriots or houston texans,0.0,content_diversity,I don't like these teams,I can't stand neither of these teams,I dislike both teams,I hate patriots and texans,I'm not a fan of these teams,-0.076,0.899,-0.493,-0.809,-0.697,34.206370,1.345633,0.442317,15.130048,0.595196,33.563894,1.231392,0.000000,14.845870,0.544665
test.context.txt::01241,test.context.txt::01241__row2,Almost seems like it comes from thin air sometimes,1.0,content_diversity,Because it does,Why do you think that?,I couldn't disagree more with you,I believe you're wrong with this one buddy,What does it seem like it comes from thin air?,-0.019,0.963,0.039,-0.638,-0.287,17.210842,0.701851,0.411237,7.077734,0.288627,55.846093,0.826762,0.000000,22.965978,0.339995
test.context.txt::01241,test.context.txt::01241__row3,Almost seems like it comes from thin air sometimes,0.0,content_diversity,What makes you think that?,Why do you think like that?,Can you explain why you think so?,Please elaborate your reasoning behind this,Can you tell us why do you think that?,-0.105,0.861,-0.429,-0.870,-0.657,30.134647,0.923289,0.426917,12.865001,0.394168,34.892647,0.659972,0.000000,14.896273,0.281754
test.context.txt::01242,test.context.txt::01242__row4,How about murder rates violent crime or assault,1.0,content_diversity,no one wants to talk about that,no how about no,thats not good,i do not care about those,alright,-0.020,0.952,-0.114,-0.665,-0.380,20.014655,1.005231,0.290625,5.816764,0.292146,30.488203,1.700348,0.000000,8.860641,0.494164
test.context.txt::01242,test.context.txt::01242__row5,How about murder rates violent crime or assault,0.0,content_diversity,cant be good,not sweet,not something thats cool,its not bad,its kinda bad,-0.034,0.747,-0.216,-0.725,-0.672,33.352787,2.349507,0.169946,5.668188,0.399290,25.590060,1.572646,0.000000,4.348940,0.267266
test.context.txt::01243,test.context.txt::01243__row6,Wait did I miss cats or is it just not there,1.0,content_diversity,"Yeah man, you missed them",What do you think?,They were never here,I'm not sure,Those were dogs and not cats,-0.013,0.973,0.030,-0.586,-0.224,19.091241,1.338885,0.293691,5.606927,0.393219,46.535777,0.816786,0.000000,13.667142,0.239883
test.context.txt::01243,test.context.txt::01243__row7,Wait did I miss cats or is it just not there,0.0,content_diversity,"Yes, you missed the cats",I'm afraid you missed them,"Positive, you missed it",I'm sorry buddy but you missed it,Unfortunately you missed them,-0.171,0.825,-0.444,-0.860,-0.551,47.599855,1.796928,0.351628,16.737458,0.631851,30.480039,1.104382,0.000000,10.717646,0.388332
test.context.txt::01244,test.context.txt::01244__row8,You seem to have a soft spot for grass types,1.0,content_diversity,what does that mean,yeah grass is cool,grass?,what is this language?,i have a type,-0.010,0.776,-0.094,-0.627,-0.286,23.843229,2.230880,0.180852,4.312104,0.403460,27.615035,2.917638,0.000000,4.994244,0.527662
test.context.txt::01244,test.context.txt::01244__row9,You seem to have a soft spot for grass types,0.0,content_diversity,what does it mean?,be clearer please,ok i misunderstood you,clarify please,yeah but what is it,-0.017,0.967,-0.029,-0.717,-0.455,31.665259,1.835265,0.224609,7.112293,0.412216,24.692704,0.793246,0.000000,5.546197,0.178170
test.context.txt::01245,test.context.txt::01245__row10,Gthe just described everyone on reddit  not even close,1.0,content_diversity,I agree with most people on there,that is true,most people are the same,there are many types of people,reddit is a unique place,-0.029,0.944,-0.205,-0.670,-0.354,19.592909,0.921223,0.417788,8.185683,0.384876,29.430044,0.898076,0.000000,12.295521,0.375206
test.context.txt::01245,test.context.txt::01245__row11,Gthe just described everyone on reddit  not even close,0.0,content_diversity,reddit is full of people that know a lot and know nothing,reddit can be anything,reddit is full of one of kind humans,reddit can be a variety of cases,most on reddit vary a lot,-0.092,0.850,-0.171,-0.948,-0.649,25.593029,0.648717,0.376499,9.635762,0.244241,46.093232,1.715788,0.000000,17.354078,0.645993
test.context.txt::01246,test.context.txt::01246__row12,How about getting some new mods to help out,1.0,content_diversity,They are so expensive,No I don't think that's feasible,I believe you are wrong with that one,And how much would that cost?,I think I just need to reboot my device,-0.021,0.964,-0.127,-0.611,-0.252,22.891827,0.817834,0.354142,8.106963,0.289630,44.205609,0.546783,0.000000,15.655074,0.193639
test.context.txt::01246,test.context.txt::01246__row13,How about getting some new mods to help out,0.0,content_diversity,They are overpriced,I can't afford them,It's out of my price range,They cost too much,Their price is too high,-0.014,0.973,-0.332,-0.726,-0.560,52.985135,2.576692,0.257476,13.642417,0.663437,17.628717,0.579518,0.000000,4.538977,0.149212
test.context.txt::01247,test.context.txt::01247__row14,You don't have to use the shift key for the word shift,1.0,content_diversity,I know that,I did not know that,"Wow, thanks",did you find that moking me enjoyable?,I did not ask for your help,-0.064,0.887,-0.048,-0.700,-0.170,26.059029,1.673327,0.266127,6.935004,0.445317,106.441659,2.354755,0.000000,28.326969,0.626663
test.context.txt::01247,test.context.txt::01247__row15,You don't have to use the shift key for the word shift,0.0,content_diversity,thank you,I appreciate your help,I am glad you told me,"wow, I am glad you told","from the bottom of my heard, I feel grateful",-0.099,0.816,-0.177,-0.747,-0.620,23.673617,1.746622,0.273403,6.472440,0.477532,103.229431,1.523791,0.000000,28.223245,0.416609
test.context.txt::01248,test.context.txt::01248__row16,Thats what I have you tagged as so I'm sticking with it,1.0,content_diversity,"Please change it, I don;t like",I think it is cool,Why would you change it?,How do you have her tagged?,Why doesn't she like it?,-0.023,0.956,-0.232,-0.677,-0.231,23.741688,1.026221,0.358373,8.508390,0.367771,30.777244,0.763058,0.000000,11.029747,0.273460
test.context.txt::01248,test.context.txt::01248__row17,Thats what I have you tagged as so I'm sticking with it,0.0,content_diversity,It is kinda cool,I like it,I actually think it is good,It is amazing,I like the way you tagged her,-0.056,0.917,-0.388,-0.704,-0.605,24.087679,1.739714,0.327558,7.890112,0.569857,37.880963,0.837124,0.000000,12.408212,0.274207
test.context.txt::01249,test.context.txt::01249__row18,He never wanted first whip just first to 85 slayer,1.0,content_diversity,he got what he wanted,that is hard to do,I am not sure what you are talking about,he got neither,it was good effort,-0.023,0.960,-0.148,-0.581,-0.244,14.413910,0.454060,0.389144,5.609081,0.176694,25.749567,1.932595,0.000000,10.020279,0.752057
test.context.txt::01249,test.context.txt::01249__row19,He never wanted first whip just first to 85 slayer,0.0,content_diversity,he could not acquire either,it was too hard to get either,he did not get either one of those,"well unfortunately, he was not successful at this attempt",he was unable to get either title,-0.082,0.894,-0.341,-0.774,-0.671,29.824546,0.882431,0.410555,12.244630,0.362287,86.437373,0.979234,0.000000,35.487333,0.402030
test.context.txt::01250,test.context.txt::01250__row20,Thats pretty much the only way to describe it haha,1.0,content_diversity,I agree we have no choice,i agree with that,it seems that way,"i agree, the only way","I believe so, it fits the bill",-0.028,0.946,-0.175,-0.795,-0.522,9.005782,0.786996,0.384716,3.464664,0.302770,46.284323,0.952351,0.000000,17.806298,0.366384
test.context.txt::01250,test.context.txt::01250__row21,Thats pretty much the only way to describe it haha,0.0,content_diversity,everyone feels the same on it,one choice to make,the description is already made,we can choose anything else,only one way to explain everything,-0.012,0.977,-0.086,-0.671,-0.426,29.699816,1.255382,0.366789,10.893562,0.460460,24.687568,0.834957,0.000000,9.055125,0.306253
test.context.txt::01251,test.context.txt::01251__row22,Your username is opposite relevant because your comment gets an f minus,1.0,content_diversity,I could not care what you think,you do not get to give me a grade,I don't know what you mean,you have no right to say anything about me,your comment was rude,-0.033,0.948,-0.135,-0.710,-0.375,23.525783,0.637432,0.430850,10.136076,0.274637,25.268871,0.766741,0.000000,10.887085,0.330350
test.context.txt::01251,test.context.txt::01251__row23,Your username is opposite relevant because your comment gets an f minus,0.0,content_diversity,your words mean nothing to me,what you said have not relevance on me,you do not mean a thing to me,what you think has no value for me,I don't care,-0.041,0.931,-0.307,-0.734,-0.649,45.235905,1.317265,0.347503,15.719598,0.457753,55.328627,1.173520,0.000000,19.226846,0.407801
test.context.txt::01252,test.context.txt::01252__row24,This is not an issue when you're 18,1.0,content_diversity,"yes, once your an adult",this is true,"Once your old enough, it doens't matter",I feel it is the same.,"once adulthood comes, it is easier.",-0.033,0.946,-0.141,-0.746,-0.384,29.547715,1.364655,0.269373,7.959369,0.367602,60.576766,1.064487,0.000000,16.317771,0.286745
test.context.txt::01252,test.context.txt::01252__row25,This is not an issue when you're 18,0.0,content_diversity,"yes, it becomes so easy.",being an adult has its advantages,"yes, the older you are the better",being 18 makes it easy,adulthood makes it simple,-0.034,0.939,-0.240,-0.793,-0.460,40.727183,1.460563,0.330853,13.474730,0.483232,41.190163,1.867922,0.000000,13.627908,0.618008
test.context.txt::01253,test.context.txt::01253__row26,Why has nobody tried to invade the place yet,1.0,content_diversity,because thats wrong,i wouldn't do it,it isnt good,i am not sure dude,ask yourself that,-0.010,0.978,-0.053,-0.652,-0.372,23.718825,1.686182,0.205701,4.878985,0.346849,16.600859,1.000648,0.000000,3.414813,0.205834
test.context.txt::01253,test.context.txt::01253__row27,Why has nobody tried to invade the place yet,0.0,content_diversity,its kinda wrong,i think its wrong,some think its wrong or bad,its not nice thats why,not sure,-0.070,0.883,-0.149,-0.776,-0.579,45.513578,1.857321,0.182718,8.316142,0.339366,38.365228,1.982292,0.000000,7.010011,0.362200
test.context.txt::01254,test.context.txt::01254__row28,Edited  d thanks I was wondering about that,1.0,content_diversity,sure no problem,i was wondering the same,no doubt,yeah it seems everyone was,ok cool,-0.012,0.976,-0.035,-0.650,-0.414,18.589319,1.249118,0.248630,4.621860,0.310568,38.225800,2.354149,0.000000,9.504076,0.585312
test.context.txt::01254,test.context.txt::01254__row29,Edited  d thanks I was wondering about that,0.0,content_diversity,thats no problem,ok cool,sure fine,thats fine,alight good,-0.018,0.564,-0.278,-0.711,-0.536,25.418999,3.006097,0.132256,3.361820,0.397575,32.246216,2.665906,0.000000,4.264762,0.352583
test.context.txt::01255,test.context.txt::01255__row30,Why when you were a child did you come home after playing,1.0,content_diversity,because home is where the heart is,So I can eat,because I have no where else to go,why do you assume I go home,I don't remember much of my childhood,-0.029,0.952,-0.102,-0.690,-0.241,26.266085,1.212510,0.326191,8.567757,0.395510,30.410236,2.064580,0.000000,9.919541,0.673447
test.context.txt::01255,test.context.txt::01255__row31,Why when you were a child did you come home after playing,0.0,content_diversity,I came home to eat,there is a meal waiting for me,my mother cooked dinner,"after play time, it is dinner time at home",I get to eat delicious food at home,-0.033,0.937,-0.201,-0.899,-0.530,34.590200,1.243411,0.338145,11.696499,0.420453,41.886308,0.460851,0.000000,14.163640,0.155835
test.context.txt::01256,test.context.txt::01256__row32,There should be a warning about the picture,1.0,content_diversity,I agree with you,I don' think so,It is not that explicit at all,What do you mean?,Actually there is a warning,-0.013,0.975,0.079,-0.628,-0.348,26.967975,1.399730,0.300787,8.111606,0.421020,40.243371,1.665383,0.000000,12.104667,0.500925
test.context.txt::01256,test.context.txt::01256__row33,There should be a warning about the picture,0.0,content_diversity,Warning already exists,There's a warning on previous page,Warning is above the picture,"Under the picture, there is a warning",On the left side of the picture is a warning,-0.063,0.889,-0.201,-0.973,-0.601,26.657852,0.900833,0.428836,11.431851,0.386310,28.127919,1.215724,0.000000,12.062269,0.521346
test.context.txt::01257,test.context.txt::01257__row34,I don't respect their beliefs I respect their right to have them,1.0,content_diversity,shouldn't we all,its the best thing to do as a whole,i agree too,i respect them,everyone has a right am i right?,-0.018,0.976,0.058,-0.663,-0.474,8.752064,1.168335,0.309484,2.708622,0.361581,58.282582,1.559505,0.000000,18.037515,0.482642
test.context.txt::01257,test.context.txt::01257__row35,I don't respect their beliefs I respect their right to have them,0.0,content_diversity,its is the best,best thing their is,its a best bet,it is best,its what you can do as a whole,-0.064,0.930,-0.153,-0.800,-0.752,11.729686,1.653779,0.207217,2.430594,0.342692,61.983616,1.458310,0.000000,12.844079,0.302187
test.context.txt::01258,test.context.txt::01258__row36,I dunno charging from a plug still goes quick enough  I think,1.0,content_diversity,the plug is still fast yes,I agree that the plug is still quick,"the speed is still quick from the plug, yes",but quick enough overall?,but not as quick as it should be,-0.087,0.853,-0.282,-0.929,-0.569,40.219869,1.182069,0.411454,16.548637,0.486367,33.398450,1.425738,0.000000,13.741935,0.586626
test.context.txt::01258,test.context.txt::01258__row37,I dunno charging from a plug still goes quick enough  I think,0.0,content_diversity,the plug way is quick,the plug can provide adequate speed,the speed is good enough using the plug,the quickness of the plug is satisfactory,I think the plug quickness is good for most purposes.,-0.132,0.879,-0.385,-0.968,-0.856,21.739494,0.759680,0.431014,9.370019,0.327432,86.779312,1.375406,0.000000,37.403069,0.592819
test.context.txt::01259,test.context.txt::01259__row38,It's hard not to love this song also your flair is great,1.0,content_diversity,Thank you,I agree with you,This song is perfect,I don't like this song,What is flair?,-0.022,0.956,-0.093,-0.611,-0.254,12.464009,0.537724,0.385683,4.807156,0.207391,27.069707,1.988513,0.000000,10.440325,0.766936
test.context.txt::01259,test.context.txt::01259__row39,It's hard not to love this song also your flair is great,0.0,content_diversity,I'm not a fan of this song,I hate this song,I can't stand this song,I really hate this one,This is the worst song ever,-0.084,0.906,-0.534,-0.844,-0.682,18.304818,0.882370,0.435722,7.975809,0.384468,25.884836,1.058438,0.000000,11.278589,0.461184
test.context.txt::01260,test.context.txt::01260__row40,I hate the sword  but still a great video 3,1.0,content_diversity,I love the sword,that video was pretty great,why do you hate sword?,"well, I disagree",I don't like sword either,-0.020,0.973,-0.149,-0.662,-0.212,23.758822,1.204474,0.350820,8.335058,0.422553,28.455561,1.768734,0.000000,9.982766,0.620507
test.context.txt::01260,test.context.txt::01260__row41,I hate the sword  but still a great video 3,0.0,content_diversity,it was so good,I agree,I think it was awesome too,it was wonderful to watch,it was amazing,-0.098,0.890,-0.320,-0.695,-0.737,28.880978,1.610667,0.290020,8.376051,0.467125,26.361312,1.516748,0.000000,7.645299,0.439887
test.context.txt::01261,test.context.txt::01261__row42,No  we are not doing this  stop  just stop,1.0,content_diversity,I agree,"no, it must go on",i feel this isn't done yet,how do we keep going,i am not trying to keep it going,-0.012,0.969,-0.209,-0.647,-0.425,19.543668,0.976859,0.282760,5.526163,0.276216,40.981799,2.549369,0.000000,11.588004,0.720859
test.context.txt::01261,test.context.txt::01261__row43,No  we are not doing this  stop  just stop,0.0,content_diversity,we need to keep trying,nothing is finished,we haven't even tried to end it correctly,the ending is not here,we haven't even started,-0.041,0.919,-0.213,-0.718,-0.597,43.831075,1.502813,0.405871,17.789766,0.609948,42.263109,1.159174,0.000000,17.153373,0.470475
test.context.txt::01262,test.context.txt::01262__row44,Thank you for saying what should be said,1.0,content_diversity,No problem,It was my pleasure,I am always here to give feedback,I don't like what he said,I think you could have avoided saying that,-0.009,0.985,-0.088,-0.591,-0.254,22.813496,1.284374,0.335881,7.662609,0.431396,49.555083,0.823717,0.000000,16.644587,0.276670
test.context.txt::01262,test.context.txt::01262__row45,Thank you for saying what should be said,0.0,content_diversity,I don't agree with what he said,I think he is wrong,I don't like his answer,I believe he is wrong,I am sure he is not right,-0.103,0.880,-0.525,-0.772,-0.702,37.642443,1.697226,0.312368,11.758313,0.530160,25.534299,1.003547,0.000000,7.976111,0.313477
test.context.txt::01263,test.context.txt::01263__row46,I cannot stress enough the importance of not pooping on your bass,1.0,content_diversity,i feel the same,I have never heard of that,is that so?,I agree with you,"why, personal experience?",-0.009,0.980,-0.029,-0.628,-0.294,4.108118,0.929805,0.251508,1.033223,0.233853,61.843485,2.220159,0.000000,15.554103,0.558387
test.context.txt::01263,test.context.txt::01263__row47,I cannot stress enough the importance of not pooping on your bass,0.0,content_diversity,this is something I agree with,this is true,this is something most should know,I agree is slightly different terms,overall this is something most agree with,-0.166,0.782,-0.252,-0.831,-0.543,35.552933,1.342628,0.322017,11.448634,0.432349,78.061160,1.962532,0.000000,25.136989,0.631968
test.context.txt::01264,test.context.txt::01264__row48,I'm from almost georgia what does georgia have to do with it,1.0,content_diversity,the state matters a lot in this case,what state your in matters,the location matters a great deal,the state determines the risk,georgia deals with everything,-0.047,0.918,-0.203,-0.714,-0.354,28.975622,0.928844,0.366359,10.615479,0.340290,20.335147,0.926625,0.000000,7.449963,0.339477
test.context.txt::01264,test.context.txt::01264__row49,I'm from almost georgia what does georgia have to do with it,0.0,content_diversity,the state location determines most aspects,everything,the state will make the final say,the location is the main cause,every state has their own method,-0.036,0.937,-0.152,-0.681,-0.453,33.046024,1.295276,0.361496,11.946001,0.468237,50.821143,0.516732,0.000000,18.371634,0.186796
test.context.txt::01265,test.context.txt::01265__row50,Sorry you had to take the heat bro,1.0,content_diversity,thanksf for the concern,someone had to,I knew it was going to be me,"its ok, i knew it would happen",thanks for the pity,-0.029,0.942,0.006,-0.640,-0.338,29.384215,1.213689,0.344195,10.113909,0.417746,47.988593,1.385766,0.000000,16.517448,0.476974
test.context.txt::01265,test.context.txt::01265__row51,Sorry you had to take the heat bro,0.0,content_diversity,if it wasn't me who else,this was known,I knew is was me,I had to do it,this is something one has to take,-0.028,0.946,-0.124,-0.610,-0.477,20.289628,1.744815,0.288846,5.860584,0.503983,40.448568,1.423575,0.000000,11.683418,0.411194
test.context.txt::01266,test.context.txt::01266__row52,Sadly I don't have an answer  I don't scream,1.0,content_diversity,why don't you?,One would need to scream to know,Oh i see what you mean,you would need to scream to answer that,I agree that you need to yell to do it,-0.085,0.836,-0.035,-0.733,-0.377,17.634230,0.613565,0.343216,6.052350,0.210585,43.378626,1.982237,0.000000,14.888239,0.680335
test.context.txt::01266,test.context.txt::01266__row53,Sadly I don't have an answer  I don't scream,0.0,content_diversity,screaming is the only way to figure it out,"to answer, requires a scream",the only way to figure it out yes,"to know, is to scream",screaming capabilities are required,-0.109,0.718,-0.121,-0.865,-0.571,47.109808,1.593318,0.338562,15.949580,0.539437,37.021632,1.782526,0.000000,12.534110,0.603495
test.context.txt::01267,test.context.txt::01267__row54,Yup I'm on soul silver and I got you one last night,1.0,content_diversity,"wow thanks, its my favorite",I like that variety,that is awesome,thanks for the gift,you shouldn't have,-0.006,0.989,0.013,-0.670,-0.364,19.398644,1.127047,0.392284,7.609780,0.442123,44.081727,1.568835,0.000000,17.292563,0.615429
test.context.txt::01267,test.context.txt::01267__row55,Yup I'm on soul silver and I got you one last night,0.0,content_diversity,It is one of the best,It is the best one.,I think it is the top choice.,"Thanks, I love that one.","Ideally, that is the one I love the most.",-0.106,0.863,-0.445,-0.809,-0.763,23.839594,1.247629,0.352050,8.392735,0.439228,70.000298,1.232951,0.000000,24.643622,0.434061
test.context.txt::01268,test.context.txt::01268__row56,Doing things differently in order to achieve the best results,1.0,content_diversity,that might be the best way,you should change things up,"yes, that can bring better results",doing things different can do that,a new approach might help,-0.021,0.964,-0.279,-0.768,-0.521,43.117138,1.347520,0.383835,16.549877,0.517226,33.928297,0.693980,0.000000,13.022876,0.266374
test.context.txt::01268,test.context.txt::01268__row57,Doing things differently in order to achieve the best results,0.0,content_diversity,changing things can help,changing things should happen often,a new view is a good thing,changing the situation can improve the outcome,switching up the method helps,-0.030,0.941,-0.248,-0.827,-0.588,31.220214,0.990216,0.355679,11.104377,0.352199,38.999972,1.392698,0.000000,13.871474,0.495354
test.context.txt::01269,test.context.txt::01269__row58,Hey buddy don't worry at least I got the reference upvote,1.0,content_diversity,yeah thats all that matters,is this sarcasm?,what does it mean?,its that important,so what,-0.012,0.976,-0.002,-0.643,-0.329,16.616269,0.849113,0.338759,5.628906,0.287645,33.803258,1.058632,0.000000,11.451148,0.358621
test.context.txt::01269,test.context.txt::01269__row59,Hey buddy don't worry at least I got the reference upvote,0.0,content_diversity,doesnt seem important,ok cool important,why important,sure cool important,its very important,-0.089,0.506,-0.559,-0.782,-0.420,37.055997,2.296962,0.271161,10.048139,0.622846,20.132945,0.716962,0.000000,5.459268,0.194412
test.context.txt::01270,test.context.txt::01270__row60,Gt please tell him not to do this thank you  ftfy,1.0,content_diversity,I am not at liberty to tell him,it is his decision,I will try,why are you asking me?,what do I get for doing so?,-0.011,0.985,-0.140,-0.603,-0.267,11.907206,1.109133,0.342939,4.083442,0.380365,38.758575,1.155948,0.000000,13.291817,0.396419
test.context.txt::01270,test.context.txt::01270__row61,Gt please tell him not to do this thank you  ftfy,0.0,content_diversity,it is up to him,it is his choice,he decide his own action,he can do what he wants,he is free to make his own decision,-0.057,0.911,-0.341,-0.783,-0.661,35.706814,1.739724,0.360865,12.885323,0.627805,38.145062,1.590863,0.000000,13.765201,0.574086
test.context.txt::01271,test.context.txt::01271__row62,Meanwhile I'm praying for a day above 30 f,1.0,content_diversity,It should happen soon,Why?,"I'm not, I really like cold weather",You should and hopefully it will help,I don't understand why would you do it,-0.009,0.978,-0.050,-0.686,-0.216,25.532474,2.147892,0.232236,5.929551,0.498817,50.555825,3.954796,0.000000,11.740865,0.918445
test.context.txt::01271,test.context.txt::01271__row63,Meanwhile I'm praying for a day above 30 f,0.0,content_diversity,I prefer cold weather,I'm a fan of cold weather,I really like colder temperatures,I hate when it is warm,I like more cold weather conditions,-0.064,0.923,-0.515,-0.875,-0.599,27.525512,1.083376,0.405312,11.156415,0.439105,36.889726,1.221888,0.000000,14.951842,0.495246
test.context.txt::01272,test.context.txt::01272__row64,College isn't about learning a what it's about learning a how,1.0,content_diversity,That's a good way to put it.,"That's very true, in a nutshell.",I like that...and it's true.,I need to know both what and how.,You're absolutely right about that.,-0.012,0.974,-0.249,-0.732,-0.548,28.903835,0.993245,0.416976,12.052206,0.414159,47.563156,1.564792,0.000000,19.832695,0.652481
test.context.txt::01272,test.context.txt::01272__row65,College isn't about learning a what it's about learning a how,0.0,content_diversity,I need more than that...I need everything.,"I can use a who, when, and where too.",It takes more than how to get it through my thick skull.,I need all factors or I don't get it.,Hope it's that easy because I'm dense in school.,-0.029,0.946,-0.147,-0.710,-0.325,11.159464,0.315219,0.343246,3.830445,0.108198,82.222316,1.565281,0.000000,28.222506,0.537277
test.context.txt::01273,test.context.txt::01273__row66,Whats your favorite video game of all time,1.0,content_diversity,Call of Duty definitely,I don't play videogames,I think videogames are waste of time,Why would someone overpay videogames,I prefer reading books,-0.028,0.958,-0.181,-0.684,-0.173,35.003270,1.037089,0.340029,11.902135,0.352640,80.029095,2.006797,0.000000,27.212231,0.682369
test.context.txt::01273,test.context.txt::01273__row67,Whats your favorite video game of all time,0.0,content_diversity,I avoid videogames,I prefer to do other activities,I'm not good at videogames,I'm not a fan of videogames,I've never played a videogame,-0.034,0.942,-0.500,-0.852,-0.458,39.015397,1.529119,0.346387,13.514411,0.529666,22.360589,1.058473,0.000000,7.745408,0.366641
test.context.txt::01274,test.context.txt::01274__row68,What if that is the point of the music,1.0,content_diversity,It adds atmosphere,It is a big part of the presentation,Is sounds good,It makes it more interesting,I feel it brings out more of the presentation,-0.034,0.921,-0.323,-0.743,-0.568,23.591929,1.469388,0.330344,7.793457,0.485404,61.864543,1.679760,0.000000,20.436594,0.554899
test.context.txt::01274,test.context.txt::01274__row69,What if that is the point of the music,0.0,content_diversity,It makes the presentation more enjoyable.,It adds a musical quality to it,It brings it to the right mood,"without it, the presentation isn't as powerful",you need audio elements with it.,-0.037,0.944,-0.330,-0.777,-0.442,30.124897,0.792688,0.347853,10.479026,0.275739,57.918643,2.089186,0.000000,20.147155,0.726729
test.context.txt::01275,test.context.txt::01275__row70,Last time we tried we gave up after three hours,1.0,content_diversity,thats a long time,at least you tried,im proud of you for trying,yeah that is a awhile,cool,-0.009,0.980,0.009,-0.674,-0.332,41.444922,1.634482,0.171002,7.087171,0.279500,40.056828,4.437606,0.000000,6.849804,0.758840
test.context.txt::01275,test.context.txt::01275__row71,Last time we tried we gave up after three hours,0.0,content_diversity,took awhile,seemed to go forever,wow thats a long time,very broading time,that is awhile,-0.013,0.976,-0.164,-0.721,-0.575,29.243060,1.656979,0.204488,5.979865,0.338833,49.237348,2.246159,0.000000,10.068463,0.459313
test.context.txt::01276,test.context.txt::01276__row72,Some of us won't even leave our parents basement  s,1.0,content_diversity,Lol...it's safer there than out in the world.,Not only safer but less expensive.,I'm never coming out of here...,"Ugh, that's one place I couldn't stand to be",I miss being at home and not paying bills,-0.008,0.984,-0.117,-0.672,-0.251,23.657766,0.754207,0.392675,9.289818,0.296158,26.641007,0.447152,0.000000,10.461263,0.175585
test.context.txt::01276,test.context.txt::01276__row73,Some of us won't even leave our parents basement  s,0.0,content_diversity,"At least in the basement, there's no one to mug you when you leave.",It's a cruel world out there and the basement is safe!,"Lol, I won't leave until they physically make me go.",I've gotten to the point where I'm afraid to leave.,"It's better here than out there, and safer too.",-0.018,0.963,-0.242,-0.716,-0.300,29.468044,0.535961,0.444989,13.112956,0.238497,50.952943,0.860109,0.000000,22.673499,0.382739
test.context.txt::01277,test.context.txt::01277__row74,Or when only one of the double doors is unlocked,1.0,content_diversity,then what happens?,open it,lock it,what does this mean,cool story,-0.016,0.769,-0.304,-0.573,-0.297,4.103561,0.862250,0.240441,0.986664,0.207320,44.106094,4.579645,0.000000,10.604911,1.101134
test.context.txt::01277,test.context.txt::01277__row75,Or when only one of the double doors is unlocked,0.0,content_diversity,what does it mean,ok it means what,sure the meaning,nice meaning,ok what is it,-0.043,0.729,-0.350,-0.792,-0.441,40.676687,2.791082,0.168215,6.842429,0.469502,31.039370,2.329406,0.000000,5.221287,0.391841
test.context.txt::01278,test.context.txt::01278__row76,Tv on the radio is one of my favorite bands,1.0,content_diversity,they are not one of my favorite,never heard of them,do you like them that much,I have never heard any of their song,"well, they are ok",-0.038,0.935,-0.108,-0.729,-0.214,14.794803,0.342628,0.426875,6.315538,0.146260,34.241425,2.351336,0.000000,14.616824,1.003728
test.context.txt::01278,test.context.txt::01278__row77,Tv on the radio is one of my favorite bands,0.0,content_diversity,they are not bad,they are decent,I don't think they are that great nor that bad,they are acceptable,I think I can tolerate their music,-0.104,0.891,-0.310,-0.722,-0.540,33.144560,1.433373,0.369704,12.253685,0.529924,43.494013,0.479650,0.000000,16.079922,0.177329
test.context.txt::01279,test.context.txt::01279__row78,It should be a hot girl good grammar is hot,1.0,content_diversity,I don't understand what you said,Can you elaborate?,I have to disagree with you man,Not in this case,You should learn english before posting here,-0.015,0.978,0.057,-0.664,-0.277,10.641281,0.741726,0.415358,4.419941,0.308082,32.077392,1.290738,0.000000,13.323601,0.536118
test.context.txt::01279,test.context.txt::01279__row79,It should be a hot girl good grammar is hot,0.0,content_diversity,You're wrong,It is not in that situation,You're not right this time,You're mistaking,It doesn't have to be,-0.030,0.960,-0.195,-0.696,-0.550,27.799251,1.429255,0.354644,9.858833,0.506876,40.905618,1.109069,0.000000,14.506925,0.393324
test.context.txt::01280,test.context.txt::01280__row80,What is ftfy I see it a lot,1.0,content_diversity,i dont know,looks like slang,weird code words maybe,did you make that up?,its obvious,0.000,1.000,-0.013,-0.684,-0.261,25.488867,1.124266,0.313541,7.991806,0.352504,46.361353,1.460066,0.000000,14.536188,0.457791
test.context.txt::01280,test.context.txt::01280__row81,What is ftfy I see it a lot,0.0,content_diversity,not sure,do not know,idk,does anyone know,dont understand,-0.015,0.564,-0.032,-0.683,-0.489,19.831240,3.570100,0.224005,4.442289,0.799719,11.177294,4.554852,0.000000,2.503765,1.020308
test.context.txt::01281,test.context.txt::01281__row82,I always wondered why does paul never dunk anymore,1.0,content_diversity,because he sucks,he's getting old,he cant play anymore,yeah it seems that way,thats pretty sad,-0.006,0.989,-0.152,-0.668,-0.342,15.308203,0.707115,0.373304,5.714610,0.263969,26.198900,1.000790,0.000000,9.780149,0.373599
test.context.txt::01281,test.context.txt::01281__row83,I always wondered why does paul never dunk anymore,0.0,content_diversity,he's old now,getting older,hes too old now,very old,got old,-0.060,0.713,-0.515,-0.902,-0.828,27.116520,2.386189,0.189107,5.127936,0.451246,11.712138,1.464713,0.000000,2.214853,0.276988
test.context.txt::01282,test.context.txt::01282__row84,See this is exactly what I'm talking about,1.0,content_diversity,This is mostly your doing,I agree on the results,I see what you're saying,this is not something I disagree with,you are observant,-0.014,0.976,-0.139,-0.698,-0.537,9.325586,0.125515,0.363823,3.392860,0.045665,32.277291,1.906984,0.000000,11.743211,0.693804
test.context.txt::01282,test.context.txt::01282__row85,See this is exactly what I'm talking about,0.0,content_diversity,i understand your view,this is understandable,Your view makes sense,I get your viewpoint,your views make it possible,-0.019,0.970,-0.232,-0.886,-0.748,26.999568,1.388009,0.333678,9.009153,0.463148,35.265851,0.998958,0.000000,11.767427,0.333330
test.context.txt::01283,test.context.txt::01283__row86,No worries man 26 is still good enough to be a dentist,1.0,content_diversity,i agree,to be a dentist yes,no worries here,"no concerns, agree still good enough","for the most part, I agree",-0.020,0.973,-0.044,-0.733,-0.420,15.590031,0.972145,0.311050,4.849286,0.302386,61.917616,0.816484,0.000000,19.259501,0.253968
test.context.txt::01283,test.context.txt::01283__row87,No worries man 26 is still good enough to be a dentist,0.0,content_diversity,26 is still good enough,no worries on my part either,"no concerns overall, agree with you",My agreement has no concerns,no worries and that is enough still,-0.045,0.928,-0.038,-0.829,-0.665,31.075392,1.048677,0.396006,12.306052,0.415283,71.708233,2.135282,0.000000,28.396914,0.845585
test.context.txt::01284,test.context.txt::01284__row88,If you're near portland would you like to go out,1.0,content_diversity,yeah that would cool,is this a formal ask?,portland sucks though,sure thing,id go,0.000,1.000,-0.014,-0.612,-0.207,26.200365,1.224519,0.133256,3.491355,0.163175,43.961608,4.032358,0.000000,5.858147,0.537336
test.context.txt::01284,test.context.txt::01284__row89,If you're near portland would you like to go out,0.0,content_diversity,for sure,i would go,thats definite,"sure,ok!",sounds like a plan,0.000,0.800,-0.108,-0.673,-0.609,23.300240,2.290554,0.137797,3.210703,0.315631,43.600718,6.494382,0.000000,6.008047,0.894906
test.context.txt::01285,test.context.txt::01285__row90,They just hate memes theyd love things like this,1.0,content_diversity,"oh ok, i get it",why would they hate memes,I think I understand now,I'm glad they would like it,that seems to go with what they normally do.,-0.017,0.967,-0.130,-0.666,-0.300,0.158952,0.488989,0.368765,0.058616,0.180322,77.123297,2.047452,0.000000,28.440350,0.755028
test.context.txt::01285,test.context.txt::01285__row91,They just hate memes theyd love things like this,0.0,content_diversity,it makes sense that they would,I understand the difference,They make sense,It doesn't seem like an issue,this is something that makes sense overall,-0.022,0.960,-0.281,-0.768,-0.608,11.773188,0.808909,0.457300,5.383875,0.369914,40.323642,0.914557,0.000000,18.439988,0.418226
test.context.txt::01286,test.context.txt::01286__row92,Explain to me what proves that it's natural,1.0,content_diversity,It is completely organic.,It has no artificial flavors.,All ingredients come from the earth.,All natural ingredients.,All organic ingredients.,-0.042,0.943,-0.471,-0.881,-0.513,30.063278,1.042421,0.345581,10.389304,0.360241,24.710768,0.764271,0.000000,8.539577,0.264118
test.context.txt::01286,test.context.txt::01286__row93,Explain to me what proves that it's natural,0.0,content_diversity,It uses things from nature.,It uses no chemicals.,There are no chemical ingredients.,All ingredients can be found in your home.,It has no ingredients you can't pronounce.,-0.043,0.943,-0.375,-0.808,-0.263,22.813722,0.728071,0.349841,7.981186,0.254710,22.887941,0.627181,0.000000,8.007151,0.219414
test.context.txt::01287,test.context.txt::01287__row94,I bought a glock 22 and I don't like it,1.0,content_diversity,What don't you like about it?,Why in the world did you buy a goshdarn glock?,How much was it?,I prefer a glock 19.,I hate guns.,-0.015,0.971,-0.202,-0.672,-0.194,17.133536,0.531461,0.360917,6.183778,0.191813,64.228268,1.658091,0.000000,23.181048,0.598432
test.context.txt::01287,test.context.txt::01287__row95,I bought a glock 22 and I don't like it,0.0,content_diversity,Why'd you buy it then?,For what reason did you purchase it?,What're you doing buying a glock for?,So you bought a glock for what now?,Tell my why you bought a darn glock for.,-0.065,0.905,-0.323,-0.897,-0.582,13.973773,0.461984,0.378311,5.286434,0.174774,63.634752,1.145315,0.000000,24.073736,0.433285
test.context.txt::01288,test.context.txt::01288__row96,Sweet any idea on how to figure out the third one,1.0,content_diversity,"Yeah, just check the explanation",Not really,I think you can figure it on your own,I believe there is no solution to this one,Why would I want to help you,-0.012,0.975,-0.106,-0.631,-0.312,10.550950,0.426608,0.381559,4.025809,0.162776,42.311594,0.885086,0.000000,16.144367,0.337712
test.context.txt::01288,test.context.txt::01288__row97,Sweet any idea on how to figure out the third one,0.0,content_diversity,I have no idea,I've got no clue,Sorry but I don't know,I don't understand it either,"Unfortunately, no",-0.041,0.937,-0.154,-0.681,-0.644,21.012395,0.960981,0.445851,9.368399,0.428455,21.923924,1.260653,0.000000,9.774805,0.562063
test.context.txt::01289,test.context.txt::01289__row98,The mysterious case of dr charles wards middle name,1.0,content_diversity,that sounds interesting,what a weird book i think,so what is it again?,middle names can be questionable,yeah thats something,-0.004,0.991,-0.053,-0.619,-0.371,21.462265,0.896191,0.338781,7.271010,0.303613,39.809711,1.467915,0.000000,13.486779,0.497302
test.context.txt::01289,test.context.txt::01289__row99,The mysterious case of dr charles wards middle name,0.0,content_diversity,very interesting,somewhat interesting,cool interesting,sweet very nice,cool to hear,-0.046,0.533,-0.542,-0.790,-0.645,17.416369,0.905505,0.239146,4.165056,0.216548,36.847967,3.106218,0.000000,8.812045,0.742840
test.context.txt::01290,test.context.txt::01290__row100,One of those latest two releases was starcraft 2,1.0,content_diversity,I got S2 as soon as it came out.,I didn't know the second one was out yet,It took a long time to release Starcraft 2,I am ordering Starcraft 2 now!!!,What was the other release?,-0.024,0.952,-0.232,-0.687,-0.265,28.227509,0.704766,0.362581,10.234764,0.255535,42.320223,1.162304,0.000000,15.344518,0.421430
test.context.txt::01290,test.context.txt::01290__row101,One of those latest two releases was starcraft 2,0.0,content_diversity,I lost interest in Starcraft because 2 took too long to come out.,Gee it's about time they released Starcraft 2,It took so long for Starcraft 2 it'll be decades before Starcraft 3,I got bored with waiting for Starcraft 2 so I started playing a few other games,I think other games could have released 3 versions in that time.,-0.056,0.918,-0.225,-0.885,-0.404,36.250889,0.555043,0.424462,15.387116,0.235594,67.485737,1.013735,0.000000,28.645114,0.430292
test.context.txt::01291,test.context.txt::01291__row102,You need to get a new hard drive,1.0,content_diversity,why do I need to,is the old one broken,that sucks,I was going to get one anyone,I don't need to do anything,-0.035,0.934,-0.146,-0.571,-0.163,25.931982,1.682142,0.284736,7.383773,0.478967,36.710319,1.350443,0.000000,10.452755,0.384520
test.context.txt::01291,test.context.txt::01291__row103,You need to get a new hard drive,0.0,content_diversity,I already plan to get one,it was in my plan,I already make preparation,I intended to,I was going to get one soon,-0.072,0.877,-0.263,-0.753,-0.695,42.471329,2.182077,0.251574,10.684688,0.548954,23.015765,1.447126,0.000000,5.790172,0.364059
test.context.txt::01292,test.context.txt::01292__row104,So this is different from being on reddit,1.0,content_diversity,not its the same essentially,thats life,thats hilarious,in a way it is,depends on how you look at it,-0.013,0.981,0.002,-0.667,-0.390,11.270301,1.243781,0.275496,3.104919,0.342656,48.626829,2.203512,0.000000,13.396482,0.607058
test.context.txt::01292,test.context.txt::01292__row105,So this is different from being on reddit,0.0,content_diversity,essentially yea,kinda same,slightly,kinda the same,maybe same,-0.034,0.540,-0.408,-0.744,-0.541,12.055461,1.302540,0.217795,2.625625,0.283687,40.698484,2.384330,0.000000,8.863946,0.519296
test.context.txt::01293,test.context.txt::01293__row106,He would have found a way to argue it in,1.0,content_diversity,he always found a way,he was lucky,he did not,he was forcing the arugment,it was a loophold,-0.058,0.927,-0.142,-0.620,-0.276,7.218739,0.542294,0.230584,1.664524,0.125044,63.676637,2.991460,0.000000,14.682802,0.689782
test.context.txt::01293,test.context.txt::01293__row107,He would have found a way to argue it in,0.0,content_diversity,he is resourceful,he always have a solution,he can usually find an answer,he is good at finding ways to resolve the issue,he is great at finding answer,-0.073,0.916,-0.415,-0.813,-0.649,42.978098,1.476196,0.290005,12.463865,0.428104,29.554627,0.412799,0.000000,8.570991,0.119714
test.context.txt::01294,test.context.txt::01294__row108,I'm pretty sure he means your close circle of personal friends,1.0,content_diversity,yeah it does sound that way,ok but i would still show up,who cares,thats fine with me,go anyway,0.000,1.000,-0.067,-0.594,-0.362,23.146406,1.140512,0.228141,5.280655,0.260198,39.327314,2.789515,0.000000,8.972191,0.636404
test.context.txt::01294,test.context.txt::01294__row109,I'm pretty sure he means your close circle of personal friends,0.0,content_diversity,sounds that way,it does seem that way,yeah its what you think,sounds about right,yea i agree,-0.024,0.954,0.090,-0.724,-0.718,28.738451,1.189020,0.270179,7.764535,0.321249,27.316844,2.408724,0.000000,7.380446,0.650787
test.context.txt::01295,test.context.txt::01295__row110,Whoa I did't know you could use megusta as a verb,1.0,content_diversity,Yep. You can.,Lmao how did you not know that,Do you speak spanish?,I guess you learned something today,Neither did I,-0.020,0.965,-0.058,-0.599,-0.232,18.904932,0.563265,0.362170,6.846799,0.203998,32.486819,2.723678,0.000000,11.765751,0.986434
test.context.txt::01295,test.context.txt::01295__row111,Whoa I did't know you could use megusta as a verb,0.0,content_diversity,how were you not aware of this,Why didn't you know that,Are you dumb?,What else do you not know?,This is common knowledge for anyone with a brain.,-0.031,0.965,-0.150,-0.703,-0.388,13.797277,1.246077,0.355911,4.910600,0.443492,44.161078,1.117958,0.000000,15.717404,0.397893
test.context.txt::01296,test.context.txt::01296__row112,Where is probability of boner when you need him,1.0,content_diversity,"well, it should came automatically",it is high,it is low if you are not in the mood,what do you mean by boner,I have one right now,-0.023,0.964,-0.093,-0.632,-0.200,26.151694,1.170913,0.327948,8.576395,0.383998,67.000689,1.493704,0.000000,21.972740,0.489857
test.context.txt::01296,test.context.txt::01296__row113,Where is probability of boner when you need him,0.0,content_diversity,can you clarify the word boner,I am not sure what you are saying,I can not understand what you mean,can you give me the definition of boner,"by boner, what do you mean?",-0.064,0.918,-0.224,-0.804,-0.459,30.287767,0.796203,0.405195,12.272442,0.322617,25.432338,1.275319,0.000000,10.305048,0.516752
test.context.txt::01297,test.context.txt::01297__row114,What  what does bleach even have to do with drug tests,1.0,content_diversity,Some people think drinking bleach will block drugs from showing up on tests.,I don't know where that rumor started about the bleach.,I have no idea what you're talking about.,Nothing at all!,It's hard to believe people are drinking bleach before a drug test.,-0.015,0.969,-0.126,-0.689,-0.283,7.886855,0.701251,0.464327,3.662076,0.325609,62.160408,1.786431,0.000000,28.862726,0.829487
test.context.txt::01297,test.context.txt::01297__row115,What  what does bleach even have to do with drug tests,0.0,content_diversity,People are nuts to drink bleach - I doubt it works.,I can't believe what people will do to cheat.,People are crazy - it's gonna burn everything on the way down.,"Bleach is not for consumption, People!!!",They drink it and still get caught on their drug tests - stupid people.,-0.021,0.957,-0.161,-0.741,-0.281,52.960013,1.122277,0.355898,18.848369,0.399416,52.719899,0.848737,0.000000,18.762912,0.302064
test.context.txt::01298,test.context.txt::01298__row116,Must feel pretty good to get that off your chest,1.0,content_diversity,it did,it feels all right,I did not want to say anything,I was really hesitant to say it,I have been saving it,-0.054,0.926,-0.251,-0.591,-0.319,24.952800,1.191719,0.297787,7.430629,0.354879,26.238480,2.160087,0.000000,7.813488,0.643247
test.context.txt::01298,test.context.txt::01298__row117,Must feel pretty good to get that off your chest,0.0,content_diversity,I waited a long time for it,I was thinking about that response for a while,I have been saving what I wanted to say,it was in my mind a long time,it was kept in my chest waiting to be let out,-0.061,0.905,-0.272,-0.735,-0.480,21.448060,0.699525,0.442543,9.491695,0.309570,51.626813,0.693766,0.000000,22.847101,0.307022
test.context.txt::01299,test.context.txt::01299__row118,I would apply for the position but I am already employed  darn,1.0,content_diversity,You can always apply next year,Then leave place for others,Why are you even here then?,Bad luck man,This job seems amazing,0.000,1.000,0.033,-0.569,-0.119,22.829944,1.171807,0.244848,5.589869,0.286915,35.923604,1.680600,0.000000,8.795827,0.411492
test.context.txt::01299,test.context.txt::01299__row119,I would apply for the position but I am already employed  darn,0.0,content_diversity,That jobs sounds awesome,It looks like a nice job,It seems as best job ever,Looks like a perfect job,This job sounds so good,-0.042,0.937,-0.360,-0.890,-0.765,37.757562,1.538497,0.317016,11.969740,0.487728,32.204814,1.230262,0.000000,10.209431,0.390012
test.context.txt::01300,test.context.txt::01300__row120,I never really understood the guess what chicken butt thing,1.0,content_diversity,Me neither.,It depends at what angle you look at it.,It is one of the stranger ones out there.,I wonder what the chicken thinks?,Does it involve a lot of money?,-0.012,0.964,-0.065,-0.589,-0.156,18.513782,0.584576,0.351007,6.498458,0.205190,49.238617,1.043328,0.000000,17.283076,0.366215
test.context.txt::01300,test.context.txt::01300__row121,I never really understood the guess what chicken butt thing,0.0,content_diversity,"Me too, baffling.",I agree with you on that it does my head in.,"Agreed, best left alone",Nor me.,I am the same.,-0.003,0.992,-0.223,-0.662,-0.290,30.330717,2.009894,0.175980,5.337590,0.353700,53.941326,2.003373,0.000000,9.492578,0.352553
test.context.txt::01301,test.context.txt::01301__row122,I can't hear you over the sound of these incoming 7 championships,1.0,content_diversity,woah bragging,thats aweosme,cool championships,winning is great,champions!,0.000,0.600,-0.096,-0.675,-0.390,23.128481,1.157061,0.177840,4.113176,0.205772,22.278929,2.272790,0.000000,3.962091,0.404194
test.context.txt::01301,test.context.txt::01301__row123,I can't hear you over the sound of these incoming 7 championships,0.0,content_diversity,winning is cool,wiining is awesome,i like winning,who doesn't like to win,you win,-0.025,0.950,-0.269,-0.788,-0.395,38.228223,2.035013,0.206356,7.888639,0.419938,34.393676,1.940085,0.000000,7.097356,0.400349
test.context.txt::01302,test.context.txt::01302__row124,Was it a minecraft account or a mojang account,1.0,content_diversity,beats me,it could be anything,kid stuff,awesome stuff is what it sounds like,something foreign,-0.009,0.976,-0.152,-0.658,-0.317,24.156091,1.724432,0.176876,4.272631,0.305010,45.636477,2.890877,0.000000,8.071995,0.511327
test.context.txt::01302,test.context.txt::01302__row125,Was it a minecraft account or a mojang account,0.0,content_diversity,not a clue,i dont know,who knows,not an idea,not really sure,-0.020,0.571,-0.136,-0.736,-0.773,27.044176,2.665165,0.189810,5.133260,0.505876,10.034269,1.214856,0.000000,1.904606,0.230592
test.context.txt::01303,test.context.txt::01303__row126,Alright when do you think you'll be able to make the trade,1.0,content_diversity,never I think,I don't want to make the trade,why would i trade?,soon I think,you need to give me much better terms,-0.035,0.958,-0.155,-0.684,-0.230,16.814013,1.495493,0.278837,4.688370,0.416999,52.845153,2.008798,0.000000,14.735187,0.560127
test.context.txt::01303,test.context.txt::01303__row127,Alright when do you think you'll be able to make the trade,0.0,content_diversity,it is not in my interest to make the trade,it is not what I want,this trade is not something I want to do,I don't think I will make this trade because I don't want to,I don't feel like making this trade,-0.104,0.852,-0.454,-0.881,-0.701,42.362493,1.146334,0.478115,20.254128,0.548079,26.162998,0.635643,0.000000,12.508912,0.303910
test.context.txt::01304,test.context.txt::01304__row128,I'm learning so much geography in this thread,1.0,content_diversity,cool,pick up a book insead,the internet always wins,yeah same,reading is good,0.000,1.000,-0.039,-0.639,-0.241,31.058642,2.338744,0.126345,3.924103,0.295489,59.085816,2.721124,0.000000,7.465196,0.343800
test.context.txt::01304,test.context.txt::01304__row129,I'm learning so much geography in this thread,0.0,content_diversity,read a book,sure read,sounds like a good read,ok read it,book are good to read,-0.075,0.922,-0.267,-0.917,-0.504,33.250144,2.812830,0.146572,4.873552,0.412283,29.075872,2.048856,0.000000,4.261719,0.300306
test.context.txt::01305,test.context.txt::01305__row130,Right except that your friend can't actually short the stock yet,1.0,content_diversity,what is that supposed to mean,ok wolf on wallstreet,why are these things being done,this is a weird statement,not sure,-0.004,0.991,-0.027,-0.618,-0.350,33.337228,0.973633,0.256995,8.567499,0.250219,66.722939,2.693656,0.000000,17.147458,0.692256
test.context.txt::01305,test.context.txt::01305__row131,Right except that your friend can't actually short the stock yet,0.0,content_diversity,what do you mean,what does it mean,explain it better please,i am not sure if it means something else,ok but elaborate,-0.022,0.967,-0.041,-0.734,-0.504,32.336788,1.242153,0.273662,8.849341,0.339930,48.720089,2.198170,0.000000,13.332824,0.601555
test.context.txt::01306,test.context.txt::01306__row132,The daily mail like spending 20 minutes in a mental hospital,1.0,content_diversity,i agree with that,a true comedic,thats hilarious man but true,more like trash,why would anyone do that,-0.010,0.980,0.009,-0.644,-0.211,24.381826,1.171317,0.278992,6.802333,0.326788,31.863409,2.354917,0.000000,8.889634,0.657003
test.context.txt::01306,test.context.txt::01306__row133,The daily mail like spending 20 minutes in a mental hospital,0.0,content_diversity,completely agree,totally agree,yeah for sure,no doubt agree,yep agree,-0.054,0.550,-0.254,-0.867,-0.829,31.529217,2.401744,0.193813,6.110779,0.465490,15.159696,1.558040,0.000000,2.938149,0.301969
test.context.txt::01307,test.context.txt::01307__row134,You mean where rocky got his spelling style from,1.0,content_diversity,"Yes, from there.",I think so.,Is that how it happened?,"Yes, I believe that is where rocky got it.","Yes, rocky's style is from there.",-0.040,0.929,-0.210,-0.733,-0.421,24.736098,1.183586,0.326031,8.064736,0.385886,32.620129,1.075767,0.000000,10.635174,0.350734
test.context.txt::01307,test.context.txt::01307__row135,You mean where rocky got his spelling style from,0.0,content_diversity,That is the location.,yes from that place,it is where most people did,"yes, his unique style",for the most part yes.,-0.017,0.965,-0.140,-0.720,-0.509,23.329711,0.989830,0.306695,7.155096,0.303575,21.434208,0.676386,0.000000,6.573756,0.207444
test.context.txt::01308,test.context.txt::01308__row136,A true friend would have given me the 5 anyway,1.0,content_diversity,But then they would have nothing for themselves.,Then you aren't a true friend if you're that greedy.,"No, a true friend would make sure you ate, not given you all of their food.",They probably would have given them all to you to get you to shut up.,"No, that isn't' what a true friend does.",-0.058,0.902,-0.156,-0.750,-0.310,35.043557,0.368627,0.468189,16.406994,0.172587,41.727205,0.632723,0.000000,19.536201,0.296234
test.context.txt::01308,test.context.txt::01308__row137,A true friend would have given me the 5 anyway,0.0,content_diversity,They would to make you shut up.,They might to get you to be quiet.,"They should, just to get you to stop talking.",They probably would to get you to be quiet.,"If you'd stop talking, I'm sure they would give you anything.",-0.170,0.783,-0.452,-0.931,-0.635,36.576833,1.100565,0.330637,12.093637,0.363887,76.512227,0.882683,0.000000,25.297737,0.291847
test.context.txt::01309,test.context.txt::01309__row138,Ill have a skinny vanilla sea foam please,1.0,content_diversity,haha thats new,sounds good,wow nasty,pass please,what the hell is that?,0.000,1.000,-0.044,-0.588,-0.332,16.169054,2.070227,0.210230,3.399219,0.435224,22.460571,2.955722,0.000000,4.721884,0.621381
test.context.txt::01309,test.context.txt::01309__row139,Ill have a skinny vanilla sea foam please,0.0,content_diversity,what is that!!?,sounds gross what ever it is,what does that mean,ok but what is it?,what on earth,-0.071,0.930,-0.034,-0.696,-0.526,22.978592,1.114139,0.314221,7.220345,0.350085,46.672495,1.618779,0.000000,14.665456,0.508654
test.context.txt::01310,test.context.txt::01310__row140,Space suits must resist every pressure from zero to one atmosphere,1.0,content_diversity,That's really interesting about the space suits,What does that mean - zero to one atmosphere?,How do you know that?,I would love to be able to wear a space suit,I wonder how they test for that?,-0.011,0.974,-0.102,-0.678,-0.240,23.659433,0.725711,0.433250,10.250438,0.314414,20.622155,0.638805,0.000000,8.934539,0.276762
test.context.txt::01310,test.context.txt::01310__row141,Space suits must resist every pressure from zero to one atmosphere,0.0,content_diversity,Do you read a lot about space suits?,Where did you get that little tidbit of information?,Do you read a lot about space and space suits?,What did you read that in?,Where did you go to learn that?,-0.140,0.750,-0.395,-0.804,-0.352,41.566264,1.120895,0.380309,15.808008,0.426286,24.806889,0.990468,0.000000,9.434274,0.376684
test.context.txt::01311,test.context.txt::01311__row142,in russia good looking women are not convicted of crimes,1.0,content_diversity,how can this be true,maybe because they never do any,I figured this was true,this seems like a joke,This is funny if true,-0.024,0.969,-0.137,-0.779,-0.295,15.496210,0.612522,0.387356,6.002555,0.237264,29.828457,1.007270,0.000000,11.554241,0.390172
test.context.txt::01311,test.context.txt::01311__row143,in russia good looking women are not convicted of crimes,0.0,content_diversity,how is this something that would work,why would beauty matter,is this a joke,the truth of this is suspect,I feel this is a joke.,-0.069,0.906,-0.251,-0.692,-0.361,6.860293,0.440111,0.347905,2.386728,0.153117,41.914311,1.455019,0.000000,14.582184,0.506208
test.context.txt::01312,test.context.txt::01312__row144,Is this image sfw  scared to click due to seeing the thumbnail,1.0,content_diversity,Why are you such a scared-y cat?,"Yeah, I'm scared too.","It's SFW, don't worry.",Definitely NSFW.,It doesn't even load.,0.000,1.000,-0.121,-0.630,-0.219,10.271876,0.554611,0.334317,3.434064,0.185416,45.026737,0.937968,0.000000,15.053207,0.313579
test.context.txt::01312,test.context.txt::01312__row145,Is this image sfw  scared to click due to seeing the thumbnail,0.0,content_diversity,"For real, looks scary.",I'm not chancing it.,It looks really scary to me.,"I'm with you, worried I'll get upset.",I'm scared I'll open it and regret it.,-0.026,0.952,-0.288,-0.708,-0.381,26.577209,1.035276,0.298232,7.926180,0.308753,35.733574,1.410912,0.000000,10.656903,0.420779
test.context.txt::01313,test.context.txt::01313__row146,I once submitted a link that made it to the front page,1.0,content_diversity,"Wow, congratulation",your writing must be quite good,what kind of link?,what do you mean by link,I would love to read it,-0.004,0.992,0.064,-0.608,-0.248,30.475440,1.343231,0.290591,8.855875,0.390330,36.773962,1.220067,0.000000,10.686167,0.354540
test.context.txt::01313,test.context.txt::01313__row147,I once submitted a link that made it to the front page,0.0,content_diversity,so you are a good writter,your writting must be decent,they must have like your writting,so they like what you wrote,I think you can write well,-0.035,0.936,-0.322,-0.820,-0.598,55.224427,1.908689,0.277032,15.298915,0.528767,16.739805,0.672888,0.000000,4.637456,0.186411
test.context.txt::01314,test.context.txt::01314__row148,Is there anything I wouldnt do for you,1.0,content_diversity,you are the best,a lot of things I think,"well, not letting me do this was one of them",are you being rhetorical?,is that a trick question?,-0.016,0.972,-0.004,-0.601,-0.217,29.237671,0.786442,0.406971,11.898898,0.320060,59.554594,1.104288,0.000000,24.237021,0.449414
test.context.txt::01314,test.context.txt::01314__row149,Is there anything I wouldnt do for you,0.0,content_diversity,you are so awesome,you are great,I really appreciate it,I love you so much,you are amazing,-0.087,0.898,-0.393,-0.787,-0.716,26.425948,1.548015,0.411590,10.876654,0.637147,16.232074,0.646505,0.000000,6.680958,0.266095
test.context.txt::01315,test.context.txt::01315__row150,This one is really cute  I hope you get more upvotes,1.0,content_diversity,I thinks so too.,It is cute.,More upvotes coming in.,You will get them.,"No, no more vote.",0.000,0.800,-0.294,-0.583,-0.269,10.280262,0.484672,0.210002,2.158875,0.101782,39.047551,2.144788,0.000000,8.200062,0.450410
test.context.txt::01315,test.context.txt::01315__row151,This one is really cute  I hope you get more upvotes,0.0,content_diversity,you will get them.,you seem to be getting more and more,upvotes are moving up,looks like you're getting them,your wish is happening.,-0.010,0.968,-0.258,-0.719,-0.555,22.738251,0.893504,0.334069,7.596152,0.298492,35.565923,1.897187,0.000000,11.881484,0.633792
test.context.txt::01316,test.context.txt::01316__row152,Damned if you do damned if you don't,1.0,content_diversity,agreed,for the most part yes,so it doesn't really matter,sadly yes.,"yes, there is no advantage either way.",-0.006,0.990,-0.110,-0.667,-0.367,4.290866,0.972883,0.259570,1.113778,0.252531,50.623390,3.247616,0.000000,13.140288,0.842982
test.context.txt::01316,test.context.txt::01316__row153,Damned if you do damned if you don't,0.0,content_diversity,"it matters not, no matter the choice","either way, we lose",no choice is better then the other,the choice matters not,It doesn't matter either way.,-0.040,0.932,-0.266,-0.830,-0.542,19.385390,0.760807,0.438795,8.506214,0.333838,21.625950,0.943814,0.000000,9.489361,0.414141
test.context.txt::01317,test.context.txt::01317__row154,How did you manage to do those at the same time,1.0,content_diversity,not sure but thats bad,who does that,how weird,whats wrong with that and you,yeah i wonder,-0.005,0.989,-0.033,-0.660,-0.431,24.976621,1.718583,0.200385,5.004930,0.344378,35.381782,1.149787,0.000000,7.089964,0.230400
test.context.txt::01317,test.context.txt::01317__row155,How did you manage to do those at the same time,0.0,content_diversity,very weird,so strange to happen,so weird,its pretty weird,kinda weird,-0.062,0.738,-0.540,-0.969,-0.895,27.278254,2.335877,0.168726,4.602541,0.394122,48.940728,1.886628,0.000000,8.257556,0.318322
test.context.txt::01318,test.context.txt::01318__row156,Ill get back to you thanks for the offer,1.0,content_diversity,sure no prorblem,if its good go for it,yeah id do it,dont waste time,cool offer,-0.004,0.989,-0.060,-0.672,-0.351,21.493959,1.225177,0.214098,4.601804,0.262307,33.567497,2.036147,0.000000,7.186719,0.435934
test.context.txt::01318,test.context.txt::01318__row157,Ill get back to you thanks for the offer,0.0,content_diversity,not a problem,that will be easy,no concern here,no problems,easy,-0.018,0.769,-0.242,-0.736,-0.806,29.361063,2.132736,0.206286,6.056787,0.439954,38.076302,3.935745,0.000000,7.854622,0.811891
test.context.txt::01319,test.context.txt::01319__row158,What happened with old man any updates on that end,1.0,content_diversity,not yet,I have not heard back from him,"yes, he said it was fine",he gives the go ahead,he is playing silent,-0.018,0.975,-0.039,-0.593,-0.259,19.349130,1.075807,0.323738,6.264044,0.348279,45.473830,1.897099,0.000000,14.721595,0.614162
test.context.txt::01319,test.context.txt::01319__row159,What happened with old man any updates on that end,0.0,content_diversity,not a thing,he has not responded,he is still silent,I am not aware of anything new from him,he has not contacted me back yet,-0.056,0.926,-0.195,-0.684,-0.692,19.413437,1.039296,0.413942,8.036030,0.430208,37.080488,1.660035,0.000000,15.349158,0.687158
test.context.txt::01320,test.context.txt::01320__row160,That this guy said it gives it all the more significance,1.0,content_diversity,I do not think so,I doubt it,I think he was just fine,I agree with you,it added a lot more credibility,-0.036,0.958,-0.159,-0.620,-0.333,11.256353,1.056120,0.325459,3.663483,0.343724,52.268422,1.178448,0.000000,17.011236,0.383537
test.context.txt::01320,test.context.txt::01320__row161,That this guy said it gives it all the more significance,0.0,content_diversity,not really,I do not agree with that,that may not be true,I don't think he makes it more significant,I disagree,-0.033,0.957,-0.128,-0.710,-0.548,24.734074,1.109265,0.314547,7.780021,0.348916,42.347054,1.432351,0.000000,13.320125,0.450541
test.context.txt::01321,test.context.txt::01321__row162,I am completely and utterly neutral towards it,1.0,content_diversity,I hate it,I love it,I don't care much for it,I am leaning toward one over the other,I want more information before making a decision,-0.057,0.957,-0.388,-0.619,-0.243,22.895970,1.558269,0.361516,8.277263,0.563339,55.859608,1.217410,0.000000,20.194151,0.440113
test.context.txt::01321,test.context.txt::01321__row163,I am completely and utterly neutral towards it,0.0,content_diversity,I could not like it more,I want it,I am very happy with this,I am estatic for this,this is the one I really want,-0.066,0.924,-0.298,-0.696,-0.589,16.522564,1.067681,0.312404,5.161712,0.333548,40.527361,1.437706,0.000000,12.660901,0.449145
test.context.txt::01322,test.context.txt::01322__row164,I got four of the six care to explain I'm confused,1.0,content_diversity,You got 2 wrong,You didn't know everything,I am not sure if I can answer that,Why do you even care?,Why are you confused?,-0.014,0.969,-0.111,-0.651,-0.397,28.011351,0.972960,0.372621,10.437619,0.362546,27.894244,1.087387,0.000000,10.393983,0.405183
test.context.txt::01322,test.context.txt::01322__row165,I got four of the six care to explain I'm confused,0.0,content_diversity,You didn't know perfectly,You very good but not perfect,You did a good job but not brilliant,You missed something,You didn't know two questions,-0.082,0.890,-0.174,-0.755,-0.455,40.967622,1.438139,0.325776,13.346257,0.468511,14.533539,0.460148,0.000000,4.734674,0.149905
test.context.txt::01323,test.context.txt::01323__row166,I'm pretty sure douchebags would think he's a douchebag,1.0,content_diversity,he is that bad eh,that make him a big douchebag,I agree he is terrible,is he really that bad though,that seems harsh,-0.061,0.916,-0.191,-0.729,-0.640,31.456824,1.191128,0.273677,8.608998,0.325984,19.298064,1.537751,0.000000,5.281430,0.420846
test.context.txt::01323,test.context.txt::01323__row167,I'm pretty sure douchebags would think he's a douchebag,0.0,content_diversity,it makes him a bigger douche then the rest,the biggest douche ever,he is the biggest douche out of them all,king of the douchebags,leader of the douches,-0.081,0.906,-0.264,-0.946,-0.633,27.375366,0.838692,0.422732,11.572450,0.354542,42.686536,0.785961,0.000000,18.044976,0.332251
test.context.txt::01324,test.context.txt::01324__row168,Actually came here to say that damn you,1.0,content_diversity,Beat you to it!,"Haha, great minds think alike",Oops sorry,No you didn't,"Well, damn you too",-0.017,0.978,0.081,-0.643,-0.306,22.886353,1.733336,0.232625,5.323945,0.403218,11.831678,1.607240,0.000000,2.752348,0.373885
test.context.txt::01324,test.context.txt::01324__row169,Actually came here to say that damn you,0.0,content_diversity,I said it first!,I'm faster than you,I'm too quick,You need to be faster than that,I am always first,-0.023,0.952,-0.186,-0.712,-0.512,25.348374,1.309458,0.313051,7.935323,0.409927,29.079118,1.503605,0.000000,9.103234,0.470704
test.context.txt::01325,test.context.txt::01325__row170,In other news the majority of russians do not think this,1.0,content_diversity,how do you know this,sure idk,seems weird,ok cool,think what?,0.000,1.000,-0.100,-0.647,-0.336,25.022945,3.026065,0.092987,2.326805,0.281384,13.805571,3.126360,0.000000,1.283736,0.290710
test.context.txt::01325,test.context.txt::01325__row171,In other news the majority of russians do not think this,0.0,content_diversity,seems strange,very odd,so weird,that does seem that way,its pretty strange,-0.008,0.971,-0.467,-0.792,-0.680,16.677592,1.888354,0.192061,3.203119,0.362680,57.146951,1.860199,0.000000,10.975714,0.357272
test.context.txt::01326,test.context.txt::01326__row172,Where do you even get things like this,1.0,content_diversity,at specialty stores,on the internet,On the web,through some questionable channels,from a friend,-0.007,0.787,-0.141,-0.674,-0.293,20.415513,1.243033,0.340244,6.946248,0.422934,40.486669,2.447136,0.000000,13.775331,0.832622
test.context.txt::01326,test.context.txt::01326__row173,Where do you even get things like this,0.0,content_diversity,you can find it on the web,the online marketplace is large,sketchy places on the net,internet has all things,many stores on the net,-0.062,0.913,-0.191,-0.768,-0.495,37.213543,1.424369,0.321003,11.945664,0.457227,24.739657,0.963170,0.000000,7.941507,0.309181
test.context.txt::01327,test.context.txt::01327__row174,God yes I'm glad he finally become comfortable in the spotlight,1.0,content_diversity,yeah me too i agree,thats cool,who cares,alright so whats next,glad he did,0.000,1.000,-0.103,-0.615,-0.352,13.230673,1.091300,0.264985,3.505924,0.289178,29.397572,0.886373,0.000000,7.789903,0.234875
test.context.txt::01327,test.context.txt::01327__row175,God yes I'm glad he finally become comfortable in the spotlight,0.0,content_diversity,idc,no one cares,do i like like i care,do not acknowledge,"cool, not really",-0.010,0.950,0.045,-0.626,-0.240,25.939116,1.962297,0.105132,2.727035,0.206300,53.595891,6.573639,0.000000,5.634651,0.691101
test.context.txt::01328,test.context.txt::01328__row176,Sounds good just let me know when you're ready,1.0,content_diversity,I am ready,not for another few months,it will be soon,I think I need to check up on some stuff,eventually I will be,-0.035,0.952,-0.181,-0.675,-0.400,18.359731,0.980048,0.373956,6.865740,0.366495,50.097708,0.347124,0.000000,18.734360,0.129809
test.context.txt::01328,test.context.txt::01328__row177,Sounds good just let me know when you're ready,0.0,content_diversity,I am already now,it is at the present,I can do this in my sleep anytime,I make all preparation already,I can do this now,-0.068,0.873,-0.254,-0.698,-0.493,32.161416,1.119054,0.308437,9.919776,0.345158,58.507833,1.600487,0.000000,18.045989,0.493650
test.context.txt::01329,test.context.txt::01329__row178,I look at this and wish I had manly skills,1.0,content_diversity,I am sure you have if you try hard enough.,"I know, I am the same.",How do you know you haven't if you do not try.,Manly skills are over rated!,"Just go for it, what's the worst that can happen?",-0.024,0.937,-0.114,-0.654,-0.255,30.131447,0.980843,0.379691,11.440645,0.372417,25.313328,1.334532,0.000000,9.611248,0.506710
test.context.txt::01329,test.context.txt::01329__row179,I look at this and wish I had manly skills,0.0,content_diversity,"I get you, same here.","Me too, I totally lack them as well.","Ditto, me also.",Welcome to the club man.,You and me both my friend.,-0.008,0.985,-0.159,-0.665,-0.276,26.963818,1.442369,0.250658,6.758684,0.361541,33.447065,1.323118,0.000000,8.383759,0.331650
test.context.txt::01330,test.context.txt::01330__row180,Would eating a date make you feel better about having no dates,1.0,content_diversity,it probably would,having the choice is better then no choice,I don't think so,I don't want to go without,I don't like to not have the option,-0.039,0.935,-0.070,-0.663,-0.372,23.911777,1.076782,0.344443,8.236245,0.370890,43.891900,0.553183,0.000000,15.118258,0.190540
test.context.txt::01330,test.context.txt::01330__row181,Would eating a date make you feel better about having no dates,0.0,content_diversity,I like dates so yes,the option would be nice,I need to have the choice,"Yes, I love them.",Of course it would,-0.020,0.967,-0.142,-0.634,-0.448,41.441391,1.938904,0.249536,10.341120,0.483826,34.197787,1.450758,0.000000,8.533580,0.362016
test.context.txt::01331,test.context.txt::01331__row182,Fun fact the dude who invented graham crackers was also against masturbation,1.0,content_diversity,You learn something new everyday.,That is disgusting.,Could you try to at least emphasize the fact he did something useful?,I never liked graham crackers anyway.,He probably had a wife who was good in bed.,-0.002,0.995,-0.189,-0.552,-0.078,29.090451,0.538868,0.439726,12.791840,0.236954,96.227312,0.997245,0.000000,42.313692,0.438515
test.context.txt::01331,test.context.txt::01331__row183,Fun fact the dude who invented graham crackers was also against masturbation,0.0,content_diversity,That is vile.,Wow that sickens me.,That disturbs me.,That is awful.,Facts like that disgust me.,-0.057,0.918,-0.552,-0.741,-0.724,23.578944,1.712182,0.207270,4.887200,0.354883,32.653072,0.568313,0.000000,6.767991,0.117794
test.context.txt::01332,test.context.txt::01332__row184,I wish I had a car worthy of subs so bad,1.0,content_diversity,Why don't you buy it,Me too man,I don't understand what do you like about it,It seems to me like you are a lazy person,This car doesn't seem good fit for me,-0.018,0.966,-0.078,-0.671,-0.169,23.729469,0.876449,0.306906,7.282718,0.268988,57.454505,2.413656,0.000000,17.633135,0.740766
test.context.txt::01332,test.context.txt::01332__row185,I wish I had a car worthy of subs so bad,0.0,content_diversity,Why wouldn't you buy the car?,Why don't you purchase it?,Why not lease it or something?,You can always buy it?,Can I know the reason why you don't want to buy it?,-0.045,0.934,-0.305,-0.843,-0.421,27.623821,1.235103,0.336652,9.299619,0.415800,41.341026,1.308917,0.000000,13.917545,0.440650
test.context.txt::01333,test.context.txt::01333__row186,Love the ass any chance you're taking requests thatll entertain you d,1.0,content_diversity,perhaps I am,"um, that seems blunt",thanks,I feel this is a joke,always taking requests,-0.005,0.988,-0.101,-0.624,-0.272,14.608103,1.400313,0.235305,3.437365,0.329501,56.745017,2.401134,0.000000,13.352407,0.565000
test.context.txt::01333,test.context.txt::01333__row187,Love the ass any chance you're taking requests thatll entertain you d,0.0,content_diversity,I love to take requests,always there to please,always want to be a help,I feel we will work together,Can always be part of the fun,-0.030,0.957,-0.172,-0.747,-0.558,23.510953,1.030420,0.345355,8.119625,0.355861,39.992603,0.984681,0.000000,13.811645,0.340064
test.context.txt::01334,test.context.txt::01334__row188,What kind of fish is the big bang,1.0,content_diversity,it is not a fish,I have no idea,I never heard of such fish,a really big fish I would think,do you know?,-0.024,0.960,-0.007,-0.756,-0.281,21.351059,0.579615,0.322009,6.875242,0.186641,35.774205,2.148245,0.000000,11.519631,0.691755
test.context.txt::01334,test.context.txt::01334__row189,What kind of fish is the big bang,0.0,content_diversity,I have no clue,I don't know what kind of fish that is,I don't know anything about it,no idea,I got nothing in my mind,-0.043,0.926,-0.188,-0.703,-0.691,21.943558,1.683002,0.269797,5.920300,0.454068,41.547364,2.137734,0.000000,11.209342,0.576754
test.context.txt::01335,test.context.txt::01335__row190,Forgive me but I'm not familiar with the term,1.0,content_diversity,You should familiarise yourself then,How so?,Are you sure?,"I don't understand how, it is easy term","No worries, I'll explain it",-0.003,0.991,0.014,-0.684,-0.349,29.025876,1.938932,0.203810,5.915776,0.395175,67.640763,3.228650,0.000000,13.785894,0.658033
test.context.txt::01335,test.context.txt::01335__row191,Forgive me but I'm not familiar with the term,0.0,content_diversity,"Not a problem, I can explain it",I will explain it to you,"If you need explanation, I can do that",I would be glad to clarify that for you,I can tell you about it,-0.085,0.903,-0.276,-0.847,-0.634,44.311786,1.287320,0.384605,17.042522,0.495109,27.946202,0.510496,0.000000,10.748241,0.196339
test.context.txt::01336,test.context.txt::01336__row192,Dealers that get high on their own supply,1.0,content_diversity,I hate that kind of dealers,Occasionally I do that as well,You shouldn't mix business with pleasure,What makes you think they do that,Maybe that's what makes them happy,-0.023,0.960,-0.106,-0.672,-0.149,31.505768,0.912248,0.413564,13.029649,0.377273,13.832830,0.499032,0.000000,5.720760,0.206382
test.context.txt::01336,test.context.txt::01336__row193,Dealers that get high on their own supply,0.0,content_diversity,Sometimes I do that,From time to time I do that,I also do that,I often do the same thing,Same for me,-0.084,0.879,-0.293,-0.830,-0.649,32.648340,1.531551,0.228699,7.466647,0.350264,23.696380,2.229637,0.000000,5.419341,0.509916
test.context.txt::01337,test.context.txt::01337__row194,You mean you're allowed to throw the ball over 20 yards,1.0,content_diversity,You can throw it as far as you want.,"No, it has to be less than 20.",Who told you that?,"That's wrong, you can't do that.","Someone is pulling your chain, don't listen to them.",-0.014,0.972,-0.093,-0.632,-0.187,8.173931,0.785910,0.426805,3.488674,0.335430,66.770018,1.102748,0.000000,28.497773,0.470658
test.context.txt::01337,test.context.txt::01337__row195,You mean you're allowed to throw the ball over 20 yards,0.0,content_diversity,Someone is trying to make you look stupid.,Whoever told you that is pulling a prank on you,Noooo someone is trying make you look like a fool,forget you heard that because someone is lying to you,it's not true so whoever said that is joking or doesn't like you,-0.087,0.899,-0.265,-0.770,-0.612,36.709208,0.882421,0.407097,14.944210,0.359231,84.710048,1.021947,0.000000,34.485209,0.416032
test.context.txt::01338,test.context.txt::01338__row196,Thank you for all the hard work you guys do,1.0,content_diversity,"No problem, our pleasure",I don't think they're working that hard,It's always interesting to put in effort,What are you guys working on?,Is that for some kind of a project?,-0.006,0.988,-0.042,-0.667,-0.268,21.073803,0.577413,0.388528,8.187765,0.224341,47.310129,1.010314,0.000000,18.381315,0.392535
test.context.txt::01338,test.context.txt::01338__row197,Thank you for all the hard work you guys do,0.0,content_diversity,I think they're slacking,I don't think they're putting in much effort,I disagree with that,I don't believe they work hard,I think they're not working hard at all,-0.086,0.891,-0.354,-0.793,-0.541,54.343523,1.914111,0.342479,18.611528,0.655543,12.447618,0.886723,0.000000,4.263051,0.303684
test.context.txt::01339,test.context.txt::01339__row198,Be awake I'm never tired if it's dark out,1.0,content_diversity,Not me...I get sleepy when it's dark.,"Me too, I can sleep better during the day.",I work the night shift so I'm much better at night.,You're lucky because I get really tired.,I'd much rather be awake at night than during the day...too boring.,-0.029,0.942,-0.272,-0.796,-0.504,28.928070,0.786518,0.422189,12.213120,0.332059,31.170151,0.514126,0.000000,13.159702,0.217059
test.context.txt::01339,test.context.txt::01339__row199,Be awake I'm never tired if it's dark out,0.0,content_diversity,I get bored during the day because no one is around.,I am a night person - a vampire almost.,I would love to be away at night it doesn't work for me.,I envy you because I'm tired all the time after work.,I always felt weird because I didn't like the daytime but I fit in here.,-0.038,0.956,-0.261,-0.712,-0.354,13.508681,0.432975,0.433599,5.857347,0.187737,69.102713,0.879274,0.000000,29.962847,0.381252
test.ca-cb.ca::00240,test.ca-cb.ca::00240__row200,Yeah I thought about not putting the door on it hangs weird,1.0,content_diversity,"Agreed, it almost looks like it's about to fall off","Yes I don't like the way it looks, way too crooked","I think it looks great, keep the door","Remove the door, it does hang very weird","Exactly my thoughts, maybe try another door",-0.028,0.955,-0.163,-0.789,-0.307,35.736264,0.864786,0.415077,14.833289,0.358953,33.413847,0.687370,0.000000,13.869308,0.285311
test.ca-cb.ca::00240,test.ca-cb.ca::00240__row201,Yeah I thought about not putting the door on it hangs weird,0.0,content_diversity,"Agreed, maybe try another door","It looks weird, try a different sized door",Yes hangs weird I agree with you,"It does hang weird, maybe a smaller door would be better",Try it without the door because it does look weird,-0.031,0.946,-0.213,-0.911,-0.462,50.058707,1.313924,0.397970,19.921840,0.522902,19.992843,1.066316,0.000000,7.956542,0.424361
test.ca-cb.ca::00241,test.ca-cb.ca::00241__row202,I laughed so hard at this we should start this subreddit,1.0,content_diversity,This is not funny at all.,I don’t like this comment.,This is vulgar.,"This comment is offensive,",I was so sad to read this comment.,-0.057,0.919,-0.354,-0.746,-0.506,18.369341,1.154699,0.350923,6.446225,0.405211,38.379722,1.194361,0.000000,13.468329,0.419129
test.ca-cb.ca::00241,test.ca-cb.ca::00241__row203,I laughed so hard at this we should start this subreddit,0.0,content_diversity,This comment crack me up.,This comment is funny.,The comment is so hilarious.,This comment must mean to be a joke.,I laugh so hard at the comment i almost piss my pants.,-0.071,0.932,-0.467,-0.951,-0.621,5.488479,0.577470,0.384900,2.112515,0.222268,81.211003,1.039817,0.000000,31.258103,0.400225
test.ca-cb.ca::00242,test.ca-cb.ca::00242__row204,Kill la kill is still going new episode every thursday,1.0,content_diversity,That show sucks,OMG I can't wait,I thought they canceled it,What channel is it on,I only watch nature programs on BBC,-0.019,0.967,-0.146,-0.635,-0.144,4.584280,0.744631,0.336811,1.544038,0.250800,82.211421,1.596728,0.000000,27.689745,0.537796
test.ca-cb.ca::00242,test.ca-cb.ca::00242__row205,Kill la kill is still going new episode every thursday,0.0,content_diversity,Lead actor is soooo hot,Did you see the cliffhanger at the end of the season,I've been waiting for it to return for weeks,I'm totally gonna binge watch last season,I just got into this show and can't stop watching,-0.002,0.981,-0.129,-0.669,-0.305,21.066615,0.464978,0.429911,9.056769,0.199899,21.810568,2.357659,0.000000,9.376602,1.013583
test.ca-cb.ca::00243,test.ca-cb.ca::00243__row206,Nope I'm pretty sure I bought them at target I'm cheap,1.0,content_diversity,You're just frugal,No need to gloat about it.,I had no idea that Target even sold those,All the cool people shop at Target,But is the quality as good?,-0.006,0.987,-0.099,-0.574,-0.165,20.250186,0.440555,0.367789,7.447802,0.162032,15.302370,1.676972,0.000000,5.628048,0.616772
test.ca-cb.ca::00243,test.ca-cb.ca::00243__row207,Nope I'm pretty sure I bought them at target I'm cheap,0.0,content_diversity,Nothing wrong with not wanting to waste money.,There's no sense in overspending.,Good for you for saving money.,It's always best to comparison shop.,No shame in getting a good deal.,-0.009,0.975,-0.300,-0.708,-0.375,37.876754,1.138925,0.416971,15.793494,0.474898,15.339887,0.337595,0.000000,6.396282,0.140767
test.ca-cb.ca::00244,test.ca-cb.ca::00244__row208,Places apple slices in a bowl so they'll stay fresh,1.0,content_diversity,"Oh boy, I love apples.","I don't need you telling me how to keep things fresh, take a hike.","Girl, you're the fresh one around here.",This post might be better in the life hacks section.,This is actually a useful bit of advice.,-0.009,0.982,-0.143,-0.649,-0.184,35.565329,0.845513,0.347609,12.362843,0.293908,63.578288,0.873786,0.000000,22.100412,0.303736
test.ca-cb.ca::00244,test.ca-cb.ca::00244__row209,Places apple slices in a bowl so they'll stay fresh,0.0,content_diversity,I find merit in this input.,That information will serve me well.,"Thanks, that's really good to know!",Such knowledge is certainly beneficial.,"Wise words, I will heed them.",-0.007,0.986,-0.203,-0.730,-0.646,43.454602,1.189304,0.269574,11.714210,0.320605,41.282024,1.986750,0.000000,11.128541,0.535575
test.ca-cb.ca::00245,test.ca-cb.ca::00245__row210,I think you just ruined slides for me,1.0,content_diversity,How could I possibly do that?,Well maybe you should have thought of that.,"I might have, but you deserved it.",You must not be cut out for slides.,I did not and you know it!,-0.020,0.972,-0.125,-0.689,-0.222,26.556631,0.647166,0.363353,9.649435,0.235150,26.505453,0.878665,0.000000,9.630839,0.319266
test.ca-cb.ca::00245,test.ca-cb.ca::00245__row211,I think you just ruined slides for me,0.0,content_diversity,Perhaps you should consider what you're doing next time.,Maybe it would help to understand the consequences before you do something.,Think before you act next time!,You dont ever use your head when it comes to these things!,I would think that you might have known this would happen.,-0.027,0.960,-0.165,-0.822,-0.425,31.567249,0.702663,0.446120,14.082781,0.313472,64.347068,0.972206,0.000000,28.706513,0.433721
test.ca-cb.ca::00246,test.ca-cb.ca::00246__row212,I'm glad to help  I've been lurking for over a year,1.0,content_diversity,Why didn't you get involved?,"I have been lurking, as well.","Are you really glad to help, if you have wated that long?",I wish you had helped sooner.,"What is special about it,now?",-0.018,0.971,-0.149,-0.675,-0.216,29.201552,0.492524,0.347038,10.134043,0.170924,71.268383,1.708850,0.000000,24.732825,0.593036
test.ca-cb.ca::00246,test.ca-cb.ca::00246__row213,I'm glad to help  I've been lurking for over a year,0.0,content_diversity,"What stopped you from being involved,before?",Why didn't you feel it was important to be active?,What were you doing waiting so long?,What made you stay out of the discussion?,Did you decide it wasn't worth getting involved?,-0.037,0.964,-0.376,-0.787,-0.463,37.729086,0.942571,0.390129,14.719228,0.367725,37.075145,0.868719,0.000000,14.464106,0.338913
test.ca-cb.ca::00247,test.ca-cb.ca::00247__row214,Love from my amazing boyfriend I can't live without it,1.0,content_diversity,lucky girl,that's so awesome,awwwww you are so blessed,i wish i had a BF like that,im so jealous of you hun,-0.017,0.967,-0.023,-0.670,-0.322,25.419556,1.258310,0.288828,7.341876,0.363435,25.793511,0.986657,0.000000,7.449885,0.284974
test.ca-cb.ca::00247,test.ca-cb.ca::00247__row215,Love from my amazing boyfriend I can't live without it,0.0,content_diversity,i need a bf like that,a bf like that would be perfect,im dying for a bf like that,someone get me a bf like that,dear lord i need your bf,-0.241,0.752,-0.437,-0.918,-0.710,38.831491,1.389614,0.273217,10.609413,0.379666,52.290609,2.206707,0.000000,14.286669,0.602909
test.ca-cb.ca::00248,test.ca-cb.ca::00248__row216,You can only move a window so many times,1.0,content_diversity,the workers is very important in any company.,it is fully depend upon the customer statisfication.,day by day encourage the workers,every year gives bonus to the workers.,if workers do well increase the value of the company,-0.061,0.932,-0.210,-0.761,-0.436,43.588902,1.241938,0.299921,13.073238,0.372484,54.409026,0.753315,0.000000,16.318424,0.225935
test.ca-cb.ca::00248,test.ca-cb.ca::00248__row217,You can only move a window so many times,0.0,content_diversity,fully depend upon the customer statisfication is it,it is depend upon the fully customer statisfication,the customer statisfication is fully depend upon it,the fully depend upon the customer statisfication,the depend upon the customer statisfication,-0.429,0.559,-0.585,-0.991,-0.858,95.922732,1.935984,0.294653,28.263967,0.570444,19.140253,0.351013,0.000000,5.639742,0.103427
test.ca-cb.ca::00249,test.ca-cb.ca::00249__row218,I'm gonna miss patches but ill always remember him somehow,1.0,content_diversity,aww,Get a new dog!,I wanna see a picture,I'm so sorry for your loss,Stop being depressing,-0.004,0.989,0.013,-0.644,-0.173,19.960695,1.233142,0.178595,3.564878,0.220233,29.726676,6.016176,0.000000,5.309033,1.074458
test.ca-cb.ca::00249,test.ca-cb.ca::00249__row219,I'm gonna miss patches but ill always remember him somehow,0.0,content_diversity,You should get another animal,A new pet will help,You need another dog right now,You should replace him,A new furry friend will come into your life,-0.039,0.935,-0.286,-0.761,-0.374,39.817220,1.724861,0.337814,13.450802,0.582682,34.523141,0.684167,0.000000,11.662390,0.231121
test.ca-cb.ca::00250,test.ca-cb.ca::00250__row220,The important thing to take away from this is that you tried,1.0,content_diversity,"Well, no shit. News at 11?",Why are you so concerned with being superior?,Your post screams of micropenis syndrome.,Agreed. That's what happens when all the good coaches are stolen by your rivals.,There's gotta be something else to talk about other than sports.,-0.002,0.996,-0.054,-0.575,-0.096,38.275698,0.813020,0.335754,12.851221,0.272975,70.722835,1.996602,0.000000,23.745478,0.670367
test.ca-cb.ca::00250,test.ca-cb.ca::00250__row221,The important thing to take away from this is that you tried,0.0,content_diversity,Yeah. Same with driving lifted trucks with loud music blaring to the game!,Or driving like an asshole and cutting someone off at the light...,Or adding 20' rims to your old beater (no pun intended).,How did this conversation took the turn to gay?,Self-esteem is one hell of a drug.,-0.014,0.973,-0.071,-0.566,-0.136,71.671155,1.135202,0.267597,19.178953,0.303776,140.272651,1.286199,0.000000,37.536475,0.344182
test.ca-cb.ca::00251,test.ca-cb.ca::00251__row222,That should be a good enough answer for everyone,1.0,content_diversity,Thats good enough for me!,"Really, because that is not enough information for me.",I really like your answer.,"Thats a great answer, and plenty of information",I need more information that you did not provide.,-0.023,0.956,-0.140,-0.821,-0.335,32.750025,0.955034,0.419175,13.727976,0.400326,39.699813,0.259934,0.000000,16.641150,0.108958
test.ca-cb.ca::00251,test.ca-cb.ca::00251__row223,That should be a good enough answer for everyone,0.0,content_diversity,"I think you could expand on it, its very useful info.",I cant come to a conclusion based off that answer.,Says who? I need more information.,"Its not a good enough answer, i need more.",Can you clarify that answer a little bit more for me?,-0.034,0.948,-0.152,-0.850,-0.414,30.283400,0.850556,0.405580,12.282341,0.344968,67.827712,1.184982,0.000000,27.509562,0.480605
test.ca-cb.ca::00252,test.ca-cb.ca::00252__row224,New jersey have you seen the gun laws,1.0,content_diversity,"No gun laws for new jersey,",What gun law.,I did not hear anything about new gun laws.,New jersey should not have any new gun laws.,No new law.,-0.076,0.893,-0.429,-0.883,-0.493,34.640603,0.996619,0.266430,9.229307,0.265530,25.216299,2.236040,0.000000,6.718387,0.595749
test.ca-cb.ca::00252,test.ca-cb.ca::00252__row225,New jersey have you seen the gun laws,0.0,content_diversity,No new gun laws for new jersey.,Keep the law the same.,Keep gun law the same for new jersey.,Don’t change the new jersey gun law.,New jersey gun law is not to be changed.,-0.122,0.825,-0.392,-0.889,-0.647,39.929287,1.203378,0.347568,13.878151,0.418256,13.460541,0.743096,0.000000,4.678456,0.258277
test.ca-cb.ca::00253,test.ca-cb.ca::00253__row226,Thats a rather unfortunate choice of words in the title there,1.0,content_diversity,"How would you have wrote it, then?",What's wrong with it?,"I think the choice of words works well, very ironic.",People like you are impossible to please!,Shut up and just read the post.,-0.005,0.989,-0.109,-0.697,-0.147,28.412190,0.587531,0.384092,10.912899,0.225666,54.479982,0.713880,0.000000,20.925333,0.274196
test.ca-cb.ca::00253,test.ca-cb.ca::00253__row227,Thats a rather unfortunate choice of words in the title there,0.0,content_diversity,"If you can't say something nice, don't say anything!",You just like to be Mr. Negative all the time.,If you were hung with a gold rope you'd still complain.,You must be an English professor.,Were you born with a silver spoon in your mouth?,-0.021,0.955,-0.129,-0.615,-0.130,48.948350,1.021267,0.415324,20.329445,0.424157,60.377530,1.259917,0.000000,25.076262,0.523274
test.ca-cb.ca::00254,test.ca-cb.ca::00254__row228,I almost saw a movie last week does that count,1.0,content_diversity,"No, it really doesn't.","Sure, if you're blind maybe.","Honestly, I'm not so sure.",You almost saw a movie? Which one?,But I didn't really go see a movie.,-0.006,0.986,-0.078,-0.672,-0.304,17.647503,0.744242,0.343699,6.065430,0.255795,50.409373,1.641660,0.000000,17.325653,0.564237
test.ca-cb.ca::00254,test.ca-cb.ca::00254__row229,I almost saw a movie last week does that count,0.0,content_diversity,Eh... maybe.,Depends on what you almost saw.,I'm not sure if I'd consider maybe an option.,It somewhat counts.,It's possible but I really don't know.,-0.005,0.993,-0.153,-0.741,-0.551,28.153525,0.953858,0.283634,7.985284,0.270546,40.840013,2.459948,0.000000,11.583597,0.697724
test.ca-cb.ca::00255,test.ca-cb.ca::00255__row230,Nice I'm online now I've added you already too,1.0,content_diversity,Nice to see you here.,You may want to rethink adding me.,"Welcome to the dark side, we have cookies- but you have to bring your own milk.","What is it, you have added me too?","Enjoy your stay, but you may want to sharpen your sarcasme sword.",-0.055,0.914,-0.079,-0.713,-0.195,20.528148,0.569847,0.404674,8.307202,0.230602,116.131697,1.068399,0.000000,46.995445,0.432353
test.ca-cb.ca::00255,test.ca-cb.ca::00255__row231,Nice I'm online now I've added you already too,0.0,content_diversity,"We are all crazy here, but it's the good kind of crazy.","Watch your head, this is one crazy rabbit hole you've gone down.","This psycho circus may be chaotic, at least we are fun.","While we aren't the jolliest bunch of nuts this side of the nut house, we do have a lot of fun.","Come for the humor, stay for the cat memes.",-0.021,0.951,-0.119,-0.699,-0.374,60.689124,0.856549,0.396592,24.068803,0.339700,103.828620,1.181555,0.000000,41.177570,0.468595
test.ca-cb.ca::00256,test.ca-cb.ca::00256__row232,I've never had the app out of night mode,1.0,content_diversity,You too? I thought I was the only one. That is hilarious!,There is this thing called settings where you change those features. Why don't you look that up?,"I am guessing you are about the only one, because I've never even been in night mode!",I guess it's appropriate if you are nocturnal or Batman.,Is there anyone in the Reddit community that actually cares what mode you have on?,-0.033,0.955,-0.068,-0.726,-0.174,26.651586,0.344909,0.435473,11.606056,0.150199,57.744798,0.716619,0.000000,25.146323,0.312068
test.ca-cb.ca::00256,test.ca-cb.ca::00256__row233,I've never had the app out of night mode,0.0,content_diversity,Everyone should be using night mode because it's actually better for your health.,We had a power outage and I put my phone in night mode to preserve battery life. I have never stopped using it since.,"It takes a little getting used to at first, but once you are hooked, it is hard to go back.",Kudos for you for bringing it up as it's a great mode to use.,I like the fact that you don't have to play around with brightness settings. Just put it in night mode and continue on.,-0.046,0.933,-0.232,-0.814,-0.322,23.264850,0.372618,0.533676,12.415885,0.198857,61.318503,1.134034,0.000000,32.724194,0.605206
test.ca-cb.ca::00257,test.ca-cb.ca::00257__row234,I did and it said look with your eyes,1.0,content_diversity,Of course! It's rude to touch without being invited to.,That's dumb. How else could you look but with your eyes?,Fair enough. They get to set the rules.,But you only did what you were supposed to.,I don't even know what that means. Can you explain?,-0.021,0.971,-0.153,-0.632,-0.244,23.170096,0.606243,0.445266,10.316848,0.269939,50.457871,0.986225,0.000000,22.467157,0.439132
test.ca-cb.ca::00257,test.ca-cb.ca::00257__row235,I did and it said look with your eyes,0.0,content_diversity,People should learn the meaning of consent.,Is it so hard to keep your hands to yourself?,"If you're going to touch, at least ask whether it's okay.","If you say what you're about to do, that gives them the opportunity to refuse.","If you need a closer look, don't touch. Just get closer, but say you're getting closer for a good look. don't be creeping people out.",-0.024,0.956,-0.190,-0.758,-0.364,-10.740823,0.379424,0.439529,-4.720906,0.166768,217.586774,0.649699,0.000000,95.635742,0.285562
test.ca-cb.ca::00258,test.ca-cb.ca::00258__row236,Lets just get really really mad about it,1.0,content_diversity,How about we don't.,That sounds like a smart idea.,That idea is terrible what are you thinking.,How about we go to the game instead.,What are you my mother,-0.041,0.922,-0.157,-0.667,-0.159,29.309334,0.622614,0.351809,10.311273,0.219041,35.228995,0.659112,0.000000,12.393860,0.231881
test.ca-cb.ca::00258,test.ca-cb.ca::00258__row237,Lets just get really really mad about it,0.0,content_diversity,That sounds like a great plan.,"I agree, getting mad is the best option.","Smart guy, smart plan.",Your idea has merit.,"I shouldn't agree, but your idea is smart.",-0.019,0.960,-0.349,-0.818,-0.514,23.137479,1.294283,0.318009,7.357921,0.411593,53.895223,1.353479,0.000000,17.139152,0.430418
test.ca-cb.ca::00259,test.ca-cb.ca::00259__row238,Fuck no but everyone ends up accidentally using bing,1.0,content_diversity,This is 100% true.,Which browser do you use the most?,"What do you mean, I use Bing on purpose!","I keep forgetting who makes Bing, is it Microsoft?",I absolutely despise Bing's search function.,-0.021,0.959,-0.132,-0.696,-0.269,27.842322,0.716046,0.379795,10.574366,0.271950,42.581310,0.937681,0.000000,16.172156,0.356126
test.ca-cb.ca::00259,test.ca-cb.ca::00259__row239,Fuck no but everyone ends up accidentally using bing,0.0,content_diversity,I absolutely agree with this.,"Yes, I can't think of a time I used Bing on my own.",This couldn't be truer.,I wholeheartedly concur.,So much truth in this.,-0.020,0.973,-0.138,-0.668,-0.449,31.183984,1.074954,0.328590,10.246751,0.353219,52.318962,1.113674,0.000000,17.191496,0.365942
test.ca-cb.ca::00260,test.ca-cb.ca::00260__row240,As a reader I wasn't ready for this episode,1.0,content_diversity,me either. nobody saw that coming.,how could you be so naive?,Was it because of the way they ended it?,Did it affect you emotionally?,"I didn't see it, so I'm not sure what part you are referring to.",-0.013,0.980,-0.118,-0.655,-0.291,11.987854,0.721651,0.369945,4.434841,0.266971,51.856485,1.178159,0.000000,19.184024,0.435854
test.ca-cb.ca::00260,test.ca-cb.ca::00260__row241,As a reader I wasn't ready for this episode,0.0,content_diversity,"Yeah, I was especially confused by the last twist.",I was totally baffled by the twist at the end.,The surprise at the end didn't make sense to me.,I wasn't expecting to be confused by the end as much as I was.,I found it hard to follow that last plot switch.,-0.084,0.878,-0.467,-0.850,-0.588,27.555166,0.515947,0.458714,12.639931,0.236672,37.883137,0.812395,0.000000,17.377513,0.372657
test.ca-cb.ca::00261,test.ca-cb.ca::00261__row242,You are a very cool person thanks for caring for others,1.0,content_diversity,Whatever... I can hear the sarcasm oozing from your comment.,"Sure, no problem!  I try to help others as much as I possibly can.",Thank you for bringing attention to the cause. I love getting others involved.,No thanks necessary.  Being cool comes naturally to me.,"Instead of spending your time thanking people, why don't you get out and help, too?",-0.020,0.964,-0.151,-0.765,-0.308,30.041836,0.526675,0.457036,13.730206,0.240709,57.011630,0.502561,0.000000,26.056379,0.229689
test.ca-cb.ca::00261,test.ca-cb.ca::00261__row243,You are a very cool person thanks for caring for others,0.0,content_diversity,You don't sound very sincere to me.,It sounds to me like you're nice comment is actually fake.,I don't think you really mean what you say.,It's hard to believe you're being honest with your comment.,Your response seems very sarcastic and exaggerated.,-0.020,0.959,-0.353,-0.842,-0.538,27.868664,0.541359,0.440102,12.265056,0.238253,70.897676,1.029518,0.000000,31.202211,0.453093
test.ca-cb.ca::00262,test.ca-cb.ca::00262__row244,This pic makes me feel like everythings gonna be ok,1.0,content_diversity,Take a closer look and embrace your sorrow.,"Yes, there is a light at the end of the tunnel.",Photoshop creates lies once again.,It does look like the calm after the storm - maybe there's hope afterall!,You're delusional you fool!,-0.009,0.976,-0.101,-0.582,-0.156,23.219236,0.365042,0.371124,8.617221,0.135476,73.889384,1.773296,0.000000,27.422142,0.658113
test.ca-cb.ca::00262,test.ca-cb.ca::00262__row245,This pic makes me feel like everythings gonna be ok,0.0,content_diversity,A little touching up can make a disaster look so nice.,Painting roses over a massacre does not change the facts.,It's an optical delusion you embrace!,A little makeup cannot cure ugliness.,Take a much closer look before you smile.,-0.019,0.965,-0.148,-0.652,-0.223,32.931777,0.835680,0.316249,10.414632,0.264283,36.131987,1.096114,0.000000,11.426694,0.346645
test.ca-cb.ca::00263,test.ca-cb.ca::00263__row246,1 become giraffe 2 got to work 3  4 profit,1.0,content_diversity,What does that mean?,Makes a lot of sense.,I am with you.,Let me know when you finish.,You'll never make it.,-0.004,0.991,-0.128,-0.626,-0.215,14.926246,0.841527,0.282348,4.214395,0.237604,16.216790,1.193939,0.000000,4.578777,0.337106
test.ca-cb.ca::00263,test.ca-cb.ca::00263__row247,1 become giraffe 2 got to work 3  4 profit,0.0,content_diversity,Keep me updated.,Post your completion.,Share once you acheived this goal.,I want to know when it's done.,Can you inform us when it's done.,-0.022,0.938,-0.235,-0.746,-0.417,43.021717,1.486972,0.263410,11.332349,0.391683,54.272176,1.605389,0.000000,14.295832,0.422875
test.ca-cb.ca::00264,test.ca-cb.ca::00264__row248,I don't see us getting a better result then this myself,1.0,content_diversity,"Really, who cares? It doesn't matter in the end.","Well, you're certainly right about that.",I can totally see us getting a better than this.,Maybe you're right. We'll have to see if we can do better.,We should at least try to do better.,-0.021,0.959,-0.155,-0.789,-0.368,28.168214,0.536173,0.472907,13.320933,0.253560,54.650689,0.870223,0.000000,25.844669,0.411534
test.ca-cb.ca::00264,test.ca-cb.ca::00264__row249,I don't see us getting a better result then this myself,0.0,content_diversity,I think it'd best best to attempt something.,We really should try our best to get a preferred result.,I'd like to give it a shot and improve on it.,We should be aiming higher and at least give it a chance.,I think it's possible to get a better one if we try.,-0.058,0.900,-0.411,-0.896,-0.680,29.210760,0.566339,0.427142,12.477137,0.241907,54.892159,1.414429,0.000000,23.446735,0.604162
test.ca-cb.ca::00265,test.ca-cb.ca::00265__row250,Well if that cat could talk what a tale he'd tell,1.0,content_diversity,If that cat could talk he would probably tell all the stories about what he see's humans do.,I wonder what the cat would say probably would be good storyteller.,"I would run the other way if I heard a cat talking, probably would be possessed.",If a cat could talk that means the world is going to end.,I wonder what that cat would say probably has seen some shit.,-0.097,0.862,-0.260,-0.932,-0.584,47.658326,0.658516,0.470240,22.410851,0.309660,49.581083,0.277939,0.000000,23.315008,0.130698
test.ca-cb.ca::00265,test.ca-cb.ca::00265__row251,Well if that cat could talk what a tale he'd tell,0.0,content_diversity,He looks like he could be a ghetto cat.,What is that cat standing on the corner all day in the bad parts of the neighborhood.,"Sound like he is a hood cat, probably wears bandanas and carries.",That cat definitely looks into your windows at night.,That cat has seen more shit then a toilet.,-0.031,0.949,-0.242,-0.806,-0.403,54.975447,0.738963,0.363866,20.003712,0.268884,96.848663,0.656906,0.000000,35.239963,0.239026
test.ca-cb.ca::00266,test.ca-cb.ca::00266__row252,Salute your shorts still has the best intro song ever,1.0,content_diversity,That song is horrible.,I think it is the best song ever also.,Salute your shorts is good without an intro song.,You are crazy if you think that song is remotely good.,I could find a different song that would be better than that one.,-0.052,0.943,-0.317,-0.849,-0.314,25.504196,0.759429,0.427418,10.900952,0.324594,58.593046,0.344257,0.000000,25.043721,0.147142
test.ca-cb.ca::00266,test.ca-cb.ca::00266__row253,Salute your shorts still has the best intro song ever,0.0,content_diversity,This is such an amazing song.,I agree! It is pretty great.,It really is good.,I really like this song myself.,I could listen to this song over and over again.,-0.041,0.930,-0.348,-0.781,-0.497,29.575992,1.327210,0.372074,11.004463,0.493820,23.662882,1.450226,0.000000,8.804348,0.539592
test.ca-cb.ca::00267,test.ca-cb.ca::00267__row254,Not even us republicans will vote for palin,1.0,content_diversity,Hahaha. you know that's right!,Really? That's hard to believe.,I would take Palin over Trump!,Come over to our side then and vote democrat!,Trump or Palin as choices would make me not vote.,-0.013,0.971,-0.030,-0.670,-0.107,10.612298,0.550691,0.342569,3.635446,0.188650,58.150786,1.055313,0.000000,19.920667,0.361518
test.ca-cb.ca::00267,test.ca-cb.ca::00267__row255,Not even us republicans will vote for palin,0.0,content_diversity,Maybe it's time to change sides? At least the democrats are smart!,"Take a look at the democrats then, we're not stupid.",You can always vote democrat.,If it's Palin or Trump then come vote democratic!,Time to come over to the other side and vote with us democrats!,-0.022,0.959,-0.168,-0.890,-0.511,35.331262,0.970659,0.381773,13.488505,0.370571,54.416695,1.169926,0.000000,20.774800,0.446646
test.ca-cb.ca::00268,test.ca-cb.ca::00268__row256,Props for letting that rabbit dig a tunnel in their lawn,1.0,content_diversity,Good job looking out for the rabbit's best interest!,Can't stop a rabbit in its glory days.,It snuck in when I wasn't paying attention. Haha.,Don't need the congratulations.,Thank you.,-0.006,0.988,-0.128,-0.637,-0.186,38.285506,0.680406,0.337147,12.907831,0.229397,78.580398,0.927277,0.000000,26.493120,0.312629
test.ca-cb.ca::00268,test.ca-cb.ca::00268__row257,Props for letting that rabbit dig a tunnel in their lawn,0.0,content_diversity,"Rabbits are dangerous, man.",Rabbits are unstoppable.,Can't tame a rabbit.,It would be useless.,Rabbits get it some way.,-0.029,0.957,-0.317,-0.830,-0.384,15.396952,0.822621,0.240468,3.702477,0.197814,37.678616,1.775019,0.000000,9.060508,0.426836
test.ca-cb.ca::00269,test.ca-cb.ca::00269__row258,Omg can someone please do this to me,1.0,content_diversity,Done,"This, it's been a while since the last time someone has done something like this to me",You can do it yourself,My girlfriend does this,You don't want this,-0.014,0.981,-0.155,-0.654,-0.240,23.001684,1.096041,0.217574,5.004569,0.238470,90.350315,4.579130,0.000000,19.657883,0.996300
test.ca-cb.ca::00269,test.ca-cb.ca::00269__row259,Omg can someone please do this to me,0.0,content_diversity,Same man. It's been a while for me too,Where are you? I can do that for you,I feel you. Miss those days,My ex used to do this with me,You can have that again one day,-0.017,0.964,-0.152,-0.664,-0.253,30.926355,1.040345,0.313327,9.690070,0.325969,27.590416,0.908835,0.000000,8.644829,0.284763
test.ca-cb.ca::00270,test.ca-cb.ca::00270__row260,How the hell did you make 100 a week through maple story,1.0,content_diversity,"I don't know, it just kind of happened.",Found lots and lots of rare items.,Believe me it was a lot of work!!,Spent a lot of time in the stores of the Free Market.,You say that like it's hard to do.,-0.031,0.942,-0.139,-0.569,-0.339,24.707284,0.603897,0.380390,9.398398,0.229716,53.642466,0.922749,0.000000,20.405045,0.351004
test.ca-cb.ca::00270,test.ca-cb.ca::00270__row261,How the hell did you make 100 a week through maple story,0.0,content_diversity,I was very determined and worked hard at it!,I put in a lot of time - even ate meals while I played most days.,"I just set it as a goal for myself, and put in the effort to hit the goal.",I stayed motivated and just kept working at it.,I played at least a few hours every day - lots of work!!.,-0.047,0.932,-0.365,-0.837,-0.510,43.454998,0.696607,0.397416,17.269701,0.276843,84.225707,0.982446,0.000000,33.472623,0.390440
test.ca-cb.ca::00271,test.ca-cb.ca::00271__row262,Or you know dump it out the window and make yellow snow,1.0,content_diversity,Dump what out the window?,"I prefer my snow to be white, thanks","If you're talking about what I think you're talking about, EW!",Who doesn't love some yellow snow?,I am definitely doing this,-0.010,0.965,0.010,-0.616,-0.161,31.925110,0.579120,0.439713,14.037898,0.254647,37.932933,0.446822,0.000000,16.679618,0.196474
test.ca-cb.ca::00271,test.ca-cb.ca::00271__row263,Or you know dump it out the window and make yellow snow,0.0,content_diversity,"Dude, what are you talking about dumping?",What are we dumping out the window?,I'm scared to ask what you're talking about dumping here...,Dump what exactly?,What's getting dumped out the window?,-0.044,0.915,-0.221,-0.961,-0.483,59.948744,1.667222,0.369391,22.144516,0.615857,46.687540,1.206198,0.000000,17.245949,0.445558
test.ca-cb.ca::00272,test.ca-cb.ca::00272__row264,It's the second day of classes pace yourself,1.0,content_diversity,This message is a day too late. Already exhausted myself on the first day.,I'm more of a sprinter than a marathon runner.,I know! I'm already over it.,How is it the second day and I already feel behind?,I only have one speed. Try to keep up with me.,-0.023,0.957,-0.187,-0.669,-0.253,9.837802,0.468208,0.420773,4.139481,0.197009,94.003451,1.128301,0.000000,39.554105,0.474758
test.ca-cb.ca::00272,test.ca-cb.ca::00272__row265,It's the second day of classes pace yourself,0.0,content_diversity,"Yeah, second day and I don't even want to go.",Pretty sure I'm dropping half my classes.,I'm surprised at my lack of motivation already.,I'm dreading this semester already.,Second day and I already feel 10 steps behind everyone. I hate it.,-0.032,0.942,-0.340,-0.727,-0.354,18.371951,0.607150,0.431827,7.933512,0.262184,59.856791,0.259690,0.000000,25.847801,0.112141
test.ca-cb.ca::00273,test.ca-cb.ca::00273__row266,Only in 2x would there be a post like this,1.0,content_diversity,Why would you say that about 2x?,"I don't know what 2x is, you may be right","I disagree with you, that post could show up anywhere",If you don't like it there are plenty of other places to post,"I agree, 2x has lots of similar posts",-0.023,0.963,-0.118,-0.807,-0.379,34.065660,0.670279,0.438319,14.931611,0.293796,31.563587,0.598772,0.000000,13.834906,0.262453
test.ca-cb.ca::00273,test.ca-cb.ca::00273__row267,Only in 2x would there be a post like this,0.0,content_diversity,That post would fit in all over the internet,That post would fit in many sub reddits,"I disagree, I've seen that post other places","I disagree, that post has nothing to do with 2x","I disagree, that post could be from anywhere",-0.113,0.827,-0.221,-0.918,-0.426,62.075113,1.421506,0.390877,24.263735,0.555634,30.321967,0.874849,0.000000,11.852160,0.341958
test.ca-cb.ca::00274,test.ca-cb.ca::00274__row268,You are so dumb you are really dumb for real,1.0,content_diversity,"Big words, little man!",Screw you and the horse you rode in on!,You are two crayons short of a box!,Don't you have a thesaurus?,Why are you attacking me instead of staying on point,-0.020,0.967,-0.023,-0.631,-0.109,9.992895,0.569356,0.358374,3.581196,0.204043,41.347529,1.530671,0.000000,14.817890,0.548553
test.ca-cb.ca::00274,test.ca-cb.ca::00274__row269,You are so dumb you are really dumb for real,0.0,content_diversity,It's not surprising that you don't know any other words than dumb.,Your vocabulary is limited.,Look up some synonyms  dumb.,You're so dumb you only know the word dumb.,Only a truly dumb person would use the word dumb twice in the same sentence.,-0.037,0.940,-0.170,-0.848,-0.515,29.378054,1.173420,0.442781,13.008053,0.519568,47.166397,2.190017,0.000000,20.884399,0.969698
test.ca-cb.ca::00275,test.ca-cb.ca::00275__row270,People get stretch marks from perfectly natural things like pregnancy,1.0,content_diversity,"Not only from pregnancy, but when you gain or lose weight.","No, if u take care of your body during pregnancy you won't get any stretch marks!",We all should love your body's. with our without stretch marks.,Is nothing perfect when you eat like crazy and your skin pops of to much fat!,"I don't care, I am a man.",-0.014,0.970,-0.135,-0.702,-0.306,61.028126,0.582581,0.338386,20.651075,0.197137,146.639170,1.943977,0.000000,49.620670,0.657815
test.ca-cb.ca::00275,test.ca-cb.ca::00275__row271,People get stretch marks from perfectly natural things like pregnancy,0.0,content_diversity,"You are right, every change on our weight leaves marks on our skin.",Some people don't know that.,"That is the truth, we have to take care of our bodies.",You can use oil to prevent stretch marks during pregnancy.,Not all body's act the same during pregnancy.,-0.017,0.953,-0.167,-0.698,-0.294,23.553979,0.464883,0.400253,9.427552,0.186071,71.448631,0.942351,0.000000,28.597534,0.377179
test.ca-cb.ca::00276,test.ca-cb.ca::00276__row272,Where was this at it looks real pretty,1.0,content_diversity,It's where I was yesterday,I don't know because a friend sent it to me,I visited that mountain a few days ago,It's about 10 miles north of me,My best friend showed me this place when he went on vacation.,-0.022,0.967,-0.162,-0.688,-0.281,16.312285,0.713447,0.422868,6.897945,0.301694,57.183880,0.342959,0.000000,24.181239,0.145026
test.ca-cb.ca::00276,test.ca-cb.ca::00276__row273,Where was this at it looks real pretty,0.0,content_diversity,I went to see that mountain last Friday.,My family took a trip to that mountain before the weekend.,I had a day off so I drove to this place.,"I have waned to drive up this mountain, but Friday I had the chance.",My company had its retreat by this mountain during the weekend.,-0.059,0.915,-0.440,-0.876,-0.465,39.052163,0.825493,0.383862,14.990624,0.316875,98.313047,1.013341,0.000000,37.738600,0.388983
test.ca-cb.ca::00277,test.ca-cb.ca::00277__row274,Thanks I should stop being lazy and just google it,1.0,content_diversity,"Yes, you're wasting everyone's time.",It is a good idea to develop some independent initiative.,We're all here to help each other learn.,What's a google?,Your question is so dumb I don't think you'll find it on google.,-0.008,0.985,-0.125,-0.694,-0.160,10.376382,0.659034,0.397024,4.119676,0.261653,68.968777,1.024760,0.000000,27.382279,0.406855
test.ca-cb.ca::00277,test.ca-cb.ca::00277__row275,Thanks I should stop being lazy and just google it,0.0,content_diversity,This is a place for nurturing mutual enlightenment.,"Today you learn, tomorrow you teach.",Everyone shares information around here.,When it comes to knowledge a rising tide lifts all ships.,We espouse pedagogical cooperation.,-0.002,0.988,-0.190,-0.700,-0.271,27.033665,0.510135,0.364307,9.848562,0.185846,36.307487,1.362890,0.000000,13.227083,0.496511
test.ca-cb.ca::00278,test.ca-cb.ca::00278__row276,Haha yep that was my first time there,1.0,content_diversity,What took you so long?,"Poor newbie, doesn't know that they're getting into.",You gotta stop talking about things you don't know about.,"Don't feel so bad, I just went there for the first time too.",We're just giving you a hard time.,-0.017,0.967,-0.101,-0.679,-0.287,38.074011,0.621368,0.408787,15.564155,0.254007,83.460753,0.987330,0.000000,34.117659,0.403607
test.ca-cb.ca::00278,test.ca-cb.ca::00278__row277,Haha yep that was my first time there,0.0,content_diversity,Do your research first!,Get up to date before you post.,You're talking nonsense and you've only been there once.,You have no clue.,Ignorance is bliss but we know the truth.,0.000,1.000,0.005,-0.646,-0.209,31.598698,1.107974,0.310658,9.816403,0.344201,51.284276,0.608333,0.000000,15.931894,0.188984
test.ca-cb.ca::00279,test.ca-cb.ca::00279__row278,You don't qualify under current medical cannabis law in canada,1.0,content_diversity,What do I need to do to qualify?,"Well, that sucks.",I want me some cannabis.,Canada law is awful.,Maybe my cousin can get it.,-0.003,0.977,-0.204,-0.655,-0.120,15.898674,0.864285,0.306854,4.878571,0.265209,38.657204,1.644297,0.000000,11.862117,0.504559
test.ca-cb.ca::00279,test.ca-cb.ca::00279__row279,You don't qualify under current medical cannabis law in canada,0.0,content_diversity,This is terrible!,I think that's appalling.,That's disgusting.,This is dreadful news.,It is depressing.,-0.032,0.744,-0.588,-0.729,-0.766,16.427763,0.721415,0.270025,4.435913,0.194800,20.853427,1.002754,0.000000,5.630955,0.270769
test.ca-cb.ca::00280,test.ca-cb.ca::00280__row280,Another reason not to host with godaddy  this is all too common,1.0,content_diversity,Go Daddy hosting worked fine for me.,"I agree, they need to fix this immediately.",Hosting with godaddy is great.,I've been with their hosting for months and just had a problem.,Have you contacted godaddy to resolve the issue? That might help.,-0.012,0.977,-0.229,-0.723,-0.281,13.002240,0.512007,0.464009,6.033157,0.237576,50.688689,0.651724,0.000000,23.520011,0.302406
test.ca-cb.ca::00280,test.ca-cb.ca::00280__row281,Another reason not to host with godaddy  this is all too common,0.0,content_diversity,There hosting needs to be fixed or I will leave.,When will they fix this? They need to hurry up!,My hosting needs to be fixed now.,I have contacted their support to help fix the problem.,Go daddy must resolve this hosting issue.,-0.067,0.890,-0.362,-0.829,-0.511,22.115108,0.558940,0.410055,9.068415,0.229196,39.673908,0.865638,0.000000,16.268492,0.354959
test.ca-cb.ca::00281,test.ca-cb.ca::00281__row282,Man I really can't wait to start doing nothing,1.0,content_diversity,You're so lazy lol. Have fun on your break.,I can't believe you want to sit around and do nothing. Your laziness disgusts me.,"Cool, take it easy man.","I'm so jealous, I wish I could take a vacation :(",You really deserve it. Enjoy your vacation.,-0.015,0.970,-0.256,-0.701,-0.280,37.593000,1.062775,0.386356,14.524285,0.410609,53.347268,1.028722,0.000000,20.611042,0.397453
test.ca-cb.ca::00281,test.ca-cb.ca::00281__row283,Man I really can't wait to start doing nothing,0.0,content_diversity,You're pathetic. I'm so sick and tired of this culture that values laziness.,Why don't you try doing something productive with your time?,"You're the worst sort of parasite, you should feel ashamed.",There's nothing redeeming about your lazy attitude.,You're useless. Try getting a job you bum.,-0.017,0.975,-0.256,-0.754,-0.415,28.012442,0.415849,0.428754,12.010458,0.178297,74.599835,1.015413,0.000000,31.985009,0.435363
test.ca-cb.ca::00282,test.ca-cb.ca::00282__row284,I've never heard of this variation of duck duck goose,1.0,content_diversity,I heard of this.,I know of this variation of duck duck goose.,I know about this duck duck goose variation.,This duck duck goose variation is familiar.,I am interested in this duck duck goose variation.,-0.208,0.729,-0.519,-0.852,-0.622,19.835450,0.498119,0.455831,9.041604,0.227058,20.360888,2.197029,0.000000,9.281115,1.001473
test.ca-cb.ca::00282,test.ca-cb.ca::00282__row285,I've never heard of this variation of duck duck goose,0.0,content_diversity,I know about this variation.,This duck duck goose variation is familiar to me.,This duck duck goose variation is something i am familiar with.,I know this duck duck goose variation like the back of my hand.,"This duck duck goose variation is nothing new to me, i am well aware of it.",-0.214,0.738,-0.426,-0.942,-0.660,39.607867,0.671034,0.512126,20.284202,0.343654,33.744196,0.971928,0.000000,17.281266,0.497749
test.ca-cb.ca::00283,test.ca-cb.ca::00283__row286,Meh I think they're better than tampons they're more comfortable at least,1.0,content_diversity,More comfortable there's no way they are more comfortable than tampons!,you are completely wrong,what century are you living in?,I think everyone has a personal and subjective idea and not everyone thinks they are comfortable,tampons are much more comfortable than anything else - you're wring!,-0.047,0.927,0.013,-0.697,-0.176,19.024013,0.774348,0.436944,8.312428,0.338347,105.413621,0.628858,0.000000,46.059845,0.274776
test.ca-cb.ca::00283,test.ca-cb.ca::00283__row287,Meh I think they're better than tampons they're more comfortable at least,0.0,content_diversity,people do have different preferences and what they like,people have different ideas of what comfort means to them and it could be different to what you think,yes you can't quantify people's subjective thoughts,comfort can mean different things to different people,not everyone thinks either are comfortable at all!,-0.029,0.941,-0.161,-0.844,-0.443,32.487568,0.474316,0.517867,16.824226,0.245632,67.985017,1.418088,0.000000,35.207170,0.734380
test.ca-cb.ca::00284,test.ca-cb.ca::00284__row288,I yelled out fuck yeah when I read this,1.0,content_diversity,So did I.,I feel like I heard that yell through the screen,FUCK YEAHHHH,Don't get too excited just yet,"Funny, I yelled out fuck no",-0.016,0.978,0.016,-0.629,-0.247,19.520526,1.091187,0.286404,5.590751,0.312520,66.002641,2.148937,0.000000,18.903402,0.615464
test.ca-cb.ca::00284,test.ca-cb.ca::00284__row289,I yelled out fuck yeah when I read this,0.0,content_diversity,Ummm me too omg,Same I yelled so loud it startled my pet hamster Chad,I share your excitement,"I, too, approve of this",That makes two of us,-0.007,0.986,0.039,-0.631,-0.328,24.390788,0.802100,0.265807,6.483247,0.213204,92.247484,2.938891,0.000000,24.520045,0.781178
test.ca-cb.ca::00285,test.ca-cb.ca::00285__row290,Who is calling horse I am on the phone,1.0,content_diversity,I think the cowboy is calling the horse XD,Why are you trying to talk to a horse on the phone lol?,Get off the phone so we can play basketball.,"I picked up the phone, it was your voice that was a little horse.",I want to call a horse on the phone.,-0.083,0.883,-0.213,-0.830,-0.381,33.175257,0.572972,0.462677,15.349412,0.265101,74.646244,0.930622,0.000000,34.537064,0.430577
test.ca-cb.ca::00285,test.ca-cb.ca::00285__row291,Who is calling horse I am on the phone,0.0,content_diversity,"If you'd put down your phone, we could be playing horse.","I'm the one saying we should play horse, so get off the phone.",It's better to play horse than to play with your phone.,Stop playing with your phone for two minutes so we can play.,You should get out on the court instead of sitting there with your phone.,-0.060,0.905,-0.250,-0.900,-0.444,34.737580,0.669324,0.449929,15.629429,0.301148,45.624640,0.458426,0.000000,20.527828,0.206259
test.ca-cb.ca::00286,test.ca-cb.ca::00286__row292,Do the kings like need a row really bad or something,1.0,content_diversity,It's possible but unlikely it will happen.,No way dude not at all.,Yeah I think that would be a big help.,That's the dumbest thing I've heard all day.,I think you are on to something with that!,-0.010,0.979,-0.070,-0.615,-0.245,23.299512,0.743359,0.384410,8.956570,0.285755,22.789307,1.266639,0.000000,8.760442,0.486909
test.ca-cb.ca::00286,test.ca-cb.ca::00286__row293,Do the kings like need a row really bad or something,0.0,content_diversity,I don't think that needs to happen.,In no world is that a good idea.,No way. Where are you getting this information?,Bad advice from another armchair analyst.,Nope that wouldn't help them at all now.,-0.008,0.989,-0.162,-0.592,-0.405,25.118307,0.624694,0.387494,9.733194,0.242065,53.694854,1.140286,0.000000,20.806436,0.441854
test.ca-cb.ca::00287,test.ca-cb.ca::00287__row294,It goes for me good actually german is weird,1.0,content_diversity,Why would you think german is weird?,I have to disagree with you,I don't understand what you mean,If you say so,Whatever you say man.,-0.053,0.946,0.039,-0.721,-0.239,11.628159,0.595866,0.408975,4.755623,0.243694,29.646221,1.292364,0.000000,12.124554,0.528544
test.ca-cb.ca::00287,test.ca-cb.ca::00287__row295,It goes for me good actually german is weird,0.0,content_diversity,I have to say that I am not feeling the same as you.,"Sorry, but I don't agree.",I think you are wrong about that.,"I am not sure why you think that way, I believe you are incorrect.",I am not buying it.,-0.094,0.885,-0.390,-0.740,-0.517,31.769918,0.610674,0.374174,11.887467,0.228498,57.228132,1.211438,0.000000,21.413261,0.453288
test.ca-cb.ca::00288,test.ca-cb.ca::00288__row296,I wonder if this means well get a void monster support,1.0,content_diversity,I wonder if you'll ever shut up about your stupid void monster idea.,"That would be really cool, this game definitely needs a shake up.","I don't know, I think it would make it too complicated.","Probably not, they're too busy introducing more boring ADCs.",I don't see how it could mean anything else.,-0.020,0.963,-0.111,-0.738,-0.283,35.069292,0.529991,0.464810,16.300550,0.246345,69.410567,0.884458,0.000000,32.262711,0.411105
test.ca-cb.ca::00288,test.ca-cb.ca::00288__row297,I wonder if this means well get a void monster support,0.0,content_diversity,It would be a good change that is definitely needed.,"I hope so, it would certainly make the game more interesting.","That's a good idea, we definitely need something like this.",I hope they change things up by doing this.,"That's the sort of change this game needs, and it's a good idea.",-0.044,0.931,-0.357,-0.901,-0.673,38.322529,0.770020,0.460326,17.640844,0.354460,34.581462,0.691303,0.000000,15.918735,0.318225
test.ca-cb.ca::00289,test.ca-cb.ca::00289__row298,My local sports collective is superior to your local sports collective,1.0,content_diversity,Based on what?,Let's focus on profits and cut out all the talk.,Prove it.,In what way?,Your opinion won't make any difference in that case.,-0.004,0.993,-0.107,-0.685,-0.209,0.264919,0.994278,0.252242,0.066824,0.250798,108.052890,1.239976,0.000000,27.255438,0.312774
test.ca-cb.ca::00289,test.ca-cb.ca::00289__row299,My local sports collective is superior to your local sports collective,0.0,content_diversity,Show me the statistics of your collective's performance from last year.,I don't believe that blank statement.,I talk facts only.,Show me the figures of profits.,"Let's talk success based on numbers, okay?",-0.027,0.943,-0.247,-0.672,-0.187,16.939447,1.144574,0.280301,4.748147,0.320826,37.203766,1.958094,0.000000,10.428260,0.548856
test.ca-cb.ca::00290,test.ca-cb.ca::00290__row300,Why not that might make you feel better,1.0,content_diversity,"It kind of does, actually.",You have no idea what you're talking about.,"Thanks, good call.",I disagree completely.,"I guess, but that is beside the point.",-0.004,0.993,-0.107,-0.605,-0.251,8.140712,0.814840,0.367121,2.988625,0.299145,35.794372,1.593959,0.000000,13.140860,0.585176
test.ca-cb.ca::00290,test.ca-cb.ca::00290__row301,Why not that might make you feel better,0.0,content_diversity,I appreciate that.,Thank you.,Thanks for your perspective.,Thanks for that.,"Good idea, thanks.",-0.026,0.740,-0.348,-0.851,-0.721,14.897082,0.768526,0.307863,4.586266,0.236601,29.541045,1.236740,0.000000,9.094606,0.380747
test.ca-cb.ca::00291,test.ca-cb.ca::00291__row302,Not at playing obviously haven't in a long time,1.0,content_diversity,"I haven’t played the guitar in a long time either, but I plan to pick it up again soon.",It’s been awhile since I’ve played that game as well. It tends to make me cranky.,Playing sports is great cardio. You should try and pick it up again!,I enjoy playing with legos with my children at times. It gives great imagination and building skills.,I really dislike when people play games with others emotions. I don’t blame you for not putting up with that.,-0.028,0.952,-0.217,-0.725,-0.243,34.579340,0.561893,0.499282,17.264834,0.280543,80.157843,0.700562,0.000000,40.021349,0.349778
test.ca-cb.ca::00291,test.ca-cb.ca::00291__row303,Not at playing obviously haven't in a long time,0.0,content_diversity,Playing the guitar is such fun. I miss making music with other groups of people.,I miss playing my guitar. I love the feeling of my guitar in my hands.,"Upon picking up my guitar today, I realized how much I actually missed it so!",Music is great for the soul. I should pick up my guitar soon because I’ve been feeling so down.,I need to pick up my guitar again and teach my children how to play!,-0.089,0.896,-0.331,-0.924,-0.519,54.646713,0.640877,0.487063,26.616375,0.312147,73.484442,0.599035,0.000000,35.791530,0.291768
test.ca-cb.ca::00292,test.ca-cb.ca::00292__row304,I agree I just don't want home blown up,1.0,content_diversity,Why would home be blown up?,Who's going to blow up your home?,Where is your home?,What is your home being blown up for?,I hope they don't blow it up too.,-0.043,0.931,-0.340,-0.850,-0.504,10.494467,0.460387,0.424729,4.457307,0.195540,41.121197,1.095862,0.000000,17.465375,0.465445
test.ca-cb.ca::00292,test.ca-cb.ca::00292__row305,I agree I just don't want home blown up,0.0,content_diversity,Why is your home being blown up?,What's the reason that this is happening?,What is being blown up?,What is happening with you?,What's wrong with your home?,-0.064,0.896,-0.391,-0.772,-0.404,23.382284,0.831523,0.409114,9.566019,0.340187,33.131093,0.846460,0.000000,13.554393,0.346299
test.ca-cb.ca::00293,test.ca-cb.ca::00293__row306,Top reason I didnt do wrestling in high school,1.0,content_diversity,You didn't do wrestling because you don't have the toughness and mental fortitude for it.,With your physique it's probably for the best.,"Don't feel bad, everybody has their own thing they're good at.",What the hell? Nobody was even talking about wresting!,"Yeah, I heard you can get those weird puffy ears from wrestling too.",-0.011,0.982,-0.099,-0.650,-0.191,11.111705,0.302705,0.466829,5.187263,0.141311,70.343040,1.084160,0.000000,32.838148,0.506117
test.ca-cb.ca::00293,test.ca-cb.ca::00293__row307,Top reason I didnt do wrestling in high school,0.0,content_diversity,"Hey, you just do you buddy.",Every person must walk their own path.,Different strokes for different folks.,Find your own passion and follow that.,"Everybody's different, work within your skill set.",-0.006,0.981,-0.102,-0.675,-0.261,8.697329,0.351756,0.378010,3.287682,0.132967,59.913435,1.936358,0.000000,22.647907,0.731964
test.ca-cb.ca::00294,test.ca-cb.ca::00294__row308,I don't have to you're great at it,1.0,content_diversity,"Oh come on, you could try and get better.",I bet you're not that bad at it.,I guess you've got me there.,You seem like you lack a lot of confidence.,What makes you think that?,-0.011,0.984,-0.153,-0.723,-0.347,18.897320,0.533397,0.406480,7.681389,0.216815,48.570695,0.741990,0.000000,19.743032,0.301604
test.ca-cb.ca::00294,test.ca-cb.ca::00294__row309,I don't have to you're great at it,0.0,content_diversity,What makes you think you're so bad?,How come you don't practice anymore?,I'll guarentee that you're pretty great at it.,We could practice together if you want?,I can help you be better.,-0.024,0.971,-0.175,-0.730,-0.263,26.515939,0.450726,0.433463,11.493679,0.195373,41.520338,0.964067,0.000000,17.997531,0.417887
test.ca-cb.ca::00295,test.ca-cb.ca::00295__row310,I can just go to my parents house,1.0,content_diversity,"Thats a good idea, avoid going anywhere else","No, don't go to their house",Didn't you do that last time?,"Parents are here to help, don't be afraid to ask",To be honest this is your mistake don't involve them,-0.013,0.975,-0.099,-0.719,-0.195,15.069468,0.647324,0.379847,5.724096,0.245884,57.698169,0.655111,0.000000,21.916491,0.248842
test.ca-cb.ca::00295,test.ca-cb.ca::00295__row311,I can just go to my parents house,0.0,content_diversity,That's true I get advice from them all the time,"I have to agree, more often than not they've been through what your going through","Disagree, we're grown ups. You should go somewhere",I went to mine for something everything worked out for the best,I need that wisdom I get from mine,-0.026,0.954,-0.105,-0.719,-0.338,46.588947,0.623974,0.378980,17.656256,0.236473,49.401511,1.471307,0.000000,18.722161,0.557595
test.ca-cb.ca::00296,test.ca-cb.ca::00296__row312,I had no idea that was a thing,1.0,content_diversity,"Yes, it is most definitely a thing.",Seriously? You didn't know even though it's common knowledge?,This is my first time learning about it as well.,"It's not a thing, it must be false.",I don't even know what you're talking about.,-0.019,0.967,-0.122,-0.733,-0.334,24.181303,0.482572,0.481081,11.633157,0.232156,43.812632,1.099364,0.000000,21.077410,0.528883
test.ca-cb.ca::00296,test.ca-cb.ca::00296__row313,I had no idea that was a thing,0.0,content_diversity,I didn't know about it either before this.,I have gone through life without knowing this until now.,I was in the dark about this too.,"I'm with you, I didn't know either.",Haven't heard about it until now.,-0.062,0.903,-0.358,-0.726,-0.610,25.558033,0.654685,0.458060,11.707118,0.299885,30.045724,0.256147,0.000000,13.762750,0.117331
test.ca-cb.ca::00297,test.ca-cb.ca::00297__row314,This is why I will never be a doctor,1.0,content_diversity,Is it because you didn't graduate high school?,Do you hate the sight of blood or something?,The pay they get is so low these days anyway.,PHDs aren't really worth it from what I understand.,Have you considered just becoming a lawyer instead?,-0.010,0.986,-0.135,-0.651,-0.215,35.653541,0.796417,0.425071,15.155280,0.338534,61.160269,1.215796,0.000000,25.997445,0.516799
test.ca-cb.ca::00297,test.ca-cb.ca::00297__row315,This is why I will never be a doctor,0.0,content_diversity,How you thought about a legal career instead?,Do you think you might want to be a lawyer as an alternative?,Has the idea to become a lawyer crossed your mind to do instead?,Have you though about becoming an attorney instead?,Are you thinking about becoming an attorney as an alternative?,-0.079,0.878,-0.576,-0.962,-0.897,65.317838,1.130180,0.394830,25.789465,0.446229,59.147880,1.325043,0.000000,23.353378,0.523167
test.ca-cb.ca::00298,test.ca-cb.ca::00298__row316,That was insane  it just allowed her to crush everything,1.0,content_diversity,Thats not insane you can't even comprehend insane.,Yeah dog if im real that is not cool.,Why would she do this?,"Dont be so judgemental, try to see things her way.",You are right that is insane.,-0.016,0.968,-0.071,-0.691,-0.306,19.874961,0.646290,0.338944,6.736498,0.219056,111.221660,2.332441,0.000000,37.697910,0.790567
test.ca-cb.ca::00298,test.ca-cb.ca::00298__row317,That was insane  it just allowed her to crush everything,0.0,content_diversity,I have seen insane and this is not insane.,You dont know what insane is.,I dont think you understand what insane means friend.,If you think this is insane I could show you some stuff.,If you think this is insane you are insane.,-0.126,0.808,-0.278,-0.941,-0.398,44.124345,0.961953,0.397623,17.544874,0.382495,40.400926,0.468422,0.000000,16.064355,0.186256
test.ca-cb.ca::00299,test.ca-cb.ca::00299__row318,I am now sounds like a good time,1.0,content_diversity,Let's hope so!,I don't really care if it ends up not being one.,"I'm not going, I don't think.",When are you planning on leaving?,"I guess, I'm not sure it will be.",-0.029,0.945,-0.099,-0.661,-0.327,15.563597,0.483384,0.326254,5.077693,0.157706,45.761256,1.410302,0.000000,14.929814,0.460117
test.ca-cb.ca::00299,test.ca-cb.ca::00299__row319,I am now sounds like a good time,0.0,content_diversity,I don't think I'll be attending.,I'll probably pass on this one.,I think I'll go next time.,"This feels like a miss to me, I'll stay home.",I'm not really in the mood to go.,-0.034,0.955,-0.391,-0.723,-0.428,30.815439,0.937159,0.374838,11.550809,0.351283,81.472889,1.516434,0.000000,30.539164,0.568418
test.ca-cb.ca::00300,test.ca-cb.ca::00300__row320,I heard that it will be in hardcore mode only,1.0,content_diversity,What is a hardcore mode?,Too easy...they need to add a hardest core mode LOL.,"Guess I'm not getting this game, I don't want to die every time I play.",Hardcore mode makes it sound kinda dirty.,Where did you hear this from? I haven't heard about this at all.,-0.012,0.972,-0.096,-0.730,-0.180,35.030833,0.689688,0.422183,14.789419,0.291175,111.406950,1.803758,0.000000,47.034112,0.761516
test.ca-cb.ca::00300,test.ca-cb.ca::00300__row321,I heard that it will be in hardcore mode only,0.0,content_diversity,Did they announce this on Twitter or something?,What websites do you find these stories on?,"I thought this was just a rumor, did they confirm this?",Did they say this in a press release or something?,Was this information released when they announced the release date?,-0.040,0.944,-0.316,-0.854,-0.408,30.992674,0.667958,0.487392,15.105579,0.325557,56.847047,1.351236,0.000000,27.706792,0.658581
test.ca-cb.ca::00301,test.ca-cb.ca::00301__row322,Well hopefully it puts it back together again,1.0,content_diversity,Can't say I want that.,Oh man I sure hope so too!,And what makes you say that?,Well I think you are probably the only one.,"Nah screw it, leave it broke.",-0.015,0.976,-0.079,-0.651,-0.275,7.025309,0.177977,0.315796,2.218564,0.056204,43.725076,1.502206,0.000000,13.808199,0.474391
test.ca-cb.ca::00301,test.ca-cb.ca::00301__row323,Well hopefully it puts it back together again,0.0,content_diversity,I really hope so!,I agree with you there.,Oh yes please.,I think it would be in everyone's best interest to do that.,Thoughts and prayers that it does get put back together.,-0.014,0.976,-0.126,-0.673,-0.542,7.745293,0.919647,0.371576,2.877963,0.341718,57.019870,1.534105,0.000000,21.187202,0.570036
test.ca-cb.ca::00302,test.ca-cb.ca::00302__row324,When I have more colors of wool I will add more,1.0,content_diversity,I have lots of colors in minecraftl,Let me know when you harvest it on your own!,You have enough colors as it is,When you do can you make me stomething?,I can give you mine if you want?,-0.030,0.950,-0.003,-0.710,-0.281,32.463560,0.842518,0.301723,9.795007,0.254207,70.867698,1.356952,0.000000,21.382425,0.409424
test.ca-cb.ca::00302,test.ca-cb.ca::00302__row325,When I have more colors of wool I will add more,0.0,content_diversity,Can you make me a scarf when you do?,I will but you some if you make me some mittens.,When do you think you will do that? i need some stuff.,I would love to help you if you take commissions?,They have some at the store near me you can go there.,-0.076,0.917,-0.180,-0.755,-0.229,31.458742,0.648872,0.355860,11.194899,0.230908,56.154342,0.730594,0.000000,19.983069,0.259989
test.ca-cb.ca::00303,test.ca-cb.ca::00303__row326,Is there any health risks that we know of with this,1.0,content_diversity,I'm not sure if there are!,"I read that there is actually a risk of side effects, some potentially fatal.","No, this is completely safe.","This is still being studied, as far as I can tell.","I know that there are, but I've forgotten what they were.",-0.021,0.961,-0.181,-0.675,-0.241,30.526724,0.855298,0.411244,12.553919,0.351736,80.060797,0.808468,0.000000,32.924489,0.332477
test.ca-cb.ca::00303,test.ca-cb.ca::00303__row327,Is there any health risks that we know of with this,0.0,content_diversity,Nothing will happen to you if you use this.,On their website it says it's safe.,"There are no risks, no.",I've read that there are no side affects.,This is a risk-free product.,-0.012,0.970,-0.225,-0.695,-0.598,31.724584,1.033760,0.355002,11.262302,0.366987,25.048260,0.860539,0.000000,8.892191,0.305494
test.ca-cb.ca::00304,test.ca-cb.ca::00304__row328,I can't upvote this more    seriously I can't,1.0,content_diversity,"Yes you can, make another account and vote for it again.","This is Reddit, nobody takes you seriously anyway.",what do you mean you can't upvote it?,English must not be your first language.,"I agree, this post is pretty hilarious.",-0.013,0.980,-0.100,-0.625,-0.110,21.427206,0.508302,0.467401,10.015106,0.237581,50.028699,0.639375,0.000000,23.383483,0.298845
test.ca-cb.ca::00304,test.ca-cb.ca::00304__row329,I can't upvote this more    seriously I can't,0.0,content_diversity,This is the best post I've seen all day.,Someone give the poster an award for this.,Two thumbs up for this post.,"This is what makes Reddit great, posters like you.","Thank you, I upvoted and added this to my favorites.",-0.026,0.956,-0.175,-0.765,-0.278,27.303437,0.835223,0.467720,12.770364,0.390651,49.856005,0.863582,0.000000,23.318652,0.403914
test.ca-cb.ca::00305,test.ca-cb.ca::00305__row330,No he's a very caring and generous man,1.0,content_diversity,That's what all his supporters say.,That matches my experience with him.,"if 'caring and generous' means 'vicious and stingy', then yes.",I agree!,He's been like that as long as I've known anything about him.,-0.002,0.983,-0.107,-0.668,-0.342,20.604666,0.894172,0.338877,6.982455,0.303015,79.838488,3.222912,0.000000,27.055458,1.092172
test.ca-cb.ca::00305,test.ca-cb.ca::00305__row331,No he's a very caring and generous man,0.0,content_diversity,Wow...do you have to drag politics into everything?,It's sad that perceptions are based just on a few commercials and news stories.,That's because it's true!,Why should I care about this? He's just like all the others.,I don't know enough either way to make a judgement.,-0.007,0.983,-0.132,-0.692,-0.167,20.364935,0.566316,0.414882,8.449048,0.234954,80.355241,0.539681,0.000000,33.337955,0.223904
test.ca-cb.ca::00306,test.ca-cb.ca::00306__row332,Eat more ice cream  because he says so,1.0,content_diversity,I don't listen to anything that HE says!,I will eat more ice cream than you to gain his favor.,"I'm lactose intolerant, actually","What is this ""ice cream"" you speak of?",I made ice cream at home once and it was really tasty! (^_^),-0.015,0.968,-0.076,-0.657,-0.248,1.256518,0.357313,0.448709,0.563812,0.160330,84.726451,0.964812,0.000000,38.017556,0.432920
test.ca-cb.ca::00306,test.ca-cb.ca::00306__row333,Eat more ice cream  because he says so,0.0,content_diversity,My ability to eat ice cream is superior to yours.,He does not have to tell me to eat more ice cream!,I was going to eat more anyway.,More ice cream will bring me closer to him.,What else does he say? Tell me more.,-0.067,0.910,-0.215,-0.790,-0.382,5.677513,0.157250,0.482569,2.739795,0.075884,27.163675,0.627423,0.000000,13.108361,0.302775
test.ca-cb.ca::00307,test.ca-cb.ca::00307__row334,This beats my long house I had for my dogs,1.0,content_diversity,I agree it does,No it doesn't,I don't care what you think about the long house,"Yeah, whatever you think",I agree but it still could be better.,-0.040,0.935,-0.104,-0.690,-0.306,20.393379,1.061557,0.349323,7.123876,0.370826,52.594524,0.837938,0.000000,18.372477,0.292711
test.ca-cb.ca::00307,test.ca-cb.ca::00307__row335,This beats my long house I had for my dogs,0.0,content_diversity,"Yeah, it is better now it won't be for long","Honestly, it is better now but you still need to change it","Correct, the long house last year was horrible",Of course since the long house last year feel apart,I agree but can't you still change the long house,-0.107,0.826,-0.199,-0.827,-0.290,58.975286,1.178480,0.370012,21.821556,0.436051,30.603173,0.747638,0.000000,11.323538,0.276635
test.ca-cb.ca::00308,test.ca-cb.ca::00308__row336,I was her personal taxi driver for 3 months,1.0,content_diversity,"yep, I was her ride","What, are you lazy or something?",Don't you drive?,Were you injured?,Sounds like fun??,-0.016,0.980,-0.069,-0.590,-0.220,11.417396,0.565268,0.240480,2.745656,0.135936,25.072869,1.505019,0.000000,6.029525,0.361927
test.ca-cb.ca::00308,test.ca-cb.ca::00308__row337,I was her personal taxi driver for 3 months,0.0,content_diversity,What happened?,Are you okay?,Did you finally have surgery?,Were you incapacitated?,"Ouch, what did you do?",-0.031,0.967,-0.331,-0.696,-0.386,20.661533,0.984691,0.261783,5.408838,0.257775,44.761462,1.271223,0.000000,11.717790,0.332785
test.ca-cb.ca::00309,test.ca-cb.ca::00309__row338,5 is guys 6 is chicks what do you have for 5,1.0,content_diversity,That sounds like fun drinking game.,Sounds boring.,You're not making any sense right now.,What is 7 then? What about 8? or 9?,"I stopped the alcohol man, I'm sober.",0.000,0.994,-0.129,-0.621,-0.140,6.960970,0.546360,0.277683,1.932946,0.151715,84.502770,1.836222,0.000000,23.465014,0.509888
test.ca-cb.ca::00309,test.ca-cb.ca::00309__row339,5 is guys 6 is chicks what do you have for 5,0.0,content_diversity,Not interested.,Waste of my time.,That does not sound fun to me.,"No thanks, man.",Why even bother with that? That's so mundane.,0.000,1.000,-0.178,-0.641,-0.600,23.876211,1.824729,0.214039,5.110432,0.390563,80.232728,1.255671,0.000000,17.172904,0.268762
test.ca-cb.ca::00310,test.ca-cb.ca::00310__row340,Ferrari shirt you can see the disappointment in his eyes,1.0,content_diversity,How could you be upset with such an awesome shirt!,I totally hear you on that one!,I'm not following you here on what you mean,Are you referring to the last race?,Maybe he's just tired!,-0.023,0.973,-0.016,-0.603,-0.138,33.225718,0.753774,0.370032,12.294592,0.278921,37.111038,0.780249,0.000000,13.732286,0.288717
test.ca-cb.ca::00310,test.ca-cb.ca::00310__row341,Ferrari shirt you can see the disappointment in his eyes,0.0,content_diversity,"Yea, they're terrible now!",I agree! I bet his mom dressed him this morning!,Terrible team indeed!,Totally!  Did he even pay attention to their performance lately?,I could not agree more with you,-0.004,0.988,-0.032,-0.622,-0.168,45.194614,1.350861,0.294457,13.307869,0.397771,105.873728,1.323034,0.000000,31.175258,0.389577
test.ca-cb.ca::00311,test.ca-cb.ca::00311__row342,Only problem with the game the final boss is way too overpowered,1.0,content_diversity,I thought he was kinda weak really.,Yeah I died on him several times.,That is not the only problem with the game...,They should update the game and nerf him.,I thought the boss before him was hard.,-0.040,0.937,-0.220,-0.621,-0.210,15.793981,0.389268,0.439407,6.939980,0.171047,10.043047,0.526827,0.000000,4.412982,0.231491
test.ca-cb.ca::00311,test.ca-cb.ca::00311__row343,Only problem with the game the final boss is way too overpowered,0.0,content_diversity,You are right lets contact the devs and see if they can nerf him.,I wonder if they will update his damage in the future.,"Players are going to get stuck and quit, he needs to be nerfed.",The scalling is crazy for him his damage needs a nerf.,I hope they change him in the future is the next update.,-0.046,0.916,-0.334,-0.779,-0.343,34.167064,0.574188,0.406128,13.876199,0.233194,63.022741,1.118749,0.000000,25.595295,0.454355
test.ca-cb.ca::00312,test.ca-cb.ca::00312__row344,Anyone whos had a bad comic published it could be your turn,1.0,content_diversity,That's so subjective!,"I agree with you, nothing's original anymore.","Yeah, whatever. I don't like comics anyways.",My turn!,"Hey, bad comics are making millions these days.",-0.006,0.985,-0.136,-0.646,-0.258,20.297489,1.151813,0.266148,5.402126,0.306552,49.250607,2.737703,0.000000,13.107926,0.728633
test.ca-cb.ca::00312,test.ca-cb.ca::00312__row345,Anyone whos had a bad comic published it could be your turn,0.0,content_diversity,"That's true, look at the blockbusters.",It's what the people like.,At least they're making something worth watching.,Sometimes bad comics make the best movies.,I'd do it if I could make a ton of money.,-0.012,0.983,-0.236,-0.710,-0.282,20.461826,0.525248,0.355984,7.284079,0.186980,32.705863,1.086812,0.000000,11.642758,0.386887
test.ca-cb.ca::00313,test.ca-cb.ca::00313__row346,Think they said his forward progress was stopped bs call,1.0,content_diversity,That's not what the call was,"Well, it's only your opinion",There are always excuses for your team,The refs are just plain bad,I wonder if Vegas is on this,-0.006,0.987,-0.093,-0.604,-0.137,17.194528,0.446724,0.362413,6.231527,0.161899,36.958744,1.256351,0.000000,13.394343,0.455318
test.ca-cb.ca::00313,test.ca-cb.ca::00313__row347,Think they said his forward progress was stopped bs call,0.0,content_diversity,I believe the call was something else,"No, they called offsides",I think you are wrong about the call,"No, they called something else",You misunderstood the call,-0.079,0.874,-0.244,-0.820,-0.516,38.332028,1.194826,0.442066,16.945283,0.528192,10.924826,0.718132,0.000000,4.829493,0.317462
test.ca-cb.ca::00314,test.ca-cb.ca::00314__row348,Is there a sub or site specifically for dancing,1.0,content_diversity,"No, on the entire internet there isn't a single place to talk about dancing.",Have you ever heard about Google?,I think my favorite is probably r/dance,What sort of dancing are you looking for?,"Do you want to watch dance videos, or do you want to learn to dance?",-0.016,0.950,-0.118,-0.794,-0.296,26.464497,0.843002,0.439547,11.632377,0.370539,63.070636,1.111833,0.000000,27.722478,0.488702
test.ca-cb.ca::00314,test.ca-cb.ca::00314__row349,Is there a sub or site specifically for dancing,0.0,content_diversity,"You know, you could try searching Google before you asked here.",Why don't you try looking at the top search results online?,You should try looking it up like everybody else here did.,Learn to use the internet and search for yourself.,Why are you asking us when you have access to the internet?,-0.036,0.944,-0.197,-0.860,-0.453,50.720867,0.907513,0.430118,21.815982,0.390338,43.572028,0.698327,0.000000,18.741134,0.300363
test.ca-cb.ca::00315,test.ca-cb.ca::00315__row350,He is just enjoying himself which is great to see,1.0,content_diversity,He is enjoying himself too much,he must be fun to hang out with,nice to hear,I couldn't care less.,I wish I can enjoy myself too,-0.013,0.971,-0.051,-0.672,-0.435,16.434973,1.045492,0.369655,6.075268,0.386471,17.315795,1.613413,0.000000,6.400868,0.596406
test.ca-cb.ca::00315,test.ca-cb.ca::00315__row351,He is just enjoying himself which is great to see,0.0,content_diversity,I would like to go out with him,I want to spend time with him,I wouldn't mind spending time with him,I want to hang out with him,I want to be his friend,-0.161,0.811,-0.630,-0.854,-0.662,27.230651,0.839357,0.469823,12.793577,0.394349,15.867805,0.621949,0.000000,7.455055,0.292206
test.ca-cb.ca::00316,test.ca-cb.ca::00316__row352,Well the computers at my schools are potatoes so I can't,1.0,content_diversity,That's why I bring my own.,That sucks :(,Tax dollars hard at work.,I don't even think we had computers when I was your age.,This is why we need to fund education more.,-0.009,0.977,-0.103,-0.649,-0.086,28.905496,1.307110,0.293160,8.473922,0.383192,31.833884,1.859858,0.000000,9.332407,0.545235
test.ca-cb.ca::00316,test.ca-cb.ca::00316__row353,Well the computers at my schools are potatoes so I can't,0.0,content_diversity,I can sympathize.,That must be frustrating.,Aww I feel for you.,I know the feeling.,Brings back memories for me.,-0.019,0.971,-0.205,-0.717,-0.391,26.582558,1.492875,0.257908,6.855864,0.385025,31.885799,1.168801,0.000000,8.223614,0.301443
test.ca-cb.ca::00317,test.ca-cb.ca::00317__row354,Pink sucks we all know that purple is the best,1.0,content_diversity,You're damn right,I bet you only think that because girls wear pink,Purple is a lame color,"We don't all know that, people have different opinions",I like them both a lot!,-0.006,0.988,-0.002,-0.587,-0.177,15.113564,0.237133,0.397249,6.003841,0.094201,28.547787,1.651510,0.000000,11.340566,0.656060
test.ca-cb.ca::00317,test.ca-cb.ca::00317__row355,Pink sucks we all know that purple is the best,0.0,content_diversity,Purple sucks the most,I hate purple,Purple is ugly,Purple is the worst color,Fuck purple,-0.040,0.925,-0.289,-0.947,-0.810,29.173041,1.718850,0.298414,8.705634,0.512928,17.739092,1.297529,0.000000,5.293588,0.387200
test.ca-cb.ca::00318,test.ca-cb.ca::00318__row356,But in his boxers is his cum already,1.0,content_diversity,he is too old for nocturnal emmissions,was there a lot of porn?,he must masturbate a lot,he is saving it for later,"well, if the doctor needs a stool, urine, and semen sample, he can just send his boxers.",-0.042,0.950,-0.098,-0.612,-0.172,-31.007742,0.279843,0.348379,-10.802434,0.097491,178.298569,1.357699,0.000000,62.115408,0.472993
test.ca-cb.ca::00318,test.ca-cb.ca::00318__row357,But in his boxers is his cum already,0.0,content_diversity,he is too old for nocturnal emissions,was there a lot of porn?,he must masturbate a lot,he is saving it for later,boys will be boys,-0.032,0.933,-0.094,-0.582,-0.210,15.208090,0.550565,0.346519,5.269885,0.190781,49.627731,1.669619,0.000000,17.196929,0.578554
test.ca-cb.ca::00319,test.ca-cb.ca::00319__row358,And wed still win more games than the lions,1.0,content_diversity,Are you sure about that? Look at the stats.,You know it! Our team has done so good this year!,Who cares? All that matters is the team who wins the championship.,"Doesn't matter to me, sports aren't my thing.",You are wrong! The lions have an amazing team this year.,-0.012,0.976,-0.206,-0.772,-0.219,33.879417,0.637470,0.447798,15.171123,0.285457,37.470783,0.790385,0.000000,16.779328,0.353933
test.ca-cb.ca::00319,test.ca-cb.ca::00319__row359,And wed still win more games than the lions,0.0,content_diversity,"I believe it, we've been on a winning streak this year.","Correct, as long as our key players keep it up.",I agree. They've trained hard this season.,Absolutely. Keep up the good work team!,Yes! We WILL make it to the Superbowl this year.,-0.019,0.959,-0.283,-0.736,-0.568,23.918092,0.628737,0.398331,9.527329,0.250446,51.590452,1.012646,0.000000,20.550101,0.403369
test.ca-cb.ca::00320,test.ca-cb.ca::00320__row360,The same amount of hairs maybe not the same amount of hair,1.0,content_diversity,"Well, which is it?",How many hairs?,I would have to agree.,Can you make up your mind?,I don't think it was the same amount at all.,-0.003,0.993,-0.072,-0.665,-0.329,16.873304,1.101510,0.361565,6.100801,0.398268,32.906145,0.866324,0.000000,11.897720,0.313233
test.ca-cb.ca::00320,test.ca-cb.ca::00320__row361,The same amount of hairs maybe not the same amount of hair,0.0,content_diversity,Make up your mind.,Figure it out.,Be more clear.,What are you saying?,That doesn't help at all.,0.000,1.000,-0.183,-0.699,-0.322,14.811680,1.160611,0.289912,4.294081,0.336475,20.532310,1.101289,0.000000,5.952559,0.319277
test.ca-cb.ca::00321,test.ca-cb.ca::00321__row362,God damnit west ham I was counting on you,1.0,content_diversity,Way to go westham.,I know they could do it.,That is the way to get it done.,Way to show them.,I am so proud of my hometeam.,-0.030,0.957,-0.278,-0.707,-0.406,29.368945,1.465121,0.268452,7.884164,0.393315,45.101913,0.836363,0.000000,12.107716,0.224524
test.ca-cb.ca::00321,test.ca-cb.ca::00321__row363,God damnit west ham I was counting on you,0.0,content_diversity,Way to lose my support.,You let me down.,What a letdown west ham is.,I was disappointed with their performance.,"I was hoping for result from west ham, now i feel so let down.",-0.014,0.965,-0.250,-0.715,-0.578,5.223703,0.718080,0.330489,1.726374,0.237317,88.866822,2.088898,0.000000,29.369473,0.690357
test.ca-cb.ca::00322,test.ca-cb.ca::00322__row364,Et  used to have nightmares about it as a kid,1.0,content_diversity,How do you know what aliens think?,ET isn't even real.,"You need to be committed, asap!",I did too.,Who told you that?,-0.004,0.992,-0.092,-0.585,-0.155,33.174050,1.496998,0.227843,7.558468,0.341080,59.775160,1.802082,0.000000,13.619338,0.410591
test.ca-cb.ca::00322,test.ca-cb.ca::00322__row365,Et  used to have nightmares about it as a kid,0.0,content_diversity,ET is a fictional character.,"It was just a movie, not a documentary or reality.",Aliens don't exist.,Fake creatures don't dream.,"A film producer made ET up, nevertheless, it was a good film.",-0.020,0.959,-0.186,-0.632,-0.262,14.852118,1.057025,0.296100,4.397711,0.312985,112.124021,1.737475,0.000000,33.199915,0.514466
test.ca-cb.ca::00323,test.ca-cb.ca::00323__row366,I always heard doggy was the best position for that,1.0,content_diversity,"That was your mom said, too","Um, no, totally not true.",Best position for what?,"I agree, completely!",I'll have to try that.,0.000,1.000,-0.027,-0.632,-0.222,20.673095,0.914233,0.278278,5.752867,0.254411,55.751961,1.890031,0.000000,15.514541,0.525954
test.ca-cb.ca::00323,test.ca-cb.ca::00323__row367,I always heard doggy was the best position for that,0.0,content_diversity,That totally true.,"That is what I have heard, too.","Yes, that worked for us.",I couldn't agree more,"Came here to say this, you are totally right.",-0.012,0.979,-0.080,-0.687,-0.538,10.026935,0.851945,0.309326,3.101592,0.263529,63.111694,1.536739,0.000000,19.522087,0.475353
test.ca-cb.ca::00324,test.ca-cb.ca::00324__row368,So what did I miss in the first 20 minutes,1.0,content_diversity,Pretty much everything.,"Nothing, really.",You won't believe what happened!,Why do you even care?,What were you doing that was more important than this?,-0.003,0.992,-0.054,-0.638,-0.259,18.953532,1.137457,0.369683,7.006794,0.420498,36.714578,0.734711,0.000000,13.572746,0.271610
test.ca-cb.ca::00324,test.ca-cb.ca::00324__row369,So what did I miss in the first 20 minutes,0.0,content_diversity,Not much.,It was pretty dull.,"Blah, you didn't miss anything.",Not anything that important.,"Very little, it was uneventful.",-0.016,0.970,-0.234,-0.707,-0.554,28.960210,1.274457,0.281615,8.155627,0.358906,38.965809,0.754739,0.000000,10.973353,0.212546
test.ca-cb.ca::00325,test.ca-cb.ca::00325__row370,In that case gravity it's still only a theory isn't it,1.0,content_diversity,Nobody ever said it wasn't,It's better than having nothing to go on.,I think you have the wrong impression of this.,Theories are just facts that haven't been proven yet.,I didn't even recognize this.,-0.006,0.989,-0.067,-0.611,-0.259,15.572098,0.138338,0.439264,6.840268,0.060767,32.358759,1.310278,0.000000,14.214050,0.575558
test.ca-cb.ca::00325,test.ca-cb.ca::00325__row371,In that case gravity it's still only a theory isn't it,0.0,content_diversity,It's the only explanation we got.,There aren't any other theories to lean on.,I guess it is better than nothing.,Something is always better.,I haven't heard any other explanation.,-0.023,0.954,-0.213,-0.740,-0.434,29.094913,0.912852,0.394120,11.466882,0.359773,31.696465,1.092599,0.000000,12.492206,0.430615
test.ca-cb.ca::00326,test.ca-cb.ca::00326__row372,You're in highschool where thats still something you can feel proud of,1.0,content_diversity,Highschool isn't that big of a deal,"Yea, being in highschool is something to be proud of",I am in college so this isn't relevent to me,"I disagree, college is someything to be more proud of",I never went to highschool so I wouldn't know.,-0.049,0.921,-0.182,-0.778,-0.381,36.839734,0.793030,0.477158,17.578387,0.378401,61.457020,0.955106,0.000000,29.324730,0.455737
test.ca-cb.ca::00326,test.ca-cb.ca::00326__row373,You're in highschool where thats still something you can feel proud of,0.0,content_diversity,Anyone can get into highschool,Highschool isn't that important,Don't see what is special about highschool,Highschool is overrated,Too much focus on highschool when it means so little.,-0.019,0.972,-0.232,-0.914,-0.522,12.272943,0.705344,0.431832,5.299853,0.304590,88.293294,1.159930,0.000000,38.127893,0.500895
test.ca-cb.ca::00327,test.ca-cb.ca::00327__row374,Ii didnt know they could bend like that,1.0,content_diversity,"They're gymnasts, of course they can bend.",Anything can bend if it gets hot enough.,They can only bend so many times before they fail.,"I know, I thought they would break first.","What did you expect, for them to stay straight indefinitely?",-0.024,0.962,-0.083,-0.739,-0.354,14.588731,0.396235,0.485194,7.078365,0.192251,17.279893,0.513398,0.000000,8.384101,0.249098
test.ca-cb.ca::00327,test.ca-cb.ca::00327__row375,Ii didnt know they could bend like that,0.0,content_diversity,"I agree, I thought they would crack.","You've got a good point, I totally thought they'd snap in half.",I expect them to break too.,"If you'd asked me, I would have thought they'd break too.","Yeah, I was surprised they could bend without breaking.",-0.052,0.937,-0.309,-0.931,-0.496,43.711108,1.058363,0.427427,18.683313,0.452373,44.739341,0.988471,0.000000,19.122808,0.422499
test.ca-cb.ca::00328,test.ca-cb.ca::00328__row376,At least you wake up every day thats always a good thing,1.0,content_diversity,"Yay me, I guess.",I prefer to wake up every other day.,Now if I could just sleep every day.,Is it though?,"Not me, I'm currently in a coma.",-0.018,0.967,-0.167,-0.696,-0.241,6.649572,0.292635,0.293771,1.953450,0.085968,24.768948,2.411576,0.000000,7.276394,0.708451
test.ca-cb.ca::00328,test.ca-cb.ca::00328__row377,At least you wake up every day thats always a good thing,0.0,content_diversity,I don't get enough sleep,I'm wish I could afford to sleep in.,"My schedule is so messed up, I'm lucky to get a nap in before heading back to work.",It seems like my newborn knows the exact second I decide to close my eyes.,I swear my neighbors upstairs are running a gym every night around bedtime.,-0.032,0.956,-0.180,-0.704,-0.323,18.460954,0.355279,0.435012,8.030733,0.154550,123.310802,0.995251,0.000000,53.641652,0.432946
test.ca-cb.ca::00329,test.ca-cb.ca::00329__row378,Looks like it was none of your business     I'm sorry,1.0,content_diversity,Looks like I just made it my business.,I was there when it happened so that makes it my business.,Maybe it wasn't any of my business. I'm sorry also.,"No, I guess it wasn't my business.",I'm sorry also that you see it that way.,-0.102,0.872,-0.295,-0.852,-0.338,25.847245,0.530784,0.492460,12.728734,0.261390,30.417881,0.520938,0.000000,14.979589,0.256541
test.ca-cb.ca::00329,test.ca-cb.ca::00329__row379,Looks like it was none of your business     I'm sorry,0.0,content_diversity,"I would argue, but I saw it happen.",It was all clear to me what I saw.,You must have been mistaken when you said it wasn't my business.,Were you there to know if it was my business? I was there.,I saw it all with my own two eyes.,-0.061,0.915,-0.219,-0.755,-0.342,41.249918,0.767791,0.419190,17.291573,0.321851,57.583824,1.402669,0.000000,24.138591,0.587985
test.ca-cb.ca::00330,test.ca-cb.ca::00330__row380,Scottish  pretty much anything  totally not biased at all because I'm scottish,1.0,content_diversity,Scottish is so biased.,Scottish is unfair.,Look at how biased they are.,They are so biased that they took away the meaning of the word fair in the dictionary.,There is nothing fair about scottish.,-0.046,0.926,-0.373,-0.842,-0.494,42.939890,1.315186,0.375629,16.129470,0.494022,86.848091,0.635688,0.000000,32.622666,0.238783
test.ca-cb.ca::00330,test.ca-cb.ca::00330__row381,Scottish  pretty much anything  totally not biased at all because I'm scottish,0.0,content_diversity,They are so biased.,That is just really biased.,Why is Scottish so biased.,Scottish is biased in a way you have not seen before.,Scottish is the epitome of biases.,-0.062,0.927,-0.452,-0.907,-0.606,26.247131,0.861071,0.355664,9.335169,0.306252,42.843707,0.659825,0.000000,15.237980,0.234676
test.ca-cb.ca::00331,test.ca-cb.ca::00331__row382,Sorry I thought it was a pretty good approach,1.0,content_diversity,"It was, until it wasn't!","You're fine, you're idea is actually excellent.",We never criticized you,What do you mean?,"Your approach isn't bad, but we need to look at this in a different way",-0.005,0.994,0.012,-0.633,-0.259,3.280945,0.670233,0.367269,1.204990,0.246156,72.946497,1.533046,0.000000,26.791001,0.563041
test.ca-cb.ca::00331,test.ca-cb.ca::00331__row383,Sorry I thought it was a pretty good approach,0.0,content_diversity,"The idea has a basis, and we can expand upon that",From more perspectives we'll be able to take what works from it,"Some works, some isn't quite enough",In a sense there is plenty we can use from it,I know; you'll see from our collaboration which aspects succeed,-0.017,0.967,-0.085,-0.816,-0.533,31.334337,0.945497,0.325540,10.200567,0.307797,81.897650,1.050757,0.000000,26.660926,0.342063
test.ca-cb.ca::00332,test.ca-cb.ca::00332__row384,Tell you what is a bit more common here in texas,1.0,content_diversity,The hot weather here is something to talk about,I enjoy the Live music concerts,I love how it gets cold at night,I enjoy watching the midnight skies,"Texas is not a place to live in, its too boring",-0.024,0.964,-0.152,-0.673,-0.219,17.728422,0.721132,0.376169,6.668876,0.271267,44.718334,0.947647,0.000000,16.821635,0.356475
test.ca-cb.ca::00332,test.ca-cb.ca::00332__row385,Tell you what is a bit more common here in texas,0.0,content_diversity,I like the like the live bands a,ve,ba,nds a,ve,-0.024,0.913,-0.295,-0.695,-0.360,18.835944,9.875292,0.005619,0.105846,0.055493,107.359324,7.182796,0.000000,0.603288,0.040363
test.ca-cb.ca::00332,test.ca-cb.ca::00332__row386,Tell you what is a bit more common here in texas,1.0,content_diversity,What's a bit more common?,I don't think it is.,It's more common in California!,I bet you will tell us ;),"You're right, it is more common",-0.035,0.940,-0.141,-0.717,-0.307,28.150407,1.067928,0.351585,9.897274,0.375468,53.304780,2.243171,0.000000,18.741186,0.788666
test.ca-cb.ca::00332,test.ca-cb.ca::00332__row387,Tell you what is a bit more common here in texas,0.0,content_diversity,"Ok, tell us already!",Are you going to tell us what's more common?,"I'm lost, what's more common in texas?",Can you way what is a bit more common?,I'd like you to say what's a bit more common in texas please!,-0.067,0.878,-0.228,-0.835,-0.400,22.714292,0.809379,0.366611,8.327319,0.296728,45.522902,1.727515,0.000000,16.689215,0.633327
test.ca-cb.ca::00333,test.ca-cb.ca::00333__row388,I have no idea what I'm reading but I am hype,1.0,content_diversity,"Oh hell yeah, all aboard the hype train!",Honestly it's not that complicated.,"I understood it, I just think it's BS.","Thank God, I thought I was the only one who didn't get it.","Yeah, can anyone explain this like we're five?",-0.011,0.976,-0.103,-0.693,-0.213,16.497513,0.428525,0.411075,6.781711,0.176156,34.110630,1.139677,0.000000,14.022019,0.468492
test.ca-cb.ca::00333,test.ca-cb.ca::00333__row389,I have no idea what I'm reading but I am hype,0.0,content_diversity,Really? It makes perfect sense to me.,"I understood it just fine, not sure what your problem is.",I don't understand what part you're not getting.,It's pretty simple if you think about it.,"Read it again, it's straightforward.",-0.014,0.974,-0.188,-0.785,-0.433,40.001166,0.843018,0.436050,17.442496,0.367598,27.824327,0.433946,0.000000,12.132789,0.189222
test.ca-cb.ca::00334,test.ca-cb.ca::00334__row390,Is it the most interesting room in the world,1.0,content_diversity,"""Interesting"" is such a vague and subjective descriptor that there is no way to answer this accurately.",I can't imagine anybody making a room more interesting than this.,"In the world? No. On the continent, maybe.","No, come to New Orleans and we'll show you the most interesting room in the world.",It's really amazing but I feel like to qualify as the most interesting room in the world it would have to be executed a little more smoothly.,-0.055,0.891,-0.138,-0.765,-0.302,-8.294830,0.390318,0.539331,-4.473660,0.210511,114.578855,0.596875,0.000000,61.795950,0.321913
test.ca-cb.ca::00334,test.ca-cb.ca::00334__row391,Is it the most interesting room in the world,0.0,content_diversity,"Maybe not in the world, but definitely for that area.","There are far more amazing sights in the world but for a rural area, that's amazing.","Maybe for that country, but I think there are more interesting sights in the world.","The whole world? No, but maybe the most amazing in that area.",Maybe the best on your continent but not the whole world.,-0.091,0.881,-0.280,-0.934,-0.545,53.078714,0.675268,0.452036,23.993468,0.305245,63.403225,0.675606,0.000000,28.660515,0.305398
test.ca-cb.ca::00335,test.ca-cb.ca::00335__row392,I smile back ya you want to actually get something to eat,1.0,content_diversity,"Grinning, I suggest we drive to Chick fil a...","No thanks, I'm really not hungry.","I don't, and stop trying to change the subject.","Yeah, I actually do.","Sure, why not?",-0.011,0.981,-0.059,-0.616,-0.207,30.210970,0.990705,0.340606,10.290026,0.337440,126.011826,1.887157,0.000000,42.920338,0.642776
test.ca-cb.ca::00335,test.ca-cb.ca::00335__row393,I smile back ya you want to actually get something to eat,0.0,content_diversity,"I roll my eyes, I guess I could go for some chicken","Still smiling, I say nothing but just wink at you","Raising my eyebrows a few times, I point to the KFC down the road",I start laughing yeah sounds good bro,"I say sure, I'm in the mood for a chicken sandwich",-0.042,0.948,-0.114,-0.705,-0.243,46.493371,0.847084,0.428052,19.901604,0.362597,54.052664,1.232239,0.000000,23.137378,0.527463
test.ca-cb.ca::00336,test.ca-cb.ca::00336__row394,Is there anywhere I can buy this I really want this,1.0,content_diversity,This product isn't available any longer.,Unfortunately there's no way to purchase this anymore.,"I wouldn't be able to tell you where to get one, they're hard to find these days.","I can't find one of these either and I've been looking everywhere, they must be sold out.",I've called around and they are unavailable at most stores.,-0.013,0.966,-0.226,-0.782,-0.542,35.404559,0.443340,0.518142,18.344595,0.229713,75.352309,0.679374,0.000000,39.043207,0.352013
test.ca-cb.ca::00336,test.ca-cb.ca::00336__row395,Is there anywhere I can buy this I really want this,0.0,content_diversity,I found them on Ebay!,I was able to find this product on an auction site but it wasn't cheap.,I've heard you can find them online but they're rare and they are priced accordingly.,"Try looking online, I've had some friends who had some luck.","I found one for you, send me a message and I can forward you the link.",-0.026,0.948,-0.287,-0.754,-0.369,43.792799,0.683274,0.429214,18.796474,0.293271,69.798854,0.998018,0.000000,29.958631,0.428363
test.ca-cb.ca::00337,test.ca-cb.ca::00337__row396,I thought the boyfriend was 20 for a second oo,1.0,content_diversity,How old was he? I cant remember.,"You know, I thought the exact same thing.",Is he not? At least that is what he told me.,He is actually 26. I saw his driver's license.,Why would you believe that? He is in highschool.,-0.018,0.968,-0.191,-0.704,-0.182,23.774626,0.568813,0.413936,9.841177,0.235452,33.729868,0.518220,0.000000,13.962012,0.214510
test.ca-cb.ca::00337,test.ca-cb.ca::00337__row397,I thought the boyfriend was 20 for a second oo,0.0,content_diversity,Do you remember how old he was?,I can recall his actual age. Do you know?,I forgot what his age was.,Do you know his real age?,Did you ever find out his real age? I cant recall it.,-0.073,0.900,-0.446,-0.927,-0.606,35.342069,1.369393,0.394210,13.932190,0.539828,61.205222,0.889513,0.000000,24.127700,0.350655
test.ca-cb.ca::00338,test.ca-cb.ca::00338__row398,Yes but has your shower ever won an argument mine usually loses,1.0,content_diversity,My shower is undefeated in arguments.,Who argues with their shower?,I don't like arguing with my shower because my toilet will jump in too.,You are right.  My shower is terrible at arguing.,How often do you argue with your shower?,-0.036,0.935,-0.302,-0.959,-0.598,51.201878,1.000823,0.457375,23.418449,0.457751,69.764254,0.859054,0.000000,31.908412,0.392910
test.ca-cb.ca::00338,test.ca-cb.ca::00338__row399,Yes but has your shower ever won an argument mine usually loses,0.0,content_diversity,I don't think my shower will ever win a debate with me.,Showers definitely do not excel at arguing.,I don't think I have witnessed a shower winning a debate.,I don't think my shower could make it on a debate team.,You have a point.  Showers don't possess the best skills to argue.,-0.088,0.863,-0.323,-0.954,-0.652,10.222171,0.321679,0.478306,4.889329,0.153861,97.247912,1.200541,0.000000,46.514289,0.574226
test.ca-cb.ca::00339,test.ca-cb.ca::00339__row400,I was really hoping he would sober up for metallica,1.0,content_diversity,As if that is going to happen.,Guess hope never dies.,It might be time to give up on that particular hope.,Metallica is always better not sober.,Sober is for losers.,-0.019,0.969,-0.114,-0.651,-0.203,27.694544,0.568472,0.304591,8.435498,0.173151,33.254730,1.263667,0.000000,10.129078,0.384901
test.ca-cb.ca::00339,test.ca-cb.ca::00339__row401,I was really hoping he would sober up for metallica,0.0,content_diversity,Can you explain why anyone would sober up for Metallica?,Metallica for the WIN!,"Metallica sober, really?",What gives you the idea Metallica is going to be the thing that he will be sober for?,"Yeah, He wants to ruin a perfect time by being sober, get over yourself.",-0.025,0.959,-0.127,-0.856,-0.497,-7.541011,0.533318,0.368961,-2.782336,0.196773,136.584813,1.378301,0.000000,50.394414,0.508539
test.ca-cb.ca::00350,test.ca-cb.ca::00350__row402,A cat and a stack of books you're my kind of person,1.0,content_diversity,Why thank you!,Are you a big fan of cats and books?,No better kind of person!,"I do love to read, how about you?","Yeah, I don't care what you think.",-0.008,0.981,-0.063,-0.644,-0.225,11.390783,0.628243,0.390465,4.447707,0.245307,44.180566,0.762799,0.000000,17.250985,0.297847
test.ca-cb.ca::00350,test.ca-cb.ca::00350__row403,A cat and a stack of books you're my kind of person,0.0,content_diversity,That is very kind of you!,Oh? Who doesn't love books and cats!,"Thanks, more of us around than you may realize!",I appreciate that comment!,"Thanks, right back at you!",-0.009,0.981,0.026,-0.729,-0.423,40.028997,0.978388,0.374106,14.975088,0.366021,67.412715,0.994764,0.000000,25.219501,0.372147
test.ca-cb.ca::00351,test.ca-cb.ca::00351__row404,I really hope you guys make your goal,1.0,content_diversity,I couldn't care less what the outcome is.,I hope you fail miserably.,I'm going to pray that you don't reach that goal.,Is there anything less important?,I have better things to worry about.,-0.017,0.966,-0.147,-0.727,-0.389,24.854629,0.638933,0.429343,10.671166,0.274321,35.454318,0.858676,0.000000,15.222071,0.368667
test.ca-cb.ca::00351,test.ca-cb.ca::00351__row405,I really hope you guys make your goal,0.0,content_diversity,I don't care about this at all.,I have other problems more important.,So what if you do ?,No interest either way.,It makes no difference to me.,-0.003,0.993,-0.135,-0.668,-0.344,33.402030,1.475570,0.306555,10.239555,0.452343,35.582764,1.621403,0.000000,10.908070,0.497049
test.ca-cb.ca::00352,test.ca-cb.ca::00352__row406,Must you go now does your planet need you,1.0,content_diversity,"As a matter of fact, yes my plants need me right away.","Nope, they are all dead from neglect.",I have to stop by the pet store first. My plants eat flys and worms.,"Yes, I must go right away. My plants get lonely","Nope, I have a plant sitter",-0.030,0.947,-0.242,-0.834,-0.294,79.107804,1.499225,0.310312,24.548067,0.465227,74.610768,0.839471,0.000000,23.152585,0.260497
test.ca-cb.ca::00352,test.ca-cb.ca::00352__row407,Must you go now does your planet need you,0.0,content_diversity,I have to go feed my flesh eating plants,Did you know my plants eat flys and worms,My plants will die if they do not eat their body weight in meat everyday,I must hurry before the pet store closes. My plants need flys and worms.,My plant bit my finger the other day because it thougth it was a worm.,-0.038,0.940,-0.129,-0.893,-0.452,64.101075,1.143519,0.325107,20.839704,0.371766,91.255733,0.617251,0.000000,29.667872,0.200673
test.ca-cb.ca::00353,test.ca-cb.ca::00353__row408,Really depends on how deep the league is,1.0,content_diversity,"That's true, the dept of the league is important","No, depth of the league has nothing to do with it.",I think superstars are more important than league depth.,He says as if he understands how the league works...,Are we even watching the same league?,-0.048,0.936,-0.269,-0.878,-0.253,28.605753,0.432656,0.457767,13.094768,0.198056,44.565092,0.784033,0.000000,20.400425,0.358904
test.ca-cb.ca::00353,test.ca-cb.ca::00353__row409,Really depends on how deep the league is,0.0,content_diversity,False. League depth is meaningless.,You couldn't be more wrong,Are you serious? Depth has zero to do with it,"Come on' man, you know that is not right.","Epic fail, man, depth has nothing to do with it.",-0.035,0.914,-0.070,-0.766,-0.473,30.249819,0.807407,0.354035,10.709491,0.285850,67.975879,1.417332,0.000000,24.065833,0.501785
test.ca-cb.ca::00354,test.ca-cb.ca::00354__row410,If you're ready now I'm good to go,1.0,content_diversity,"Yeah, I'm ready now.","Nope, not ready.",I don't want to go.,Good to go and do what?,Are you sure you are ready?,-0.018,0.956,-0.241,-0.764,-0.274,18.260937,1.074254,0.328662,6.001685,0.353067,26.107692,1.215894,0.000000,8.580619,0.399619
test.ca-cb.ca::00354,test.ca-cb.ca::00354__row411,If you're ready now I'm good to go,0.0,content_diversity,"Cool, lets go.","Alright then, lets do this.",I'm ready too.,"Good, I can't wait.",Definitely ready.,-0.013,0.976,-0.318,-0.762,-0.605,19.278337,1.047422,0.249931,4.818247,0.261783,14.388942,0.791229,0.000000,3.596238,0.197752
test.ca-cb.ca::00355,test.ca-cb.ca::00355__row412,Worse comes to worst bad lt worse lt worst get it,1.0,content_diversity,Take all of my upvotes.,"I hear you man, life is tough sometimes.",I wish I knew what you were saying.,Can I have some of whatever you are on?,But can it get any worse than worst?,-0.021,0.968,-0.043,-0.622,-0.209,15.078378,0.393207,0.355086,5.354126,0.139622,28.050811,1.911168,0.000000,9.960459,0.678629
test.ca-cb.ca::00355,test.ca-cb.ca::00355__row413,Worse comes to worst bad lt worse lt worst get it,0.0,content_diversity,Can anyone translate this for me?,I think there's a profound message in there somewhere.,Reading this more than once will make my head explode.,What language is this?,Is your spell check not working?,-0.003,0.994,-0.083,-0.658,-0.283,27.639997,0.549415,0.443237,12.251067,0.243521,56.261529,0.968780,0.000000,24.937186,0.429399
test.ca-cb.ca::00356,test.ca-cb.ca::00356__row414,Low prices attract low income and low income typically means low class,1.0,content_diversity,this is rascist,there's no such thing as low class,low prices are great,low class is better than high class,move out,-0.022,0.945,-0.105,-0.656,-0.266,20.108894,-0.023859,0.274158,5.513019,-0.006541,15.867113,4.635551,0.000000,4.350100,1.270875
test.ca-cb.ca::00356,test.ca-cb.ca::00356__row415,Low prices attract low income and low income typically means low class,0.0,content_diversity,i would want to pay lower prices,the cheaper the better,low prices mean more money in your pocket,low costs make for more room to do other stuff,low cost means more people can enjoy it,-0.019,0.962,-0.165,-0.804,-0.666,29.267489,0.769174,0.378414,11.075223,0.291066,56.010215,1.206449,0.000000,21.195040,0.456537
test.ca-cb.ca::00357,test.ca-cb.ca::00357__row416,Find germany big brother season 6  it lasted almost a year,1.0,content_diversity,I didn't know Germany had Big Brother.,Who won that season of Big Brother?,Why did season 6 last so long?,Have you seen US Big Bother?,I don't like Big Brother.,-0.033,0.955,-0.182,-0.673,-0.231,25.392571,0.801110,0.418431,10.625029,0.335209,51.258934,1.971723,0.000000,21.448307,0.825029
test.ca-cb.ca::00357,test.ca-cb.ca::00357__row417,Find germany big brother season 6  it lasted almost a year,0.0,content_diversity,I don't like reality shows like that.,I don't like television shows like that.,I don't like that show.,I hate Big Brother!,I don't watch reality television.,-0.158,0.783,-0.592,-0.828,-0.564,31.057666,1.203178,0.364025,11.305758,0.437986,22.628810,1.686409,0.000000,8.237446,0.613894
test.ca-cb.ca::00358,test.ca-cb.ca::00358__row418,I entered my name the lets play button doesn't work,1.0,content_diversity,Did you try refreshing the page?,Maybe you don't know how to work a button :),Sucks to be you.,Are you sure you entered your name correctly?,It works fine for me.,-0.028,0.970,-0.117,-0.674,-0.141,24.292875,0.912878,0.424385,10.309537,0.387412,61.844416,1.649024,0.000000,26.245855,0.699822
test.ca-cb.ca::00358,test.ca-cb.ca::00358__row419,I entered my name the lets play button doesn't work,0.0,content_diversity,Double check your spelling.,Is the name right?,Look at the name again.,Maybe you forgot your user name.,Are you sure you can spell your name?,-0.037,0.939,-0.222,-0.822,-0.359,23.333039,1.082494,0.372562,8.693007,0.403296,25.386593,0.791819,0.000000,9.458084,0.295002
test.ca-cb.ca::00359,test.ca-cb.ca::00359__row420,He said 10 days per season so was going off that,1.0,content_diversity,i think that is too much,i do not think you can work that,how about we try and reduce that,hope you asked him for his reasons,make sure you give him your best shot.,-0.025,0.961,-0.204,-0.696,-0.212,23.825962,0.850716,0.392291,9.346722,0.333728,49.028667,0.906116,0.000000,19.233529,0.355462
test.ca-cb.ca::00359,test.ca-cb.ca::00359__row421,He said 10 days per season so was going off that,0.0,content_diversity,"well, i might just have to deal with that.",i will try and give it my best shot.,i will try and adjust my schedule most probably.,"if he thinks i can work with it, then no problem.","i really don't have a lot of options here, do i?",-0.050,0.929,-0.214,-0.752,-0.389,34.833059,0.769330,0.384035,13.377105,0.295449,46.798426,0.676475,0.000000,17.972221,0.259790
test.ca-cb.ca::00360,test.ca-cb.ca::00360__row422,Guess you and I are alone in a big city lol,1.0,content_diversity,"well, it depends on how you look at it","lool, i think you are alone on this",do you think i don't have anyone else here?,"i think so, but i will get used to it","it can be fun, if you want it to",-0.050,0.933,-0.096,-0.711,-0.336,31.986883,0.744627,0.405954,12.985205,0.302284,46.134716,1.278198,0.000000,18.728575,0.518890
test.ca-cb.ca::00360,test.ca-cb.ca::00360__row423,Guess you and I are alone in a big city lol,0.0,content_diversity,"well, you don't look like you do","what can i say, it sure looks that way",who is going to take you out apart from me?,"well, i am waiting for you to convince me","well, maybe i assumed wrongly",-0.029,0.960,-0.081,-0.698,-0.287,32.112681,0.665215,0.388468,12.474765,0.258415,36.806945,0.836985,0.000000,14.298338,0.325142
test.ca-cb.ca::00361,test.ca-cb.ca::00361__row424,Religion is rules and rhetoric faith is a relationship,1.0,content_diversity,"Agreed, religion is just a bunch of dogma.",I know I find faith in my relationship.,I'm not sure I follow exactly what you're saying here.,"I don't have any faith left in my relationship, religion or the world.",Careful what you say about religion.,-0.026,0.955,-0.252,-0.783,-0.197,30.244145,0.465789,0.457388,13.833317,0.213047,44.847402,0.500876,0.000000,20.512675,0.229095
test.ca-cb.ca::00361,test.ca-cb.ca::00361__row425,Religion is rules and rhetoric faith is a relationship,0.0,content_diversity,"Wait, what are you talking about?",Could you elaborate on that just a bit?,I don't get what you're talking about.,"I'm sorry, I don't know what that's supposed to mean.","Whatever you say, buddy.",-0.029,0.953,-0.089,-0.744,-0.380,28.322085,0.613702,0.427364,12.103832,0.262274,24.768294,0.945596,0.000000,10.585070,0.404113
test.ca-cb.ca::00362,test.ca-cb.ca::00362__row426,That I'm the only who sees static in dark places,1.0,content_diversity,You might be crazy.,That is pretty creepy man.,You are not the only one...,What kind of static?,Why are you in dark places?,-0.007,0.984,-0.069,-0.611,-0.283,21.251937,0.931281,0.366546,7.789822,0.341358,21.706627,0.930345,0.000000,7.956487,0.341014
test.ca-cb.ca::00362,test.ca-cb.ca::00362__row427,That I'm the only who sees static in dark places,0.0,content_diversity,I think that's insane.,Are you sure it is static?,You might need to see a doctor.,Are you sure you are alright?,"Sorry, but I think that's wacko.",-0.054,0.897,-0.148,-0.666,-0.314,7.510603,0.339792,0.388024,2.914292,0.131847,48.309430,1.113106,0.000000,18.745204,0.431912
test.ca-cb.ca::00363,test.ca-cb.ca::00363__row428,No walking shoes means no walks he made a huge mistake,1.0,content_diversity,You don't need walking shoes to walk.,What huge mistake would that be?,Is that supposed to be clever?,"No postage stamps means no posting, you made a huge mistake.",This guy knows what's up.,-0.014,0.970,-0.087,-0.586,-0.204,20.873642,0.422014,0.416344,8.690617,0.175703,62.187424,1.391508,0.000000,25.891364,0.579346
test.ca-cb.ca::00363,test.ca-cb.ca::00363__row429,No walking shoes means no walks he made a huge mistake,0.0,content_diversity,You realize you can walk without walking shoes.,Since when did someone need walking shoes to walk?,"I walked without shoes just last night, your post is a huge mistake.",Shoes aren't the reason he had no walks.,"So without running shoes, he couldn't have any runs?",-0.020,0.970,-0.248,-0.930,-0.593,31.613391,0.541570,0.448454,14.177153,0.242869,57.443898,0.819904,0.000000,25.760949,0.367689
test.ca-cb.ca::00364,test.ca-cb.ca::00364__row430,Were not all screaming queens some of us are just normal guys,1.0,content_diversity,Normal isn't good enough.,Nothing wrong with being a screaming queen.,Excuse me?,"I agree, I'm glad you said the truth.",And some of us are not guys at all.,0.000,1.000,-0.004,-0.640,-0.192,12.944070,1.010334,0.329656,4.267088,0.333063,52.723087,1.663297,0.000000,17.380474,0.548316
test.ca-cb.ca::00364,test.ca-cb.ca::00364__row431,Were not all screaming queens some of us are just normal guys,0.0,content_diversity,You are brave for saying this.,Thank you!,"Agreed, some of us are just ordinary.",You speak what most people are thinking.,Can't disagree with that at all.,-0.012,0.979,-0.104,-0.691,-0.319,23.176624,0.860714,0.326564,7.568663,0.281078,36.650375,1.230292,0.000000,11.968711,0.401770
test.ca-cb.ca::00365,test.ca-cb.ca::00365__row432,I'm a girl but it's all good either way,1.0,content_diversity,"well, if you say so then",you really look like a boy,one would have assumed wrongly though,can you show us a proff?,this is getting interesting.,-0.013,0.979,0.063,-0.610,-0.239,27.092327,0.843362,0.335171,9.080574,0.282671,51.283149,1.776972,0.000000,17.188647,0.595590
test.ca-cb.ca::00365,test.ca-cb.ca::00365__row433,I'm a girl but it's all good either way,0.0,content_diversity,i get that a lot from people.,"well, that is based on your assumptions",does that change the fact that i am a girl?,you must be kidding me,every girl once looked like a boy so i'm not surprised.,-0.020,0.970,-0.005,-0.640,-0.180,4.281133,0.446556,0.404988,1.733809,0.180850,85.825815,0.598115,0.000000,34.758465,0.242230
test.ca-cb.ca::00366,test.ca-cb.ca::00366__row434,To my husband hey I just changed the sheets ahhh romance,1.0,content_diversity,And we should all care about this for what reason?,"Too much information there mama, some things just need to stay private.",That won't change anything when you have a husband whose not interested anymore.,I am sure he will respect you in the morning now.,"Well, it a wifey's duty to change the sheets, mop the floors, do the dishes, and so on.",-0.009,0.978,-0.069,-0.645,-0.135,15.343740,0.321993,0.432085,6.629803,0.139128,85.142095,0.363736,0.000000,36.788637,0.157165
test.ca-cb.ca::00366,test.ca-cb.ca::00366__row435,To my husband hey I just changed the sheets ahhh romance,0.0,content_diversity,"Please, there are some people who don't need to know!",Truely don't think you need to advertise about it though!,Why do you feel it is necessary to tell the whole entire world about your sex life?,Try to keep this only between you and your partner for God's sake.,"Hide those raunchy sexual romance thoughts to yourself lady, no one is taking notes about it.",-0.039,0.951,-0.100,-0.716,-0.243,-7.080436,0.098550,0.409401,-2.898735,0.040346,179.291541,1.471599,0.000000,73.402068,0.602473
test.ca-cb.ca::00367,test.ca-cb.ca::00367__row436,I'm in the trade room already so I can trade now,1.0,content_diversity,What are you going to trade?,There are no good trades to do now,Wait for me,I don't have anything to trade with you,What do you have to trade,-0.045,0.928,-0.216,-0.807,-0.377,25.867899,1.334907,0.395576,10.232709,0.528057,45.175868,1.752899,0.000000,17.870469,0.693404
test.ca-cb.ca::00367,test.ca-cb.ca::00367__row437,I'm in the trade room already so I can trade now,0.0,content_diversity,What is in your inventory,What are your top trades,Anything your wanting to get rid of?,What is there to trade,Trading what?,-0.035,0.939,-0.090,-0.805,-0.378,28.669332,0.652411,0.329577,9.448750,0.215020,39.846706,2.137292,0.000000,13.132554,0.704402
test.ca-cb.ca::00368,test.ca-cb.ca::00368__row438,Thats it I was trying to think of the pineapple,1.0,content_diversity,Pineapples are really delicious.,I'd rather eat anything else than a pineapple.,"Whenever I think of a pineapple, I think of Spongebob.",Do pineapples grow on trees or bushes?,I can't believe you couldn't think of the pineapple.,-0.018,0.933,-0.114,-0.928,-0.542,37.003970,0.869241,0.498339,18.440516,0.433177,29.641545,0.320651,0.000000,14.771533,0.159793
test.ca-cb.ca::00368,test.ca-cb.ca::00368__row439,Thats it I was trying to think of the pineapple,0.0,content_diversity,"I love pineapple, it's my favorite food!",Nothing beats the taste of fresh pineapple.,"Pineapple is the best, it goes on everything.",The only thing better than pineapple is pineapple juice.,I wish I had a pineapple tree so I could eat them whenever I wanted.,-0.019,0.961,-0.253,-0.932,-0.608,32.468612,0.765348,0.517385,16.798775,0.395980,32.903676,0.588963,0.000000,17.023871,0.304721
test.ca-cb.ca::00369,test.ca-cb.ca::00369__row440,I would have also accepted wasn't jesus supposed to walk on water,1.0,content_diversity,"Eh, I'm not so sure about that answer","Oh yeah, that's a good one","Interesting, I was actually thinking that","Of course, darn that was on the tip of my tongue",Really? I should have known that :/,-0.021,0.974,-0.051,-0.706,-0.403,20.564868,0.490677,0.382418,7.864381,0.187644,52.003104,0.909729,0.000000,19.886936,0.347897
test.ca-cb.ca::00369,test.ca-cb.ca::00369__row441,I would have also accepted wasn't jesus supposed to walk on water,0.0,content_diversity,"oh yeah, I was considering going with that","Ah, I was thinking about going with that one too!",I thought about that but decided not to,I was thinking that too and was gonna choose it,Actually I had that one in my head too,-0.088,0.883,-0.318,-0.839,-0.477,34.883576,0.754288,0.434907,15.171110,0.328045,24.184699,0.440531,0.000000,10.518094,0.191590
test.ca-cb.ca::00370,test.ca-cb.ca::00370__row442,Feminists are known for their thick skin and awesome wit,1.0,content_diversity,Feminists are also known for being insufferable.,The world needs more feminists,"Their awesome wit consists of making the same, boring jokes.",They're also beautiful and caring and amazing.,"Yeah, okay, let's not pretend feminists are so perfect.",-0.008,0.979,-0.095,-0.718,-0.240,23.399319,0.502880,0.451145,10.556482,0.226872,81.673982,1.018078,0.000000,36.846794,0.459301
test.ca-cb.ca::00370,test.ca-cb.ca::00370__row443,Feminists are known for their thick skin and awesome wit,0.0,content_diversity,Feminism is such an important thing today.,Everybody should have women's rights as a priority.,Believing in equality is feminism.,Advocating for women is something everyone should do.,There's never enough feminists.,-0.012,0.981,-0.280,-0.846,-0.549,36.866517,0.781308,0.390999,14.414776,0.305491,24.613458,0.622536,0.000000,9.623840,0.243411
test.ca-cb.ca::00371,test.ca-cb.ca::00371__row444,Sorry guys  I tried looks like they closed the loop hole,1.0,content_diversity,"You could have let us know earlier or done more to fix this, sorry doesn't do enough.","Apologies accepted, we know you were trying to help.",Are you sure it's closed? I just got through.,I think that you're being dishonest about this to be honest.,Thanks for a whole lot of nothing OP.,-0.011,0.981,-0.053,-0.727,-0.282,24.131709,0.318588,0.404390,9.758627,0.128834,95.708037,0.937098,0.000000,38.703392,0.378953
test.ca-cb.ca::00371,test.ca-cb.ca::00371__row445,Sorry guys  I tried looks like they closed the loop hole,0.0,content_diversity,"I think OP is wrong, I just got through with no issue.","No issues here, maybe OP is having a problem on their end.",OP might not be right about this because I'm not having any issues getting through the loophole.,Are you sure it's closed? I just got through without any problem.,"Guys I think OP is wrong, loophole was working for me five seconds ago.",-0.071,0.881,-0.265,-0.869,-0.499,59.910105,0.840102,0.398331,23.864068,0.334639,105.940014,1.273880,0.000000,42.199219,0.507426
test.ca-cb.ca::00372,test.ca-cb.ca::00372__row446,It beats riding on the sidewalk when thats the only alternative,1.0,content_diversity,Yeah but your risk of injury goes up,But you could get hit by a car,Why dont you find a trail to ride on instead?,That is why I drive instead,I really wish more roads had bike lanes,-0.007,0.985,-0.157,-0.637,-0.235,24.652532,0.731776,0.416007,10.255628,0.304424,33.579491,0.776331,0.000000,13.969307,0.322959
test.ca-cb.ca::00372,test.ca-cb.ca::00372__row447,It beats riding on the sidewalk when thats the only alternative,0.0,content_diversity,You wont get killed by a truck on the sidewalk though?,It hurts a lot more to get hit by a car than to hit a pedestrian,I would rather ride the sidewalk than risk being hit by a vehicle,It doesnt beat it if you factor in the injury risk,"My friend but hit by a car when riding their bike, so I disagree.",-0.069,0.897,-0.264,-0.817,-0.322,-4.159856,-0.026262,0.454813,-1.891956,-0.011944,99.524666,1.493314,0.000000,45.265089,0.679178
test.ca-cb.ca::00373,test.ca-cb.ca::00373__row448,I always knew dr pepper was the drink of the gods,1.0,content_diversity,What is dr pepper?,I knew it too!,Who told you that dr pepper is the drink of the gods?,Coke is way better.,I don't care about dr pepper.,-0.028,0.945,-0.148,-0.668,-0.257,29.117570,1.220916,0.315635,9.190539,0.385365,25.856931,1.881992,0.000000,8.161365,0.594024
test.ca-cb.ca::00373,test.ca-cb.ca::00373__row449,I always knew dr pepper was the drink of the gods,0.0,content_diversity,Dr who?,I never heard of dr pepper before.,Is that really a type of drink?,Where can I find out more about dr pepper?,Where can I get some of that drink?,-0.037,0.922,-0.135,-0.745,-0.343,26.811882,0.813882,0.271230,7.272197,0.220750,14.512541,5.334083,0.000000,3.936242,1.446765
test.ca-cb.ca::00374,test.ca-cb.ca::00374__row450,Oh my god I am totally taking that link lol d,1.0,content_diversity,i think i should do the same,what exactly do you love about it?,you can try it out and give me a feed back,i sure love it too. lol,"go girl, you're one lucky chap",-0.016,0.968,-0.061,-0.686,-0.360,15.019731,0.385913,0.327144,4.913618,0.126249,56.314170,2.149169,0.000000,18.422853,0.703088
test.ca-cb.ca::00374,test.ca-cb.ca::00374__row451,Oh my god I am totally taking that link lol d,0.0,content_diversity,it feels really surreal,"you should try it out ntoo, its amazing",what do you want to know about it?,maybe we should check it out together,i like the fact that you can do so much with it...,-0.034,0.953,-0.138,-0.714,-0.339,18.874164,0.675810,0.384177,7.251016,0.259631,63.917116,1.390340,0.000000,24.555473,0.534136
test.ca-cb.ca::00375,test.ca-cb.ca::00375__row452,Til that harper is literally hitler to canadians,1.0,content_diversity,"Why would you say that, he just has a different few point then previous prime ministers.",I don't think calling him Hitler is very nice.,Did he murder jews? I don't believe so.,"That's a bit harsh, what makes you say that?","I totally agree, I can't believe he got elected.",-0.030,0.952,-0.154,-0.709,-0.259,18.306016,0.528606,0.456354,8.354021,0.241231,96.297296,0.632560,0.000000,43.945641,0.288671
test.ca-cb.ca::00375,test.ca-cb.ca::00375__row453,Til that harper is literally hitler to canadians,0.0,content_diversity,"That's not true, he is just trying to take Canadian in a different direction.","That's a bit much, especially since he was only trying to Americanize Canada.","He isn't that bad, he is just changing things to be more modernized.","Maybe, but he did make people see things in a different light.",Why does Canada need a prime minister anyway? I think that's what he was getting at.,-0.055,0.921,-0.254,-0.792,-0.333,26.950349,0.473569,0.487129,13.128284,0.230689,30.545681,0.288735,0.000000,14.879672,0.140651
test.ca-cb.ca::00376,test.ca-cb.ca::00376__row454,Is the name of the wind a good read by any chance,1.0,content_diversity,That is a terrible book,Name of the wind is boring,Reading is a complete waste of time,Who cares about reading,I would much rather watch TV,-0.021,0.963,-0.184,-0.684,-0.359,34.774239,1.288048,0.358154,12.454523,0.461319,13.625856,0.520693,0.000000,4.880151,0.186488
test.ca-cb.ca::00376,test.ca-cb.ca::00376__row455,Is the name of the wind a good read by any chance,0.0,content_diversity,"The book ""Name of the Wind"" is extremely boring book.",The book is not worth your time to read,"Name of the Wind"" has no redeeming value","The book ""Name of the Wind"" is terribly written","The book ""Name of the Wind"" is one of the worst books I've ever read.",-0.244,0.700,-0.400,-0.886,-0.580,50.454267,1.149825,0.448374,22.622382,0.515552,27.239696,0.889181,0.000000,12.213572,0.398686
test.ca-cb.ca::00377,test.ca-cb.ca::00377__row456,The heat would heat causes all sorts of bad for paint,1.0,content_diversity,You are correct.  Heat is definitely not good for paint.,"I always paint when it's hot, and I've never had any problems before.",How would you know what's good for paint?  Did you ask it?,"Your comment is very hard to understand, so I have no idea what you're saying.",Thanks for the information. I really appreciate it!,-0.018,0.969,-0.104,-0.715,-0.197,44.985620,0.677602,0.498640,22.431647,0.337880,50.127982,0.511275,0.000000,24.995837,0.254942
test.ca-cb.ca::00377,test.ca-cb.ca::00377__row457,The heat would heat causes all sorts of bad for paint,0.0,content_diversity,"I just painted near heat, and everything turned out fine.",The paint directions say you can use it in hot weather.,It shouldn't be a problem for you.,I think its safe to say that you wont have any problems.,I can personally attest to the fact that you can paint near heat.,-0.031,0.946,-0.240,-0.787,-0.412,40.298155,0.905572,0.452278,18.225972,0.409570,33.083094,0.598285,0.000000,14.962759,0.270591
test.ca-cb.ca::00378,test.ca-cb.ca::00378__row458,In that case suggestions of murder are usually downvoted,1.0,content_diversity,The definitely seems to be the case here.,Why do you think that is?,People should learn to not be so uptight an be able to joke about it.,Do you really think those people are serious though?,Yea I see that happening a lot here.,-0.017,0.965,-0.105,-0.723,-0.199,33.574954,0.450862,0.393788,13.221412,0.177544,69.797357,0.664520,0.000000,27.485357,0.261680
test.ca-cb.ca::00378,test.ca-cb.ca::00378__row459,In that case suggestions of murder are usually downvoted,0.0,content_diversity,I see it all the time.,That is usually the situation here.,They almost are always downvoted.,I agree. Happens very often.,I agree. Its pretty par for the course.,-0.026,0.959,-0.287,-0.695,-0.419,11.005170,0.452860,0.353180,3.886801,0.159941,37.409897,0.565325,0.000000,13.212411,0.199661
test.ca-cb.ca::00379,test.ca-cb.ca::00379__row460,Has nothing to do with anything I said,1.0,content_diversity,If you were paying attention you would see the correlation.,The response was not out of line.,You did not have to be rude about it.,Do you need me to clarify what was said.,What were you trying to say?,-0.026,0.961,-0.154,-0.723,-0.405,27.088309,0.687485,0.425836,11.535182,0.292756,40.558951,0.666436,0.000000,17.271469,0.283793
test.ca-cb.ca::00379,test.ca-cb.ca::00379__row461,Has nothing to do with anything I said,0.0,content_diversity,I can understand how it could be confusing.,What would help you understand?,Can you help me out by letting me know what was not clear?,You are right that was not clear.,Let me think about how to respond so it makes sense.,-0.018,0.959,-0.143,-0.814,-0.475,33.435895,0.912072,0.430154,14.382595,0.392332,47.048177,0.488283,0.000000,20.237977,0.210037
test.ca-cb.ca::00380,test.ca-cb.ca::00380__row462,Huh neat  never heard of that  good luck,1.0,content_diversity,thanks for good wishes,if you hear anything let me know,I can tell you more if you want to know,you're heard of it you just don't want to help,it's really popular i'm surprised you haven't heard of it.,-0.044,0.918,0.002,-0.771,-0.241,15.064525,0.540423,0.405775,6.112802,0.219290,61.018635,1.318341,0.000000,24.759813,0.534949
test.ca-cb.ca::00380,test.ca-cb.ca::00380__row463,Huh neat  never heard of that  good luck,0.0,content_diversity,"are you sure never heard of it, it's really popular","i'm sure you've seen it, it's everywhere","it's all over the place, i'm shocked that you're never heard of it","everyone has heard of it, where have you been","you need to get out more, it's really popular",-0.074,0.885,-0.195,-0.814,-0.445,75.137001,1.487016,0.377357,28.353473,0.561136,44.958235,0.496248,0.000000,16.965304,0.187263
test.ca-cb.ca::00381,test.ca-cb.ca::00381__row464,I don't live in an apartment or listen to death metal,1.0,content_diversity,I live in a house and listen to classical music.,My favorite place to live is in the countryside.,Who cares where you live or what you listen to?,What kind of job do you have?,I think you're lying.,-0.019,0.960,-0.203,-0.675,-0.115,14.753950,0.163747,0.502504,7.413917,0.082284,24.363674,1.337753,0.000000,12.242840,0.672226
test.ca-cb.ca::00381,test.ca-cb.ca::00381__row465,I don't live in an apartment or listen to death metal,0.0,content_diversity,No one is interested in that information.,That means nothing to me.,What difference does it make?,So what?,I don't really need to know that.,-0.006,0.985,-0.197,-0.683,-0.435,17.851050,1.273374,0.342011,6.105263,0.435509,31.586816,1.273335,0.000000,10.803052,0.435495
test.ca-cb.ca::00382,test.ca-cb.ca::00382__row466,Thats correct as faith is knowledge in the lack of information,1.0,content_diversity,Huh?,Agreed completely.,I think you should correct your sentence.,And knowledge is power.,"Maybe, maybe not.",0.000,1.000,-0.100,-0.565,-0.179,24.408699,1.113226,0.229999,5.613968,0.256040,36.486609,5.102383,0.000000,8.391871,1.173541
test.ca-cb.ca::00382,test.ca-cb.ca::00382__row467,Thats correct as faith is knowledge in the lack of information,0.0,content_diversity,Not sure of that.,Are you positive?,I think you should learn a bit more.,Do you know what you are talking about?,I'll have to look more into it.,-0.019,0.973,-0.144,-0.677,-0.434,18.949471,0.689267,0.382424,7.246725,0.263592,27.195674,1.526424,0.000000,10.400267,0.583741
test.ca-cb.ca::00383,test.ca-cb.ca::00383__row468,Radiohead  fake plastic trees  and if I could be who you wanted,1.0,content_diversity,what are the other options we have?,i do believe you possess some qualities though.,what are the pros and cons of your offers,do you want me to dwell on that?,is this the best we can get?,-0.030,0.945,-0.185,-0.689,-0.392,29.454759,0.627711,0.370075,10.900457,0.232300,64.446773,1.045579,0.000000,23.850112,0.386942
test.ca-cb.ca::00383,test.ca-cb.ca::00383__row469,Radiohead  fake plastic trees  and if I could be who you wanted,0.0,content_diversity,i can see that but i just more clarification,will there be a long term effect?,i think this is possible if we take our time,"yes, the qualities are obviously there",i can draw out a pitch if you want.,-0.022,0.960,-0.083,-0.692,-0.379,18.319667,0.377524,0.320430,5.870167,0.120970,40.238001,1.118250,0.000000,12.893454,0.358321
test.ca-cb.ca::00384,test.ca-cb.ca::00384__row470,Troll skyrim isn't too complicated for you morrowind is,1.0,content_diversity,You're absolutely right,That's not so far from the truth,That's very accurate,"To be honest, it's true.",You couldn't have said it any other way.,-0.004,0.992,-0.144,-0.747,-0.605,25.850272,1.298601,0.343587,8.881806,0.446182,43.681900,1.213854,0.000000,15.008513,0.417064
test.ca-cb.ca::00384,test.ca-cb.ca::00384__row471,Troll skyrim isn't too complicated for you morrowind is,0.0,content_diversity,Everyone can confirm this,You're very correct,It's undeniable,That's a fact,It's completely true,-0.008,0.787,-0.213,-0.690,-0.797,34.663984,2.229659,0.249666,8.654421,0.556670,28.781225,1.098464,0.000000,7.185696,0.274249
test.ca-cb.ca::00385,test.ca-cb.ca::00385__row472,I said a glass of juice not gas the jews  taylor swift,1.0,content_diversity,"Well, that's good!",What a relief!,Quite a difference.,juice is good.,"Omg, I thought you said something else lol",-0.007,0.990,-0.147,-0.665,-0.313,18.522251,1.614301,0.244817,4.534559,0.395208,46.604370,1.825965,0.000000,11.409535,0.447027
test.ca-cb.ca::00385,test.ca-cb.ca::00385__row473,I said a glass of juice not gas the jews  taylor swift,0.0,content_diversity,Sounded like jews instead of juice.,I misheard what you said.,I heard otherwise.,I didn't hear correctly.,"I heard one thing, you said another.",-0.048,0.932,-0.248,-0.772,-0.460,18.078465,1.065261,0.320304,5.790611,0.341208,43.421287,1.193413,0.000000,13.908027,0.382255
test.ca-cb.ca::00386,test.ca-cb.ca::00386__row474,Yes he did I now see the connection my bad,1.0,content_diversity,No worries.,Pay attention next time.,"Nevermind, you are right.","Yeah, you should be sorry.","Yeah, I see that too.",-0.008,0.980,-0.231,-0.708,-0.273,21.205923,0.800156,0.305629,6.481151,0.244551,27.073546,1.002483,0.000000,8.274468,0.306388
test.ca-cb.ca::00386,test.ca-cb.ca::00386__row475,Yes he did I now see the connection my bad,0.0,content_diversity,Don't worry about it.,We all make mistakes.,It's okay.,That's fine :),An honest mistake.,0.000,0.800,-0.288,-0.739,-0.425,22.002068,1.671901,0.271067,5.964044,0.453198,34.218160,2.589842,0.000000,9.275428,0.702022
test.ca-cb.ca::00387,test.ca-cb.ca::00387__row476,Wheres my gold guys I want it to buy skittles,1.0,content_diversity,Earn your gold the old fashioned way.,Here you go!,"Typical, always begging for gold.",Skittles are absolutely disgusting.,Buy me some skittles too!,-0.003,0.992,-0.096,-0.648,-0.157,26.467497,0.948286,0.355781,9.416623,0.337382,35.258483,1.184284,0.000000,12.544285,0.421345
test.ca-cb.ca::00387,test.ca-cb.ca::00387__row477,Wheres my gold guys I want it to buy skittles,0.0,content_diversity,I've got some gold for you!,"Take this, and go buy skittles.","Just awarded you, enjoy!","Gold for everyone, skittles for all!",Please enjoy this generous internet gift.,-0.009,0.979,-0.089,-0.711,-0.269,17.789529,0.902193,0.329193,5.856188,0.296996,52.567679,1.427968,0.000000,17.304910,0.470077
test.ca-cb.ca::00388,test.ca-cb.ca::00388__row478,Moved to japan eh get ready for 100 crit orange maps l,1.0,content_diversity,I have no idea what you are talking about here.,Japan is a nice place.,I'd say more like 200 crit orange maps!,Do you know Japanese?,What did you move to Japan for?,-0.013,0.982,-0.073,-0.691,-0.173,34.655950,1.267630,0.349137,12.099680,0.442577,34.797975,0.829772,0.000000,12.149267,0.289704
test.ca-cb.ca::00388,test.ca-cb.ca::00388__row479,Moved to japan eh get ready for 100 crit orange maps l,0.0,content_diversity,What is a crit orange map?,Huh? I'm very confused here.,You are not making any sense.,What do you mean?,Care to elaborate?,-0.004,0.992,-0.044,-0.706,-0.374,32.357747,1.318077,0.262820,8.504247,0.346416,40.294687,1.161853,0.000000,10.590230,0.305358
test.ca-cb.ca::00389,test.ca-cb.ca::00389__row480,What kind of victory do you usually go for with them,1.0,content_diversity,I like to go for the epic victory royale.,I dab on them.,I try to try my hardest.,I keep at it until I win!,Anything it takes to get the win.,-0.038,0.945,-0.254,-0.697,-0.384,20.958114,1.160011,0.226296,4.742728,0.262505,30.739114,2.490623,0.000000,6.956125,0.563617
test.ca-cb.ca::00389,test.ca-cb.ca::00389__row481,What kind of victory do you usually go for with them,0.0,content_diversity,I just keep punching at it and punching at it.,I try my absolute hardest for the win.,I keep trying until I get the victory.,I keep at it until I beat them.,I just do my best job to win.,-0.073,0.876,-0.429,-0.852,-0.555,29.693917,0.786658,0.331999,9.858350,0.261170,42.766412,1.013048,0.000000,14.198405,0.336331
test.ca-cb.ca::00390,test.ca-cb.ca::00390__row482,It's the british spelling what is the singular of feces,1.0,content_diversity,"lol, what sort of awkward question is this?","well, i think feace should be it.hahaha",what on earth do you need that info for?,i think you are getting more and more weird.,"well, let me know when you find out what it is",-0.024,0.954,-0.053,-0.753,-0.288,29.059805,0.738337,0.393708,11.441074,0.290689,55.728167,1.606624,0.000000,21.940618,0.632540
test.ca-cb.ca::00390,test.ca-cb.ca::00390__row483,It's the british spelling what is the singular of feces,0.0,content_diversity,maybe i am just trying to be creative here.lol,"well, i am thinking out loud.",do you think its awkward?,i don't know what i have been thinking of recent,"well, the type that needs an answer.",-0.023,0.961,-0.082,-0.748,-0.340,18.627178,0.723910,0.311200,5.796781,0.225281,52.048573,1.312718,0.000000,16.197524,0.408518
test.ca-cb.ca::00391,test.ca-cb.ca::00391__row484,Came to suggest this one just got it yesterday,1.0,content_diversity,"well, i am sure he is happy about that",do you think we can be that lucky too,"what is the process involved, if i may ask",do you have an idea how much he got it?,lets wait for him to open the package,-0.018,0.964,-0.062,-0.641,-0.248,41.393367,1.022677,0.369868,15.310098,0.378256,20.199467,0.373003,0.000000,7.471144,0.137962
test.ca-cb.ca::00391,test.ca-cb.ca::00391__row485,Came to suggest this one just got it yesterday,0.0,content_diversity,"well, if he got what he wanted, then its not a big deal",does he have a reason not to be happy?,can you show me the person you are referring to?,do you think he did the right thing to get that,what is he gonna say?,-0.032,0.954,-0.230,-0.644,-0.333,33.682531,0.506647,0.385170,12.973491,0.195145,53.428781,1.130898,0.000000,20.579149,0.435588
test.ca-cb.ca::00392,test.ca-cb.ca::00392__row486,Still available want nuclear dawn for 1 key,1.0,content_diversity,One key available for nuclear,Nuclear still available for one key,You can have some more,You are limited to one key for nuclear dawn,Want nuclear dawn for one key?,-0.074,0.884,-0.169,-0.847,-0.466,35.489660,1.186785,0.440577,15.635929,0.522870,32.159607,1.360796,0.000000,14.168783,0.599535
test.ca-cb.ca::00392,test.ca-cb.ca::00392__row487,Still available want nuclear dawn for 1 key,0.0,content_diversity,More options are available,Would you like to have more?,You can choose further,You can make more choices,You are free do choose more,-0.034,0.942,-0.140,-0.862,-0.722,30.503802,1.277875,0.325032,9.914725,0.415351,33.743676,1.151351,0.000000,10.967789,0.374226
test.ca-cb.ca::00393,test.ca-cb.ca::00393__row488,Ill be happy just to wake up from surgery,1.0,content_diversity,That's all you can hope for.,Don't be so morbid.,"Well, why wouldn't you?",Everything will be fine.,Trust that you will.,-0.014,0.973,-0.140,-0.727,-0.351,19.132522,0.801261,0.314908,6.024976,0.252323,21.567642,1.449314,0.000000,6.791814,0.456400
test.ca-cb.ca::00393,test.ca-cb.ca::00393__row489,Ill be happy just to wake up from surgery,0.0,content_diversity,Don't have a negative attitude about it.,I wouldn't linger on those thoughts.,Don't even worry about that sort of thing.,Can't you leave that sort of thing out?,How about not thinking about the absolute worst?,-0.044,0.914,-0.296,-0.674,-0.472,21.917002,0.630607,0.390747,8.563999,0.246408,34.199592,0.703297,0.000000,13.363382,0.274811
test.ca-cb.ca::00394,test.ca-cb.ca::00394__row490,I would kill for a torrent of these   thanks for the link,1.0,content_diversity,send me a PM and I'll hook you up,"I haven't been able to find one either, been looking everywhere",Did you try checking the link on the sidebar?,I'll be uploading one tomorrow if you can wait,I'm seeing three up right now though?,-0.013,0.969,0.001,-0.678,-0.185,16.411457,0.176990,0.416635,6.837589,0.073740,49.877001,1.675990,0.000000,20.780510,0.698276
test.ca-cb.ca::00394,test.ca-cb.ca::00394__row491,I would kill for a torrent of these   thanks for the link,0.0,content_diversity,"Same here, man, staying vigilant in my search.",I know for real I have checked all my sites repeatedly,I've been searching all day and can't find anything,I know I have been looking constantly and can't find one!,Seriously I can't believe there isn't one posted yet,-0.043,0.922,-0.151,-0.793,-0.488,24.278551,0.432939,0.416595,10.114320,0.180360,66.835407,1.485933,0.000000,27.843287,0.619032
test.ca-cb.ca::00395,test.ca-cb.ca::00395__row492,They had him work out and practice before offering him a contract,1.0,content_diversity,"They didn't need to do that, you can tell from his form there wouldn't be problems.","That makes sense, you have to vet your players first.","I can't believe they offered to sign him, he's awful.","It's about time, that's the best decision they've made.","I wish I could care about the acquisition, but it doesn't seem like it'll help the team much.",-0.014,0.975,-0.242,-0.678,-0.210,6.072812,0.437673,0.422847,2.567873,0.185069,97.571908,0.442362,0.000000,41.258030,0.187052
test.ca-cb.ca::00395,test.ca-cb.ca::00395__row493,They had him work out and practice before offering him a contract,0.0,content_diversity,"Finally, now we're on the way to championship!",This is the start to a perfect season.,They should have signed him sooner.,This is money well spent.,"I'm so excited, this is such a good move.",-0.023,0.960,-0.276,-0.661,-0.376,22.108956,0.748694,0.339317,7.501935,0.254044,56.643814,0.724418,0.000000,19.220185,0.245807
test.ca-cb.ca::00396,test.ca-cb.ca::00396__row494,I just use the reddit is fun droid app,1.0,content_diversity,you might want to speak a proper English that i understand bro,we all use reddit for fun,"well, it depends on what you mean by fun..",lets all assume we understand what you mean,lol. are you kidding me right now?,-0.037,0.940,-0.035,-0.715,-0.178,24.605535,0.648288,0.389022,9.572093,0.252198,85.985090,0.575522,0.000000,33.450087,0.223891
test.ca-cb.ca::00396,test.ca-cb.ca::00396__row495,I just use the reddit is fun droid app,0.0,content_diversity,"well, i think mine is on a different level",do you think i can cope with that fact,i am sure you don't have an idea what i mean,"well, are you sure you are one of us?","clown, you are assuming things",-0.045,0.934,-0.164,-0.716,-0.299,28.390894,0.550362,0.339384,9.635416,0.186784,14.508588,1.100696,0.000000,4.923983,0.373559
test.ca-cb.ca::00397,test.ca-cb.ca::00397__row496,I think you wanted to post this as a reply,1.0,content_diversity,Maybe you shouln't think.,"Oops, your right, thanks.",How do you know what I wanted to do?,Thanks for letting me know what I meant to do.,"Sure did, at least someone let me know instead of letting me look stupid.",-0.033,0.923,-0.057,-0.718,-0.328,1.283526,0.443644,0.335809,0.431020,0.148980,101.476021,1.929874,0.000000,34.076575,0.648069
test.ca-cb.ca::00397,test.ca-cb.ca::00397__row497,I think you wanted to post this as a reply,0.0,content_diversity,I think I know what I wanted to do more then you.,Thanks for thinking for me.....,"Nah, I know what I did and I did it the way I wanted.",I don't need your input into my decisions.,Your suggestions are irrelevant because you don't know what I meant to do.,-0.068,0.873,-0.214,-0.793,-0.330,38.311021,1.013291,0.377898,14.477650,0.382921,31.283002,0.985850,0.000000,11.821777,0.372551
test.ca-cb.ca::00398,test.ca-cb.ca::00398__row498,Thats some pretty impressive aim you got there,1.0,content_diversity,"Well, thank you!",I have to thank my genes for that.,Practice makes perfect!,"haha you are kidding, right?","Yeah, I play video games.",-0.007,0.983,-0.073,-0.659,-0.208,19.497613,0.791247,0.323074,6.299174,0.255631,39.599495,0.812625,0.000000,12.793572,0.262538
test.ca-cb.ca::00398,test.ca-cb.ca::00398__row499,Thats some pretty impressive aim you got there,0.0,content_diversity,I spend a lot of time aiming on my computer.,I have honed my senses while playing games on my computer.,You should see me aim with a mouse and keyboard!,Games actually teach you a lot about aiming.,I play a lot of first person shooter.,-0.058,0.910,-0.321,-0.863,-0.524,52.798200,1.064464,0.399908,21.114420,0.425688,47.554933,0.662045,0.000000,19.017596,0.264757
test.ca-cb.ca::00399,test.ca-cb.ca::00399__row500,I already have a whole wardrobe of band shirts,1.0,content_diversity,trying buying some blue jeans to go along with them,i've never head of a band shirt,you should try some nice dress shirts as well,"adults don't wear band shirts, grow up",nothing wrong with that!,-0.008,0.984,-0.015,-0.689,-0.100,41.640701,0.899832,0.347693,14.478195,0.312866,51.232560,0.805743,0.000000,17.813221,0.280152
test.ca-cb.ca::00399,test.ca-cb.ca::00399__row501,I already have a whole wardrobe of band shirts,0.0,content_diversity,I wear band shirts everyday.,band shirts are my favorite shirts,you have to support your favorite bands,bands shirt are great,I wouldn't be embarrassed by wearing those shirts,-0.035,0.939,-0.247,-0.870,-0.507,19.672609,0.946887,0.378172,7.439634,0.358086,56.568020,1.268224,0.000000,21.392452,0.479607
test.ca-cb.ca::00400,test.ca-cb.ca::00400__row502,You used to be part of a star,1.0,content_diversity,I know right? What happened?,Really? I didn't know that.,"I disagree, I believe in God.",I've heard of that before.,"I'm confused, a star? What do you mean by that?",-0.027,0.961,-0.137,-0.693,-0.247,22.168916,1.046752,0.352115,7.805998,0.368577,46.996713,1.378879,0.000000,16.548227,0.485524
test.ca-cb.ca::00400,test.ca-cb.ca::00400__row503,You used to be part of a star,0.0,content_diversity,What are you talking about?,Do you mean like a famous star or...I don't know...,I just have no idea what you mean by that.,Can you explain a little more.,Are you sure you know what you are talking about?,-0.061,0.920,-0.076,-0.784,-0.487,32.856227,0.894991,0.464148,15.250153,0.415408,68.362002,1.243203,0.000000,31.730090,0.577030
test.ca-cb.ca::00401,test.ca-cb.ca::00401__row504,Those clips do not look secure on the cables,1.0,content_diversity,"well, the cable station don't think so",i don't think that is non of my business,what would you have me do about that fact?,whoever posted it must be senseless,the clip must have been pirated,-0.019,0.961,0.070,-0.661,-0.222,28.222450,0.626847,0.333507,9.412375,0.209058,26.870754,0.610202,0.000000,8.961576,0.203506
test.ca-cb.ca::00401,test.ca-cb.ca::00401__row505,Those clips do not look secure on the cables,0.0,content_diversity,"well, if you say so","well, we could all say so and watch things go wrong",i don't think that is the right thing to say,you talk like you don't observe things at all,lets all keep quiet then and watch things go bad,-0.054,0.900,-0.039,-0.780,-0.305,56.053806,1.403785,0.310089,17.381643,0.435298,67.816220,0.736808,0.000000,21.029032,0.228476
test.ca-cb.ca::00402,test.ca-cb.ca::00402__row506,Were talking about human beings not world leaders,1.0,content_diversity,and we all know world leaders are actually lizards,world leaders are not people?,"good point, they live in a different world than us",World leaders still have emotions and feelings,Yes but they still are susceptible to the same vulnerabilities as every other human,-0.042,0.944,-0.171,-0.763,-0.226,22.350327,0.753913,0.505666,11.301810,0.381228,55.986821,0.827526,0.000000,28.310657,0.418452
test.ca-cb.ca::00402,test.ca-cb.ca::00402__row507,Were talking about human beings not world leaders,0.0,content_diversity,yeah world leaders have little concept of what life is for us,"you're right, imagine them spending a day in our shoes!","yep, they don't have a clue what it is to be ""normal""","This reminds me of that show ""Undercover Boss,"" they'd fail miserably being one of us",it's like they live in a completely different universe,-0.019,0.966,-0.067,-0.675,-0.192,65.410628,1.045527,0.429919,28.121283,0.449492,105.382392,1.073417,0.000000,45.305910,0.461482
test.ca-cb.ca::00403,test.ca-cb.ca::00403__row508,Do you just want to start a flame in my heart,1.0,content_diversity,"hehe, what do you think?",that might be a possibility if you allow me.,"not realy, i just want to build a palace there.","if you allow me, i can start even more",i just want to love you truly.,-0.063,0.888,-0.170,-0.756,-0.293,47.429624,0.986982,0.334092,15.845878,0.329743,47.410572,0.759956,0.000000,15.839513,0.253896
test.ca-cb.ca::00403,test.ca-cb.ca::00403__row509,Do you just want to start a flame in my heart,0.0,content_diversity,"well, you have not convinced me enougfh",i am not ready for players like you,you don't look like you have a great plan for me,"lol, i know people like you","hahaha, i will give that a consideration",-0.059,0.916,-0.069,-0.706,-0.237,37.759218,1.021657,0.343034,12.952685,0.350463,47.901303,0.727955,0.000000,16.431763,0.249713
test.ca-cb.ca::00404,test.ca-cb.ca::00404__row510,Probably two different screenshots taken at separate times,1.0,content_diversity,Maybe?,How can you tell?,"If you can prove that, can you share with us how?","Yeah, I think you're right.","No, why would anyone go to that much trouble?",-0.014,0.965,-0.068,-0.687,-0.260,19.917963,0.782758,0.281645,5.609799,0.220460,66.570000,3.959748,0.000000,18.749123,1.115244
test.ca-cb.ca::00404,test.ca-cb.ca::00404__row511,Probably two different screenshots taken at separate times,0.0,content_diversity,"Proving that would be hard, but if you have a method, can you show it?",How can you tell the times are different?,Is there a way you can let us see that?,"What proof can you share with us, or is it a hunch?",How do you know the times are different?,-0.079,0.908,-0.299,-0.780,-0.466,47.827928,1.113242,0.438268,20.961431,0.487898,110.860284,1.498766,0.000000,48.586472,0.656861
test.ca-cb.ca::00405,test.ca-cb.ca::00405__row512,I looked in my kitchen what are you getting at,1.0,content_diversity,Why did you look in there?,You just don't understand.,You didn't look hard enough.,"I don't know, I guess I'm just asking you to look again.",If you say so.,-0.027,0.948,-0.042,-0.766,-0.297,13.712882,0.035658,0.386728,5.303157,0.013790,55.584881,1.594426,0.000000,21.496239,0.616609
test.ca-cb.ca::00405,test.ca-cb.ca::00405__row513,I looked in my kitchen what are you getting at,0.0,content_diversity,Look again.,You should probably try again.,Please go back and look.,Are you sure you looked hard enough?,I want you to look again.,-0.025,0.960,-0.265,-0.821,-0.611,21.010411,0.782370,0.357947,7.520615,0.280047,23.967442,1.141706,0.000000,8.579075,0.408670
test.ca-cb.ca::00406,test.ca-cb.ca::00406__row514,These are a few of my favorite things,1.0,content_diversity,"i really love them, looks nice",can i have some of them?,you really have a great collection of goodies,i am sure you have more at home right?,i would like to check them out,-0.034,0.956,-0.094,-0.711,-0.367,33.967191,0.871946,0.356771,12.118502,0.311085,43.233392,1.200656,0.000000,15.424412,0.428359
test.ca-cb.ca::00406,test.ca-cb.ca::00406__row515,These are a few of my favorite things,0.0,content_diversity,"yeah, i'm the last child",my parents really don't joke with their kids,"well, if you say so","what else can io say, maybe i am",i still feel like i don't actually.,-0.007,0.982,0.024,-0.679,-0.170,14.398986,0.738239,0.239235,3.444737,0.176612,63.827991,1.159051,0.000000,15.269871,0.277285
test.ca-cb.ca::00407,test.ca-cb.ca::00407__row516,True but the frustration gets to me sometimes,1.0,content_diversity,maybe you should relax a little bit,what exactly frustrated with?,you should take your time and soak in the moment,i am sure you will get hold of it eventually,"i know you will get used to it eventually, you always do..",-0.036,0.936,-0.143,-0.679,-0.322,19.366718,0.608447,0.418583,8.106583,0.254686,62.595024,1.200049,0.000000,26.201227,0.502320
test.ca-cb.ca::00407,test.ca-cb.ca::00407__row517,True but the frustration gets to me sometimes,0.0,content_diversity,the fact that i can't readily understand it,the level of difficulty in the process,i believe the process is not straight forward enough,it feels like i am not getting a hold of the process,the reports aren't really adding up,-0.059,0.932,-0.216,-0.724,-0.616,24.295699,0.334747,0.448951,10.907578,0.150285,36.391266,1.373287,0.000000,16.337895,0.616539
test.ca-cb.ca::00408,test.ca-cb.ca::00408__row518,Sounds like quite a night and quite a girl,1.0,content_diversity,"Haha, you know it!",I didn't think it was that big of a deal.,It was the worst night of my life.,Sounds like you didn't even read the original comment.,What's that supposed to mean?,-0.015,0.967,-0.143,-0.609,-0.231,23.073180,0.544480,0.397490,9.171365,0.216426,55.200498,2.026899,0.000000,21.941663,0.805673
test.ca-cb.ca::00408,test.ca-cb.ca::00408__row519,Sounds like quite a night and quite a girl,0.0,content_diversity,I honestly had the most terrible time.,It absolutely sucked.,"Everything that could have gone wrong, did.",I can't imagine how things could have gone worse.,I never want to go through something as awful as that again.,-0.025,0.944,-0.220,-0.761,-0.489,22.449683,0.755970,0.419444,9.416387,0.317087,28.401879,1.155004,0.000000,11.913001,0.484460
test.ca-cb.ca::00409,test.ca-cb.ca::00409__row520,Your username is sniper and you don't like shooting guns,1.0,content_diversity,He can like playing shooter video games.,Do you like to shoot guns?,It is just a username,Why are you hating?,Your username is stupid too.,-0.015,0.970,-0.164,-0.613,-0.170,8.274966,0.587451,0.357960,2.962107,0.210284,54.848105,1.238389,0.000000,19.633428,0.443294
test.ca-cb.ca::00409,test.ca-cb.ca::00409__row521,Your username is sniper and you don't like shooting guns,0.0,content_diversity,LOL your username isn't better,How are you hating on his username?,Your username is dumb,He should shoot your username,Your username should be shot,-0.049,0.935,-0.334,-0.863,-0.549,31.301252,1.156989,0.359481,11.252220,0.415916,52.509261,1.295817,0.000000,18.876106,0.465822
test.ca-cb.ca::00410,test.ca-cb.ca::00410__row522,Haha I do it as well take pride in it,1.0,content_diversity,That is very important.,You should be proud of yourself.,That's not a good thing.,I don't care.,I take pride in it too.,-0.005,0.992,-0.314,-0.697,-0.312,15.427319,0.778138,0.421781,6.506946,0.328203,12.401706,1.262896,0.000000,5.230801,0.532665
test.ca-cb.ca::00410,test.ca-cb.ca::00410__row523,Haha I do it as well take pride in it,0.0,content_diversity,Good to know.,You should appreciate yourself more.,Pride in small amounts is a good thing.,That's good to hear.,That's cool.,-0.016,0.973,-0.212,-0.712,-0.556,32.003996,0.970947,0.332758,10.649581,0.323090,57.993900,1.184960,0.000000,19.297926,0.394305
test.ca-cb.ca::00411,test.ca-cb.ca::00411__row524,Thats pretty clean  never do work for smokers or cat owners,1.0,content_diversity,What if those folks never did work for you?,Do you own a cat?,Any pet will cause some kind of problem.,Your comment makes no sense.,Your grammar is terrible.,-0.004,0.994,-0.196,-0.640,-0.176,25.118853,0.785564,0.384212,9.650957,0.301823,68.235751,0.956717,0.000000,26.216973,0.367582
test.ca-cb.ca::00411,test.ca-cb.ca::00411__row525,Thats pretty clean  never do work for smokers or cat owners,0.0,content_diversity,Imagine if all cat owners refused you any service.,What if  smokers refused to do any work for you.,Where would you be if cat owners and smokers denied you services?,Let all smoking cat's unite and deny OP any services!,That's a large chunk of the population that may deny you any services in return.,-0.049,0.935,-0.257,-0.884,-0.471,49.676181,1.029781,0.354318,17.601188,0.364871,95.054297,1.759224,0.000000,33.679493,0.623326
test.ca-cb.ca::00412,test.ca-cb.ca::00412__row526,How long did it take you to get an invite,1.0,content_diversity,I died and came back to life before I got an invite,It came surprisingly quick. Two days,Hell froze over before I got it,It didnt take too long but it could have been quicker,28 days! Way too long,-0.031,0.933,-0.082,-0.674,-0.236,30.174244,0.504069,0.371156,11.199349,0.187088,19.133720,1.697863,0.000000,7.101593,0.630172
test.ca-cb.ca::00412,test.ca-cb.ca::00412__row527,How long did it take you to get an invite,0.0,content_diversity,I didnt think I would ever recieve it in this lifetime,The apocalypse came and went and I was still waiting,2 centuries. Not a exaggeration,If I had a nickel for every day that I waited for an invite...I would be a rich man,It took so long I didnt even care about it anymore,-0.027,0.953,-0.054,-0.680,-0.239,43.760190,0.972454,0.417418,18.266297,0.405920,35.904452,1.269131,0.000000,14.987170,0.529758
test.ca-cb.ca::00413,test.ca-cb.ca::00413__row528,I didnt give you any votes either way,1.0,content_diversity,"Well, that's lame.",Why not?,What votes are you talking about?,Why wouldn't you give me you vote?,What about if I change it up?,-0.013,0.968,-0.111,-0.718,-0.287,8.230638,0.713870,0.302062,2.486165,0.215633,50.379240,1.452966,0.000000,15.217668,0.438886
test.ca-cb.ca::00413,test.ca-cb.ca::00413__row529,I didnt give you any votes either way,0.0,content_diversity,Why can't I have your vote?,In what would do I not have your vote?,No vote?,Why would you not vote for me?,Wouldn't you vote for me though?,-0.053,0.893,-0.341,-0.932,-0.640,29.908117,1.919493,0.256084,7.658999,0.491552,53.027176,3.061524,0.000000,13.579427,0.784008
test.ca-cb.ca::00414,test.ca-cb.ca::00414__row530,After this past years performance I think you're gonna be fine,1.0,content_diversity,I'm not so sure I will be.,"Yeah, you're right, I probably will.",Why would you say that?,"Aw, thanks! :)",I don't think you're qualified to make that judgment.,-0.014,0.973,-0.048,-0.641,-0.247,15.663354,0.961526,0.340137,5.327680,0.327050,24.646183,2.942491,0.000000,8.383069,1.000849
test.ca-cb.ca::00414,test.ca-cb.ca::00414__row531,After this past years performance I think you're gonna be fine,0.0,content_diversity,"I don't know, I feel like it could go either way.","I appreciate your saying so, but I don't know if I will be fine.","Yeah, but this year is different so anything could happen.","Maybe, maybe not!",I wish I had your confidence about that!,-0.031,0.952,-0.078,-0.681,-0.344,30.358663,0.817300,0.427128,12.967027,0.349091,50.171594,1.155479,0.000000,21.429679,0.493537
test.ca-cb.ca::00415,test.ca-cb.ca::00415__row532,Thanks didnt know I had anyone keeping track of this,1.0,content_diversity,You should be keeping track of it yourself.,Sure - happy to help!,I only kept track of the last month or so.,"Seeing your progress was inspiring, so I just had to!",I'm not sure if it's all accurate.,-0.011,0.974,-0.128,-0.650,-0.233,20.464378,0.488264,0.381109,7.799164,0.186082,53.884344,1.526308,0.000000,20.535823,0.581690
test.ca-cb.ca::00415,test.ca-cb.ca::00415__row533,Thanks didnt know I had anyone keeping track of this,0.0,content_diversity,It's unfortunate that someone else has to do it for you.,"To be honest, you should be the one tracking it.",Next time it's up to you to keep track.,You're supposed to keep your own track.,"No worries, but I suggest you learn how to keep track for next time.",-0.055,0.923,-0.320,-0.876,-0.444,23.619351,0.720925,0.457565,10.807391,0.329870,44.453665,0.502952,0.000000,20.340447,0.230133
test.ca-cb.ca::00416,test.ca-cb.ca::00416__row534,There have been so many puns about my username,1.0,content_diversity,"well, i guess you are the rave of the moment then.",what exactly do you mean by that?,"it seems so, but i don't understand why",these are the types of things you love right?,is this a joke or what?,-0.018,0.960,-0.055,-0.716,-0.328,28.909193,0.641878,0.355583,10.279629,0.228241,94.487366,1.199601,0.000000,33.598138,0.426558
test.ca-cb.ca::00416,test.ca-cb.ca::00416__row535,There have been so many puns about my username,0.0,content_diversity,"well, it is everywhere",i am getting a lot of attention of recent,"i don't understand why either, and its annoying",i believe i am under some sort of attack or something,"well, lets see how eveything turns out",-0.020,0.958,-0.105,-0.629,-0.281,28.198783,0.567286,0.365108,10.295609,0.207121,41.639763,0.952648,0.000000,15.203022,0.347819
test.ca-cb.ca::00417,test.ca-cb.ca::00417__row536,Which browser are you using maybe try installing opera,1.0,content_diversity,i recommend chrome,what's wrong with IE or firefox,I found chrome to be the best,there's a new browser called brave that I hear good things about,it really doesn't' matter just pick something,-0.007,0.989,-0.094,-0.742,-0.232,12.441802,0.505184,0.464381,5.777742,0.234598,64.096468,0.721705,0.000000,29.765210,0.335146
test.ca-cb.ca::00417,test.ca-cb.ca::00417__row537,Which browser are you using maybe try installing opera,0.0,content_diversity,chrome is great,chrome is the best broswer,i use chrome and i love it,the best browser i've used in chrome,chrome is highly recommended.,-0.087,0.902,-0.157,-0.954,-0.752,24.982910,1.027254,0.422263,10.549355,0.433771,48.366510,0.861283,0.000000,20.423381,0.363688
test.ca-cb.ca::00418,test.ca-cb.ca::00418__row538,How exactly do you cut off a mouth,1.0,content_diversity,You don't.,The same way you cut off anything else.,You put a sock in it.,With a knife.,Why would you want to cut off a mouth?,-0.027,0.948,-0.135,-0.725,-0.229,32.702652,1.986598,0.295673,9.669297,0.587384,26.788641,1.762151,0.000000,7.920682,0.521021
test.ca-cb.ca::00418,test.ca-cb.ca::00418__row539,How exactly do you cut off a mouth,0.0,content_diversity,You can block a mouth but you can't cut a mouth off.,It is not possible.,"Technically, you can't.",I don't see how this is doable.,I can see cutting off someone when they are talking but not cutting a mouth off.,-0.034,0.901,-0.248,-0.706,-0.364,10.335933,1.104512,0.376440,3.890857,0.415782,94.353076,0.680437,0.000000,35.518257,0.256143
test.ca-cb.ca::00419,test.ca-cb.ca::00419__row540,I killed the man who showed me reddit,1.0,content_diversity,I don't blame you.,Are you serious?,Sounds a little violent.,Reddit is a good place though!,Yeah? I would have just punched him.,-0.014,0.975,-0.093,-0.606,-0.192,6.876413,0.576216,0.333377,2.292439,0.192097,54.046968,0.475646,0.000000,18.018023,0.158570
test.ca-cb.ca::00419,test.ca-cb.ca::00419__row541,I killed the man who showed me reddit,0.0,content_diversity,I would too.,"Yeah, reddit is bad.",Sounds like a good idea.,Next you should kill reddit.,Excessive but I understand.,-0.010,0.981,-0.273,-0.652,-0.190,8.356828,0.559186,0.258421,2.159577,0.144505,49.319805,0.971442,0.000000,12.745256,0.251041
test.ca-cb.ca::00420,test.ca-cb.ca::00420__row542,Thats because americans don't understand sarcasm so we can't take any chances,1.0,content_diversity,Typical European condescending attitude.,"That's probably true, Americans can be pretty clueless.",They're not the only ones that don't understand sarcasm.,Were you trying to be sarcastic there?,"Hey, be nice. Americans have their good qualities too.",-0.010,0.984,-0.124,-0.689,-0.330,15.100946,0.330169,0.495937,7.489114,0.163743,34.189490,0.817233,0.000000,16.955824,0.405296
test.ca-cb.ca::00420,test.ca-cb.ca::00420__row543,Thats because americans don't understand sarcasm so we can't take any chances,0.0,content_diversity,"I know, I've never seen so many clueless people in my life as when I visited the States last year.","Have to agree with you on that one, they're so unaware.","Hard to argue that, I've had the same experience with them.","Got to agree with you, Americans can be so unaware of what's going on.","Yeah you're right, Americans are on another planet half the time.",-0.037,0.942,-0.236,-0.768,-0.327,35.681806,0.629868,0.449259,16.030384,0.282974,54.210688,0.393231,0.000000,24.354656,0.176663
test.ca-cb.ca::00421,test.ca-cb.ca::00421__row544,Night court  not just an amazing tv series,1.0,content_diversity,"Yes, it is more than that.",What do you mean?,I've never seen it.,I think it is a pretty bad show.,My friend loves that show.,-0.024,0.954,-0.182,-0.675,-0.150,22.044143,1.057598,0.346039,7.628126,0.365970,28.898346,0.490770,0.000000,9.999946,0.169825
test.ca-cb.ca::00421,test.ca-cb.ca::00421__row545,Night court  not just an amazing tv series,0.0,content_diversity,What is Night court?,I've never seen one episode of it.,Never heard of it.,"Hmmm, Night court?",Can't say that I've seen it.,-0.045,0.921,-0.131,-0.734,-0.451,31.587191,1.733419,0.309178,9.766056,0.535935,36.345387,1.289948,0.000000,11.237185,0.398823
test.ca-cb.ca::00422,test.ca-cb.ca::00422__row546,Checked it out and one refers to him as archer only,1.0,content_diversity,Are you sure? I am pretty sure that is the standard M.O.,Who cares?   There always has to a debate about something.,I would have to agree with the OP.,LOVE you people who know everything....,"""Checked it out,"" doesn't inspire too much confidence.",-0.009,0.982,-0.050,-0.614,-0.219,22.109030,0.681684,0.363119,8.028198,0.247532,68.586006,0.993594,0.000000,24.904848,0.360792
test.ca-cb.ca::00422,test.ca-cb.ca::00422__row547,Checked it out and one refers to him as archer only,0.0,content_diversity,"No offense, but I feel like that is the same as ""scanning"" a book.",I don't feel like peeking at something gives you the whole picture.,I think I will look into it myself - you don't sound too confident there.,"I checked out the aquarium the other day, doesn't mean I didn't miss something.","Checked it out is the equivalent of ""perusal"" - get back to us when you spend some real time on it!",-0.045,0.944,-0.116,-0.600,-0.243,31.262268,0.586958,0.412274,12.888605,0.241987,85.197078,0.283299,0.000000,35.124498,0.116797
test.ca-cb.ca::00423,test.ca-cb.ca::00423__row548,How have we not started a band yet,1.0,content_diversity,"We totally should, I'll play the guitar.",Who'd want to make music with you?,I'm already working on too many projects to start a new one right now.,We should name our band The Lizards.,I know some people who would join us.,-0.005,0.991,-0.187,-0.729,-0.215,26.279928,0.452128,0.414418,10.890879,0.187370,33.623330,0.468171,0.000000,13.934118,0.194019
test.ca-cb.ca::00423,test.ca-cb.ca::00423__row549,How have we not started a band yet,0.0,content_diversity,That's the best idea I've heard.,"I can't wait, let's do something tomorrow.",We'll be such a good band.,"That's settled then, we're starting a band.",Looks like we're a band now!,-0.029,0.955,-0.240,-0.784,-0.441,28.343223,0.792556,0.369463,10.471779,0.292820,28.174597,0.804936,0.000000,10.409478,0.297394
test.ca-cb.ca::00424,test.ca-cb.ca::00424__row550,I have to go to court today yikes,1.0,content_diversity,What did you do??,You should call out.,Don't you have to go to work?,Did you get arrested?,Make sure to be on time.,-0.017,0.968,-0.194,-0.686,-0.239,20.324950,0.845847,0.356495,7.245749,0.301541,18.639711,1.022619,0.000000,6.644969,0.364559
test.ca-cb.ca::00424,test.ca-cb.ca::00424__row551,I have to go to court today yikes,0.0,content_diversity,What did you get in trouble for?,What did you do wrong?,What did you get caught doing?,How did you end up in court?,Why are you in trouble with the law?,-0.142,0.834,-0.575,-0.774,-0.489,22.554263,0.843760,0.486607,10.975057,0.410579,16.538793,0.303656,0.000000,8.047888,0.147761
test.ca-cb.ca::00425,test.ca-cb.ca::00425__row552,Not a problem man thanks for the heads up,1.0,content_diversity,Thanks for understanding.,Anytime.  I will let you know if anything changes.,You're welcome.,Hopefully this will be the last change.,Let me know if there is something else I can do to help.,-0.010,0.970,-0.089,-0.773,-0.359,24.548656,1.041106,0.473158,11.615387,0.492607,53.087474,0.714110,0.000000,25.118750,0.337887
test.ca-cb.ca::00425,test.ca-cb.ca::00425__row553,Not a problem man thanks for the heads up,0.0,content_diversity,I appreciate your flexibility.,Thanks for making this so easy.,I love how you just go with the flow.,Thanks for bearing with me through all the changes.,I appreciate your patience.,-0.058,0.919,-0.377,-0.777,-0.535,49.513038,1.341816,0.462337,22.891695,0.620371,40.074890,0.769364,0.000000,18.528093,0.355705
test.ca-cb.ca::00426,test.ca-cb.ca::00426__row554,I can't understand a word you're saying try speaking american,1.0,content_diversity,American isn't a language!,You should learn stuff.,"You know this website is world wide, right?",Is American the same as English?,Uneducated people should not be teaching others.,-0.011,0.979,-0.136,-0.638,-0.129,15.359604,0.604149,0.392835,6.033783,0.237331,53.237654,1.157052,0.000000,20.913591,0.454530
test.ca-cb.ca::00426,test.ca-cb.ca::00426__row555,I can't understand a word you're saying try speaking american,0.0,content_diversity,I forgot to bring my American Language 101 textbook.,How do you say Stupid in American?,"There are many languages in this world, and American ain't one of them.",How many people here speak American?,I'm fluent in American!,-0.019,0.969,-0.180,-0.814,-0.334,28.487921,0.384274,0.434054,12.365304,0.166796,51.776607,0.724490,0.000000,22.473857,0.314468
test.ca-cb.ca::00427,test.ca-cb.ca::00427__row556,Okay no worries sorry to waste your time,1.0,content_diversity,It's okay.,"Yeah, don't do it again.",You waste everyone's time.,Whatever.,Time is very valuable.,0.000,1.000,-0.328,-0.646,-0.257,25.855262,1.689223,0.237894,6.150820,0.401857,29.236749,1.264571,0.000000,6.955256,0.300834
test.ca-cb.ca::00427,test.ca-cb.ca::00427__row557,Okay no worries sorry to waste your time,0.0,content_diversity,I don't accept your apology.,Don't care about your sorry.,"Too late, my time is wasted.",I can never get that time back.,Just leave me alone.,-0.010,0.978,-0.192,-0.698,-0.412,38.497258,1.291286,0.347482,13.377095,0.448698,31.228652,0.848605,0.000000,10.851387,0.294875
test.ca-cb.ca::00428,test.ca-cb.ca::00428__row558,I wish I knew how awesome it felt,1.0,content_diversity,"well, we can go try it out one more time if you want","i wish so too, but we can go together if you are free",do you think it would be worth it?,i don't think youi want to,i can take you there if you want.,-0.064,0.900,-0.147,-0.784,-0.388,37.301596,0.964173,0.327637,12.221387,0.315899,66.769065,1.163124,0.000000,21.876024,0.381083
test.ca-cb.ca::00428,test.ca-cb.ca::00428__row559,I wish I knew how awesome it felt,0.0,content_diversity,that would be great,"well, just let me know when next you would be free",it feels like i am wasting away here,hope it does not cost much?,it will be ok soon.,-0.027,0.964,-0.062,-0.698,-0.277,30.963494,0.641590,0.272568,8.439671,0.174877,76.259987,2.182869,0.000000,20.786065,0.594981
test.ca-cb.ca::00429,test.ca-cb.ca::00429__row560,I bet he stays as long as peyton,1.0,content_diversity,What a thoughtless and idiotic response,"I seriously doubt it, seems like he's about to leave.",I think we need more evidence before we make such a proclamation,"I used to disagree, but I think it's looking more and more likely","Maybe, but the team will probably suck either regardless",-0.020,0.952,-0.105,-0.659,-0.302,19.496142,0.282728,0.415200,8.094805,0.117389,41.067984,0.917616,0.000000,17.051443,0.380995
test.ca-cb.ca::00429,test.ca-cb.ca::00429__row561,I bet he stays as long as peyton,0.0,content_diversity,He said last year he wanted out,Anyone in his position would be looking to leave ASAP,"The team will be worse without him, but it looks like this is the case",Rogers left quickly when he was in a similar position,If he were smart he'd look for a way out,-0.017,0.973,-0.166,-0.687,-0.396,48.317001,0.747231,0.400748,19.362962,0.299452,61.204148,0.518282,0.000000,24.527465,0.207701
test.ca-cb.ca::00430,test.ca-cb.ca::00430__row562,I'm 12 years old and what is this,1.0,content_diversity,lol too edgy for me,"Someday you'll learn, son",I think OP was being sarcastic,"Hey I'm 12 too, I can explain!",Ask your parents,-0.003,0.992,-0.051,-0.607,-0.090,34.408297,1.090816,0.255750,8.799936,0.278977,53.578876,1.681267,0.000000,13.702819,0.429985
test.ca-cb.ca::00430,test.ca-cb.ca::00430__row563,I'm 12 years old and what is this,0.0,content_diversity,The guy you're responding to was being sarcastic,I think you missed the joke OP was going for,"You're aware that comment was being sarcastic, right?","Just fyi, OP was being sarcastic","It was a joke, OP wasn't serious",-0.065,0.923,-0.188,-0.882,-0.609,60.019407,1.443382,0.338578,20.321254,0.488697,26.746880,0.540240,0.000000,9.055907,0.182913
test.ca-cb.ca::00431,test.ca-cb.ca::00431__row564,Like id post it online o  nice try spider,1.0,content_diversity,i really don't get that,is this a joke or what?,that does not really make any sense,"well, if you feel like, you can.",so what are you planning to do?,-0.012,0.975,-0.017,-0.662,-0.359,26.204099,0.877271,0.386678,10.132551,0.339222,40.535949,1.099145,0.000000,15.674364,0.425015
test.ca-cb.ca::00431,test.ca-cb.ca::00431__row565,Like id post it online o  nice try spider,0.0,content_diversity,"yeah, i feel like its the right thing","lol, you sound jealous",i am sure gonna do it.,don't make me look like a dracula,"hehehe, could you help me?",-0.010,0.980,-0.061,-0.660,-0.163,22.969414,1.005698,0.299791,6.886021,0.301499,28.055674,1.193187,0.000000,8.410836,0.357706
test.ca-cb.ca::00432,test.ca-cb.ca::00432__row566,You wouldnt say that if you could see out of my window,1.0,content_diversity,Want to bet?,I agree there.,I don't like to look outside of windows.,I say whatever I want to say mostly.,Big talk from you.,-0.024,0.954,-0.108,-0.641,-0.184,16.036152,0.174801,0.245736,3.940665,0.042955,49.441386,1.396473,0.000000,12.149544,0.343164
test.ca-cb.ca::00432,test.ca-cb.ca::00432__row567,You wouldnt say that if you could see out of my window,0.0,content_diversity,Lead the way.,I'm not scared of looking out of your window.,I've seen out of your window already pal.,There isn't much to see.,Show me your window then.,-0.048,0.888,-0.242,-0.767,-0.252,28.868858,0.752472,0.326159,9.415838,0.245425,49.410764,1.853108,0.000000,16.115765,0.604408
test.ca-cb.ca::00433,test.ca-cb.ca::00433__row568,Thats what being in a different translation unit means,1.0,content_diversity,Thank you for the explanation.,I'd have to say you are wrong here.,"Yeah, I don't really care.",Can you explain a little more?,What is a translation unit?,-0.013,0.979,-0.048,-0.644,-0.233,28.489984,0.990213,0.459561,13.092878,0.455063,40.516458,1.210004,0.000000,18.619773,0.556071
test.ca-cb.ca::00433,test.ca-cb.ca::00433__row569,Thats what being in a different translation unit means,0.0,content_diversity,"Ahh, I didn't know that, so thanks.","Cool, you learn something new everyday.","You seem pretty smart, thanks for the info.",Just want to say I appreciate the knowledge.,"Nice, thanks for the explanation.",-0.036,0.943,-0.235,-0.754,-0.491,39.182738,0.886287,0.428429,16.787032,0.379711,42.378747,1.023177,0.000000,18.156296,0.438359
test.ca-cb.ca::00434,test.ca-cb.ca::00434__row570,Don't knock it until you try it my friend,1.0,content_diversity,I have tried it!,What makes you such an expert?,"Maybe you should take your own advice, I haven't seen you there.",I have enough information to have an opinion about it.,Don't call me your friend until you've made an effort.,-0.030,0.952,-0.209,-0.705,-0.265,20.684399,0.417400,0.444657,9.197471,0.185600,63.107841,0.849972,0.000000,28.061368,0.377946
test.ca-cb.ca::00434,test.ca-cb.ca::00434__row571,Don't knock it until you try it my friend,0.0,content_diversity,I've been trying it for the past 3 months.,I've been doing it and believe I am allowed to have an opinion.,"Actually, my friend, I've done it several times.","Maybe don't comment like that to people don't know, I have tried it.","I have tried it and I don't like it, I'm allowed to have an opinion.",-0.081,0.847,-0.298,-0.875,-0.428,37.707537,0.683216,0.465360,17.547561,0.317941,88.224252,1.116073,0.000000,41.055996,0.519375
test.ca-cb.ca::00435,test.ca-cb.ca::00435__row572,Must be annoying those times that googles down,1.0,content_diversity,you really have no idea how terrible it was,is was like going back to the stone age,it was frustrating actually,"well, we couldn't have done anything there.",it feels like we were going to lose all our clients,-0.032,0.949,-0.125,-0.699,-0.298,18.194370,0.716469,0.411125,7.480167,0.294559,45.688083,0.815974,0.000000,18.783529,0.335468
test.ca-cb.ca::00435,test.ca-cb.ca::00435__row573,Must be annoying those times that googles down,0.0,content_diversity,"i can imagine, stuffs like that aren't easy to deal with.",we really had to make do with what we had,"i bet you, i was really annoying",thank God we were able to scale through,good to know you are fully back now.,-0.023,0.955,-0.051,-0.688,-0.376,23.693230,0.687176,0.342373,8.111913,0.235270,46.069333,1.216079,0.000000,15.772877,0.416352
test.ca-cb.ca::00436,test.ca-cb.ca::00436__row574,Lost it when I saw there are two is,1.0,content_diversity,What does that even mean?,"Honestly, I did too!","Yeah, this post was so hilarious.","I disagree, this post was very boring and obviously fake.",You should work on your communication ability.,-0.020,0.951,-0.129,-0.633,-0.219,31.012104,1.008323,0.329592,10.221354,0.332336,65.687609,1.376514,0.000000,21.650137,0.453688
test.ca-cb.ca::00436,test.ca-cb.ca::00436__row575,Lost it when I saw there are two is,0.0,content_diversity,The comedic timing was on point.,I was laughing so hard at that!,This post had me rolling on the floor laughing.,"After seeing the post, I spit out my coffee and proceeded to die laughing",There are so many levels of comedic genius to post.,-0.025,0.957,-0.212,-0.825,-0.444,20.063992,0.427707,0.381484,7.654088,0.163163,86.727018,1.126700,0.000000,33.084954,0.429818
test.ca-cb.ca::00437,test.ca-cb.ca::00437__row576,Yeah it's the best   no other like it,1.0,content_diversity,"Yikes, I wouldn't go that far...",No way! Have you seen the new one?,So true - I always tell people that too!,"To be honest, I don't really know any others.","It's pretty good, but not that great.",-0.016,0.979,-0.096,-0.663,-0.240,41.561195,1.069733,0.379474,15.771403,0.405936,36.870933,0.869080,0.000000,13.991569,0.329793
test.ca-cb.ca::00437,test.ca-cb.ca::00437__row577,Yeah it's the best   no other like it,0.0,content_diversity,Completely with you on that.,Most people I talk to say so too.,"Yeah, everyone I've introduced to it loves it.",Agreed - it even beats out all the suggestions I've received.,"Yeah, I'd certainly recommend it to others.",-0.022,0.964,-0.147,-0.734,-0.430,37.291510,0.761604,0.371127,13.839870,0.282651,60.184355,0.907207,0.000000,22.336014,0.336689
test.ca-cb.ca::00438,test.ca-cb.ca::00438__row578,Id be more inclined to say thats the op,1.0,content_diversity,"Yeah, I'd agree.",I'd be inclined to say that you are wrong.,What about the OP?,I don't like the OP at all for that reason.,Who knows at this point.,-0.012,0.974,-0.166,-0.669,-0.243,11.423536,0.400364,0.348567,3.981872,0.139554,37.726011,1.229067,0.000000,13.150056,0.428413
test.ca-cb.ca::00438,test.ca-cb.ca::00438__row579,Id be more inclined to say thats the op,0.0,content_diversity,That's why I disagree.,The OP has a history of being wrong.,I don't care about the OPs opinion.,"The OP is wrong, that is why.","Yeah? Well no wonder, the OP is just wrong here.",-0.031,0.937,-0.232,-0.789,-0.476,7.725023,0.552102,0.327523,2.530120,0.180826,95.424540,1.287816,0.000000,31.253703,0.421789
test.ca-cb.ca::00439,test.ca-cb.ca::00439__row580,And everybody who disagrees with you must think that way amirite,1.0,content_diversity,That is not necessarily true.,Don't be so sure of yourself.,Why would you think that?,Why are you trying to come off so arrogant.,Maybe but who knows?,-0.009,0.979,-0.047,-0.702,-0.487,13.425464,0.245346,0.394852,5.301075,0.096875,56.528255,2.121089,0.000000,22.320310,0.837517
test.ca-cb.ca::00439,test.ca-cb.ca::00439__row581,And everybody who disagrees with you must think that way amirite,0.0,content_diversity,The evidence points to that I am right.,Because it shows it right here.,"Well, look at the numbers.",Look at how everyone else is responding. It shows it right there.,Because everything is listed on the paper.,-0.032,0.933,-0.271,-0.731,-0.431,24.541044,0.736988,0.362650,8.899816,0.267269,56.827828,0.580352,0.000000,20.608627,0.210465
test.ca-cb.ca::00440,test.ca-cb.ca::00440__row582,It's never the dog that is retarded  the owner needs the class,1.0,content_diversity,I totally agree with that.,Sometimes the dog is pretty retarded too.,Dog owners don't have any manners or respect.,You don't see cat owners acting like this.,The dog gets blamed when the owner is the real problem.,-0.013,0.969,-0.228,-0.718,-0.215,28.153982,0.719562,0.445955,12.555404,0.320892,29.724477,0.497103,0.000000,13.255774,0.221686
test.ca-cb.ca::00440,test.ca-cb.ca::00440__row583,It's never the dog that is retarded  the owner needs the class,0.0,content_diversity,They think the world revolves around them.,It's as if they only care about themselves.,Dog owners don't care about anyone else.,They act like this because they know they can get away with it.,"They are self-centered people that need constant attention, hence the dog.",-0.020,0.965,-0.242,-0.704,-0.309,12.100331,0.513452,0.465318,5.630496,0.238918,90.078265,0.918738,0.000000,41.914998,0.427505
test.ca-cb.ca::00441,test.ca-cb.ca::00441__row584,Thats the very first thing I noticed too,1.0,content_diversity,I never saw it until you told me.,"What about that other thing, you must have seen that!",I have no idea what you're referring to.,It's not that big of a deal.,I didn't watch the whole thing.,-0.015,0.974,-0.181,-0.679,-0.331,19.247309,0.467186,0.443548,8.537102,0.207219,66.033415,0.756040,0.000000,29.288977,0.335340
test.ca-cb.ca::00441,test.ca-cb.ca::00441__row585,Thats the very first thing I noticed too,0.0,content_diversity,"Thanks to you, I noticed it as well.","Took a while, but I can see what you were talking about.","Before you mentioned it, I completely skimmed over that part.","I would've missed it if I hadn't read your comment,",I hadn't though about it until now.,-0.045,0.953,-0.161,-0.779,-0.488,42.132711,0.628876,0.464188,19.557484,0.291917,36.103692,0.549150,0.000000,16.758888,0.254909
test.ca-cb.ca::00442,test.ca-cb.ca::00442__row586,How has destiny not been taken down yet,1.0,content_diversity,"there's nothing to take down, he's great",why don't you try to take him down,why would we want to take down destiny,destiny can't be take down,destiny will be eventually taken down,-0.072,0.909,-0.177,-0.901,-0.312,33.905285,1.073283,0.391021,13.257690,0.419676,39.022493,0.796348,0.000000,15.258627,0.311389
test.ca-cb.ca::00442,test.ca-cb.ca::00442__row587,How has destiny not been taken down yet,0.0,content_diversity,you should try taking destiny down yourself,if taking destiny down is so important you should give it a try,"if you think you can do it, take destiny down yourself",take destiny down yourself tough guy,destiny is waiting to be take down by you,-0.139,0.841,-0.197,-0.975,-0.647,49.448263,1.060295,0.407857,20.167803,0.432448,49.862555,1.075646,0.000000,20.336775,0.438709
test.ca-cb.ca::00443,test.ca-cb.ca::00443__row588,Ill be in favor of drug tests when they implement alcohol tests,1.0,content_diversity,Right on!,I don't think that is fair.,Alcohol is drugs.,I don't care since I'm completely sober.,They already have those,-0.015,0.961,-0.123,-0.617,-0.184,18.510145,0.889586,0.293022,5.423878,0.260668,39.580284,2.649936,0.000000,11.597890,0.776489
test.ca-cb.ca::00443,test.ca-cb.ca::00443__row589,Ill be in favor of drug tests when they implement alcohol tests,0.0,content_diversity,They are very different things.,For what reason would you need alcohol tests?,"I disagree, I just think it isn't necessary.",It's not right to implement alcohol tests.,How is that fair?,-0.003,0.988,-0.141,-0.658,-0.262,25.430123,0.232292,0.440402,11.199472,0.102302,36.551543,1.245609,0.000000,16.097365,0.548569
test.ca-cb.ca::00444,test.ca-cb.ca::00444__row590,What you're describing sounds a lot like love hate,1.0,content_diversity,i don't think you took your time to understand it,are you really sure about that?,maybe you should look at the piece closely to understand.,i believe that is what i'm inclined towards right now,"well, my feelings are quite messed up right now, so maybe.",-0.022,0.961,-0.121,-0.753,-0.344,26.286653,0.593904,0.410194,10.782638,0.243616,75.754990,0.727484,0.000000,31.074272,0.298410
test.ca-cb.ca::00444,test.ca-cb.ca::00444__row591,What you're describing sounds a lot like love hate,0.0,content_diversity,"yeah, at least from what i can see. it seems so",maybe you should expatiate further.,i have been trying to make sense of al this,is there something you feel i am missing?,let me look closely one more time..,-0.009,0.985,0.055,-0.685,-0.376,13.828327,0.267996,0.362178,5.008319,0.097062,39.295047,1.032484,0.000000,14.231809,0.373943
test.ca-cb.ca::00445,test.ca-cb.ca::00445__row592,But why is a family member stopping you guys from being together,1.0,content_diversity,This person is a racist and small-minded individual.,"Unfortunately, this family member has nothing better to do than meddle.","I honestly don't know, it's pretty ridiculous.","Good question, I don't understand it either.","Jealousy, my friend, plain old selfish jealousy",-0.006,0.990,-0.058,-0.650,-0.322,21.634698,0.400538,0.421528,9.119633,0.168838,51.888565,1.079444,0.000000,21.872489,0.455016
test.ca-cb.ca::00445,test.ca-cb.ca::00445__row593,But why is a family member stopping you guys from being together,0.0,content_diversity,She is a very jealous person.,"He is unsatisfied in his relationship, so he doesn't want me to be happy in mine.","She thinks it's unfair that I spend less time with her now, and more with him.","He is so envious, he hates her.","She says she doesn't trust that our relationship is solid, but I think she is secretly covetous.",-0.033,0.945,-0.335,-0.724,-0.496,15.651536,0.541004,0.383382,6.000524,0.207412,128.639240,1.685744,0.000000,49.318026,0.646285
test.ca-cb.ca::00446,test.ca-cb.ca::00446__row594,Lol I guess I need to work on my reading skills,1.0,content_diversity,"you really need to, if you want to pass your exams","i bet you should, youre demn too slow","well, i think you are over reacting",its not as bad as you think,i think you are still better than i am.. lol,-0.067,0.909,-0.036,-0.698,-0.293,24.465661,0.848886,0.325420,7.961611,0.276244,96.448415,2.547279,0.000000,31.386227,0.828935
test.ca-cb.ca::00446,test.ca-cb.ca::00446__row595,Lol I guess I need to work on my reading skills,0.0,content_diversity,i don't think so,i still have a lot to read and i am still here,"pascal said i need to, so what are you saying","i know so, and i am not over reacting",what else do you want me to think?,-0.046,0.928,-0.033,-0.606,-0.188,49.344404,1.230552,0.298043,14.706759,0.366757,76.635929,0.873438,0.000000,22.840809,0.260322
test.ca-cb.ca::00447,test.ca-cb.ca::00447__row596,For the love of god don't click that,1.0,content_diversity,It's probably a bad idea to click that.,This isn't the click that you are looking for.,"click that, you shall not.",Be not thine individual whom would surely clicketh.,"All ye whom shall come across that, shall most assuredly not click it, indeed and forsooth.",-0.037,0.947,-0.068,-0.891,-0.541,2.901013,0.734254,0.330625,0.959148,0.242763,180.360947,1.798695,0.000000,59.631881,0.594694
test.ca-cb.ca::00447,test.ca-cb.ca::00447__row597,For the love of god don't click that,0.0,content_diversity,Clicking that would be unwise,Clicking that would be an unfortunate choice on an individual's part.,Clicking that would represent a poor life choice.,It would be a bad decision to click that.,An individual would be making a poor decision by clicking that.,-0.138,0.848,-0.479,-0.977,-0.729,59.632697,1.271649,0.399579,23.827992,0.508125,38.507611,0.423929,0.000000,15.386845,0.169393
test.ca-cb.ca::00448,test.ca-cb.ca::00448__row598,Does the page fail to load for anyone else,1.0,content_diversity,the page loads for me,"what's a page, can you make your question clearer","the page fails to load for me as well, can anyone help",check with the company to see about the page,page only loads in certain places,-0.051,0.930,-0.077,-0.864,-0.372,31.697801,0.650623,0.414662,13.143869,0.269789,75.480264,1.324136,0.000000,31.298785,0.549069
test.ca-cb.ca::00448,test.ca-cb.ca::00448__row599,Does the page fail to load for anyone else,0.0,content_diversity,"yep, the page is loading for me too, sorry i can't help",page is up and running for me,i live in the US and the page is loading fine for me,the page work great for me,I don't have any problems with the page,-0.122,0.856,-0.217,-0.901,-0.486,30.912360,0.862765,0.428799,13.255187,0.369953,66.373419,0.955295,0.000000,28.460852,0.409630
test.ca-cb.ca::00449,test.ca-cb.ca::00449__row600,Hi and welcome  what was the last thing you read,1.0,content_diversity,I haven't read anything in quite some time,"Dune, and I am looking forward to the movie","Forgive me, but I do not speak English","Read anything, or read a book?",You don't really care,-0.010,0.983,-0.070,-0.634,-0.174,32.122802,0.688606,0.361294,11.605760,0.248789,48.255545,1.574454,0.000000,17.434415,0.568840
test.ca-cb.ca::00449,test.ca-cb.ca::00449__row601,Hi and welcome  what was the last thing you read,0.0,content_diversity,I wish I could find more time to read.,I would like to read more but can't seem to find the motivation.,Reading is something that I would like to do more of.,I haven't reach much since I left school.,I am embarassed to say that I don't really consume many books.,-0.085,0.897,-0.297,-0.830,-0.493,29.402545,0.699706,0.423315,12.446544,0.296196,76.835704,1.394688,0.000000,32.525722,0.590393
test.ca-cb.ca::00790,test.ca-cb.ca::00790__row602,And when we ask them to build proper roads they shrug off,1.0,content_diversity,Libertarians are so full of it,The government can't do anything right,It really seems like it shouldn't be too much to ask,Please can't we have a proper road as a treat,We should be able to have the slightest functioning road at minimum,-0.012,0.969,-0.039,-0.681,-0.233,21.089665,0.596082,0.403523,8.510171,0.240533,70.468551,1.340686,0.000000,28.435701,0.540998
test.ca-cb.ca::00790,test.ca-cb.ca::00790__row603,And when we ask them to build proper roads they shrug off,0.0,content_diversity,The state is terrible at everything.,There is nothing the government can achieve correctly,It seems like the government fails at everything,"Overall, everything the state touches turns bad",All the government does is fail at things,-0.063,0.916,-0.386,-0.817,-0.671,54.878975,1.174265,0.375971,20.632912,0.441490,38.468868,0.669782,0.000000,14.463185,0.251819
test.ca-cb.ca::00791,test.ca-cb.ca::00791__row604,What if I told you that you can enjoy steak and beans,1.0,content_diversity,What if I told you to go screw yourself?,Maybe you enjoy steak and beans but there are some of us who don't.,"Unless they are made from scratch baked beans....ummmm, no.",Go enjoy your steak and beans - we're talking about baked potatoes.,Go away - we're not even talking about steak and beans.,-0.051,0.913,-0.173,-0.762,-0.282,63.953874,1.049209,0.393551,25.169086,0.412917,80.102421,1.163114,0.000000,31.524356,0.457744
test.ca-cb.ca::00791,test.ca-cb.ca::00791__row605,What if I told you that you can enjoy steak and beans,0.0,content_diversity,It would be nice if you'd remotely stick to the subject.,Get lost with your steak and beans,We're talking about Chinese food so beat it,"When we're talking about steak and beans, we'll come get you.",Just stop...we're talking about something totally different.,-0.029,0.957,-0.063,-0.708,-0.191,40.006823,0.972300,0.370427,14.819619,0.360167,63.518721,0.746770,0.000000,23.529069,0.276624
test.ca-cb.ca::00792,test.ca-cb.ca::00792__row606,the room   the room   the room   the room   the room,1.0,content_diversity,I love it so much,It's a hilariously good time,I saw it last year at a screen and it was a blast.,It sucks so much dude,You have clearly lost your mind,-0.024,0.952,-0.158,-0.634,-0.300,36.065466,1.005621,0.304940,10.997813,0.306654,65.649329,1.175070,0.000000,20.019124,0.358326
test.ca-cb.ca::00792,test.ca-cb.ca::00792__row607,the room   the room   the room   the room   the room,0.0,content_diversity,I think you have lost it,You've lost your marbles,I don't think you brain is working,Your mind is going haywire,I think your head is scrambled,-0.048,0.918,-0.368,-0.736,-0.457,44.932083,1.598842,0.329892,14.822715,0.527445,18.688593,0.366647,0.000000,6.165209,0.120954
test.ca-cb.ca::00793,test.ca-cb.ca::00793__row608,The apple doesn't fall too far from the tree,1.0,content_diversity,it can roll away after,depends on how large the tree is,how big is this tree,talk about gravity,I wonder what would happen to apple trees in space,-0.010,0.980,-0.107,-0.652,-0.197,6.912584,0.926389,0.352215,2.434718,0.326288,47.747228,1.207317,0.000000,16.817303,0.425235
test.ca-cb.ca::00793,test.ca-cb.ca::00793__row609,The apple doesn't fall too far from the tree,0.0,content_diversity,it can move after falling,there is a chance it rolls away afterward,"once it is landed, it can roll",there is moment to its landing,apple is round and can roll,-0.057,0.915,-0.190,-0.793,-0.426,41.902622,1.315504,0.289905,12.147781,0.381371,35.474403,0.825055,0.000000,10.284208,0.239188
test.ca-cb.ca::00794,test.ca-cb.ca::00794__row610,Lol p beef jerky isn't that popular here in the finnish woods,1.0,content_diversity,"I agree, no one eats it here","I disagree, me and my family eat it often",And where is it popular?,What makes you think so?,People here are just not that into processed meat products,-0.014,0.978,-0.104,-0.627,-0.243,15.496208,0.910977,0.410142,6.355653,0.373630,47.545287,0.591226,0.000000,19.500343,0.242487
test.ca-cb.ca::00794,test.ca-cb.ca::00794__row611,Lol p beef jerky isn't that popular here in the finnish woods,0.0,content_diversity,"I couldn't disagree more, my family eats it all the time",Me and my family eat it quite often,"I think that's not true, we eat it often","That is incorrect, my family eats it a lot","Not true, it's quite often snack in my house",-0.076,0.888,-0.338,-0.914,-0.685,37.587599,0.925569,0.428342,16.100347,0.396460,54.925213,1.268216,0.000000,23.526775,0.543230
test.ca-cb.ca::00795,test.ca-cb.ca::00795__row612,The number of people who masturbated while thinking about me,1.0,content_diversity,You think too highly of yourself.,I often wonder how many people have done that with me too.,How many people do you think it was?,That is a very interesting thought.,It is probably thousands!,-0.016,0.966,-0.137,-0.734,-0.358,20.334051,0.350405,0.443761,9.023452,0.155496,37.880826,1.153614,0.000000,16.810021,0.511928
test.ca-cb.ca::00795,test.ca-cb.ca::00795__row613,The number of people who masturbated while thinking about me,0.0,content_diversity,The number is likely in the thousands.,No doubt several thousand people.,There are in all likelihood numbers with four digits or more!,Almost certainly it's a four digit number or higher.,It's very likely that 1000s have done so.,-0.011,0.975,-0.279,-0.767,-0.541,50.687066,0.938090,0.402830,20.418260,0.377890,60.334102,1.009789,0.000000,24.304374,0.406773
test.ca-cb.ca::00796,test.ca-cb.ca::00796__row614,Yeah I feel like call of duty just isn't very realistic anymore,1.0,content_diversity,I agree with you,Why do you think so?,I think it is very realistic,Then find a new game to play,You can stop playing games,-0.012,0.978,-0.036,-0.679,-0.225,12.882118,0.506776,0.409053,5.269475,0.207299,35.265057,1.016569,0.000000,14.425293,0.415831
test.ca-cb.ca::00796,test.ca-cb.ca::00796__row615,Yeah I feel like call of duty just isn't very realistic anymore,0.0,content_diversity,Try a different game,Find something else to play,Just buy a new game,Change games with someone,You should get a new game to play,-0.048,0.905,-0.363,-0.918,-0.552,37.220425,1.701993,0.329834,12.276571,0.561376,31.233320,1.261232,0.000000,10.301818,0.415997
test.ca-cb.ca::00797,test.ca-cb.ca::00797__row616,These cars will be for sale in russia in a 4 days,1.0,content_diversity,I want them now,who cares about russia?,I don't want to know about those cars,I don't care for these cars,why are you telling me these for?,-0.030,0.943,-0.209,-0.672,-0.208,22.041230,0.811610,0.327322,7.214587,0.265658,33.994168,1.145983,0.000000,11.127051,0.375106
test.ca-cb.ca::00797,test.ca-cb.ca::00797__row617,These cars will be for sale in russia in a 4 days,0.0,content_diversity,I don't like these cars,I do not want these cars,these cars are not my favorite,these are not my car types,I am not a fan of them,-0.094,0.878,-0.497,-0.837,-0.658,37.982023,1.422876,0.317268,12.050497,0.451434,30.644686,1.233782,0.000000,9.722591,0.391440
test.ca-cb.ca::00798,test.ca-cb.ca::00798__row618,Do you play league of legends are you diamond,1.0,content_diversity,Yes I do but I am platinum,"No, I think videogames are waste of time",Who even plays that anymore,I think it is the best game of all time,I used to but it is not interesting anymore,-0.041,0.932,-0.196,-0.671,-0.226,28.972146,0.952498,0.397529,11.517258,0.378645,26.494690,0.763702,0.000000,10.532398,0.303593
test.ca-cb.ca::00798,test.ca-cb.ca::00798__row619,Do you play league of legends are you diamond,0.0,content_diversity,"No, videogames just waste your time","No, I think you can be more productive than playing games",Videogames are just time wasters,You can spend more quality time than playing videogames,Playing videogames is just time being wasted,-0.054,0.925,-0.304,-0.961,-0.578,60.691950,1.444662,0.350660,21.282229,0.506585,34.693970,0.337073,0.000000,12.165782,0.118198
test.ca-cb.ca::00799,test.ca-cb.ca::00799__row620,Moon landing july 20  michael jackson death june 25,1.0,content_diversity,It's chalking up to be an intersting year isn't it.,That is so wild.,I can't believe the things that are happening lately.,Michael Jackson RIP.,I want to go to the moon too!,-0.008,0.976,-0.155,-0.616,-0.142,19.760012,0.699822,0.339462,6.707764,0.237563,74.799182,1.637606,0.000000,25.391444,0.555904
test.ca-cb.ca::00799,test.ca-cb.ca::00799__row621,Moon landing july 20  michael jackson death june 25,0.0,content_diversity,Michael Jackson will be dearly missed.,Rest in peace M.J.,"Always remembered, Michael Jackson.","Gone but not forgotten, RIP Michael Jackson.","Gone to soon, and will be missed.",-0.051,0.917,-0.251,-0.759,-0.282,18.122546,0.577562,0.374163,6.780792,0.216102,48.694565,1.718900,0.000000,18.219720,0.643149
test.ca-cb.ca::00800,test.ca-cb.ca::00800__row622,Cool thanks would it support multiple people using it at once,1.0,content_diversity,I don't think it can do that.,I think it's over hyped.,It is too expensive.,I'll just wait and see.,What does it even do anyway?,-0.013,0.970,-0.248,-0.680,-0.267,27.567257,1.338678,0.317199,8.744305,0.424627,15.442150,0.800158,0.000000,4.898234,0.253809
test.ca-cb.ca::00800,test.ca-cb.ca::00800__row623,Cool thanks would it support multiple people using it at once,0.0,content_diversity,It costs too much.,It can be rather costly can't it?,I don't think I can afford it.,Is it really that expensive.,It probably costs more than I can afford.,-0.041,0.917,-0.243,-0.859,-0.718,33.172582,1.226477,0.343578,11.397373,0.421391,46.994576,1.400259,0.000000,16.146307,0.481098
test.ca-cb.ca::00801,test.ca-cb.ca::00801__row624,Oh god you better go to that interview then,1.0,content_diversity,what interview are you talking about?,how do you even know I have an interview?,I don't need to go anywhere I do not want to,there is no reason for me to,thanks for the reminder,-0.016,0.962,-0.005,-0.644,-0.195,34.775407,0.833609,0.489217,17.012735,0.407816,37.644566,0.674390,0.000000,18.416377,0.329923
test.ca-cb.ca::00801,test.ca-cb.ca::00801__row625,Oh god you better go to that interview then,0.0,content_diversity,I don't have to,there is no reason I need to do anything,I would not if I do not desire to,"if I don't want to, I would not go",There is no reason for me to go if I do not feel like it,-0.117,0.832,-0.268,-0.773,-0.539,42.235369,1.422371,0.391463,16.533604,0.556806,43.280502,0.643274,0.000000,16.942736,0.251818
test.ca-cb.ca::00802,test.ca-cb.ca::00802__row626,Thats not a quest mod I have it too,1.0,content_diversity,good for you,i dont agree with that,what does that mean again,what kinda mod is that,whats this about,-0.016,0.971,0.099,-0.668,-0.315,28.027976,1.194262,0.405273,11.358988,0.484002,15.957909,1.057715,0.000000,6.467313,0.428663
test.ca-cb.ca::00802,test.ca-cb.ca::00802__row627,Thats not a quest mod I have it too,0.0,content_diversity,very good,yeah thats so so good,proud and good,that is so good im glad,hey thats great,-0.046,0.923,-0.200,-0.813,-0.758,30.360587,1.737251,0.270248,8.204894,0.469489,34.970915,1.906999,0.000000,9.450827,0.515363
test.ca-cb.ca::00803,test.ca-cb.ca::00803__row628,Dat jon tho  I'm dying laughing this is great,1.0,content_diversity,what exactly is great?,its not,its funny,not sure what the joke is,you are great!,-0.024,0.953,-0.113,-0.692,-0.296,10.768105,1.231289,0.300054,3.231013,0.369453,34.254902,1.622760,0.000000,10.278321,0.486916
test.ca-cb.ca::00803,test.ca-cb.ca::00803__row629,Dat jon tho  I'm dying laughing this is great,0.0,content_diversity,you are something great!,you are awesome,very great of you!,that is cool you are pretty great,how great is that,-0.067,0.904,-0.278,-0.875,-0.814,32.864008,1.475656,0.333660,10.965397,0.492367,38.101407,1.530521,0.000000,12.712906,0.510673
test.ca-cb.ca::00804,test.ca-cb.ca::00804__row630,Every single graduate student in physics is about to ruin their career,1.0,content_diversity,not everyone would,why would you say that?,that makes no sense,I do not understand why that would happen,physics is a good skill to have,-0.023,0.963,-0.084,-0.619,-0.363,21.281410,0.950247,0.366890,7.807942,0.348636,28.896205,0.657402,0.000000,10.601736,0.241194
test.ca-cb.ca::00804,test.ca-cb.ca::00804__row631,Every single graduate student in physics is about to ruin their career,0.0,content_diversity,what you just said makes little sense,there is not true,I don't understand what you said,why would you say something that has little meaning?,that generalization makes it little sense.,-0.039,0.929,-0.147,-0.809,-0.661,18.020117,0.675355,0.366104,6.597236,0.247250,67.604321,1.838675,0.000000,24.750208,0.673146
test.ca-cb.ca::00805,test.ca-cb.ca::00805__row632,After reading this thread I swear I never want to have kids,1.0,content_diversity,Well then it's unfortunate that you have one on the way.,"I agree, I don't need that kind of aggravation.",Kids can be a handful.,You'll change your mind when you have kids of your own.,It scarey isn't it?,-0.009,0.964,-0.100,-0.646,-0.327,7.909515,-0.030213,0.370531,2.930717,-0.011195,48.622147,3.275555,0.000000,18.015991,1.213693
test.ca-cb.ca::00805,test.ca-cb.ca::00805__row633,After reading this thread I swear I never want to have kids,0.0,content_diversity,Kids are hard to take care of.,Kids are always doing something wrong or dangerous.,You really have to stay on top of your game with kids.,It's a hard life to enter into.,Parenting can be very trying.,-0.021,0.963,-0.269,-0.790,-0.526,35.651782,0.713775,0.408621,14.568075,0.291664,46.453056,1.286408,0.000000,18.981705,0.525654
test.ca-cb.ca::00806,test.ca-cb.ca::00806__row634,My parents solely blame me for them not loving each other anymore,1.0,content_diversity,"Well, it's probably your fault",I'm sure they were terrible before you were born,Not your fault they made the mistake of having you,You should blame them for bringing you into the world,"Parents are completely terrible, I hate mine",-0.019,0.960,-0.160,-0.757,-0.404,24.067153,0.467517,0.449449,10.816949,0.210125,53.401621,1.174712,0.000000,24.001285,0.527972
test.ca-cb.ca::00806,test.ca-cb.ca::00806__row635,My parents solely blame me for them not loving each other anymore,0.0,content_diversity,You are likely to blame,"Most likely, you are at fault",It's because you are probably responsible,that's because it is your mistake,It is more than likely because of you,-0.039,0.941,-0.320,-0.887,-0.599,37.234918,1.144287,0.400841,14.925280,0.458677,40.000279,1.062492,0.000000,16.033750,0.425890
test.ca-cb.ca::00807,test.ca-cb.ca::00807__row636,I have no school today    teacher work day or something,1.0,content_diversity,Enjoy your time off!,Are you sure about that?,I wish school was closed here.,What grade are you in?,I thought teacher's always worked.,-0.008,0.984,-0.057,-0.643,-0.167,18.510499,0.855112,0.347276,6.428252,0.296960,39.155199,0.808299,0.000000,13.597660,0.280703
test.ca-cb.ca::00807,test.ca-cb.ca::00807__row637,I have no school today    teacher work day or something,0.0,content_diversity,Gonna game all day.,Time to have some relaxing time.,Savor it while it lasts.,Having the day off will be fun.,Make sure to catch up on sleep during the break.,-0.009,0.975,-0.231,-0.701,-0.390,17.139115,0.818369,0.297038,5.090971,0.243087,25.561625,1.991264,0.000000,7.592778,0.591481
test.ca-cb.ca::00808,test.ca-cb.ca::00808__row638,This reminded me of charlie preaching about bird law,1.0,content_diversity,How so?,When did he do that?,That was very funny.,I love Charlie!,That was a great speech.,-0.015,0.965,-0.184,-0.608,-0.269,14.910317,0.771510,0.224976,3.354463,0.173571,8.606959,4.294023,0.000000,1.936359,0.966052
test.ca-cb.ca::00808,test.ca-cb.ca::00808__row639,This reminded me of charlie preaching about bird law,0.0,content_diversity,I don't remember him preaching about birds.,Do you know when he spoke about bird law?,What episode was that?,When?,Do you have that clip?,-0.012,0.967,-0.173,-0.688,-0.312,20.198759,1.737108,0.226627,4.577575,0.393675,27.562147,5.347219,0.000000,6.246315,1.211822
test.ca-cb.ca::00809,test.ca-cb.ca::00809__row640,Man she's going to lose it once this goes viral,1.0,content_diversity,I want to see it.,She's going to be pissed.,It's so funny.,I think it's dumb.,It will never go viral.,-0.008,0.982,-0.380,-0.663,-0.175,9.999577,0.699593,0.311403,3.113896,0.217855,18.139774,1.245834,0.000000,5.648775,0.387956
test.ca-cb.ca::00809,test.ca-cb.ca::00809__row641,Man she's going to lose it once this goes viral,0.0,content_diversity,It's too boring to go viral.,Viral? I don't think so.,Never in a million years will it go viral.,"No, it won't go viral.",I don't think it will go viral.,-0.093,0.879,-0.296,-0.946,-0.602,37.145929,1.317135,0.347862,12.921658,0.458181,24.212989,1.029636,0.000000,8.422780,0.358171
test.ca-cb.ca::00810,test.ca-cb.ca::00810__row642,It's a public holiday on may 1st where I live d,1.0,content_diversity,Lucky you...I have to work a double shift :(,That's cool! What holiday is it?,Where do you live that May 1 is a holiday?,I could use a holiday right now.,We don't have another holiday coming up until July 4th and I don't count Easter.,-0.020,0.966,-0.055,-0.771,-0.288,2.595222,0.548554,0.441405,1.145544,0.242134,105.143537,0.794019,0.000000,46.410895,0.350484
test.ca-cb.ca::00810,test.ca-cb.ca::00810__row643,It's a public holiday on may 1st where I live d,0.0,content_diversity,Do you live in Europe or something?,Where do you hail from that you get a nice holiday?,Isn't May 1st May Day...whereabouts do you live?,Do you live in the UK or where that celebrates May Day?,Do you live in South Africa - if not where?,-0.105,0.868,-0.165,-0.808,-0.407,33.212373,0.601856,0.423304,14.058919,0.254768,58.840702,0.884837,0.000000,24.907486,0.374555
test.ca-cb.ca::00811,test.ca-cb.ca::00811__row644,Wow how do you have time to play the game,1.0,content_diversity,I make the time.,My responsibilities are few.,It is hard but somehow I always find a way to play.,With very careful organizing.,My belief is that one should work hard and play hard.,-0.012,0.966,-0.282,-0.704,-0.312,31.578256,1.089836,0.323692,10.221639,0.352772,55.060413,1.223503,0.000000,17.822633,0.396039
test.ca-cb.ca::00811,test.ca-cb.ca::00811__row645,Wow how do you have time to play the game,0.0,content_diversity,There are not many important things I need to be doing.,I've not got many obligations.,The duties I must fulfill are minimal.,Not much going on in my life that I have to get done.,I live a life free of many tasks I have to do.,-0.041,0.935,-0.368,-0.824,-0.748,45.513269,1.141490,0.335380,15.264229,0.382833,34.280734,1.039969,0.000000,11.497064,0.348785
test.ca-cb.ca::00812,test.ca-cb.ca::00812__row646,I'm trying to figure out of thats sarcastic or not,1.0,content_diversity,"What are you, stupid?",Why would I be sarcastic?,"No, I'm one hundred percent serious.",That's up to you to figure out.,I was definitely being sarcastic.,-0.004,0.985,-0.080,-0.663,-0.307,16.233426,0.523673,0.427019,6.931985,0.223619,20.716108,1.003797,0.000000,8.846177,0.428641
test.ca-cb.ca::00812,test.ca-cb.ca::00812__row647,I'm trying to figure out of thats sarcastic or not,0.0,content_diversity,I'm not being sarcastic.,I'm very serious.,Why would I joke about that?,I'm being very serious.,I'm not making a joke of it.,-0.065,0.912,-0.389,-0.889,-0.418,27.086824,1.193870,0.385415,10.439659,0.460135,30.537739,0.876937,0.000000,11.769692,0.337984
test.ca-cb.ca::00813,test.ca-cb.ca::00813__row648,I wish the same could be said about mine,1.0,content_diversity,Don't be so hard on yourself.,Yours is perfectly adequate.,"Yeah, his is certainly superior.","Hey, don't worry about it.",With a little hard work you will get there too.,-0.007,0.987,-0.165,-0.685,-0.372,19.632918,0.921722,0.401009,7.872979,0.369619,57.354236,1.122252,0.000000,22.999571,0.450033
test.ca-cb.ca::00813,test.ca-cb.ca::00813__row649,I wish the same could be said about mine,0.0,content_diversity,Stop kicking yourself.,Put an end to beating yourself up.,Quit torturing yourself.,Be nicer to you.,I am telling you that you need to stop putting the blame on yourself.,-0.036,0.955,-0.406,-0.778,-0.524,16.016512,1.271373,0.284400,4.555094,0.361578,69.160127,2.002516,0.000000,19.669130,0.569515
test.ca-cb.ca::00814,test.ca-cb.ca::00814__row650,You my very smart friend are totally correct,1.0,content_diversity,I know!,Nice of you to say but I'm not really,I am correct maybe but not that smart.,It didn't take a genius to figure it out!,WHy thank you my friend.,-0.015,0.970,-0.021,-0.603,-0.334,25.157955,0.734750,0.283809,7.140058,0.208529,43.942478,2.560579,0.000000,12.471278,0.726716
test.ca-cb.ca::00814,test.ca-cb.ca::00814__row651,You my very smart friend are totally correct,0.0,content_diversity,I dont think you have to be that smart to get it.,"I think most people would have figured it out, not just me.",It's not that difficult to get really.,Dumber people than me would have got it!,"I'm not smart, it just wasn't that difficult to get.",-0.077,0.880,-0.214,-0.817,-0.554,35.117116,0.885084,0.408340,14.339716,0.361415,31.235725,0.819169,0.000000,12.754789,0.334499
test.ca-cb.ca::00815,test.ca-cb.ca::00815__row652,It's been reposted a million times but I like it every time,1.0,content_diversity,Me too,I think it is the best post on reddit,I don't like it at all,Yeah I think I will repost it,There are better posts out there,-0.025,0.952,-0.102,-0.676,-0.189,25.868759,1.228700,0.255428,6.607600,0.313844,36.303620,2.658654,0.000000,9.272954,0.679094
test.ca-cb.ca::00815,test.ca-cb.ca::00815__row653,It's been reposted a million times but I like it every time,0.0,content_diversity,I will also repost it,I think I will repost that post,I will also post it again,I should repost it as well,I will repost it later,-0.172,0.810,-0.589,-0.940,-0.722,34.000500,1.328608,0.369494,12.562987,0.490913,34.690459,0.961669,0.000000,12.817923,0.355331
test.ca-cb.ca::00816,test.ca-cb.ca::00816__row654,Gotta say I like her way more with the long hair,1.0,content_diversity,She looked better with short hair.,Who is that anyway?,She looks like a guy now.,I think she is beautiful.,She could be a model now.,-0.021,0.963,-0.215,-0.658,-0.243,20.738961,0.910560,0.330586,6.856008,0.301018,17.386229,1.479231,0.000000,5.747642,0.489013
test.ca-cb.ca::00816,test.ca-cb.ca::00816__row655,Gotta say I like her way more with the long hair,0.0,content_diversity,I think she is attractive.,She is stunning.,Do they make them that beautiful anymore?,She's so gorgeous!,She is beauty personified.,-0.029,0.961,-0.380,-0.826,-0.669,25.046043,0.966686,0.357308,8.949156,0.345405,49.570935,0.849432,0.000000,17.712100,0.303509
test.ca-cb.ca::00817,test.ca-cb.ca::00817__row656,If it was blue it's due to colorblind being enabled,1.0,content_diversity,it looks green to me,im not sure what color it is,why does it matter anyway,thats annoying,whats enabled,-0.011,0.981,-0.060,-0.631,-0.239,20.042057,0.677175,0.332627,6.666520,0.225246,15.777637,2.336784,0.000000,5.248061,0.777276
test.ca-cb.ca::00817,test.ca-cb.ca::00817__row657,If it was blue it's due to colorblind being enabled,0.0,content_diversity,it does not matter,how does that matter anyway,does it really matter,im not sure how it matters,does anything matter,-0.082,0.909,-0.314,-0.917,-0.605,27.760638,1.181460,0.386711,10.735354,0.456884,25.904550,0.743244,0.000000,10.017583,0.287421
test.ca-cb.ca::00818,test.ca-cb.ca::00818__row658,No thats a piece of metal that was slapping around the head,1.0,content_diversity,what piece of metal are you talking about?,I have no idea what you mean,it must have hurt,what is the deal with that?,that is so dangerous.,-0.019,0.966,-0.042,-0.654,-0.311,14.571871,0.710323,0.424095,6.179855,0.301244,17.732501,1.638257,0.000000,7.520261,0.694776
test.ca-cb.ca::00818,test.ca-cb.ca::00818__row659,No thats a piece of metal that was slapping around the head,0.0,content_diversity,it looks painful,it looks like it would hurt,that could hurt someone,that must have been painful,that would leave someone in pain,-0.046,0.914,-0.325,-0.891,-0.770,31.099619,1.410129,0.409791,12.744335,0.577858,30.113429,0.786497,0.000000,12.340203,0.322299
test.ca-cb.ca::00819,test.ca-cb.ca::00819__row660,This is why I only do that over water now,1.0,content_diversity,do what? im curious,why are you doing this with water,i am confused about this,what are you getting at,can you elaborate,-0.024,0.956,-0.089,-0.686,-0.498,30.449523,1.204555,0.282955,8.615836,0.340834,43.925859,2.351436,0.000000,12.429029,0.665350
test.ca-cb.ca::00819,test.ca-cb.ca::00819__row661,This is why I only do that over water now,0.0,content_diversity,this is very confusing,i dont understand at all,its very confusing,how do we stop confusing things,still confused,-0.029,0.957,-0.292,-0.866,-0.550,27.535657,1.122998,0.312542,8.606061,0.350984,58.587986,1.533053,0.000000,18.311231,0.479144
test.ca-cb.ca::00820,test.ca-cb.ca::00820__row662,Well  you also got arch enemy chick with voice like a dude,1.0,content_diversity,She has a super manly voice!,Which arch enemy chick are you talking about?,I don't know who you mean.,I hate her!,She's a lame enemy.,-0.015,0.970,-0.187,-0.667,-0.255,21.127701,0.967478,0.269034,5.684080,0.260285,47.570005,2.545753,0.000000,12.797972,0.684895
test.ca-cb.ca::00820,test.ca-cb.ca::00820__row663,Well  you also got arch enemy chick with voice like a dude,0.0,content_diversity,Her voice is very masculine.,She sound's like a dude.,I think she is voiced by a man.,Her voice is husky.,They gave her a man's voice.,-0.057,0.921,-0.387,-0.791,-0.575,26.903171,1.095980,0.320323,8.617703,0.351068,20.512579,1.014862,0.000000,6.570650,0.325084
test.ca-cb.ca::00821,test.ca-cb.ca::00821__row664,Til you are supposed to change tires with the seasons,1.0,content_diversity,ride em til the wheels fall off!,i agree,it saves more money,accident waiting to happen,what are you supposed to do exactly?,-0.004,0.992,0.159,-0.564,-0.169,9.985881,1.201358,0.312465,3.120241,0.375383,57.355676,2.271635,0.000000,17.921656,0.709807
test.ca-cb.ca::00821,test.ca-cb.ca::00821__row665,Til you are supposed to change tires with the seasons,0.0,content_diversity,money saver,less money spent,more money gets saved,you spend less,its great i t saves money,-0.042,0.956,-0.209,-0.840,-0.642,11.426419,1.142498,0.220076,2.514684,0.251437,82.312061,2.507429,0.000000,18.114936,0.551826
test.ca-cb.ca::00822,test.ca-cb.ca::00822__row666,So then yes but other than yes no,1.0,content_diversity,That makes no sense at all.,That's a stupid way to answer an easy question.,Why do you bother to chime in with stupid crap like that?,"Thanks, Einstein...*rolls eyes*",I think he's trying to be cute but he's coming off Trump stupid.,-0.010,0.977,-0.139,-0.657,-0.278,19.602446,0.631222,0.376897,7.388095,0.237906,99.597911,1.657246,0.000000,37.538115,0.624610
test.ca-cb.ca::00822,test.ca-cb.ca::00822__row667,So then yes but other than yes no,0.0,content_diversity,Next time move along rather than showing your ignorance.,I have so many things to say but this stupid comment stopped me for a minute.,Don't come on here just to annoy people with your stupidity.,When you see someone moronic like this...try to move on.,Why do you insist on spending your life being a troll and saying dumb things.,-0.022,0.967,-0.212,-0.749,-0.393,23.361432,0.469236,0.422554,9.871467,0.198278,57.780779,0.834138,0.000000,24.415500,0.352468
test.ca-cb.ca::00823,test.ca-cb.ca::00823__row668,I was wondering when you were gonna do this have fun,1.0,content_diversity,"Thank you, I hope I will","Why were you wondering, is it so obvious?",Yeah I was wondering too,I just hope it won't rain and ruin it,They forcasted sunny weather so you should have fun,-0.024,0.957,-0.010,-0.655,-0.224,6.998264,0.608588,0.394258,2.759120,0.239941,85.357077,0.866713,0.000000,33.652691,0.341708
test.ca-cb.ca::00823,test.ca-cb.ca::00823__row669,I was wondering when you were gonna do this have fun,0.0,content_diversity,Hope it won't rain cause it would be ruined,I just hope it will be sunny,I really hope for the good weather,I believe it won't rain,Fingers crossed that it won't rain that day,-0.084,0.887,-0.387,-0.898,-0.497,41.788923,1.480740,0.359688,15.030976,0.532605,32.929784,0.373831,0.000000,11.844449,0.134463
test.ca-cb.ca::00824,test.ca-cb.ca::00824__row670,Were praying I hope you get the help and healing you need,1.0,content_diversity,Prayers and blessings sent.,Thank you for the good thoughts.,I don't need prayers.,Really...get some help.,She doesn't need help.,-0.011,0.981,-0.223,-0.725,-0.355,20.654330,0.881312,0.351917,7.268618,0.310149,28.437565,1.305066,0.000000,10.007674,0.459276
test.ca-cb.ca::00824,test.ca-cb.ca::00824__row671,Were praying I hope you get the help and healing you need,0.0,content_diversity,Prayers I really don't need.,Prayers don't help me.,Who needs prayers? I need money.,There is no God and prayer are useless.,"I need money, not prayers.",-0.036,0.948,-0.333,-0.926,-0.532,41.395385,1.373518,0.312946,12.954533,0.429838,39.425543,0.672866,0.000000,12.338078,0.210571
test.ca-cb.ca::00825,test.ca-cb.ca::00825__row672,I don't think it depends on age so much as effort,1.0,content_diversity,"I agree with you, I know many older folks who can run rings around younger ones.",I don't know about that because younger people pick it up so much faster.,I'd have to see more information on it because it's new to me.,If you say so...it makes no difference to me.,The younger people don't care about it so some older people would be better.,-0.030,0.942,-0.156,-0.774,-0.304,18.452741,0.438688,0.476747,8.797283,0.209143,44.175988,0.632672,0.000000,21.060755,0.301624
test.ca-cb.ca::00825,test.ca-cb.ca::00825__row673,I don't think it depends on age so much as effort,0.0,content_diversity,"I think some older people are really good at it and some aren't, just like younger people.",I know a lot of older people like that so I totally agree.,"I think some older people are really good at it and some aren't, just like younger people but you're correct.","Yeah, I think older people think they need to try harder so they do.",The younger generation has no patience and the older people do so they try harder.,-0.165,0.708,-0.367,-0.937,-0.561,56.402566,0.656175,0.515870,29.096407,0.338501,80.199086,1.256895,0.000000,41.372324,0.648395
test.ca-cb.ca::00826,test.ca-cb.ca::00826__row674,It's not like anyone is going to say anything to him,1.0,content_diversity,I wouldn't be so sure about that.,Are you really that naive?,I don't know what makes you think that.,You're pretty dumb if you believe that.,"I'm going to tell him, right away.",-0.030,0.965,-0.102,-0.703,-0.369,10.179058,0.270982,0.420967,4.285049,0.114075,39.871494,1.095635,0.000000,16.784587,0.461226
test.ca-cb.ca::00826,test.ca-cb.ca::00826__row675,It's not like anyone is going to say anything to him,0.0,content_diversity,I'm going to tell him right now.,I'm going to let him know what you said.,I will go tell him.,I'll tell him what you said.,I will let him know what you've been saying.,-0.122,0.801,-0.570,-0.915,-0.778,22.895794,0.985726,0.366449,8.390150,0.361219,24.814132,1.065797,0.000000,9.093124,0.390561
test.ca-cb.ca::00827,test.ca-cb.ca::00827__row676,No you're supposed to punch the shark in the eye,1.0,content_diversity,Why? So he can be blind while eating me.,"Great, a blind hungry shark.",I would think that you just make him mad.,I thought it was his nose.,I don't think the shark really cares.,-0.017,0.972,-0.207,-0.659,-0.217,29.747856,0.934087,0.359323,10.689093,0.335639,54.771810,1.185397,0.000000,19.680780,0.425940
test.ca-cb.ca::00827,test.ca-cb.ca::00827__row677,No you're supposed to punch the shark in the eye,0.0,content_diversity,Wouldn't that just make him mad?,Wouldn't that incense the shark?,I think that would piss him off.,I think the shark would be angry.,"If you punch him, he'll just get madder.",-0.039,0.931,-0.311,-0.792,-0.569,20.327180,0.699887,0.436604,8.874922,0.305573,32.975625,0.642905,0.000000,14.397280,0.280695
test.ca-cb.ca::00828,test.ca-cb.ca::00828__row678,If you don't mind can you name the guns in the picture,1.0,content_diversity,I don't see any gun here,"there is rifle, ak 47...",why would I do that?,you don't tell me what to do,what benefit do I get for doing so?,-0.025,0.961,-0.094,-0.607,-0.221,21.214049,1.090312,0.310086,6.578175,0.338090,65.564570,2.723033,0.000000,20.330640,0.844374
test.ca-cb.ca::00828,test.ca-cb.ca::00828__row679,If you don't mind can you name the guns in the picture,0.0,content_diversity,there is no gun in this photo,I don't see any gun in the picture,there is no gun in this picture,"in this photo, there is no gun",what gun are you talking about? there is none in this picture,-0.251,0.730,-0.525,-0.975,-0.851,31.551621,1.129859,0.425417,13.422582,0.480661,57.983168,0.948403,0.000000,24.667001,0.403466
test.ca-cb.ca::00829,test.ca-cb.ca::00829__row680,Looks like a pleasant game to play keeping this one in mind,1.0,content_diversity,The game looks like fun.,The game is boring.,I am forgetting this one.,I will remember it.,I will put it on my list to play.,-0.036,0.937,-0.355,-0.733,-0.263,19.980457,1.119134,0.380336,7.599289,0.425647,23.394692,0.554107,0.000000,8.897846,0.210747
test.ca-cb.ca::00829,test.ca-cb.ca::00829__row681,Looks like a pleasant game to play keeping this one in mind,0.0,content_diversity,This game looks like fun.,Looks like it is a lot of fun.,The game is hilarious.,It's fascinating and looks like fun.,"I would play the dame, exciting and fun.",-0.057,0.917,-0.428,-0.860,-0.712,1.276547,0.400548,0.362284,0.462473,0.145112,104.143982,2.145075,0.000000,37.729714,0.777127
test.ca-cb.ca::00830,test.ca-cb.ca::00830__row682,Is your friend getting any help for his depression,1.0,content_diversity,Not as far as I know.,I really hope so.,"No, but they could use it.",They haven't been going consistently.,I'm not really sure.,-0.009,0.976,-0.189,-0.615,-0.433,29.942384,1.099282,0.329281,9.859457,0.361973,47.013595,0.849826,0.000000,15.480682,0.279831
test.ca-cb.ca::00830,test.ca-cb.ca::00830__row683,Is your friend getting any help for his depression,0.0,content_diversity,"Yes, but not as often as they should.","Yes, but they've missed their last few appointments.",They haven't been going lately.,They didn't go to their most recent appointment.,They've skipped a lot of appointments lately.,-0.019,0.955,-0.336,-0.841,-0.573,42.646395,1.050597,0.409844,17.478367,0.430581,13.042961,0.354476,0.000000,5.345579,0.145280
test.ca-cb.ca::00831,test.ca-cb.ca::00831__row684,No people are getting soft because we can't have losers anymore,1.0,content_diversity,sounds pretty accurate,lol what do you mean?,that is not true,leave the thread,this is annoying,-0.006,0.989,-0.077,-0.613,-0.242,9.794221,0.571580,0.308638,3.022870,0.176411,31.601167,1.709318,0.000000,9.753326,0.527561
test.ca-cb.ca::00831,test.ca-cb.ca::00831__row685,No people are getting soft because we can't have losers anymore,0.0,content_diversity,i don't think its true,its not right or accurate,something tell me that it is not true,that can't be true,doesn't seem that accurate to me,-0.035,0.943,-0.223,-0.804,-0.712,29.703715,1.245689,0.365021,10.842484,0.454703,38.993104,0.854009,0.000000,14.233307,0.311731
test.ca-cb.ca::00832,test.ca-cb.ca::00832__row686,I've got all day today if you're ready to party,1.0,content_diversity,I am in no mood for a party today.,I'll be right over.,I can't leave work without everyone noticing.,You party too much as it is.,Do you have beer?  I must have beer.,-0.010,0.977,-0.109,-0.691,-0.168,14.638868,0.452633,0.353015,5.167747,0.159786,64.404444,1.130350,0.000000,22.735765,0.399031
test.ca-cb.ca::00832,test.ca-cb.ca::00832__row687,I've got all day today if you're ready to party,0.0,content_diversity,If I leave right now my boss will have my head.,I'll try to get past my boss and we can get the party started.,I'll leave as soon as my coworkers turn their backs.,"I'm ready, I don't even care if people notice I'm missing.",I'll walk right out the door and ignore eveyone who notices.,-0.023,0.947,-0.263,-0.735,-0.391,25.117471,0.489830,0.409216,10.278479,0.200446,39.295628,0.337423,0.000000,16.080412,0.138079
test.ca-cb.ca::00833,test.ca-cb.ca::00833__row688,I can forgive the lying but not eating all the pizza,1.0,content_diversity,who lies about pizza,i agree,pizza is very good,im tempted to say something crazy,alright why lie though?,-0.005,0.990,-0.078,-0.577,-0.170,11.095504,1.001253,0.229047,2.541394,0.229334,63.773406,1.910663,0.000000,14.607121,0.437632
test.ca-cb.ca::00833,test.ca-cb.ca::00833__row689,I can forgive the lying but not eating all the pizza,0.0,content_diversity,lying about pizza is weird,why lie about it?,stop lying about food,why do you lie about food,i only lie about pizza so i can have the last slice,-0.085,0.891,-0.304,-0.819,-0.387,12.695423,1.012503,0.339197,4.306248,0.343438,73.345819,1.181148,0.000000,24.878671,0.400642
test.ca-cb.ca::00834,test.ca-cb.ca::00834__row690,Never said what type of meat is in it either,1.0,content_diversity,thats gross,ew i wouldnt eat it,it could be anything,that is questionable,i will pass,-0.010,0.976,-0.133,-0.619,-0.252,27.645493,1.546050,0.293701,8.119522,0.454077,25.594063,1.404206,0.000000,7.517014,0.412417
test.ca-cb.ca::00834,test.ca-cb.ca::00834__row691,Never said what type of meat is in it either,0.0,content_diversity,it really could be something,"thats something, it could be anything",it could be something else,it isn't what you think,its not anything,-0.090,0.854,-0.151,-0.803,-0.396,24.693666,0.834813,0.401054,9.903499,0.334805,44.018338,1.071553,0.000000,17.653740,0.429751
test.ca-cb.ca::00835,test.ca-cb.ca::00835__row692,Funny you mention that  apparently 49 of people thought he was,1.0,content_diversity,That many? Wow that is a lot.,I didn't think he was though!,So what do you think?,49 people out of a thousand isn't so many.,That's why I brought it up.,-0.006,0.988,0.012,-0.602,-0.249,22.459079,0.738334,0.349254,7.843919,0.257866,35.270938,0.676674,0.000000,12.318509,0.236331
test.ca-cb.ca::00835,test.ca-cb.ca::00835__row693,Funny you mention that  apparently 49 of people thought he was,0.0,content_diversity,And do you have an opinion?,Is that what you thought as well?,Does your opinion concur with that as well?,And where does your line of thought go on this?,Do you think 49 is a lot or a little?,-0.026,0.951,-0.252,-0.795,-0.530,37.347056,0.888840,0.357618,13.355966,0.317865,53.852372,0.908531,0.000000,19.258558,0.324907
test.ca-cb.ca::00836,test.ca-cb.ca::00836__row694,Yeah but he said severe instead of sivir it wouldve been glorious,1.0,content_diversity,What are you talking about?,How would it have been glorious?,I agree with you.,You got that right!,What does sivir mean?,-0.009,0.983,-0.058,-0.608,-0.290,20.858163,0.988322,0.394280,8.223951,0.389675,18.209454,1.408504,0.000000,7.179619,0.555345
test.ca-cb.ca::00836,test.ca-cb.ca::00836__row695,Yeah but he said severe instead of sivir it wouldve been glorious,0.0,content_diversity,Agreed.,"Yes, you are right.",I agree.,You bet!,Yes.,0.000,0.800,-0.307,-0.714,-0.742,18.555916,1.749670,0.096587,1.792252,0.168995,22.475699,3.759106,0.000000,2.170850,0.363079
test.ca-cb.ca::00837,test.ca-cb.ca::00837__row696,I'm gonna go ahead and guess for them my semen,1.0,content_diversity,you are gross,thats nasty get out,blocking you now,why are you posting this?,guess what?,-0.022,0.965,-0.017,-0.657,-0.308,30.652807,1.604721,0.237105,7.267921,0.380487,35.501858,1.359545,0.000000,8.417654,0.322354
test.ca-cb.ca::00837,test.ca-cb.ca::00837__row697,I'm gonna go ahead and guess for them my semen,0.0,content_diversity,that is gross,how nasty is that,that is disgusting,very nasty dude,how is that gross,-0.103,0.661,-0.426,-0.801,-0.700,32.788813,2.079774,0.249546,8.182322,0.519000,35.473333,2.357216,0.000000,8.852234,0.588234
test.ca-cb.ca::00838,test.ca-cb.ca::00838__row698,No  it is 2013 and soap died in 2006,1.0,content_diversity,"You are wrong, it is 2014",What makes you think so,It actually died in 2004,Then start washing your hands with something else,Why do you even need a soap,-0.003,0.994,-0.007,-0.607,-0.200,19.889895,0.590958,0.405081,8.057023,0.239386,41.336574,0.508330,0.000000,16.744669,0.205915
test.ca-cb.ca::00838,test.ca-cb.ca::00838__row699,No  it is 2013 and soap died in 2006,0.0,content_diversity,Just stop using soap,Replace soap with something else,Just wash your hand with soap substitute,Why don't you buy different product to replace soap,You should get a substitute for soap,-0.043,0.956,-0.303,-0.958,-0.621,47.290243,1.267072,0.380161,17.977902,0.481691,50.907029,0.712176,0.000000,19.352862,0.270742
test.ca-cb.ca::00839,test.ca-cb.ca::00839__row700,You must be hipster because I've never heard of these bands before,1.0,content_diversity,We're from two very different generations.,"I'm not a hipster, I just pay attention to all the different bands.",How can you not have heard of those bands?  Do you live under a rock?,I only listen to the new bands.,You should start listining to main stream music.,-0.018,0.963,-0.183,-0.727,-0.253,13.938376,0.243479,0.469415,6.542879,0.114292,55.254634,1.017863,0.000000,25.937341,0.477800
test.ca-cb.ca::00839,test.ca-cb.ca::00839__row701,You must be hipster because I've never heard of these bands before,0.0,content_diversity,I think you would recognize them if you heard them.,I am an avid listerner to music so I am more familiar with all the new bands.,"They are all really big bands, you should know them.",You don't have to be a hipster to recognize these bands.,I'm not a hipster you're just a square.,-0.023,0.939,-0.227,-0.780,-0.231,16.859101,0.116593,0.489111,8.245973,0.057027,84.648947,1.154689,0.000000,41.402737,0.564771
test.ca-cb.ca::00840,test.ca-cb.ca::00840__row702,But did you get caught by the police with the same girl,1.0,content_diversity,"Yeah, so I guess maybe she's bad luck.","Well, yeah, she's the reason I was caught; she's an undercover cop.","When I was caught she was there, but she was with somebody else.","Yeah, but I was so high I didn't know she was there.","No, she wasn't there, but she told the cops she was there.",-0.081,0.877,-0.321,-0.780,-0.263,29.594398,0.444829,0.403268,11.934469,0.179385,43.434628,1.516724,0.000000,17.515789,0.611646
test.ca-cb.ca::00840,test.ca-cb.ca::00840__row703,But did you get caught by the police with the same girl,0.0,content_diversity,"She was there I guess, but I was really out of it.","They tell me she was there, but I didn't even know it.","I didn't even know where I was, much less whether she was there or not.",I was passed out and didn't know who was there.,"I think so, but I have no memory of any of it.",-0.107,0.864,-0.322,-0.805,-0.536,39.805597,0.665081,0.423036,16.839187,0.281353,15.271587,0.407263,0.000000,6.460426,0.172287
test.ca-cb.ca::00841,test.ca-cb.ca::00841__row704,Sounds like it was a slow news day in wales,1.0,content_diversity,Is it ever fast?,It's always about the UK isn't it?,They don't have any new information on the Royal Family today?,Don't even bother with checking the news today.,Is it time to pick up a tabloid?,-0.019,0.973,-0.111,-0.685,-0.184,22.725440,0.113948,0.347185,7.889930,0.039561,30.623456,2.089079,0.000000,10.632003,0.725297
test.ca-cb.ca::00841,test.ca-cb.ca::00841__row705,Sounds like it was a slow news day in wales,0.0,content_diversity,Maybe it is time to read the tabloids.,They're is probably something more interesting in the tabloids.,The tabloids are more entertaining anyway.,It may be trash but the tabloids are more entertaining than the real news.,It's time to pick up a tabloid I guess.,-0.066,0.897,-0.334,-0.931,-0.557,49.131272,0.878834,0.404969,19.896629,0.355900,51.052171,0.626398,0.000000,20.674533,0.253672
test.ca-cb.ca::00842,test.ca-cb.ca::00842__row706,Thank you so much for this this is great,1.0,content_diversity,you are very welcome,I did my best,I am glad my effort is appreciated,you can pay me back later,I like steak and ice cream,-0.019,0.970,-0.078,-0.671,-0.314,19.563698,0.916749,0.361816,7.078457,0.331694,50.083899,1.503360,0.000000,18.121150,0.543939
test.ca-cb.ca::00842,test.ca-cb.ca::00842__row707,Thank you so much for this this is great,0.0,content_diversity,you can reward me later,pay me back for my effort after,you can show your appreciation another time,you owe me a favor to be repaid another day,"another time, you can repay this favor",-0.057,0.932,-0.200,-0.782,-0.641,49.142373,1.368307,0.339015,16.660002,0.463877,45.009508,1.115274,0.000000,15.258899,0.378095
test.ca-cb.ca::00843,test.ca-cb.ca::00843__row708,Thanks I do use that but don't know how to tag someone,1.0,content_diversity,"Not a problem, happy to help.",I can show you how to tag someone.,What is it you do not understand?,It can be a little tricky to learn.,Let me show you a few more features.,-0.032,0.951,-0.095,-0.645,-0.226,11.394728,0.359487,0.424888,4.841482,0.152742,32.439004,0.789794,0.000000,13.782939,0.335574
test.ca-cb.ca::00843,test.ca-cb.ca::00843__row709,Thanks I do use that but don't know how to tag someone,0.0,content_diversity,People find it hard to get it.,Other individuals to have difficulty learning that.,It can be problematic to acquire that ability.,It's tough to grasp.,Figuring that out can be complex.,-0.036,0.943,-0.376,-0.745,-0.660,60.566366,1.772261,0.302359,18.312768,0.535859,54.000786,0.703996,0.000000,16.327608,0.212859
test.ca-cb.ca::00844,test.ca-cb.ca::00844__row710,It seems like too high a price to pay,1.0,content_diversity,It does at first but not when you really think about it.,"I agree, way too much.",Its just as well its not you that has to pay it.,I guess that's what happens when you push way too hard.,You can afford it can't you?,-0.028,0.951,-0.079,-0.708,-0.303,27.850398,0.603605,0.360070,10.028097,0.217340,48.566774,1.261891,0.000000,17.487445,0.454369
test.ca-cb.ca::00844,test.ca-cb.ca::00844__row711,It seems like too high a price to pay,0.0,content_diversity,If you get your head around it it isn't so bad.,When you first hear it maybe but it isn't really.,It is a lot it has to be agreed but try putting it in perspective.,Give it some thought and you may change your mind.,"I don't think so once you come to terms with it,",-0.048,0.947,-0.168,-0.774,-0.499,49.395241,0.823093,0.410875,20.295274,0.338189,54.872523,0.676651,0.000000,22.545752,0.278019
test.ca-cb.ca::00845,test.ca-cb.ca::00845__row712,I will draw you a thing and it will make you smile,1.0,content_diversity,"Thank you, that is nice",I want to see what you draw,What if i feel like frowning?,Is it a pretty lady?,You must be an artist with magic powe,0.000,1.000,-0.040,-0.580,-0.161,11.752516,0.725620,0.318393,3.741923,0.231033,71.238204,1.733527,0.000000,22.681773,0.551943
test.ca-cb.ca::00845,test.ca-cb.ca::00845__row713,I will draw you a thing and it will make you smile,0.0,content_diversity,Let me see,I want to know what you came up with,I want to watch what you have done,I want to see your drawing,Let me watch your drawing,-0.098,0.837,-0.309,-0.810,-0.485,44.840479,1.834454,0.331339,14.857388,0.607826,33.855063,0.684055,0.000000,11.217494,0.226654
test.ca-cb.ca::00846,test.ca-cb.ca::00846__row714,That was the hardest upvote I have ever had to give,1.0,content_diversity,that was hard for you,yeah i agree,priorities dude,its not that hard,chill out,-0.009,0.975,-0.055,-0.619,-0.283,27.097804,1.551451,0.196579,5.326854,0.304982,23.258169,2.252249,0.000000,4.572063,0.442744
test.ca-cb.ca::00846,test.ca-cb.ca::00846__row715,That was the hardest upvote I have ever had to give,0.0,content_diversity,that seemed hard for you,how was that hard for you,"that was hard, really?",thats not difficult,how was that hard?,-0.086,0.838,-0.367,-0.879,-0.678,38.059712,1.700591,0.269424,10.254197,0.458180,28.399836,1.441134,0.000000,7.651595,0.388276
test.ca-cb.ca::00847,test.ca-cb.ca::00847__row716,So dope I wish I could find a pair,1.0,content_diversity,They are so beautiful,I think that shoes are overrated,I really like the colour,"I disagree, think that these shoes are ugly",I would never wear something so ugly,-0.051,0.917,-0.253,-0.697,-0.351,28.326098,0.878207,0.416081,11.785955,0.365405,40.830301,0.612766,0.000000,16.988718,0.254960
test.ca-cb.ca::00847,test.ca-cb.ca::00847__row717,So dope I wish I could find a pair,0.0,content_diversity,These shoes look amazing,I think they are extremely beautiful,These shoes look so cool,Most amazing shoes I have ever seen,These shoes are so trendy,-0.086,0.887,-0.385,-0.875,-0.671,23.279218,0.843772,0.459889,10.705856,0.388041,40.620204,0.860146,0.000000,18.680784,0.395572
test.ca-cb.ca::00848,test.ca-cb.ca::00848__row718,But you said lots of viewers would watch it in present tense,1.0,content_diversity,couldn't watch it,what are you thinking,how do you know this,i want to watch this sounds cool,i dont like that show,-0.016,0.967,-0.133,-0.585,-0.245,13.656238,0.446676,0.386012,5.271475,0.172422,35.267454,0.911636,0.000000,13.613668,0.351903
test.ca-cb.ca::00848,test.ca-cb.ca::00848__row719,But you said lots of viewers would watch it in present tense,0.0,content_diversity,not sure what you are thinking,what is even being said or thought about,not sure what you were thinking,what was your thought process,how are you thinking like this?,-0.081,0.874,-0.189,-0.909,-0.674,17.068601,0.536729,0.424964,7.253548,0.228091,65.771563,1.713962,0.000000,27.950573,0.728373
test.ca-cb.ca::00849,test.ca-cb.ca::00849__row720,I'm drunk and alone and you make a good point good sir,1.0,content_diversity,You need to stop drinking so much.,People don't like being around you when you're drunk.,You are not a happy drunk.,If you don't stop drinking you'll be alone for the rest of your life.,I always try to make sense.  You'll find you understand even more if you stop drinking.,-0.033,0.949,-0.263,-0.877,-0.477,-5.284138,0.516022,0.459413,-2.427604,0.237068,164.675919,1.460092,0.000000,75.654338,0.670786
test.ca-cb.ca::00849,test.ca-cb.ca::00849__row721,I'm drunk and alone and you make a good point good sir,0.0,content_diversity,You really make a fool of yourself when you are drunk.,You turn people off when you get drunk.,You can't have meaningful relationships is you are constantly drunk.,Maybe you will find a companion when you sober up.,Nobody wants to be around a mean drunk.,-0.060,0.926,-0.363,-0.875,-0.429,39.020869,0.635713,0.443122,17.290986,0.281698,38.145324,0.642809,0.000000,16.903013,0.284842
test.ca-cb.ca::00850,test.ca-cb.ca::00850__row722,Heh I did't even consider that option sorry,1.0,content_diversity,No one did,"thats okay, you're fine",no need to say sorry,oh yeah i guess,did you really consider it?,-0.005,0.990,0.024,-0.629,-0.294,15.642313,1.021197,0.276628,4.327107,0.282492,26.308273,2.381342,0.000000,7.277614,0.658747
test.ca-cb.ca::00850,test.ca-cb.ca::00850__row723,Heh I did't even consider that option sorry,0.0,content_diversity,oh yeah thats fine,you are fine my friend,that is perfectly fine,"that is ok, its not that big of a deal","its ok, you are fine alright?",-0.065,0.896,-0.163,-0.825,-0.628,24.793443,1.016892,0.324671,8.049704,0.330155,49.264981,1.320955,0.000000,15.994895,0.428875
test.ca-cb.ca::00851,test.ca-cb.ca::00851__row724,Quick someone get this man a sense of humor,1.0,content_diversity,That is so funny,"I don't know what you're talking about, the joke was funny","Yeah I agree, he has a bad sense of humor","Leave the man alone, he just tried to be funny",I think that the joke was funny,-0.053,0.916,-0.201,-0.927,-0.611,41.103834,0.950709,0.416742,17.129706,0.396201,44.892830,1.184195,0.000000,18.708741,0.493504
test.ca-cb.ca::00851,test.ca-cb.ca::00851__row725,Quick someone get this man a sense of humor,0.0,content_diversity,I liked the joke,His joke made me laugh,I believe that his joke was funny,I laughed so hard when I heard his joke,That joke was hilarious,-0.064,0.921,-0.426,-0.967,-0.804,40.143324,1.385940,0.375329,15.066946,0.520183,24.030645,1.222479,0.000000,9.019393,0.458832
test.ca-cb.ca::00852,test.ca-cb.ca::00852__row726,By far the weirdest cheating story I've heard of,1.0,content_diversity,I've heard even weirder stories,Really? It seems ordinary to me,I couldn't agree more with you,I could tell you weirder one,That story doesn't even include cheating,-0.014,0.972,0.022,-0.739,-0.295,22.907489,0.856826,0.391952,8.978642,0.335835,40.210577,1.272393,0.000000,15.760626,0.498717
test.ca-cb.ca::00852,test.ca-cb.ca::00852__row727,By far the weirdest cheating story I've heard of,0.0,content_diversity,There are weirder stories,There is plenty of weirder stories,I've heard way more weird stories that that one,I believe there are more weird stories,"This isn't so weird, there is more weird stories",-0.091,0.871,-0.322,-0.967,-0.832,33.978244,0.970362,0.425767,14.466809,0.413148,54.300966,0.800879,0.000000,23.119549,0.340988
test.ca-cb.ca::00853,test.ca-cb.ca::00853__row728,This room must smell like a middle school locker room and jizz,1.0,content_diversity,Like sticking your head in a boys changing room,Think of a college freshman dorm,Somehow even more repulsive than that,"Like 10,000 farts all at once",It smells like burying your entire head in manure,-0.015,0.966,0.029,-0.651,-0.123,22.070444,0.829737,0.363708,8.027196,0.301782,35.388307,0.496318,0.000000,12.871009,0.180515
test.ca-cb.ca::00853,test.ca-cb.ca::00853__row729,This room must smell like a middle school locker room and jizz,0.0,content_diversity,Even grosser than that would be,Surprisingly more foul than even that,Startlingly somehow more terrible,More appalling than even you would imagine,Oddly more terrifying than even one would think,-0.059,0.920,-0.106,-0.782,-0.742,54.532421,1.527458,0.310866,16.952295,0.474835,30.354631,0.831393,0.000000,9.436234,0.258452
test.ca-cb.ca::00854,test.ca-cb.ca::00854__row730,Letting the days go by   let the water hold me down,1.0,content_diversity,What are you saying?,How are you doing?,Is it that bad?,Did you lose your job or something?,Did someone die?,-0.029,0.952,-0.264,-0.663,-0.415,31.803639,1.486614,0.237293,7.546779,0.352763,17.190072,1.384208,0.000000,4.079083,0.328463
test.ca-cb.ca::00854,test.ca-cb.ca::00854__row731,Letting the days go by   let the water hold me down,0.0,content_diversity,How bad is it?,It cannot be that bad can it?,How bad can it be?,It can't be all be bad can it?,Is it really as bad as that?,-0.087,0.869,-0.339,-0.952,-0.778,49.655693,2.178623,0.223192,11.082740,0.486251,34.929181,1.046125,0.000000,7.795904,0.233486
test.ca-cb.ca::00855,test.ca-cb.ca::00855__row732,It's so weird that you're bigger than he is,1.0,content_diversity,Why would that be weird?,It just looks like I am but I am not,Because he has growth problems,It is because he is half my age,Of course because he is a kid,-0.027,0.926,-0.130,-0.658,-0.278,24.423047,0.758844,0.401483,9.805446,0.304663,34.547136,0.616188,0.000000,13.870099,0.247389
test.ca-cb.ca::00855,test.ca-cb.ca::00855__row733,It's so weird that you're bigger than he is,0.0,content_diversity,It is because he is younger than me,The reason behind this is his age,"Of course, because he is much younger than I am",That is because he is so young,It is because he is young and still developing,-0.184,0.790,-0.457,-0.918,-0.613,32.415839,0.938272,0.455977,14.780884,0.427831,33.894139,0.530330,0.000000,15.454955,0.241818
test.ca-cb.ca::00856,test.ca-cb.ca::00856__row734,Pump your brakes man no need to be so rude chap,1.0,content_diversity,I am never rude,What are you talking about? when was I rude?,"since you said I am rude when I am not, get lost","get the hell out of my face, how is that for rude?","you have no idea what rude is, I was perfectly polite.",-0.050,0.932,-0.124,-0.938,-0.450,31.397169,0.862597,0.418744,13.147377,0.361207,72.653231,0.504423,0.000000,30.423107,0.211224
test.ca-cb.ca::00856,test.ca-cb.ca::00856__row735,Pump your brakes man no need to be so rude chap,0.0,content_diversity,I have never been rude,I am anything but rude,I was not rude,I was polite,I am very respectful to those who deserve it,-0.076,0.919,-0.477,-0.805,-0.581,13.933038,1.330861,0.410787,5.723515,0.546701,45.731154,0.800790,0.000000,18.785778,0.328954
test.ca-cb.ca::00857,test.ca-cb.ca::00857__row736,I first saw absolute values in fourth grade in the late 90s,1.0,content_diversity,What a crazy time to have been alive,Yeah I remember those days and loved them,That movie is the best I loved it,"Such a great movie, so funny",Saw it in the theaters with my friends for my birthday,-0.012,0.971,-0.098,-0.751,-0.366,27.035559,0.970534,0.371343,10.039455,0.360401,36.275511,0.451517,0.000000,13.470643,0.167667
test.ca-cb.ca::00857,test.ca-cb.ca::00857__row737,I first saw absolute values in fourth grade in the late 90s,0.0,content_diversity,"Such a wonderful movie, one of my favorites","I thought it was great, a terrific movie",A great movie that I really like,"A movie that I've always loved, so good",I have always liked that movie so much,-0.044,0.938,-0.364,-0.962,-0.805,52.842527,1.412893,0.356553,18.841145,0.503771,23.199211,0.550055,0.000000,8.271741,0.196124
test.ca-cb.ca::00858,test.ca-cb.ca::00858__row738,Why are you gonna cry yourself to sleep,1.0,content_diversity,I've been very depressed lately.,My boyfriend just left me with no explanation.,My back has been hurting so badly.,I just got fired from my job.,The school I wanted to go to denied me.,-0.013,0.967,-0.318,-0.666,-0.266,22.578316,0.708990,0.396184,8.945171,0.280891,29.709189,0.695884,0.000000,11.770310,0.275698
test.ca-cb.ca::00858,test.ca-cb.ca::00858__row739,Why are you gonna cry yourself to sleep,0.0,content_diversity,I didn't get into the school I wanted to go to.,I got rejected from the school I applied to.,My grades weren't good enough to get into the school I applied to.,My application was denied from the school I wanted to attend.,I was rejected from the university I really wanted to go to.,-0.233,0.703,-0.652,-0.936,-0.728,48.161281,0.852278,0.473041,22.782239,0.403162,28.507468,0.338117,0.000000,13.485189,0.159943
test.ca-cb.ca::00859,test.ca-cb.ca::00859__row740,Thx d   let me know when u know the last one,1.0,content_diversity,Okay I will,I don't think I will know til next month,Let you know what?,What are you guys talking about?,"Nevermind, I will just find it myself",-0.047,0.935,0.045,-0.660,-0.270,14.839058,0.883932,0.351675,5.218520,0.310857,58.652197,1.199277,0.000000,20.626490,0.421755
test.ca-cb.ca::00859,test.ca-cb.ca::00859__row741,Thx d   let me know when u know the last one,0.0,content_diversity,Not sure if I will know it soon,I think I will know it by next month,I won't know it any time soon,I don't think I will be able to let you know before next month,I will let you know next month,-0.154,0.813,-0.343,-0.898,-0.627,51.274893,1.345092,0.431671,22.133877,0.580637,27.637301,0.771718,0.000000,11.930218,0.333128
test.ca-cb.ca::00860,test.ca-cb.ca::00860__row742,Haha these are so cute 3 please make some more xd,1.0,content_diversity,Those are cute.,Where did you get these?,Those are the ugliest things I have ever seen.,What are those anyway?,Can you teach me to make those?,-0.025,0.963,-0.169,-0.743,-0.225,26.432356,0.983735,0.399485,10.559334,0.392987,26.684542,0.797283,0.000000,10.660078,0.318503
test.ca-cb.ca::00860,test.ca-cb.ca::00860__row743,Haha these are so cute 3 please make some more xd,0.0,content_diversity,Those things are the ugliest things I have ever laid eyes on.,Those are really ugly.,Those things are the most unattractive I have ever seen.,Those are really hideous.,I think those things are ugly.,-0.129,0.814,-0.483,-0.884,-0.780,44.669014,1.207299,0.396697,17.720057,0.478932,20.454986,0.753148,0.000000,8.114429,0.298771
test.ca-cb.ca::00861,test.ca-cb.ca::00861__row744,The first part isn't really awesome  this a straight up sap,1.0,content_diversity,I enjoyed it.,Why do you think that?,I don't know what you're talking about.,I thought it was amazing!,You're crazy if you think that!,-0.030,0.952,-0.169,-0.665,-0.385,27.768516,0.980614,0.371101,10.304914,0.363906,16.833808,1.456371,0.000000,6.247037,0.540460
test.ca-cb.ca::00861,test.ca-cb.ca::00861__row745,The first part isn't really awesome  this a straight up sap,0.0,content_diversity,I loved it a lot.,I really like it.,I enjoyed it very much.,I'm impressed by it.,"It's really awesome, in my opinion.",-0.044,0.950,-0.543,-0.783,-0.835,9.913818,0.786068,0.335579,3.326867,0.263788,49.055404,0.864574,0.000000,16.461953,0.290133
test.ca-cb.ca::00862,test.ca-cb.ca::00862__row746,Man whoever is right here you're kind of an asshole,1.0,content_diversity,thats mean,soo judgmental,be nice to people,this is annoying,how are you this mean,-0.011,0.975,-0.148,-0.650,-0.365,16.148231,1.269571,0.275385,4.446982,0.349621,36.457467,2.141521,0.000000,10.039842,0.589743
test.ca-cb.ca::00862,test.ca-cb.ca::00862__row747,Man whoever is right here you're kind of an asshole,0.0,content_diversity,thats very mean to say,can you just be nice and not mean,very mean person,"be nicer , that was mean",how hard is it to not be mean,-0.062,0.932,-0.161,-0.886,-0.510,23.269449,1.220957,0.349201,8.125709,0.426359,30.509264,1.182129,0.000000,10.653857,0.412800
test.ca-cb.ca::00863,test.ca-cb.ca::00863__row748,lol my mom still talks about what happened,1.0,content_diversity,mustv'e been bad then,moms always do,thats bad,moms are cool,how embarrassing for you,-0.014,0.775,-0.054,-0.647,-0.329,16.369754,1.777687,0.205773,3.368447,0.365799,57.541561,2.573712,0.000000,11.840479,0.529599
test.ca-cb.ca::00863,test.ca-cb.ca::00863__row749,lol my mom still talks about what happened,0.0,content_diversity,moms are great,my mom is cool,shes so cool,"i agree, very cool",moms are awesome,-0.040,0.736,-0.344,-0.785,-0.667,36.167087,2.560425,0.209033,7.560126,0.535214,52.074282,2.885356,0.000000,10.885260,0.603136
test.ca-cb.ca::00864,test.ca-cb.ca::00864__row750,This is ridiculously close between up and down votes oo,1.0,content_diversity,"I know, isn't it wild?",It is so close I can't take it!,Which way do you think the vote will go?,I voted up myself.,People need to put their votes in1,-0.011,0.988,-0.002,-0.637,-0.244,6.428068,0.324543,0.370437,2.381191,0.120223,52.172612,1.376161,0.000000,19.326642,0.509780
test.ca-cb.ca::00864,test.ca-cb.ca::00864__row751,This is ridiculously close between up and down votes oo,0.0,content_diversity,My vote was for up.,I cast my own vote for up.,When I got my ballot I checked the up box and put the vote in.,My decision was to choose up.,"Personally, I decided on up for my own vote.",-0.086,0.892,-0.310,-0.972,-0.517,48.456069,1.257788,0.359830,17.435938,0.452590,92.438364,0.798624,0.000000,33.262078,0.287369
test.ca-cb.ca::00865,test.ca-cb.ca::00865__row752,Not to mention everyone trying to break in through your windows,1.0,content_diversity,why would they do that,that sounds illegal,yeah thats not cool,not a good thing to have breakins,why do you think that,-0.026,0.958,0.014,-0.599,-0.368,30.804065,1.381517,0.337925,10.409465,0.466849,43.361861,1.180427,0.000000,14.653059,0.398896
test.ca-cb.ca::00865,test.ca-cb.ca::00865__row753,Not to mention everyone trying to break in through your windows,0.0,content_diversity,its not cool at all,i dont agree and its not cool,yeah not cool,hey thats not cool,oh thats bad and not cool,-0.160,0.849,-0.439,-0.949,-0.824,31.998229,1.768846,0.245445,7.853801,0.434154,35.040889,0.859042,0.000000,8.600606,0.210847
test.ca-cb.ca::00866,test.ca-cb.ca::00866__row754,The album is awesome  I can't stop listening to can't hold us,1.0,content_diversity,You are so wrong about that because that album sucks.,"I know, that is one of my favorite songs of all time.",I think that album is just okay but not great.,At my wedding I had them play can't hold us.,That song is the most meaningful song I have ever heard in my life.,-0.032,0.950,-0.209,-0.777,-0.230,34.902122,0.844845,0.410606,14.331011,0.346898,30.068998,0.954849,0.000000,12.346503,0.392066
test.ca-cb.ca::00866,test.ca-cb.ca::00866__row755,The album is awesome  I can't stop listening to can't hold us,0.0,content_diversity,That album is so-so in my opnion.,It's alright however I do not love it.,In my opinion that album is not great but not terrible.,I feel that it is a pretty good album.,The album is not fantastic but not bad either.,-0.065,0.905,-0.386,-0.840,-0.502,49.198108,1.142870,0.328664,16.169642,0.375620,23.588604,1.186026,0.000000,7.752723,0.389804
test.ca-cb.ca::00867,test.ca-cb.ca::00867__row756,Damn auto correct it did't accept math as a real word,1.0,content_diversity,That doesn't make sense.,Are you sure you spelled it right?,It's not always accurate.,"You probably spelled it wrong, knowing you.",I highly doubt that.,-0.013,0.960,-0.162,-0.735,-0.368,24.839119,0.790414,0.408664,10.150844,0.323013,50.104034,1.019020,0.000000,20.475695,0.416437
test.ca-cb.ca::00867,test.ca-cb.ca::00867__row757,Damn auto correct it did't accept math as a real word,0.0,content_diversity,I don't think so.,I don't believe that.,That can't be right.,I don't really believe you.,I can't see that happening.,-0.072,0.904,-0.382,-0.743,-0.738,26.118491,1.233649,0.372669,9.733560,0.459743,24.695309,0.562503,0.000000,9.203184,0.209628
test.ca-cb.ca::00868,test.ca-cb.ca::00868__row758,Well at least teach it proper pillow talk,1.0,content_diversity,I love pillow talk.,Teach what? What is it?,What kind of pillow talk you want me to teach it?,Are you being rude?,What do you mean by that statement?,-0.030,0.947,-0.135,-0.686,-0.246,25.118045,0.926030,0.341965,8.589497,0.316670,24.041337,1.253647,0.000000,8.221300,0.428703
test.ca-cb.ca::00868,test.ca-cb.ca::00868__row759,Well at least teach it proper pillow talk,0.0,content_diversity,What is it you want me to teach?,What is it that you are talking about?,What's the thing we are discussing?,What the hell is it?,What are we trying to tech pillow talk to?,-0.056,0.913,-0.282,-0.747,-0.382,4.817467,0.344979,0.371973,1.791970,0.128323,76.858664,1.687752,0.000000,28.589381,0.627799
test.ca-cb.ca::00869,test.ca-cb.ca::00869__row760,Thank you the input helps me a lot,1.0,content_diversity,"No problem, I can always help.",I'm full of great input at all time.,That's what I'm here for.,"I have a giant brain, so I'm glad it's getting some use.",Glad to assist in your time of need.,-0.015,0.974,-0.160,-0.729,-0.523,27.211246,0.816832,0.347400,9.453191,0.283767,87.368732,1.367580,0.000000,30.351911,0.475097
test.ca-cb.ca::00869,test.ca-cb.ca::00869__row761,Thank you the input helps me a lot,0.0,content_diversity,"Sure, love to lend assistance.","No worries, I'm happy to assist.",My assistance is always available.,"Sure thing, always happy to lend a hand.","My services are here whenever needed, no sweat.",-0.033,0.941,-0.252,-0.812,-0.674,24.252558,0.762150,0.364390,8.837390,0.277720,61.319331,1.764711,0.000000,22.344153,0.643043
test.ca-cb.ca::00870,test.ca-cb.ca::00870__row762,Your really on form in this post aren't you,1.0,content_diversity,Don't talk to me like that.,I don't know what that means.,You're the one on form.,You don't even know what you're speaking about.,"Come at me, bro.",-0.015,0.964,-0.159,-0.684,-0.215,22.745589,0.571990,0.350920,7.981881,0.200723,27.618683,1.934360,0.000000,9.691946,0.678805
test.ca-cb.ca::00870,test.ca-cb.ca::00870__row763,Your really on form in this post aren't you,0.0,content_diversity,I don't even know what that means.,What are you trying to say?,I can't tell what you mean.,I'm not sure what you're trying to tell me.,What does that even mean?,-0.036,0.932,-0.290,-0.823,-0.682,36.959275,1.148663,0.450687,16.657074,0.517688,18.881649,0.489447,0.000000,8.509719,0.220588
test.ca-cb.ca::00871,test.ca-cb.ca::00871__row764,Getting injured and bench in the middle of his best season ever,1.0,content_diversity,thats bad luck,sucks,yeah well thats how some seasons go,im not interested in hearing about this,interesting,-0.004,0.989,-0.073,-0.661,-0.285,34.781341,1.324460,0.268635,9.343476,0.355796,49.302500,1.937986,0.000000,13.244363,0.520610
test.ca-cb.ca::00871,test.ca-cb.ca::00871__row765,Getting injured and bench in the middle of his best season ever,0.0,content_diversity,bad luck right there,thats very bad luck,horrible luck there,that sucks for him,no luck there,-0.075,0.703,-0.285,-0.812,-0.712,33.192023,1.760326,0.260117,8.633795,0.457890,10.268493,0.594769,0.000000,2.671005,0.154709
test.ca-cb.ca::00872,test.ca-cb.ca::00872__row766,Oh that looks pretty good do you wear them most days,1.0,content_diversity,I try to wear them as much as possible.,I only wear them for cheer practice.,This is my very first time wearing them.,"Yes, they are my go to shoes.",I only where them when I'm feeling fabulous!,-0.037,0.937,-0.326,-0.825,-0.322,13.573988,0.499871,0.450305,6.112437,0.225095,58.324961,1.191435,0.000000,26.264029,0.536509
test.ca-cb.ca::00872,test.ca-cb.ca::00872__row767,Oh that looks pretty good do you wear them most days,0.0,content_diversity,I only wear them for special occasions.,Only when I'm feeling great do I wear them.,I wear them when I'm feeling really good.,"If it's going to be a special day, I wear them.",I wear them when I want to feel great!,-0.166,0.826,-0.503,-0.956,-0.630,38.849383,0.879305,0.453057,17.600975,0.398375,36.500209,0.739404,0.000000,16.536666,0.334992
test.ca-cb.ca::00873,test.ca-cb.ca::00873__row768,Night and day afghanistan is much more dangerous,1.0,content_diversity,I disagree they are at least equal.,I guess you can't really compare anything to Afghanistan.,"I agree, Afghanistan is in a catagory of its own.",I've never been to Afghanistan so I can't really make a valid comparison.,How do you know?  Have you been to Afghanistan?,-0.041,0.932,-0.204,-0.797,-0.417,34.975351,0.573071,0.446699,15.623451,0.255990,16.452452,1.203849,0.000000,7.349292,0.537758
test.ca-cb.ca::00873,test.ca-cb.ca::00873__row769,Night and day afghanistan is much more dangerous,0.0,content_diversity,You can't makie an assesment if you have never been to the country.,Do you have any evidence to back that up?,If you never traveled to Afghanistan you have no basis for your opinion.,Unless you've been there you don't really know.,Have you ever traveled to the country or is this just a educated opinion?,-0.059,0.924,-0.148,-0.730,-0.370,23.141945,0.461703,0.474994,10.992290,0.219306,67.698416,0.645760,0.000000,32.156356,0.306732
test.ca-cb.ca::00874,test.ca-cb.ca::00874__row770,Gt and it offended me  I'm glad for that clarification,1.0,content_diversity,"No problem, glad I helped",How did that offend you,You are too easily offended,I am also glad that he clarified that,Just stop using internet if you get offended easily,-0.020,0.956,-0.072,-0.677,-0.243,6.328717,0.534436,0.429865,2.720496,0.229736,56.830345,0.914474,0.000000,24.429396,0.393101
test.ca-cb.ca::00874,test.ca-cb.ca::00874__row771,Gt and it offended me  I'm glad for that clarification,0.0,content_diversity,"Not a big deal, glad I could help","No worries, I am so glad that I helped you","No bother, wasn't problem for me to clarify it","It's okay, I am glad I helped you","No problem, I am always glad to help",-0.079,0.893,-0.292,-0.870,-0.707,59.658788,1.503944,0.368834,22.004161,0.554705,56.776438,1.088067,0.000000,20.941054,0.401316
test.ca-cb.ca::00875,test.ca-cb.ca::00875__row772,Yea it was enjoyable I hope they make it into a series,1.0,content_diversity,i hope they dont,they should,i agree it was so good,ok i dont think so,it sucked,-0.033,0.937,-0.121,-0.617,-0.342,20.528655,0.911168,0.341743,7.015529,0.311386,32.271980,1.545346,0.000000,11.028730,0.528112
test.ca-cb.ca::00875,test.ca-cb.ca::00875__row773,Yea it was enjoyable I hope they make it into a series,0.0,content_diversity,hopefully no,i dont think they should,"i do not agree, hopefully they dont",i hope they do not,no they dont,-0.079,0.876,-0.186,-0.833,-0.578,37.636334,1.327295,0.340356,12.809740,0.451752,42.092815,1.610927,0.000000,14.326529,0.548288
test.ca-cb.ca::00876,test.ca-cb.ca::00876__row774,Key still reports paul 0 even though I see the yellow,1.0,content_diversity,What does that mean?,I don't get why Paul is at 0 still.,That does not make sense.,Thanks for filling me in on that.,"Wow, that is a surprise.",-0.019,0.973,-0.219,-0.631,-0.281,26.267296,0.852454,0.354784,9.319208,0.302437,46.849041,1.028329,0.000000,16.621275,0.364834
test.ca-cb.ca::00876,test.ca-cb.ca::00876__row775,Key still reports paul 0 even though I see the yellow,0.0,content_diversity,What you are saying does not compute.,I am confused by that.,My mind is searching for a way to understand but I cannot.,This is difficult to comprehend.,I'm having trouble getting the meaning of that.,-0.011,0.978,-0.364,-0.745,-0.658,43.808461,1.129413,0.392322,17.187035,0.443094,48.420445,0.577324,0.000000,18.996420,0.226497
test.ca-cb.ca::00877,test.ca-cb.ca::00877__row776,Yes it's just that simple isn't it s,1.0,content_diversity,not always,"im not sure, seems complicated to me",yeah i dont agree,kinda agree kinda dont,easy enough for you to say!,-0.017,0.957,0.040,-0.685,-0.483,25.112286,1.366283,0.245095,6.154891,0.334869,52.734589,1.287950,0.000000,12.924974,0.315670
test.ca-cb.ca::00877,test.ca-cb.ca::00877__row777,Yes it's just that simple isn't it s,0.0,content_diversity,i kinda dont agree with you sorry,its hard to agree,i cant agree with you on this,im not sure about that kinda am,i dont have the same opinion as you,-0.046,0.922,-0.164,-0.806,-0.638,44.820413,1.760654,0.286983,12.862703,0.505278,41.107728,1.315424,0.000000,11.797225,0.377505
test.ca-cb.ca::00878,test.ca-cb.ca::00878__row778,Thats his fault besides it's not ruined for everybody else,1.0,content_diversity,True that he is totally to blame.,I don't blame him for that at all.,Why are you saying that he is at fault?,Everyone else will have a great time.,"Yeah, screw him, let's have a good time.",-0.038,0.929,-0.244,-0.700,-0.341,16.104902,0.465094,0.403196,6.493427,0.187524,37.702509,0.987226,0.000000,15.201488,0.398045
test.ca-cb.ca::00878,test.ca-cb.ca::00878__row779,Thats his fault besides it's not ruined for everybody else,0.0,content_diversity,It's not his fault in my opnion.,I feel he is not at fault.,My belief is that he is not to blame.,I don't think he carries any fault.,This is not something I believe he is responsible for.,-0.078,0.900,-0.495,-0.860,-0.664,27.563228,0.881656,0.365260,10.067747,0.322034,23.484322,0.895699,0.000000,8.577886,0.327163
test.ca-cb.ca::00879,test.ca-cb.ca::00879__row780,If you don't know the reference google it,1.0,content_diversity,everything is on google,what do you mean,im nt sure where its from,don't know what you mean,what is it anyway?,-0.034,0.945,-0.024,-0.644,-0.387,18.170695,0.684003,0.371192,6.744814,0.253896,41.235169,1.734171,0.000000,15.306160,0.643710
test.ca-cb.ca::00879,test.ca-cb.ca::00879__row781,If you don't know the reference google it,0.0,content_diversity,im not sure what it is,do you know what it means,i dont know what it means,what does it mean,how do you mean,-0.106,0.825,-0.325,-0.851,-0.708,25.370658,1.090369,0.405604,10.290434,0.442258,21.124628,1.398106,0.000000,8.568228,0.567077
test.ca-cb.ca::00880,test.ca-cb.ca::00880__row782,Oh so you're just a complete liar thats cool then,1.0,content_diversity,Just because you disagree with me doesn't mean I am a liar,Take that back,I also think he is lying,Actually the story is true,I don't believe you nor your story,-0.017,0.970,-0.116,-0.706,-0.250,17.447230,1.030721,0.415750,7.253681,0.428522,20.276262,1.544624,0.000000,8.429851,0.642177
test.ca-cb.ca::00880,test.ca-cb.ca::00880__row783,Oh so you're just a complete liar thats cool then,0.0,content_diversity,"We have different views, doesn't mean I lie",I am not a liar because we disagree on something,"We see things differently, doesn't mean I'm lying",I don't think I am a liar just because you disagree with me,Your disagreement doesn't mean that I lie,-0.063,0.910,-0.448,-0.916,-0.646,60.474451,1.224965,0.471238,28.497839,0.577250,16.021245,0.445922,0.000000,7.549814,0.210135
test.ca-cb.ca::00881,test.ca-cb.ca::00881__row784,Rejected from all  tossed out of everything  they come here to join,1.0,content_diversity,who says they are welcome here,what is the point of all this?,we can give them hope,we are not concerned about them,what are you saying?,-0.023,0.964,-0.178,-0.677,-0.287,24.854989,0.897082,0.410139,10.194003,0.367928,15.312268,0.767036,0.000000,6.280160,0.314591
test.ca-cb.ca::00881,test.ca-cb.ca::00881__row785,Rejected from all  tossed out of everything  they come here to join,0.0,content_diversity,we can give them aid,we can help them,they are those we can give hope to,we can assist them,we can inspire them,-0.179,0.841,-0.565,-0.961,-0.777,37.831283,1.648849,0.326035,12.334307,0.537582,51.233427,1.321038,0.000000,16.703870,0.430704
test.ca-cb.ca::00882,test.ca-cb.ca::00882__row786,I believe they can indeed hear your weird conversations,1.0,content_diversity,I don't think so,"Yes for sure, they can",And what is the problem with that?,Not if we are whispering,I don't mind them hear our conversation,-0.012,0.977,0.034,-0.653,-0.252,22.648030,1.039805,0.360314,8.160406,0.374656,40.190464,0.923274,0.000000,14.481194,0.332669
test.ca-cb.ca::00882,test.ca-cb.ca::00882__row787,I believe they can indeed hear your weird conversations,0.0,content_diversity,Why would that be a problem?,So what?,I don't care much,It's not a big deal,Not a problem for me,-0.011,0.982,-0.158,-0.682,-0.457,28.449531,1.978664,0.267479,7.609645,0.529251,20.504638,1.304639,0.000000,5.484555,0.348963
test.ca-cb.ca::00883,test.ca-cb.ca::00883__row788,I wonder  isn't he the most unique musician living right now,1.0,content_diversity,He has such a cool style.,The way he blends genres is amazing.,I love his different sounds.,He will be the next big music star.,How is he not famous by now?,-0.009,0.982,-0.347,-0.707,-0.403,22.570068,0.671102,0.394594,8.906023,0.264813,22.603630,0.778322,0.000000,8.919266,0.307121
test.ca-cb.ca::00883,test.ca-cb.ca::00883__row789,I wonder  isn't he the most unique musician living right now,0.0,content_diversity,He's gonna make it big very soon.,I see him becoming huge not too far away.,He will definitely be famous soon.,His name will be in lights soon enough.,He will be selling out big arenas in the near future.,-0.036,0.945,-0.404,-0.785,-0.595,29.611314,0.890980,0.387231,11.466418,0.345015,41.006407,0.872746,0.000000,15.878951,0.337954
test.ca-cb.ca::00884,test.ca-cb.ca::00884__row790,If I had a penny for every time I had heard that,1.0,content_diversity,you would still be poor with just that hihi,you would probably make about a dollar,so you would have two cents then,I rather get a billion,a penny no longers hold much value,-0.035,0.952,-0.100,-0.698,-0.240,10.381066,0.422909,0.320214,3.324158,0.135421,59.137476,1.621792,0.000000,18.936624,0.519320
test.ca-cb.ca::00884,test.ca-cb.ca::00884__row791,If I had a penny for every time I had heard that,0.0,content_diversity,that is not a lot of money,that is a very small amount of money,you would not make a lot from that,"with that, you make very little",that will be little money you have,-0.070,0.892,-0.320,-0.827,-0.774,30.103398,0.960029,0.386527,11.635762,0.371077,63.145937,1.827268,0.000000,24.407579,0.706287
test.ca-cb.ca::00885,test.ca-cb.ca::00885__row792,Id let him have a blast with me mm hm,1.0,content_diversity,I would worry about catching an STD.,I don't want my heart to get broken.,His girlfriend would probably kill you.,Is he single?,Is he good in bed?,-0.023,0.964,-0.283,-0.582,-0.279,23.681312,0.865249,0.307313,7.277576,0.265902,48.065826,0.706972,0.000000,14.771256,0.217262
test.ca-cb.ca::00885,test.ca-cb.ca::00885__row793,Id let him have a blast with me mm hm,0.0,content_diversity,Is he a solo act?,Is he a bachelor?,Does he have a girlfriend or boyfriend?,Do you know if he is single?,Is he married?,-0.103,0.897,-0.540,-0.716,-0.559,22.377939,0.749329,0.269650,6.034204,0.202056,29.274050,1.756114,0.000000,7.893739,0.473536
test.ca-cb.ca::00886,test.ca-cb.ca::00886__row794,Doubt the servers would even be up for it,1.0,content_diversity,"I know, they all look exhausted.",It is asking a lot of them.,Of course they would be up for it.,We don't know if we don't ask.,Maybe they will be and maybe they won't.,-0.015,0.972,-0.163,-0.711,-0.280,12.972016,0.490444,0.386918,5.019101,0.189761,35.687362,1.426572,0.000000,13.808069,0.551966
test.ca-cb.ca::00886,test.ca-cb.ca::00886__row795,Doubt the servers would even be up for it,0.0,content_diversity,The servers would love to do it obviously.,It is clear to be that they would totally want to do this.,Or course the servers are gonna be into that.,They will love the idea and be happy to do it.,Clearly the servers would be delighted to try that.,-0.079,0.897,-0.397,-0.835,-0.663,40.937688,0.875726,0.393559,16.111377,0.344649,49.039122,0.762536,0.000000,19.299765,0.300102
test.ca-cb.ca::00887,test.ca-cb.ca::00887__row796,I suggest getting a car you like next time,1.0,content_diversity,I wanted something gas efficient.,I was trying to impress some women.,"Well, next time I will do that.","I know, I was acting impulsively.",I just wanted the cheapest one.,-0.052,0.947,-0.339,-0.701,-0.238,25.203529,0.762077,0.383563,9.667152,0.292305,32.894492,0.930380,0.000000,12.617123,0.356860
test.ca-cb.ca::00887,test.ca-cb.ca::00887__row797,I suggest getting a car you like next time,0.0,content_diversity,I just wanted to save money.,I'm always trying to save money.,I wanted the cheapest I could find.,I didn't want to spend too much.,I'm trying to be smart with my money.,-0.069,0.900,-0.485,-0.817,-0.493,25.755746,0.797206,0.409085,10.536297,0.326125,20.655289,0.414707,0.000000,8.449775,0.169651
test.ca-cb.ca::00888,test.ca-cb.ca::00888__row798,Oh okay for some reason I interpreted bearded dragon as a euphemism,1.0,content_diversity,How did you interpret it so wrong haha,I think it was meant to be euphemism,How else would you interpret it,Yeah me too,I didn't even understand it,-0.041,0.927,-0.075,-0.698,-0.320,21.936408,1.131258,0.361447,7.928848,0.408890,36.249318,1.471811,0.000000,13.102206,0.531981
test.ca-cb.ca::00888,test.ca-cb.ca::00888__row799,Oh okay for some reason I interpreted bearded dragon as a euphemism,0.0,content_diversity,It was meant to be an euphemism,"For sure, it was supposed to be euphemism",That's what was meant to be,It was supposed to be like that,I think he meant for it to be an euphemism,-0.186,0.764,-0.384,-0.863,-0.649,43.249230,1.432925,0.399387,17.273187,0.572292,41.734021,0.866799,0.000000,16.668032,0.346188
test.ca-cb.ca::00889,test.ca-cb.ca::00889__row800,Lets get stoned and then go home and get stoned,1.0,content_diversity,Getting stoned is the only thing you care about.,That's the best idea I've heard in a while.,I can't get stoned I have to work in the morning.,Do we have enough stoner supplies?,That sounds dangerous we may get arrested.,-0.017,0.962,-0.136,-0.699,-0.177,18.464562,0.451429,0.434538,8.023551,0.196163,30.335768,1.025649,0.000000,13.182039,0.445683
test.ca-cb.ca::00889,test.ca-cb.ca::00889__row801,Lets get stoned and then go home and get stoned,0.0,content_diversity,I never though I'd find someone who likes to get stoned as much as me.,You lead the way.,"I'm game, let's do it.","I can't wait, I've needed to get stoned for a while now.",You always know just what to say.,-0.018,0.951,-0.197,-0.646,-0.320,26.851308,0.973710,0.338707,9.094720,0.329802,45.096894,1.520833,0.000000,15.274624,0.515116
test.context.txt::01570,test.context.txt::01570__row802,Makes it all the more hilarious for those of us that do,1.0,content_diversity,Do what exactly,yeah its funny,cool,hilarious,alright but who cares,0.000,0.800,-0.095,-0.637,-0.381,9.226404,2.104095,0.157978,1.457568,0.332401,41.658919,2.309437,0.000000,6.581191,0.364840
test.context.txt::01570,test.context.txt::01570__row803,Makes it all the more hilarious for those of us that do,0.0,content_diversity,that is funny,super funny,kinda funny,really funny,so funny,-0.093,0.527,-0.738,-0.986,-0.885,26.988375,2.510043,0.191799,5.176331,0.481423,26.928939,2.052801,0.000000,5.164931,0.393724
test.context.txt::01571,test.context.txt::01571__row804,Hey I'm out of that age range and I have black friends,1.0,content_diversity,this sounds racist,cant believe you said that,this is weird to say,the internet never fails,lol what is this,-0.020,0.971,-0.065,-0.607,-0.295,19.453161,0.771848,0.370889,7.214955,0.286270,26.804714,0.759716,0.000000,9.941562,0.281770
test.context.txt::01571,test.context.txt::01571__row805,Hey I'm out of that age range and I have black friends,0.0,content_diversity,very racist sounding,so racist,thats kinda racists to say,not nice to say,thats very rude,-0.035,0.925,-0.302,-0.794,-0.665,35.232189,2.016701,0.264059,9.303385,0.532529,27.678686,0.688558,0.000000,7.308813,0.181820
test.context.txt::01572,test.context.txt::01572__row806,My name is short as it is would be pointless,1.0,content_diversity,"Probably, forgot its already short.","Maybe, but you could make it shorter",Pointless? No.,Just make it shorter.,Shorter the better.,-0.027,0.928,-0.158,-0.852,-0.543,24.986791,1.332580,0.261627,6.537210,0.348639,63.453895,1.849331,0.000000,16.601230,0.483834
test.context.txt::01572,test.context.txt::01572__row807,My name is short as it is would be pointless,0.0,content_diversity,Your name is quite short.,"Yes, anymore short doesn't change anything.",Can't get much shorter.,I forgot about the shortness.,Your name is shorter then I remember.,-0.034,0.926,-0.254,-0.915,-0.564,24.990234,1.008659,0.334756,8.365642,0.337655,63.190878,1.074576,0.000000,21.153554,0.359721
test.context.txt::01573,test.context.txt::01573__row808,Would you mind sending me a trade I can't find you online,1.0,content_diversity,"No sorry, I can't do that.","Yes, no problem.",My internet is out.,Who are you again?,"I don't even play that game, it's like so old.",-0.005,0.985,-0.099,-0.626,-0.249,4.881846,1.071688,0.312468,1.525421,0.334868,75.114002,0.801253,0.000000,23.470729,0.250366
test.context.txt::01573,test.context.txt::01573__row809,Would you mind sending me a trade I can't find you online,0.0,content_diversity,Happy to.,On it's way.,I wouldn'tmind at all.,I will do that right now.,No problem my friend.,-0.004,0.989,-0.121,-0.642,-0.449,23.624685,1.327225,0.225439,5.325936,0.299209,21.854573,2.428288,0.000000,4.926883,0.547432
test.context.txt::01574,test.context.txt::01574__row810,A quick google had me wondering why anyone would do that,1.0,content_diversity,Do what exactly,Yeah Google has all the answers,Isn't it obvious,google is cool,Why wouldn't anyone?,0.000,1.000,0.077,-0.650,-0.269,16.830274,1.006396,0.280555,4.721811,0.282349,20.958114,1.335930,0.000000,5.879895,0.374801
test.context.txt::01574,test.context.txt::01574__row811,A quick google had me wondering why anyone would do that,0.0,content_diversity,google is good,search engines work,cool google,google works well,great google,-0.049,0.554,-0.315,-0.888,-0.687,36.893877,2.539528,0.212750,7.849191,0.540286,15.364778,0.849581,0.000000,3.268864,0.180749
test.context.txt::01575,test.context.txt::01575__row812,I could of sworn I heard it a little,1.0,content_diversity,what did you hear?,I heard it too,I did not hear anything,"Well, maybe if you did not swear you would hear it more","there are many sounds recently, of which are you referring to",-0.036,0.938,-0.186,-0.800,-0.286,5.343999,0.860854,0.334155,1.785725,0.287659,131.241798,1.047423,0.000000,43.855123,0.350002
test.context.txt::01575,test.context.txt::01575__row813,I could of sworn I heard it a little,0.0,content_diversity,I also hear it,I heard the same noise,I too have heard something,there was a noise which I also happen to hear,some noise was made that affect me too,-0.050,0.930,-0.339,-0.936,-0.745,28.029543,1.184746,0.288880,8.097170,0.342249,81.403992,1.378045,0.000000,23.515973,0.398089
test.context.txt::01576,test.context.txt::01576__row814,Thats not weird more than half of my friends play it,1.0,content_diversity,"Agreed, very popular game.",That game is something everyone plays.,"Not weird, but childish.",For your age it is.,I don't play games.,-0.008,0.983,-0.241,-0.725,-0.270,24.266032,0.907599,0.312253,7.577151,0.283401,33.451296,1.362569,0.000000,10.445281,0.425467
test.context.txt::01576,test.context.txt::01576__row815,Thats not weird more than half of my friends play it,0.0,content_diversity,I am too old to play it.,Not a fan given my age.,I am not a player of any game.,Games and me do not match.,Not a big player of games like that.,-0.034,0.934,-0.311,-0.773,-0.440,35.544926,1.440382,0.269819,9.590704,0.388643,30.062899,1.445338,0.000000,8.111548,0.389980
test.context.txt::01577,test.context.txt::01577__row816,Not when the world is in fact going to hell no,1.0,content_diversity,you can do anything during this time,ridiculous,yes why not,its is going somewhere,what are you getting at,-0.003,0.990,-0.003,-0.560,-0.365,12.011263,1.309081,0.305033,3.663829,0.399313,40.260105,2.102449,0.000000,12.280651,0.641316
test.context.txt::01577,test.context.txt::01577__row817,Not when the world is in fact going to hell no,0.0,content_diversity,sure why not,why dont ya,"sure, yes",of course why not,sure thing,-0.040,0.721,-0.002,-0.804,-0.587,18.764758,1.549676,0.170900,3.206904,0.264840,30.047958,3.528111,0.000000,5.135207,0.602955
test.context.txt::01578,test.context.txt::01578__row818,It looks like your site might be down,1.0,content_diversity,Actually it's working for me,It's always down these days,I never go on that site anymore so it doesn't matter,How do you know?,Could you get earlier?,-0.005,0.993,-0.036,-0.605,-0.162,20.686403,0.355327,0.344581,7.128134,0.122439,55.171153,2.258213,0.000000,19.010912,0.778136
test.context.txt::01578,test.context.txt::01578__row819,It looks like your site might be down,0.0,content_diversity,Seems ok,I can access without issue,"just checked, it's working",I don't have a problem,"Don't think so, I am on it now",-0.010,0.983,-0.150,-0.668,-0.548,26.062532,1.568197,0.269329,7.019393,0.422361,39.323978,1.432092,0.000000,10.591084,0.385704
test.context.txt::01579,test.context.txt::01579__row820,Well is it part of a show or something because they're falling,1.0,content_diversity,"They are falling, yes.","Perhaps, but its entertaining","No, no way that is part of a show.",Its a true accident.,Its all part of an act.,-0.016,0.961,-0.190,-0.703,-0.288,30.844427,1.087836,0.276701,8.534685,0.301005,31.097960,0.778025,0.000000,8.604837,0.215280
test.context.txt::01579,test.context.txt::01579__row821,Well is it part of a show or something because they're falling,0.0,content_diversity,It is keeping peoples attention.,People are watching intently.,Many people are wondering the same.,Lots of the crowd is enjoying the site.,Many people are looking at the spectacle.,-0.045,0.921,-0.410,-0.770,-0.692,36.231157,1.046162,0.329872,11.951646,0.345100,46.056270,1.289335,0.000000,15.192676,0.425316
test.context.txt::01580,test.context.txt::01580__row822,So dark I couldn't see a darn thing she was doing,1.0,content_diversity,"Well, it was on purpose",I thought it was not that dark.,It was hard to see.,Maybe she wanted to stay hidden.,"Perhaps, she didn't want to reveal herself.",-0.031,0.952,-0.305,-0.678,-0.327,18.185613,0.859153,0.349983,6.364656,0.300689,24.009581,1.036921,0.000000,8.402945,0.362905
test.context.txt::01580,test.context.txt::01580__row823,So dark I couldn't see a darn thing she was doing,0.0,content_diversity,I was too dark to full view everything.,Too dark to see much.,"Yes, way to dim for viewing.",I questioned my eyesight on that.,Way dark for easy viewing.,-0.034,0.945,-0.279,-0.801,-0.612,31.831013,1.184875,0.260886,8.304255,0.309117,63.249406,1.040967,0.000000,16.500864,0.271573
test.context.txt::01581,test.context.txt::01581__row824,Maybe some use it that way for many it's an alter ego,1.0,content_diversity,I agree a way to escape,to get away from reality?,to some perhaps,"No, never an alter ego",Why would anyone do that,-0.014,0.983,-0.025,-0.627,-0.261,14.205344,0.853889,0.376277,5.345147,0.321299,20.881309,1.431479,0.000000,7.857161,0.538633
test.context.txt::01581,test.context.txt::01581__row825,Maybe some use it that way for many it's an alter ego,0.0,content_diversity,perhaps a way to get away from things,it would help get away,sometimes one needs to change venues,a different way to live can be fun,alter egos can be a method to retreat from reality,-0.047,0.922,-0.233,-0.698,-0.443,12.879052,0.690851,0.399076,5.139717,0.275702,56.694594,0.909979,0.000000,22.625435,0.363150
test.context.txt::01582,test.context.txt::01582__row826,I know that feel bro is she on birth control,1.0,content_diversity,hopefully she is!,gotta stay protected,"wrap it all the way up, oh wait...",is she pregnant?,is she? im tryna see something,-0.011,0.983,-0.101,-0.588,-0.251,18.616800,0.751326,0.317829,5.916953,0.238793,77.446821,1.338351,0.000000,24.614820,0.425366
test.context.txt::01582,test.context.txt::01582__row827,I know that feel bro is she on birth control,0.0,content_diversity,try to keep protected,you have to protect yourself,keep protection,they gotta keep protected,please protect yourselves,-0.040,0.929,-0.385,-0.921,-0.777,30.485370,1.510833,0.326859,9.964424,0.493830,13.898461,1.014034,0.000000,4.542840,0.331446
test.context.txt::01583,test.context.txt::01583__row828,Whats brown and rhymes with snoop  dr dre,1.0,content_diversity,I have no idea,This doesn't seem to be a joke,I can't figure this out.,This doesn't seem to be funny,Is this a joke,-0.084,0.776,-0.236,-0.775,-0.576,34.398164,1.319971,0.402639,13.850041,0.531472,21.366598,0.705066,0.000000,8.603025,0.283887
test.context.txt::01583,test.context.txt::01583__row829,Whats brown and rhymes with snoop  dr dre,0.0,content_diversity,not sure if you meant that to be a joke,a joke or not?,Doesn't seem to be funny.,a joke is nowhere to be found,is there humor in that?,-0.061,0.911,-0.192,-0.943,-0.507,25.947886,1.098737,0.307530,7.979757,0.337895,22.780126,1.133656,0.000000,7.005575,0.348633
test.context.txt::01584,test.context.txt::01584__row830,Until you get a fire axe before that they're pretty lethal,1.0,content_diversity,I agree they are very lethal.,I don't think they are that lethal.,You sure I was a fire axe,Was the fire axe the lethal one?,Not as lethal as the sword.,-0.048,0.913,-0.283,-0.761,-0.316,29.700739,1.027936,0.326760,9.705005,0.335888,35.849741,1.564147,0.000000,11.714251,0.511100
test.context.txt::01584,test.context.txt::01584__row831,Until you get a fire axe before that they're pretty lethal,0.0,content_diversity,The fire axe is one of the deadliest weapons,that axe has some power,the axe does contain some deadly power,I think the axe can be very powerful in fighting.,Death is was that axe does.,-0.062,0.922,-0.360,-0.962,-0.681,22.594352,0.436263,0.319394,7.216507,0.139340,77.511179,3.107015,0.000000,24.756628,0.992363
test.context.txt::01585,test.context.txt::01585__row832,Nope it's all online anyone can take it,1.0,content_diversity,I think I'll go find it right now.,"That's great, I love these things.",I'm going to take it because I like to do quizzes.,I'm not even gonna try because that's way over my head.,I tried their stuff before and my computer always freezes.,-0.021,0.965,-0.227,-0.704,-0.169,7.405387,0.310006,0.436416,3.231832,0.135292,63.917042,0.579104,0.000000,27.894442,0.252730
test.context.txt::01585,test.context.txt::01585__row833,Nope it's all online anyone can take it,0.0,content_diversity,I'll save it for later when I need a break from working.,"I love quizzes, I can do a hundred of them.",I wish we could make money taking quizzes because I love them.,Some of the quizzes are a lot of fun.,"I'll find the link and post it her for people who love quizzes, like me.",-0.040,0.934,-0.317,-0.837,-0.400,25.536632,0.689036,0.411971,10.520342,0.283863,73.706271,0.475241,0.000000,30.364818,0.195785
test.context.txt::01586,test.context.txt::01586__row834,Well I guess you shouldn't go see the movie then problem solved,1.0,content_diversity,But I want to know what happens!,"Okay, you are probably right.",I wasn't anyway.,I was only going to go because Dylan wanted to.,That is just your opinion.,-0.014,0.973,-0.110,-0.628,-0.231,20.395782,0.881358,0.371155,7.569995,0.327121,39.717195,1.045840,0.000000,14.741233,0.388169
test.context.txt::01586,test.context.txt::01586__row835,Well I guess you shouldn't go see the movie then problem solved,0.0,content_diversity,If I don't how will I know what happens?,I need to know how it ends.,But then I'll never get to see the ending.,How am I going to know how it pans out if I don't?,Who is going to to tell me the ending then?,-0.071,0.893,-0.320,-0.830,-0.578,25.943008,0.695710,0.412364,10.697951,0.286885,49.895598,0.827443,0.000000,20.575126,0.341207
test.context.txt::01587,test.context.txt::01587__row836,War and peace finished it in only three bathroom breaks,1.0,content_diversity,"uh, not even the spark notes.",Konkov would be impressed,And ... I flew to the moon for breakfast today.,Spends several days at a time in the bathroom.,Reddit user clearly trying to play us.,-0.010,0.983,-0.029,-0.526,-0.053,10.900611,0.156298,0.273866,2.985311,0.042805,50.427539,1.775550,0.000000,13.810405,0.486263
test.context.txt::01587,test.context.txt::01587__row837,War and peace finished it in only three bathroom breaks,0.0,content_diversity,I did it in two bathroom breaks.,A bear can do it in the woods in one bathroom break.,The pope can do it in a New York minute.,The sky is falling..,Konkov wrote it in less time.,-0.070,0.892,-0.215,-0.577,-0.194,22.491619,0.459834,0.314436,7.072180,0.144588,73.281881,3.064995,0.000000,23.042479,0.963746
test.context.txt::01588,test.context.txt::01588__row838,Yeah ill probably be on around midnight est if thats all right,1.0,content_diversity,its fine with me,thats pretty late,look at you staying on late,thats not that late lol,"cool, i'll be asleep",-0.019,0.973,0.009,-0.722,-0.311,28.646404,1.185981,0.336892,9.650750,0.399548,46.563185,1.632969,0.000000,15.686773,0.550134
test.context.txt::01588,test.context.txt::01588__row839,Yeah ill probably be on around midnight est if thats all right,0.0,content_diversity,thats really late,so late,thats kinda late,really long time,very late,-0.063,0.523,-0.396,-0.852,-0.806,32.536949,2.594218,0.262544,8.542369,0.681095,26.395308,1.620660,0.000000,6.929920,0.425494
test.context.txt::01589,test.context.txt::01589__row840,I can't believe my andy is this cute,1.0,content_diversity,how is it cute.,cute it is not,there is no cutest there,it seems to keep its cuteness,why does it seem odd?,-0.043,0.942,-0.151,-0.834,-0.463,16.265233,0.678880,0.250846,4.080075,0.170295,28.974983,1.181008,0.000000,7.268269,0.296252
test.context.txt::01589,test.context.txt::01589__row841,I can't believe my andy is this cute,0.0,content_diversity,it has kept the cuteness,always good looking,stays cute always,it never changes,the cuteness seems to stay,-0.025,0.944,-0.274,-0.750,-0.618,34.693658,1.962290,0.288887,10.022558,0.566881,16.785796,0.493986,0.000000,4.849204,0.142706
test.context.txt::01590,test.context.txt::01590__row842,For those 10 seconds or less I'm free,1.0,content_diversity,wooo good,10 seconds?,very short timer,i like being free,elaborate,0.000,0.800,-0.048,-0.557,-0.226,22.254551,1.089382,0.133760,2.976775,0.145716,31.191382,4.182192,0.000000,4.172167,0.559411
test.context.txt::01590,test.context.txt::01590__row843,For those 10 seconds or less I'm free,0.0,content_diversity,free is good,free is freeing,very nice and free,love being free,so so free,-0.074,0.707,-0.339,-0.869,-0.806,35.249610,2.154543,0.174435,6.148774,0.375828,18.352671,1.111962,0.000000,3.201353,0.193965
test.context.txt::01591,test.context.txt::01591__row844,how do this keep getting this credibility back,1.0,content_diversity,I don't know,they always find a way to,no idea how they get it back,don't understand how,magic somehow,-0.014,0.971,-0.084,-0.632,-0.368,22.364980,0.651420,0.373412,8.351356,0.243248,30.404416,2.526571,0.000000,11.353379,0.943452
test.context.txt::01591,test.context.txt::01591__row845,how do this keep getting this credibility back,0.0,content_diversity,The credibillity is always returned,they find a way,credit is always returned to them,"somehow, they find respect",someone must trust them,-0.046,0.899,-0.188,-0.711,-0.417,38.509191,1.436293,0.320092,12.326481,0.459746,43.638680,0.994682,0.000000,13.968389,0.318390
test.context.txt::01592,test.context.txt::01592__row846,Gtif you can stand subtitles  seriously why is that an issue,1.0,content_diversity,its a big issue to some,not an issue,I can read that well,it gets in the pictures way,Its an annoyance,-0.011,0.983,-0.145,-0.670,-0.295,28.227146,1.328627,0.297787,8.405665,0.395647,33.006526,0.798135,0.000000,9.828900,0.237674
test.context.txt::01592,test.context.txt::01592__row847,Gtif you can stand subtitles  seriously why is that an issue,0.0,content_diversity,the view of the movie is hindered,I want to see the film,I want the movie not the words,I don't need the text,the subtitles are not needed if you can hear,-0.073,0.922,-0.253,-0.733,-0.266,32.498864,1.416092,0.410834,13.351634,0.581779,34.136039,0.840324,0.000000,14.024241,0.345234
test.context.txt::01593,test.context.txt::01593__row848,Yeah yeah this looks like a decent afternoon,1.0,content_diversity,it does,doesn't it!?,love a good afternoon,sweet,very decent,0.000,0.800,-0.064,-0.565,-0.431,26.452773,2.424723,0.174714,4.621666,0.423633,35.843219,2.631687,0.000000,6.262307,0.459792
test.context.txt::01593,test.context.txt::01593__row849,Yeah yeah this looks like a decent afternoon,0.0,content_diversity,pretty decent,kinda decent,try to be decent,that is pretty cool,awesome,-0.031,0.754,-0.350,-0.783,-0.603,30.503279,1.916884,0.244262,7.450788,0.468222,26.621301,2.083935,0.000000,6.502569,0.509026
test.context.txt::01594,test.context.txt::01594__row850,Commenting for reference in case I end up shooting fireworks this monday,1.0,content_diversity,I hope you don't do fireworks.,Don't cause any fires with your stupid fireworks.,Those should be outlawed because too many stupid people use them.,Think about it before you do it...so many animals get scared or hurt.,Let the fireworks get done by the professionals.,-0.018,0.965,-0.259,-0.752,-0.288,37.279164,0.567957,0.422023,15.732678,0.239691,84.011576,0.493882,0.000000,35.454848,0.208430
test.context.txt::01594,test.context.txt::01594__row851,Commenting for reference in case I end up shooting fireworks this monday,0.0,content_diversity,More animals get scared and run away.,The humane societies can't keep up with the runaway animals due to fireworks.,I hate what fireworks does to animals.,My pets get delirious when all the fireworks go off.,Please take care of your pets before you shoot them off.,-0.023,0.963,-0.311,-0.865,-0.436,37.387620,0.795498,0.383951,14.355002,0.305432,52.153276,0.544784,0.000000,20.024285,0.209170
test.context.txt::01595,test.context.txt::01595__row852,I did not se her coming at all,1.0,content_diversity,I did but I couldn't alert you.,She showed up out of nowhere.,I was surprised by her too.,She was trying to sneak up on us.,I think she thought she would catch us doing something.,-0.022,0.957,-0.289,-0.681,-0.357,1.709335,0.453921,0.396214,0.677263,0.179850,70.294327,1.707348,0.000000,27.851623,0.676476
test.context.txt::01595,test.context.txt::01595__row853,I did not se her coming at all,0.0,content_diversity,She definitely doesn't trust you.,She loves to catch you talking.,"She was sleazing up quietly, for sure.",She just walked up like a snake.,She was trying to catch you doing something with me.,-0.061,0.915,-0.265,-0.694,-0.237,33.153287,1.041325,0.334283,11.082594,0.348098,47.712546,1.447888,0.000000,15.949512,0.484005
test.context.txt::01596,test.context.txt::01596__row854,You can't eat them  oh god thats embarrassing,1.0,content_diversity,Why can't I eat them.,Sure I can eat them.,I don't plan on eating them at all.,"Calm down, no issues with eating them.",I don't plan to.,-0.079,0.887,-0.376,-0.861,-0.388,30.067417,0.787545,0.344545,10.359577,0.271345,53.386710,1.247707,0.000000,18.394123,0.429891
test.context.txt::01596,test.context.txt::01596__row855,You can't eat them  oh god thats embarrassing,0.0,content_diversity,Those things are not going in my mouth.,No thought on eating it.,I had no intent on such a thing.,Nothing is being eaten.,"Those things won't be ate, no worries.",-0.014,0.968,-0.305,-0.722,-0.440,26.503300,1.067940,0.313249,8.302138,0.334531,56.645124,1.661834,0.000000,17.744040,0.520568
test.context.txt::01597,test.context.txt::01597__row856,Only when they can buy all the tea in china,1.0,content_diversity,"Unfortunately, they probably can buy all the tea in China.","Well, that rules that out then.",Lol...just say what you mean.,"I agree, I would never donate to that fund.",I can't imagine how much tea that would be.,-0.019,0.964,-0.152,-0.680,-0.197,37.460545,1.179232,0.342164,12.817659,0.403491,41.675279,1.734224,0.000000,14.259790,0.593390
test.context.txt::01597,test.context.txt::01597__row857,Only when they can buy all the tea in china,0.0,content_diversity,"I agree, it's out of the question.",That pretty much says it.,"I guess you're not up to discussing it, lol.",That's pretty blunt so you're out.,I'd say that would be a no for you.,-0.012,0.978,-0.237,-0.726,-0.472,37.305516,1.017773,0.282114,10.524417,0.287128,59.249423,1.134117,0.000000,16.715105,0.319950
test.context.txt::01598,test.context.txt::01598__row858,Wait you did't eat all the doritos in one sitting,1.0,content_diversity,"no, not all of them","yes, yes I did",I don't like doritos,none were eaten by me,it wasn't me,-0.010,0.981,-0.037,-0.552,-0.262,23.752982,1.164653,0.318281,7.560132,0.370687,22.613653,1.021607,0.000000,7.197505,0.325159
test.context.txt::01598,test.context.txt::01598__row859,Wait you did't eat all the doritos in one sitting,0.0,content_diversity,I can eat bags full,I can eat all doritos,the whole bag usually gets eaten by me,i can finish a lot of them,all of them yes,-0.052,0.916,-0.117,-0.697,-0.415,31.718511,0.939723,0.347041,11.007614,0.326122,36.954504,0.874699,0.000000,12.824716,0.303556
test.context.txt::01599,test.context.txt::01599__row860,I started drinking to forget  I don't remember when,1.0,content_diversity,That's something to brag about...even in jest :(,And I bet you did it alone and with someone else...,"Lol, you should have called me, I'd have remembered.",Funny but you don't seem like a drunk.,"Ahhhh, it all makes sense now.",-0.009,0.981,-0.043,-0.691,-0.274,45.278190,0.863108,0.305984,13.854390,0.264097,83.839956,1.029637,0.000000,25.653663,0.315052
test.context.txt::01599,test.context.txt::01599__row861,I started drinking to forget  I don't remember when,0.0,content_diversity,I always thought you were like that because you're an idiot...but it's the booze.,You always seemed like a guy not really there.,It's not like we couldn't tell.,You always seems three sheets to the wind.,"LOL, yep you are the top dawg in that department.",-0.030,0.953,-0.074,-0.637,-0.202,14.463921,0.560165,0.320289,4.632633,0.179415,92.199758,1.573413,0.000000,29.530557,0.503947
test.context.txt::01600,test.context.txt::01600__row862,You can also count the fact that the building itself is metal,1.0,content_diversity,It is metal.,"No, some of it is brick.",I can't agree with you on that.,"Mostly metal, but not all of it",Does it matter that it is metal?,-0.038,0.937,-0.227,-0.675,-0.382,23.886690,0.935175,0.344132,8.220165,0.321823,31.104978,1.107809,0.000000,10.704206,0.381232
test.context.txt::01600,test.context.txt::01600__row863,You can also count the fact that the building itself is metal,0.0,content_diversity,the brick itself changes things,brick actually changes the structure,"some of it is metal, the rest brick",brick makes up most of it,I think a brick and metal building is more accurate.,-0.057,0.934,-0.221,-0.943,-0.556,17.792234,0.904131,0.375438,6.679883,0.339445,71.164966,0.652477,0.000000,26.718043,0.244965
test.context.txt::01601,test.context.txt::01601__row864,I thought it would be  obvious   it's an analogy,1.0,content_diversity,I thought it was,no not really,it is not overall,obvious to some only,I can't say that,-0.016,0.768,-0.070,-0.611,-0.405,24.694904,1.465131,0.286760,7.081504,0.420141,37.005801,1.715515,0.000000,10.611773,0.491941
test.context.txt::01601,test.context.txt::01601__row865,I thought it would be  obvious   it's an analogy,0.0,content_diversity,it wasn't obvious to me,not apparent to me,did not see it,not really for me,I didn't even know it was there,-0.051,0.931,-0.247,-0.671,-0.693,23.242477,1.604231,0.322935,7.505819,0.518063,26.637485,1.248854,0.000000,8.602188,0.403299
test.context.txt::01602,test.context.txt::01602__row866,I think the 48 part deserves 1 12 downvotes,1.0,content_diversity,There are probably some people who would like it.,I agree with you...it's pretty bad.,"I don't agree, I think he made some good points.",Only a conservative would agree with you.,I think it'll be closer to 50/50.,-0.031,0.947,-0.211,-0.707,-0.262,16.202540,0.252352,0.422346,6.843081,0.106580,7.935044,0.723695,0.000000,3.351335,0.305650
test.context.txt::01602,test.context.txt::01602__row867,I think the 48 part deserves 1 12 downvotes,0.0,content_diversity,It's not perfect but it's not a complete dud.,"At least he was trying, that's all you can ask.",He's got some fans here so they'll like what he said.,I like what he said so he's okay with me.,He tried to please everyone and he did okay with that.,-0.039,0.928,-0.238,-0.725,-0.414,43.218272,0.939883,0.373976,16.162580,0.351493,31.805240,0.462331,0.000000,11.894385,0.172901
test.context.txt::01603,test.context.txt::01603__row868,If she is staring at you probably she wants something,1.0,content_diversity,maybe she wants me,I think you are right,"she is my girlfriend, did you not know that?","well, she is obviously in love with me",maybe she was trying to see if I like her too,-0.037,0.944,-0.221,-0.689,-0.441,26.762557,0.896745,0.396333,10.606890,0.355410,60.255457,0.598904,0.000000,23.881238,0.237366
test.context.txt::01603,test.context.txt::01603__row869,If she is staring at you probably she wants something,0.0,content_diversity,you are probably correct,maybe you are onto something,I agree with that,I am thinking the same thing,that is what I think too,-0.030,0.950,-0.135,-0.734,-0.679,30.142331,1.297740,0.413149,12.453273,0.536160,13.769797,0.426540,0.000000,5.688977,0.176224
test.context.txt::01604,test.context.txt::01604__row870,Your head is supposed to be the other way around typically,1.0,content_diversity,"yes, I agree",the other way around?,"how so, like backwards?",that seems out of place,I'm not typical,0.000,1.000,0.108,-0.622,-0.301,19.594339,0.685555,0.316001,6.191839,0.216636,29.370227,1.852179,0.000000,9.281033,0.585291
test.context.txt::01604,test.context.txt::01604__row871,Your head is supposed to be the other way around typically,0.0,content_diversity,In most case that seems to be true.,It does seem to look better that way.,I can seem to disagree with you,"yes, backward from what it is",backwards is the correct way I believe,-0.025,0.955,-0.097,-0.753,-0.350,26.042882,0.875160,0.390083,10.158884,0.341385,23.096615,1.144891,0.000000,9.009596,0.446602
test.context.txt::01605,test.context.txt::01605__row872,You asked for anal did't you  I get that line a lot,1.0,content_diversity,"oh, that seems abrupt",is that something someone asks for?,who asked for that,"yes, they seem to just do it",seems a bit fast paced,-0.018,0.977,-0.121,-0.722,-0.350,28.383177,1.156218,0.290904,8.256783,0.336349,30.939285,1.158822,0.000000,9.000365,0.337106
test.context.txt::01605,test.context.txt::01605__row873,You asked for anal did't you  I get that line a lot,0.0,content_diversity,they are so abrupt,they seem to do it on accident,accidental perhaps,they want to stay innocent,the choice seems to be theirs,-0.022,0.967,-0.106,-0.681,-0.329,27.568924,1.354974,0.287229,7.918600,0.389188,11.707145,1.342223,0.000000,3.362634,0.385526
test.context.txt::01606,test.context.txt::01606__row874,Ill play spy for team bad internet srsly,1.0,content_diversity,I can do a spy also,"no don't, you are not needed","play the spy, it will work","do it, someone has to",I think you should you are good,-0.018,0.959,-0.102,-0.730,-0.245,34.739684,1.453546,0.299547,10.406161,0.435405,24.984590,1.490663,0.000000,7.484054,0.446523
test.context.txt::01606,test.context.txt::01606__row875,Ill play spy for team bad internet srsly,0.0,content_diversity,someone has to do the spy character,"do it, since someone has to",you are good do it,play the spy and help,it would be wonderful to help,-0.056,0.896,-0.059,-0.712,-0.334,31.172110,1.557261,0.354642,11.054940,0.552270,19.995843,1.065207,0.000000,7.091366,0.377767
test.context.txt::01607,test.context.txt::01607__row876,Not everyone wants to be reading about weed,1.0,content_diversity,And you know this how exactly?,I think people can forgo reading this thread then.,"Probably true, most would rather just smoke!",A ton of people find this kind of thread useful.,What's for you will be for you.,-0.016,0.953,-0.034,-0.671,-0.205,42.348124,0.830061,0.332698,14.089157,0.276160,62.410570,0.609033,0.000000,20.763902,0.202624
test.context.txt::01607,test.context.txt::01607__row877,Not everyone wants to be reading about weed,0.0,content_diversity,What are you basing this on?,Oh please enlighten us then.,Let's see your polling data already!,Not sure that this is more than your opinion.,Because you asked everyone what they want to read about?,-0.008,0.983,-0.085,-0.690,-0.328,33.908047,1.108068,0.324523,11.003944,0.359594,50.106954,1.247221,0.000000,16.260863,0.404752
test.context.txt::01608,test.context.txt::01608__row878,Sorry nothing to offer but now I want to read it too,1.0,content_diversity,"No problem, I'll make some copies.",Everyone wants to read it.,"I will make sure it's gets to you, too.","It's worth reading, believe me","I'm sorry, but I need the money.",-0.008,0.981,-0.187,-0.721,-0.369,28.315041,0.792859,0.351906,9.964237,0.279012,50.991054,0.985478,0.000000,17.944065,0.346796
test.context.txt::01608,test.context.txt::01608__row879,Sorry nothing to offer but now I want to read it too,0.0,content_diversity,"Great book, and so informative.",I loved this book!,One of my favorites,I've read it at least 3 times.,I'll read it again before too long.,-0.009,0.976,-0.193,-0.780,-0.378,16.123058,0.967585,0.361178,5.823291,0.349470,51.557045,0.938533,0.000000,18.621260,0.338977
test.context.txt::01609,test.context.txt::01609__row880,At least he has the fart fan blowing the right direction,1.0,content_diversity,I hope so because I can't go through that again.,"OMG, not him again.","If he starts farting again, I'm going to report him.","Lol, noooooo. He can't do that again.",I'll just leave. that's all.,-0.019,0.960,-0.230,-0.728,-0.348,34.135606,0.877161,0.260347,8.887112,0.228366,34.057559,1.711502,0.000000,8.866793,0.445585
test.context.txt::01609,test.context.txt::01609__row881,At least he has the fart fan blowing the right direction,0.0,content_diversity,we have to be here so he can't do that.,"I don't care who he is, he just can't",How can we make him stop?,"He's so disgusting, lets' report him.",I wonder what we can do to him for that.,-0.034,0.937,-0.213,-0.765,-0.322,32.917319,1.134062,0.306963,10.104389,0.348115,53.852116,1.215781,0.000000,16.530590,0.373199
test.context.txt::01610,test.context.txt::01610__row882,I was a fan of the insanity wolf one,1.0,content_diversity,I was not.,Why was that?,Is that one of your favourites?,I have not heard of that.,What is that all about then?,-0.029,0.950,-0.145,-0.609,-0.408,25.999080,1.189739,0.282869,7.354344,0.336541,23.053178,1.872921,0.000000,6.521038,0.529792
test.context.txt::01610,test.context.txt::01610__row883,I was a fan of the insanity wolf one,0.0,content_diversity,I hated it.,Not one I liked.,I didn't like it.,I thought that was rubbish.,"Played it once, never again.",-0.046,0.952,-0.388,-0.731,-0.576,7.509814,0.639667,0.261855,1.966481,0.167500,47.260204,1.590282,0.000000,12.375311,0.416423
test.context.txt::01611,test.context.txt::01611__row884,I did't quit anything I'm not sure I understand your comment,1.0,content_diversity,"I didn't say you quit, I said you didn't try.",You looked like you quit.,Doesn't look like full effort.,"Oh sorry, thought you quit.","Nothing to understand, I thought wrong.",-0.034,0.934,-0.172,-0.756,-0.352,22.407299,1.011474,0.362880,8.131161,0.367044,41.448881,1.057414,0.000000,15.040971,0.383714
test.context.txt::01611,test.context.txt::01611__row885,I did't quit anything I'm not sure I understand your comment,0.0,content_diversity,You said you quit yesterday.,Someone said you quit.,I though by your effort you quit.,You quit the other day.,You said you might quit I guess.,-0.130,0.849,-0.481,-0.971,-0.723,28.739070,1.104255,0.346915,9.970001,0.383082,66.140232,1.688250,0.000000,22.945008,0.585679
test.context.txt::01612,test.context.txt::01612__row886,Please tell me this wasn't college or high school for that matter,1.0,content_diversity,I'm not going to tell you but,Yeah doubtful,Seemingly it was,It could be it could,It's a possibility,-0.004,0.980,-0.031,-0.652,-0.425,22.644268,1.453169,0.258644,5.856811,0.375854,23.722795,2.035204,0.000000,6.135765,0.526394
test.context.txt::01612,test.context.txt::01612__row887,Please tell me this wasn't college or high school for that matter,0.0,content_diversity,It's probable,Certainly possible,May be possible,It could be possible,It's almost certain,-0.043,0.721,-0.523,-0.810,-0.719,32.946144,1.996634,0.238953,7.872567,0.477101,10.416872,0.690535,0.000000,2.489139,0.165005
test.context.txt::01613,test.context.txt::01613__row888,Gb just lost in a horrible way to spain,1.0,content_diversity,"They did, and they should",Spain is better,A better team should win.,Why is this an issue?,I see to problem with that outcome.,-0.014,0.976,-0.092,-0.612,-0.238,17.195411,1.054523,0.324090,5.572853,0.341760,54.503063,0.741540,0.000000,17.663873,0.240325
test.context.txt::01613,test.context.txt::01613__row889,Gb just lost in a horrible way to spain,0.0,content_diversity,spain is the superior ball team,gb needed to lose.,gb hasn't done well this year,I am not surprised,gb was bound to lose this time,-0.026,0.954,-0.234,-0.689,-0.298,23.310806,1.088279,0.327319,7.630077,0.356215,27.083215,1.395605,0.000000,8.864859,0.456808
test.context.txt::01614,test.context.txt::01614__row890,Couldn't do it I'm a front to back man,1.0,content_diversity,I can understand,so by the book,ordinary you are,I feel you could have done it,why set limits for yourself,-0.009,0.982,-0.084,-0.674,-0.237,6.340081,0.776644,0.322850,2.046898,0.250740,41.983445,2.040677,0.000000,13.554374,0.658833
test.context.txt::01614,test.context.txt::01614__row891,Couldn't do it I'm a front to back man,0.0,content_diversity,don't ever say you can't,why can you not do anything?,I think anyone can do anything by trying.,Always try,Never put yourself down in ability.,-0.009,0.978,-0.091,-0.766,-0.458,29.930183,1.542658,0.319541,9.563924,0.492943,63.836921,1.073843,0.000000,20.398520,0.343137
test.context.txt::01615,test.context.txt::01615__row892,Thats amazing  wait they allow computers in prison yeah I know sorry,1.0,content_diversity,"They don't allow everyone access, do they?","It probably keeps some of the violence down, I would think.",They find wives and girlfriends on the internet.,I think it's a good thing to treat them better.,That's one of the one good things they do for them.,-0.022,0.953,-0.211,-0.683,-0.196,22.621621,0.456487,0.434987,9.840102,0.198566,18.213566,0.368029,0.000000,7.922657,0.160088
test.context.txt::01615,test.context.txt::01615__row893,Thats amazing  wait they allow computers in prison yeah I know sorry,0.0,content_diversity,"If they're on the computer, they're not beating someone up.",I hope it helps to calm down the prison population.,"I wonder how much access they have to the internet, time wise.",Maybe it will help them to feel connected and not go off the deep end.,It's a good thing to have a computer there.,-0.027,0.957,-0.307,-0.736,-0.286,38.065007,0.544274,0.490019,18.652595,0.266705,49.395438,0.263628,0.000000,24.204727,0.129183
test.context.txt::01616,test.context.txt::01616__row894,Lebron gave a little shove to pierce on that one,1.0,content_diversity,LeBron is my god...,LeBron can do anything he wants.,Pierce didn't care...he ignored it.,"LeBron is better than MJ, I say.",He's number 2 after Michael Jordan.,-0.019,0.970,-0.176,-0.627,-0.257,27.055082,0.899728,0.314959,8.521244,0.283377,50.817515,1.355830,0.000000,16.005438,0.427031
test.context.txt::01616,test.context.txt::01616__row895,Lebron gave a little shove to pierce on that one,0.0,content_diversity,I love LeBron but Jordan is number 1.,There will always be a who's better debate with LeBron and Michael Jordan.,LeBron is going to be better than MJ someday.,LeBron is the best player of his time and Jordan of his.,LeBron is amazing almost as much as MJordan.,-0.047,0.927,-0.263,-0.892,-0.504,6.991984,0.035953,0.403575,2.821787,0.014510,68.219486,1.719410,0.000000,27.531652,0.693910
test.context.txt::01617,test.context.txt::01617__row896,Get a haircut you look like an idiot,1.0,content_diversity,thats mean,how can you tell someone how to look?,ok but is it your hair?,you look like an idiot,lol wow okay,-0.003,0.983,0.010,-0.672,-0.257,17.954104,0.383722,0.289408,5.196066,0.111052,51.129685,3.239853,0.000000,14.797353,0.937640
test.context.txt::01617,test.context.txt::01617__row897,Get a haircut you look like an idiot,0.0,content_diversity,very not cool,that was very mean,very rude of you,how mean,why would you be so mean,-0.038,0.947,-0.092,-0.716,-0.679,26.072159,2.014797,0.237246,6.185524,0.478003,17.546218,2.685810,0.000000,4.162776,0.637199
test.context.txt::01618,test.context.txt::01618__row898,Pandas everything about them is a design flaw,1.0,content_diversity,"Nooo, pandas are perfect.",Why do you say that about pandas?,"I don't agree, they are symmetrical in every way.",I think they're cute so I don't care.,"I love pandas, they are so adorable.",-0.034,0.941,-0.211,-0.788,-0.374,34.695357,0.849215,0.430513,14.936806,0.365598,33.994351,1.292706,0.000000,14.635014,0.556527
test.context.txt::01618,test.context.txt::01618__row899,Pandas everything about them is a design flaw,0.0,content_diversity,"Have you ever seen a newborn panda, so cute!",I have always had a soft spot for pandas.,"Everyone one loves pandas, they are amazing animals.","I would love to own one, wouldn't you?","I love pandas so much, my room was filled with them.",-0.015,0.973,-0.225,-0.849,-0.512,24.621590,0.586398,0.454255,11.184482,0.266374,36.229844,0.651825,0.000000,16.457590,0.296095
test.context.txt::01619,test.context.txt::01619__row900,This may be the strangest thing I've read today,1.0,content_diversity,"I agree, very strange.",Not the strangest for me.,No way the strangest for today.,I think you might be correct.,That many things are weird today?,-0.030,0.940,-0.195,-0.822,-0.513,15.528793,0.614027,0.313565,4.869291,0.192537,50.668361,1.017473,0.000000,15.887840,0.319044
test.context.txt::01619,test.context.txt::01619__row901,This may be the strangest thing I've read today,0.0,content_diversity,A lot of things happened today that are strange.,Today involved a lot of weird things.,Weird would describe today.,Today was an oddity.,I never felt like today was real.,-0.028,0.947,-0.283,-0.899,-0.652,26.464565,1.099754,0.313972,8.309142,0.345292,34.219597,1.262492,0.000000,10.744008,0.396388
test.context.txt::01620,test.context.txt::01620__row902,Verify that the system language is set to english  united states,1.0,content_diversity,cool will do,you verify it,alright lets do it,very tech,this sounds intense,-0.012,0.773,-0.148,-0.616,-0.387,24.706010,2.071368,0.138253,3.415676,0.286373,15.794872,2.939326,0.000000,2.183686,0.406370
test.context.txt::01620,test.context.txt::01620__row903,Verify that the system language is set to english  united states,0.0,content_diversity,sounds crazy,very instense,so crazy,insanity,very crazy,-0.040,0.333,-0.493,-0.756,-0.656,34.100470,3.578551,0.105502,3.597673,0.377545,31.536876,2.361466,0.000000,3.327208,0.249140
test.context.txt::01621,test.context.txt::01621__row904,Cause the actor definitely actually ate her out,1.0,content_diversity,"Really, that seems extreme.",I would think not.,That seems a bit off the wall.,Would that actually happen?,That is probably true.,-0.013,0.974,-0.184,-0.732,-0.392,16.145125,0.548323,0.330954,5.343298,0.181470,30.985116,0.931566,0.000000,10.254657,0.308306
test.context.txt::01621,test.context.txt::01621__row905,Cause the actor definitely actually ate her out,0.0,content_diversity,I don't think that could actually happen on set.,That would never take place.,In a normal studio that wouldn't happen.,That is beyond a possibility.,"I doubt it, seems over the top.",-0.015,0.970,-0.302,-0.711,-0.529,18.169713,0.445603,0.357842,6.501886,0.159456,31.529223,1.251059,0.000000,11.282480,0.447681
test.context.txt::01622,test.context.txt::01622__row906,Wait so what did the op actually want them to remove,1.0,content_diversity,I am not sure.,They wanted removal of the bad language,a post they didn't like,that remains to be seen,I have no idea what they wanted removed,-0.009,0.979,-0.126,-0.648,-0.307,25.366913,1.056200,0.430696,10.925425,0.454901,35.587298,1.742235,0.000000,15.327303,0.750373
test.context.txt::01622,test.context.txt::01622__row907,Wait so what did the op actually want them to remove,0.0,content_diversity,it is unclear what they wanted removed,no one knows,I have no idea what it was,everyone seems to not know,that seems to be uncertain.,-0.023,0.954,-0.300,-0.720,-0.549,22.278429,1.074211,0.433280,9.652806,0.465435,40.466440,1.338642,0.000000,17.533314,0.580007
test.context.txt::01623,test.context.txt::01623__row908,Watch coming to america first lots of good tips,1.0,content_diversity,i love that movie,i agree with that,lots of good jokes too,that is a classic,ive never seen it,-0.020,0.971,-0.093,-0.633,-0.220,24.790595,1.328064,0.379064,9.397211,0.503421,22.241814,1.118941,0.000000,8.431061,0.424150
test.context.txt::01623,test.context.txt::01623__row909,Watch coming to america first lots of good tips,0.0,content_diversity,one of my favorite movies,love that movie alot,that movie is hilarious,ha good movie,movie is awesome,-0.060,0.919,-0.322,-0.897,-0.706,24.390510,1.294318,0.362527,8.842226,0.469226,22.460791,2.322037,0.000000,8.142650,0.841802
test.context.txt::01624,test.context.txt::01624__row910,Apparently you've never slept on one before  they're to die for,1.0,content_diversity,What can I say? I'm always in the know!,"Correct, not my fault I can read.",Me and other people who have been on planet Earth for some time!,Don't be so jealous! Not a good look!,Someone's feeling superior I see.,-0.011,0.986,-0.045,-0.677,-0.190,45.299663,0.863432,0.295598,13.390508,0.255229,50.855029,1.082267,0.000000,15.032665,0.319916
test.context.txt::01624,test.context.txt::01624__row911,Apparently you've never slept on one before  they're to die for,0.0,content_diversity,and apparently you're better than the rest of us plebs.,"ooh, tell me again why you're smarter than everyone?","Don't look now, your humility is showing! Not!",So nice to get the humble brag on here.,let's not get too carried away with feeling like you're above the masses.,-0.015,0.976,-0.102,-0.683,-0.299,26.717044,0.845615,0.373835,9.987760,0.316120,44.961576,1.181056,0.000000,16.808200,0.441520
test.context.txt::01625,test.context.txt::01625__row912,Check your mirror before changing gears who does that,1.0,content_diversity,good people do that,wow now i see the mentality of people like you..,good drivers thats who,sensible individuals who like their lives and others,not even responding to this,-0.014,0.974,-0.051,-0.666,-0.242,21.567977,0.603454,0.354659,7.649273,0.214020,92.257587,1.042126,0.000000,32.719965,0.369599
test.context.txt::01625,test.context.txt::01625__row913,Check your mirror before changing gears who does that,0.0,content_diversity,i dont want to respond,not gonna try to respond..,do i even need to comment on this?,not gonna respond,who would even respond,-0.068,0.908,-0.269,-0.821,-0.695,46.447917,1.934529,0.294249,13.667270,0.569234,49.163372,1.202662,0.000000,14.466291,0.353882
test.context.txt::01626,test.context.txt::01626__row914,It's rare that a squirrel leaves anything in my office,1.0,content_diversity,"is it, because you mention it a lot",I thought it was common,Good I hate squirrels,No longer like squirrels,why would they leave anything,-0.013,0.977,-0.108,-0.616,-0.245,24.339951,1.187866,0.324250,7.892227,0.385166,68.798686,1.728647,0.000000,22.307969,0.560514
test.context.txt::01626,test.context.txt::01626__row915,It's rare that a squirrel leaves anything in my office,0.0,content_diversity,they leave things?,why would they leave much?,i would think they would take things,you would think they wouldn't leave anything behind.,squirrels take things right?,-0.078,0.870,-0.231,-0.816,-0.305,35.659969,1.090459,0.317415,11.319009,0.346128,27.149502,1.054332,0.000000,8.617659,0.334661
test.context.txt::01627,test.context.txt::01627__row916,Good now do a similar analysis for your favorite democrat,1.0,content_diversity,Sounds like a fair plan.,"Yes, this should be done.",Favorite republican maybe?,Seems fair with what is going on.,Why would I do that.,-0.003,0.992,-0.214,-0.663,-0.264,26.609306,0.836740,0.284443,7.568829,0.238005,36.149277,0.618462,0.000000,10.282407,0.175917
test.context.txt::01627,test.context.txt::01627__row917,Good now do a similar analysis for your favorite democrat,0.0,content_diversity,Both side should be analyzed.,agree that it can't be one sided,both side for sure,analyzing both sides is necessary,"I think so, both sides is appropriate.",-0.040,0.929,-0.153,-0.884,-0.524,37.510483,1.682173,0.270097,10.131487,0.454351,55.143668,1.346374,0.000000,14.894166,0.363652
test.context.txt::01628,test.context.txt::01628__row918,The dogs so much hair everywhere especially in a change of season,1.0,content_diversity,I go and have my dog's hair shaved off except a tiny bit,molting season is the worst.,I have a poodle so I don't have the problem :),"Yes, but they're worth the trouble.",I love dogs but I hate that.,-0.029,0.952,-0.180,-0.674,-0.213,31.113889,0.750525,0.396671,12.341969,0.297711,78.069647,0.609013,0.000000,30.967945,0.241578
test.context.txt::01628,test.context.txt::01628__row919,The dogs so much hair everywhere especially in a change of season,0.0,content_diversity,That's the only bad part about having a dog.,Some dogs shed so bad but no big deal,It's worth every hair you have to pick up.,I love dogs so I don't care,I would do anything for my dog.,-0.014,0.971,-0.187,-0.758,-0.369,35.771412,0.961895,0.427021,15.275140,0.410749,51.315440,1.154035,0.000000,21.912765,0.492797
test.context.txt::01629,test.context.txt::01629__row920,Have a lovely day you deserve it lt3,1.0,content_diversity,Have a good day sir,More people need to be nice like you,Yeah good day to you too,That's nice of you,Cool man,-0.029,0.942,0.069,-0.715,-0.438,27.174211,0.874198,0.285767,7.765488,0.249817,29.236156,2.971178,0.000000,8.354724,0.849064
test.context.txt::01629,test.context.txt::01629__row921,Have a lovely day you deserve it lt3,0.0,content_diversity,That's really nice,You are a nice person,How nice,That is a really good thing to do for someone,Very very good thing to do,-0.057,0.868,-0.322,-0.807,-0.761,22.402361,1.494167,0.331032,7.415901,0.494617,32.643832,1.590683,0.000000,10.806157,0.526567
test.context.txt::01630,test.context.txt::01630__row922,Haha only if you want thats very sweet,1.0,content_diversity,It is sweet but I'd could eat a hundred!,Sweet is my weakness.,I just eat something savory with it to balance it.,I do want...they're delicious!,"I'm a candy freak, I can eat anything.",-0.020,0.960,-0.194,-0.806,-0.371,25.091733,0.752597,0.304197,7.632821,0.228937,62.169350,0.945409,0.000000,18.911708,0.287590
test.context.txt::01630,test.context.txt::01630__row923,Haha only if you want thats very sweet,0.0,content_diversity,Try a piece of bacon with it so it helps with the sweetness.,I always eat something salty with sweets.,Like chips and candy bars - sweet and savory,I put salt on really sweet items.,eat some pretzels the salt will help,-0.016,0.958,-0.198,-0.805,-0.485,50.419149,1.233805,0.333736,16.826699,0.411765,60.181374,1.010082,0.000000,20.084707,0.337101
test.context.txt::01631,test.context.txt::01631__row924,As long as you don't go ass to mouth,1.0,content_diversity,"whoa there buddy, let's not get carried away!",I can't give you any guarantees.,People actually do that?,"I have no idea what that even means, but OK!","I wasn't planning on it, but now you're giving me wild ideas!",-0.009,0.985,-0.060,-0.643,-0.318,18.094287,0.798975,0.407165,7.367358,0.325314,36.358642,0.901296,0.000000,14.803963,0.366976
test.context.txt::01631,test.context.txt::01631__row925,As long as you don't go ass to mouth,0.0,content_diversity,"Had no intentions of going that way, now my interest is aroused!",Here we go putting thoughts in my head!,Can you explain? My curiosity is piqued!,"well, there's an idea that I hadn't thought of!","Now that you say it, can you walk me through the steps?",-0.014,0.975,-0.146,-0.787,-0.380,28.532732,0.773584,0.361517,10.315076,0.279664,55.091382,0.670242,0.000000,19.916488,0.242304
test.context.txt::01632,test.context.txt::01632__row926,We will get to see the mars landing 4 sure,1.0,content_diversity,I cannot wait until we get to Mars.,I was around for the moon landing and hope I live to see the Mars landing.,I just hope it's the US that gets there first.,I love all that space stuff - Marks will be so cool.,I hope NASA does it first instead of some billionaire like Musk.,-0.036,0.952,-0.205,-0.763,-0.348,17.211675,0.440002,0.429941,7.400012,0.189175,85.769818,1.470538,0.000000,36.875998,0.632245
test.context.txt::01632,test.context.txt::01632__row927,We will get to see the mars landing 4 sure,0.0,content_diversity,There's so many billionaires trying to get there so we'll see what happens.,NASA is probably way ahead of the game right now.,I heard Richard Branson is also into Space travel which is cool.,NASA has been planning a Mars trip for decades so it should be soon.,"When I was a kid, I wanted to be an astronaut for NASA to go to Mars.",-0.020,0.955,-0.154,-0.727,-0.405,30.552838,0.521938,0.474385,14.493800,0.247599,35.801320,0.406425,0.000000,16.983600,0.192802
test.context.txt::01633,test.context.txt::01633__row928,Can someone explain to me why this awesome wallpaper is being downvoted,1.0,content_diversity,that wallpaper is not awesome,the wallpaper is weak,I hate that wallpaper,people like different things,wallpapers are subjective,-0.034,0.933,-0.306,-0.825,-0.495,35.331602,1.485607,0.330625,11.681517,0.491179,14.835321,0.988977,0.000000,4.904931,0.326981
test.context.txt::01633,test.context.txt::01633__row929,Can someone explain to me why this awesome wallpaper is being downvoted,0.0,content_diversity,I hate that wallpaper.,the wallpaper doesn't fit well with me.,I have seen better wallpapers,wallpapers are often not good,I can't say I like it,-0.026,0.963,-0.296,-0.822,-0.481,33.480529,1.018935,0.348433,11.665729,0.355031,39.423563,0.859261,0.000000,13.736480,0.299395
test.context.txt::01634,test.context.txt::01634__row930,I agree but he was damn funny in scrubs,1.0,content_diversity,I think he was too.,The humor was alright.,scrubs is a very old show now.,perhaps back then it was good,I thing scrubs is fairly good too.,-0.031,0.943,-0.253,-0.660,-0.310,10.729486,0.491773,0.318966,3.422343,0.156859,41.109072,0.460707,0.000000,13.112402,0.146950
test.context.txt::01634,test.context.txt::01634__row931,I agree but he was damn funny in scrubs,0.0,content_diversity,His humor was very light.,The humor didn't stand out much.,He was sometimes funny.,"Funny, but only every now and then.",Could have been funnier.,-0.008,0.985,-0.270,-0.900,-0.596,24.473079,0.817809,0.349776,8.560091,0.286050,29.177390,0.544048,0.000000,10.205545,0.190295
test.context.txt::01635,test.context.txt::01635__row932,It is a nice looking flag simple yet striking,1.0,content_diversity,"Yes, it is full of design.",The flag is too simple,The flag is odd looking.,The simplicity is a bit much.,I am not impress with such a simple flag.,-0.066,0.917,-0.404,-0.813,-0.385,10.116315,0.685414,0.332301,3.361658,0.227763,63.074238,1.762142,0.000000,20.959608,0.585561
test.context.txt::01635,test.context.txt::01635__row933,It is a nice looking flag simple yet striking,0.0,content_diversity,The flag needs to have more to it.,The design is too basic overall.,Basic design does not draw my interest.,I am not looking for a simple flag.,Simple is putting it mildly.,-0.017,0.959,-0.243,-0.786,-0.293,36.311544,0.923813,0.344423,12.506534,0.318182,19.018377,0.721720,0.000000,6.550368,0.248577
test.context.txt::01636,test.context.txt::01636__row934,I like making people happy it makes me happy,1.0,content_diversity,you are nice,you are a people's pleaser,that means you want to contribute socially,maybe you care about other's people,why do you feel like that? do you need their approval or something?,-0.054,0.945,-0.124,-0.723,-0.415,19.500620,1.082948,0.353797,6.899268,0.383144,86.488244,0.474706,0.000000,30.599313,0.167950
test.context.txt::01636,test.context.txt::01636__row935,I like making people happy it makes me happy,0.0,content_diversity,how kind of you,how generous of you,that is nice of you,that is very nice way to think,you are generous,-0.088,0.880,-0.197,-0.777,-0.708,26.398655,1.334080,0.337703,8.914909,0.450523,44.110074,1.092933,0.000000,14.896112,0.369087
test.context.txt::01637,test.context.txt::01637__row936,My sister sent me this text then posted it on facebook,1.0,content_diversity,How lame of her,What does it say?,Yeah that is ridiculous,I don't like it when people do that,That's strange,-0.007,0.982,-0.111,-0.642,-0.363,16.846051,0.550119,0.321311,5.412830,0.176760,25.654166,2.120495,0.000000,8.242978,0.681339
test.context.txt::01637,test.context.txt::01637__row937,My sister sent me this text then posted it on facebook,0.0,content_diversity,What did it say,Can you read it,Okay but what does it mean,Read it out,What is it,-0.058,0.950,-0.294,-0.757,-0.589,32.794646,2.038001,0.295347,9.685799,0.601917,31.533599,1.284976,0.000000,9.313353,0.379514
test.context.txt::01638,test.context.txt::01638__row938,Lol he looks more happy with dirt butt,1.0,content_diversity,He has been playing like a fiend today.,He is so cute the way he's playing with the older kids.,I love watching kids play.,"There's nothing like spending a day at the park, watching kids.","He's really happy, he doesn't care about the dirt.",-0.029,0.951,-0.298,-0.733,-0.383,23.110013,0.632553,0.407875,9.425997,0.258002,48.855680,0.807864,0.000000,19.927012,0.329507
test.context.txt::01638,test.context.txt::01638__row939,Lol he looks more happy with dirt butt,0.0,content_diversity,"I remember playing like that for hours on end, I love watching them.",It really fun to watch the kids on the playground.,It nice to see the kids all carefree and happy at the park,Kids can play for hours and hours doing the same thing at the park.,Children should really appreciate this time because it goes away so fast.,-0.040,0.927,-0.252,-0.821,-0.507,38.526040,0.725415,0.438731,16.902581,0.318262,36.612118,0.246951,0.000000,16.062883,0.108345
test.context.txt::01639,test.context.txt::01639__row940,I started working out and getting into shape,1.0,content_diversity,ooh i wish i had the motivation,great keep it up,im inspired now,lots of people are lately,"cool, i care",-0.008,0.982,-0.072,-0.647,-0.317,20.501197,0.846911,0.202763,4.156888,0.171722,31.897438,3.656254,0.000000,6.467626,0.741354
test.context.txt::01639,test.context.txt::01639__row941,I started working out and getting into shape,0.0,content_diversity,keep going,keep at it,yes keep it up,go go keep going,you can do it keep it going,-0.100,0.873,-0.247,-0.925,-0.750,29.546450,2.399861,0.181289,5.356440,0.435068,30.395526,1.308509,0.000000,5.510368,0.237218
test.context.txt::01640,test.context.txt::01640__row942,You've never spoken to each other but are facebook friends odd,1.0,content_diversity,facebook doesn't require talking,"yes, probably a little odd",I don't think its that odd is it,I am friends with many people I never actually met,facebook sorta allows that,-0.016,0.968,-0.026,-0.647,-0.324,25.663014,0.639816,0.372217,9.552199,0.238150,20.006353,1.233627,0.000000,7.446696,0.459176
test.context.txt::01640,test.context.txt::01640__row943,You've never spoken to each other but are facebook friends odd,0.0,content_diversity,"Yes, most people talk first","maybe, but still friends",virtual friend then,no talking to be friends,I don't think its odd,-0.004,0.991,-0.111,-0.703,-0.238,23.427749,1.102514,0.341450,7.999394,0.376453,36.370869,1.330072,0.000000,12.418817,0.454152
test.context.txt::01641,test.context.txt::01641__row944,Theres a good amount of stoners who do this,1.0,content_diversity,Stoners are a trip!`,Yes they do and it's funny,"They will eat anything, I swear","I love them, they are hysterical.",I can't stand the smell of the weed.,-0.016,0.967,-0.201,-0.646,-0.217,23.591694,0.844778,0.268674,6.338478,0.226970,40.034078,3.257204,0.000000,10.756122,0.875126
test.context.txt::01641,test.context.txt::01641__row945,Theres a good amount of stoners who do this,0.0,content_diversity,Stoners are always hungry.,The munchies is a serious thing.,I love watching them trying to eat everything.,It's so funny to watch a stoner look at food.,I take picture of my stoner friend eating to embarrass him.,-0.013,0.974,-0.184,-0.826,-0.434,23.948910,0.756101,0.369028,8.837808,0.279022,66.209391,0.357366,0.000000,24.433090,0.131878
test.context.txt::01642,test.context.txt::01642__row946,I wonder what went through his mind in those 5 seconds,1.0,content_diversity,I do wonder,I also wonder what they were thinking of.,those five seconds must have been unique,i'm not sure what they would think about,what kind of thoughts would take place,-0.027,0.950,-0.123,-0.726,-0.486,29.186880,0.956052,0.371081,10.830694,0.354773,42.239314,0.808487,0.000000,15.674203,0.300014
test.context.txt::01642,test.context.txt::01642__row947,I wonder what went through his mind in those 5 seconds,0.0,content_diversity,they must have been thinking some odd things,those 5 seconds must have been full of unique thoughts,I don't know what one would think of,the thought must have been one of a kind,those few second would make a lot of memories,-0.066,0.909,-0.159,-0.792,-0.435,26.510743,0.673734,0.425649,11.284264,0.286774,39.082671,0.896111,0.000000,16.635490,0.381428
test.context.txt::01643,test.context.txt::01643__row948,I did't expect to learn so much this year,1.0,content_diversity,"I know, the class was really interesting.",I loved hearing from an Iraqi citizen who was there.,I have so much respect for the speaker in the class.,I sure learned how much I didn't know.,I wish there was a part 2 to this class.,-0.052,0.939,-0.243,-0.724,-0.236,21.096174,0.362086,0.452167,9.539000,0.163724,51.985315,0.712458,0.000000,23.506059,0.322150
test.context.txt::01643,test.context.txt::01643__row949,I did't expect to learn so much this year,0.0,content_diversity,It's funny how you think you know but you don't know anything...,I thought I knew more about the subject than I really did.,It was hard to not learn because it was so engrossing.,I learned more than I bargained for.,I loved this class and I was completely stupid before.,-0.034,0.946,-0.245,-0.721,-0.427,8.779461,0.220955,0.513346,4.506903,0.113426,65.735826,0.983084,0.000000,33.745232,0.504662
test.context.txt::01644,test.context.txt::01644__row950,Which is weird considering english itself has a hard g,1.0,content_diversity,Agreed it does,"No, its not that weird",It doesn't seem that weird to me,"for the most part, perhaps",I am not sure at all,-0.014,0.967,-0.054,-0.656,-0.420,19.423630,0.739844,0.294471,5.719704,0.217863,30.191813,1.966890,0.000000,8.890626,0.579193
test.context.txt::01644,test.context.txt::01644__row951,Which is weird considering english itself has a hard g,0.0,content_diversity,I don't know why it is weird,why so weird though,seems normal,the hard g doesn't change things,not really weird for the most part,-0.017,0.969,-0.112,-0.782,-0.459,19.454437,1.402510,0.302760,5.890032,0.424624,32.890703,1.190704,0.000000,9.958001,0.360498
test.context.txt::01645,test.context.txt::01645__row952,Google music has this feature they call it instant mix,1.0,content_diversity,Is it an app withing the Google music app?,What have you mixed that sounds good?,We can mix like the best of the best.,Does Kanye get any royalties?,I would love to mix My Way and It's Impossible by Sinatra.,-0.005,0.976,-0.140,-0.707,-0.174,16.253631,0.783322,0.307728,5.001691,0.241050,59.674353,1.256429,0.000000,18.363447,0.386638
test.context.txt::01645,test.context.txt::01645__row953,Google music has this feature they call it instant mix,0.0,content_diversity,I tried mixing rap and country once. Not a good sound.,I would try mixing Still D.R.E. with The Real Slim Shady.,I saw a live performance mix once of Yesterday with Paul McCartney and Jay Z.,What do you think of mixing In the Still of the Night with All Along the Watchtower,New challenge: mix your three favorite songs.,-0.023,0.951,-0.197,-0.806,-0.161,60.279463,0.633048,0.386990,23.327549,0.244983,50.352767,1.179131,0.000000,19.486017,0.456312
test.context.txt::01646,test.context.txt::01646__row954,How will we know what is worth buying,1.0,content_diversity,You will know.,Others can vouch for me.,You will recognize the quality.,You will see the difference.,You can feel free to shop around,-0.066,0.924,-0.332,-0.720,-0.455,20.854315,0.842064,0.277052,5.777732,0.233296,41.405298,1.687197,0.000000,11.471425,0.467441
test.context.txt::01646,test.context.txt::01646__row955,How will we know what is worth buying,0.0,content_diversity,Do I need an appointment?,When can I come over?,Is that really ok?,"Great, I'm excited to come over.",I look forward to seeing you.,-0.018,0.969,-0.190,-0.723,-0.317,38.551789,1.681468,0.246365,9.497813,0.414255,35.111260,1.623345,0.000000,8.650187,0.399935
test.context.txt::01647,test.context.txt::01647__row956,So underage people can't even look at pictures of guns,1.0,content_diversity,basically,todays kids have it so simple,thats childish,going to far,how ridiculous is that,0.000,1.000,0.032,-0.672,-0.346,17.165017,1.181218,0.284359,4.881022,0.335890,45.417240,1.808543,0.000000,12.914789,0.514275
test.context.txt::01647,test.context.txt::01647__row957,So underage people can't even look at pictures of guns,0.0,content_diversity,very childish,kiddie,childish much,haha so kid,very child-like,-0.020,0.560,-0.176,-0.779,-0.695,29.034257,2.743579,0.128713,3.737084,0.353134,41.898794,4.591064,0.000000,5.392916,0.590929
test.context.txt::01648,test.context.txt::01648__row958,That video made me really happy for some reason,1.0,content_diversity,"Agreed, that movie was uplifting.",I think that movie was not that good.,It was alright.,It didn't seem that impressive to me.,"Why, it seemed generic.",-0.045,0.918,-0.332,-0.714,-0.316,6.478476,0.217585,0.297608,1.928043,0.064755,49.889698,2.488031,0.000000,14.847549,0.740457
test.context.txt::01648,test.context.txt::01648__row959,That video made me really happy for some reason,0.0,content_diversity,I think that movie gave the wrong message.,The movie didn't really flow well.,I felt like it was a poor movie.,I am not impressed with the movie at all.,I thought about leaving the movie a few times.,-0.051,0.944,-0.486,-0.887,-0.527,20.402535,0.670254,0.378587,7.724142,0.253750,22.548250,0.639400,0.000000,8.536483,0.242069
test.context.txt::01649,test.context.txt::01649__row960,Every guy tries it anyone who says they haven't is lying,1.0,content_diversity,every single one,"no, not all",tries what exactly?,I am not so sure on that,"Probably, but who knows.",-0.004,0.990,0.038,-0.653,-0.354,13.301796,0.918070,0.304930,4.056112,0.279947,35.466670,1.316210,0.000000,10.814839,0.401352
test.context.txt::01649,test.context.txt::01649__row961,Every guy tries it anyone who says they haven't is lying,0.0,content_diversity,"yes, they all do",i never met one that hasn't,every male has,"for sure, all males",they are not telling the truth if they say otherwise,-0.011,0.978,-0.027,-0.676,-0.363,13.364447,1.281015,0.381458,5.097969,0.488653,31.924883,1.490162,0.000000,12.177987,0.568433
test.context.txt::01650,test.context.txt::01650__row962,They were probably dragged out there by someone else,1.0,content_diversity,the thought of it is sickening.,"You may be right, I wonder.",It makes me feel awful to think about it.,I've stopped going on some other sites because of all the talk.,It's spooky because it can happen to anyone.,-0.017,0.971,-0.217,-0.692,-0.311,17.691817,0.389652,0.331278,5.860902,0.129083,75.247545,1.196743,0.000000,24.927825,0.396454
test.context.txt::01650,test.context.txt::01650__row963,They were probably dragged out there by someone else,0.0,content_diversity,It happens anywhere and everywhere.,It could be a neighbor or a relative...scary!,I'm looking at people around me more because it can happen.,I'm far more careful now than I've ever been,It's frightening to even imagine it happening here.,-0.009,0.976,-0.180,-0.717,-0.282,48.582682,0.986751,0.366261,17.793943,0.361408,56.802988,0.860763,0.000000,20.804720,0.315264
test.context.txt::01651,test.context.txt::01651__row964,Screw the stereotypes I'm catholic amp I think this is cool,1.0,content_diversity,I think any religion is cool,why does anyone think otherwise,no one said anything different,most seem to agree,catholic is not the way to go,-0.011,0.978,-0.083,-0.626,-0.237,13.053152,0.565827,0.437844,5.715244,0.247744,20.215424,1.262865,0.000000,8.851203,0.552938
test.context.txt::01651,test.context.txt::01651__row965,Screw the stereotypes I'm catholic amp I think this is cool,0.0,content_diversity,any religion is good enough,all religions can be cool,"agree, no religion should be stereotyped",nothing wrong with catholics,most religions are ok in my book,-0.011,0.978,-0.216,-0.819,-0.397,34.988698,1.048043,0.412448,14.431005,0.432263,38.101775,0.606132,0.000000,15.714986,0.249998
test.context.txt::01652,test.context.txt::01652__row966,Okay thats what I intend to do thanks for your help,1.0,content_diversity,You're very welcome!,Anytime...glad I could help.,Let me know if you need anything else.,Let me know how it goes for you.,I'm just glad I was some help. good luck!,-0.026,0.939,-0.064,-0.764,-0.519,0.625025,0.254858,0.424046,0.265039,0.108072,80.477320,1.580226,0.000000,34.126077,0.670089
test.context.txt::01652,test.context.txt::01652__row967,Okay thats what I intend to do thanks for your help,0.0,content_diversity,"I'll be happy to help some more, if you need it.",You might come up with more questions so just holler.,Don't be afraid to ask if you need something else.,I have a lot more pages if you have other questions.,There's more to know if you are interested.,-0.059,0.921,-0.170,-0.840,-0.496,25.664705,0.441981,0.450133,11.552524,0.198950,43.132154,0.715651,0.000000,19.415195,0.322138
test.context.txt::01653,test.context.txt::01653__row968,Abandon hope all ye who enter here  walt disney,1.0,content_diversity,I love Disney and everything associated with Disney.,One of my first memories is of being at Disneyland with my family.,Are you old enough to remember the original Mickey Mouse Club?,Anyone who doesn't love Disney is someone I don't want to know.,"I hope Disney never turns into a righteous, political organization.",-0.024,0.955,-0.193,-0.801,-0.273,8.783944,0.171816,0.524146,4.604069,0.090057,73.809180,0.945277,0.000000,38.686788,0.495463
test.context.txt::01653,test.context.txt::01653__row969,Abandon hope all ye who enter here  walt disney,0.0,content_diversity,"I love going to Disneyland, I don't care how many times I go.",Some of my favorite memories of my mom is at Disneyland.,I've only been to Disneyland once but I will never forget it.`,I love Disneyland and can't believe some of my friends has never been there.,I used to live in California and Disneyland was an annual event of memories.,-0.050,0.927,-0.282,-0.920,-0.562,29.745456,0.513797,0.478182,14.223728,0.245688,50.201187,0.406971,0.000000,24.005281,0.194606
test.context.txt::01654,test.context.txt::01654__row970,It's because we know how truly miserable we are,1.0,content_diversity,"yes, we are sad","No, not miserable",I don't think so,are we that saddened?,I'm not sure I do,-0.020,0.960,-0.065,-0.711,-0.461,24.874588,1.398119,0.233150,5.799511,0.325972,38.465255,1.505971,0.000000,8.968176,0.351117
test.context.txt::01654,test.context.txt::01654__row971,It's because we know how truly miserable we are,0.0,content_diversity,we have it a bit rough.,It doesn't seem untrue,we are a bit on the sad side,we are a miserable group,sad and weak,-0.045,0.905,-0.133,-0.694,-0.452,18.468885,0.208304,0.275824,5.094161,0.057455,36.047882,2.787992,0.000000,9.942869,0.768995
test.context.txt::01655,test.context.txt::01655__row972,That was the first thing that I noticed,1.0,content_diversity,I didn't even notice it until someone pointed it out.,Same here...it stuck out like a sore thumb.,I wasn't even paying attention.,I was reading backwards and it was pointed out before I got to it.,I didn't notice and still don't see what you do.,-0.038,0.931,-0.186,-0.735,-0.333,20.157308,0.470039,0.433609,8.740386,0.203813,76.831347,1.333106,0.000000,33.314748,0.578047
test.context.txt::01655,test.context.txt::01655__row973,That was the first thing that I noticed,0.0,content_diversity,I guess I'm blind because I didn't notice it at first.,I wasn't paying much attention so I didn't see it.,I think you look for things to notice because it didn't stick out to me.,"Nope, not here...didn't see a thing.",I guess it's how one interprets it because I didn't notice it at first.,-0.100,0.832,-0.338,-0.845,-0.527,40.231509,0.774531,0.415972,16.735201,0.322183,66.583307,1.756281,0.000000,27.696824,0.730565
test.context.txt::01656,test.context.txt::01656__row974,If it was id be impressed however no,1.0,content_diversity,That's just your opinion.,Well I am impressed still.,Nothing makes you happy.,You are out of your mind thinking that.,Well whatever else can they do?,-0.007,0.985,-0.118,-0.693,-0.282,3.554042,0.203491,0.275397,0.978774,0.056041,46.067282,1.241807,0.000000,12.686807,0.341990
test.context.txt::01656,test.context.txt::01656__row975,If it was id be impressed however no,0.0,content_diversity,I liked it.,I thought it was great.,I was impressed no matter what you think.,It was amazing.,"It made me very happy,",-0.035,0.950,-0.409,-0.755,-0.705,19.932481,0.785537,0.306266,6.104645,0.240583,42.177771,1.286873,0.000000,12.917625,0.394126
test.context.txt::01657,test.context.txt::01657__row976,Why are people exploding when they die oo,1.0,content_diversity,that is what they do to everyone,all characters need to explode,it is more exciting that way,I think that was always the case,i never noticed that before,-0.026,0.967,-0.099,-0.665,-0.324,24.254302,0.797652,0.466228,11.308035,0.371888,22.877560,0.515651,0.000000,10.666159,0.240411
test.context.txt::01657,test.context.txt::01657__row977,Why are people exploding when they die oo,0.0,content_diversity,The game has always exploded things,everyone has always died like that,the game has always been like that since the start,the explosion aspect has always been there,the blowing up of characters was always there,-0.102,0.867,-0.382,-0.811,-0.504,27.750421,0.661874,0.468136,12.990968,0.309847,31.792468,0.887065,0.000000,14.883195,0.415267
test.context.txt::01658,test.context.txt::01658__row978,Are you my best friend you sound like my best friend,1.0,content_diversity,Of course I am your best friend.,"No, I hate you,",I have no idea who you even are.,Best friends share their ice cream.,Do you not even know whay your best friend sounds like?,-0.029,0.941,-0.148,-0.682,-0.246,14.559506,1.219663,0.385094,5.606771,0.469684,70.550475,1.922495,0.000000,27.168530,0.740340
test.context.txt::01658,test.context.txt::01658__row979,Are you my best friend you sound like my best friend,0.0,content_diversity,"Yes I am, you know that,",Always and forever.,"Totally am, and happy about it.",Proud to say I am.,"We've known each other for years, or course  I am.",-0.023,0.959,-0.108,-0.733,-0.520,20.627481,1.386744,0.289821,5.978272,0.401907,86.641357,0.840332,0.000000,25.110462,0.243546
test.context.txt::01659,test.context.txt::01659__row980,Hate to say this but that in fact is a xbox 360,1.0,content_diversity,"Agreed, it is an xbox 360","No, its a 180",I don't find any fault in that,It is fine its a 360,Ps4 is better in most ways.,-0.030,0.950,-0.106,-0.686,-0.269,12.935802,0.781758,0.241094,3.118748,0.188477,33.653173,2.644218,0.000000,8.113588,0.637506
test.context.txt::01659,test.context.txt::01659__row981,Hate to say this but that in fact is a xbox 360,0.0,content_diversity,it was quite apparrent,The 360 aspect was quite obvious,"I'm not sure I care, but probably true.","For the most part, I agree","Yes a 360, but not difficult to say.",-0.021,0.961,-0.099,-0.645,-0.359,25.272359,0.822375,0.305067,7.709763,0.250879,63.010802,1.295987,0.000000,19.222518,0.395363
test.context.txt::01660,test.context.txt::01660__row982,Whats sad is that we have soldiers dying there for no reason,1.0,content_diversity,for no reason?,i agree,ok and what have you done,so so sad,wow yeah totally get that,0.000,0.989,0.062,-0.611,-0.286,8.884633,1.195331,0.232987,2.070000,0.278496,56.632082,1.127184,0.000000,13.194511,0.262619
test.context.txt::01660,test.context.txt::01660__row983,Whats sad is that we have soldiers dying there for no reason,0.0,content_diversity,totally agree,i could not agree more,how can you not agree,very agreeable,completely agree,-0.048,0.932,-0.257,-0.962,-0.550,35.908869,2.154833,0.272858,9.798038,0.587964,23.373074,1.527408,0.000000,6.377541,0.416766
test.context.txt::01661,test.context.txt::01661__row984,Yea theres no real order to shutting them down either,1.0,content_diversity,theres no order in that,i agree,yeh nothing comes from that,open it all up,shutdowns suck,-0.004,0.989,0.014,-0.590,-0.245,25.341011,1.339957,0.244526,6.196525,0.327654,42.916577,1.852287,0.000000,10.494201,0.452932
test.context.txt::01661,test.context.txt::01661__row985,Yea theres no real order to shutting them down either,0.0,content_diversity,shutdowns are bad,boo shutdowns,no one likes them,they do suck,i dont like shutdowns,-0.021,0.775,-0.203,-0.760,-0.428,44.918600,3.023394,0.216599,9.729342,0.654865,18.828307,2.277134,0.000000,4.078200,0.493226
test.context.txt::01662,test.context.txt::01662__row986,If you find the answer to this please share it with me,1.0,content_diversity,"Of course, I'll share.","No, I don't think I will",why would I do that?,"perhaps, but we will see.",I can try to share soon,-0.023,0.962,-0.139,-0.668,-0.312,16.415979,0.750660,0.292371,4.799558,0.219471,40.916437,1.621775,0.000000,11.962783,0.474160
test.context.txt::01662,test.context.txt::01662__row987,If you find the answer to this please share it with me,0.0,content_diversity,sharing shouldn't be an issue,"of course, I'll help",That is what I planned,Always want to help you.,Sharing is not an issue.,-0.021,0.956,-0.220,-0.693,-0.336,33.830333,1.498087,0.298525,10.099215,0.447217,23.456021,1.195417,0.000000,7.002219,0.356862
test.context.txt::01663,test.context.txt::01663__row988,Wifi signals are more heavily blocked by large women,1.0,content_diversity,Wifi signals do get blocked by large objects,is that true?,how can a human block a signal at all,I have heard about that,any large item can cause more of a shield over the signal,-0.014,0.968,-0.035,-0.692,-0.255,6.806947,0.762813,0.366985,2.498046,0.279941,97.420460,1.133579,0.000000,35.751832,0.416006
test.context.txt::01663,test.context.txt::01663__row989,Wifi signals are more heavily blocked by large women,0.0,content_diversity,any large can interfere with the signal,anyone can cause a signal disturbance,almost anything can disrupt the signal,the signal can be messed with with bigger objects,the signal can get interrupted by almost anything,-0.108,0.877,-0.461,-0.938,-0.738,46.231131,1.129708,0.403553,18.656712,0.455897,39.535297,0.867590,0.000000,15.954588,0.350119
test.context.txt::01664,test.context.txt::01664__row990,Did it take anyone else a long time to find the dog,1.0,content_diversity,What dog?,I took ages to find it.,"No, why did you?","I found the dog then I lost it again, I'm not playing anymore.",My dog died.,-0.009,0.971,-0.221,-0.695,-0.261,34.233935,1.563440,0.177130,6.063852,0.276932,86.092963,1.745630,0.000000,15.249634,0.309203
test.context.txt::01664,test.context.txt::01664__row991,Did it take anyone else a long time to find the dog,0.0,content_diversity,My dog passed away.,My dog is gone.,My dog is dead.,My dog is no more.,My dog croaked.,-0.229,0.780,-0.704,-0.895,-0.671,37.092851,2.204078,0.172838,6.411047,0.380948,20.008152,1.532737,0.000000,3.458165,0.264915
test.context.txt::01665,test.context.txt::01665__row992,Wow thats really cool how did the devs know about his surgery,1.0,content_diversity,I don't know but I'll try to find out.,I think they were told by the hospital.,It's all over online so they probably got it there.,Brian told them before they went into the hospital.,"Who knows, people get info all over the place.",-0.030,0.950,-0.242,-0.694,-0.248,25.324195,0.516140,0.441621,11.183694,0.227938,51.487384,0.694382,0.000000,22.737905,0.306654
test.context.txt::01665,test.context.txt::01665__row993,Wow thats really cool how did the devs know about his surgery,0.0,content_diversity,Probably on a social media site.,People get all their information on Twitter so probably Twitter.,"I'm sure they heard it on one of the sites like FB, Twit, IG","Online on Twitter, I'll bet.",Probably any social media outlet.,-0.030,0.959,-0.182,-0.851,-0.587,72.994170,1.600525,0.310094,22.635038,0.496313,81.037528,1.755334,0.000000,25.129233,0.544318
test.context.txt::01666,test.context.txt::01666__row994,Shhh were french we don't speak english remember,1.0,content_diversity,"ah yes, no english",why play games,"lol, you are right",I speak it fine.,Why try to hide it,-0.004,0.990,-0.106,-0.653,-0.188,19.071653,1.225492,0.240369,4.584229,0.294570,16.277391,1.049556,0.000000,3.912575,0.252280
test.context.txt::01666,test.context.txt::01666__row995,Shhh were french we don't speak english remember,0.0,content_diversity,why play the game of pretending,no need to hide it,be proud of your language use,no reason not to admit it,hiding knowing a language is childish,-0.018,0.966,-0.227,-0.667,-0.280,26.004558,1.284600,0.332218,8.639171,0.426767,57.478584,0.832330,0.000000,19.095395,0.276515
test.context.txt::01667,test.context.txt::01667__row996,Time to block espn for the next 4 weeks,1.0,content_diversity,why so?,espn should be blocked,isn't that a bit severe?,that seems a bit over the tope,I do not think I will do the same,-0.016,0.946,0.010,-0.641,-0.339,17.251500,0.824666,0.249099,4.297333,0.205424,42.652400,4.233423,0.000000,10.624675,1.054542
test.context.txt::01667,test.context.txt::01667__row997,Time to block espn for the next 4 weeks,0.0,content_diversity,I think a month of no espn is a bit much,blocking for that long isn't needed,I don't feel that long is necessary,the severity of that is a bit much,too much in my opinion,-0.055,0.886,-0.207,-0.730,-0.360,39.689603,1.024526,0.340999,13.534113,0.349362,25.105614,0.547925,0.000000,8.560988,0.186842
test.context.txt::01668,test.context.txt::01668__row998,Time to set up video cameras at work,1.0,content_diversity,Yes set them up,already set them up,"you are late, already done",the cams need to be turned on,get them going,-0.054,0.919,-0.299,-0.723,-0.352,34.240326,1.279899,0.259529,8.886367,0.332171,41.468654,1.444198,0.000000,10.762330,0.374812
test.context.txt::01668,test.context.txt::01668__row999,Time to set up video cameras at work,0.0,content_diversity,they need to be set by tomorrow,being the setup now,someone has expected them for days,the cameras need to function now,they need to be engaged quickly,-0.067,0.876,-0.155,-0.723,-0.461,39.346269,1.298931,0.285933,11.250397,0.371407,42.440945,2.469806,0.000000,12.135267,0.706199
test.context.txt::01669,test.context.txt::01669__row1000,I like bullet point summary right at the beginning,1.0,content_diversity,a bullet point always helps,"yes, a bullet point summary helps in most cases",I need no guide to help,at the beginning always helps,some sort of summary usually helps,-0.052,0.916,-0.289,-0.800,-0.337,35.138623,1.265193,0.380914,13.384801,0.481930,40.608716,1.650541,0.000000,15.468437,0.628714
test.context.txt::01669,test.context.txt::01669__row1001,I like bullet point summary right at the beginning,0.0,content_diversity,A summary of some sort is necessary,"yes, need a guideline.",I need a summary at first also.,its always better with a summary.,A bullet point list does lay out everything,-0.035,0.948,-0.267,-0.762,-0.524,24.607136,1.016710,0.322927,7.946317,0.328324,38.185955,1.994569,0.000000,12.331289,0.644101
test.ca-cb.ca::00570,test.ca-cb.ca::00570__row1002,Omg thats awesome and cupcakes too I'm on board,1.0,content_diversity,"yes, cupcakes sounds like a good idea",cupcakes is not something I want,I want drinks,I prefer ice cream cakes,can we get meat?,-0.028,0.958,-0.236,-0.730,-0.210,18.230961,0.800127,0.315578,5.753287,0.252502,21.996692,2.288328,0.000000,6.941668,0.722146
test.ca-cb.ca::00570,test.ca-cb.ca::00570__row1003,Omg thats awesome and cupcakes too I'm on board,0.0,content_diversity,cupcakes sounds yummy,"I concur, that is good",cupcakes sounds delicious,cupcakes is tasty,decadent cupcakes is not too shabby of an idea,-0.065,0.926,-0.205,-0.815,-0.615,14.324486,1.290679,0.323422,4.632848,0.417433,94.866830,2.268735,0.000000,30.681978,0.733758
test.ca-cb.ca::00571,test.ca-cb.ca::00571__row1004,Ill be right back I'm having a seizure,1.0,content_diversity,Oh no! are you really?,Don't hit your head while you're seizing,It's not that serious to 'cause a seizure,or maybe you won't be back?,Not funny some people do have real seizure daily,-0.006,0.989,0.006,-0.639,-0.240,11.266118,0.476715,0.370231,4.171064,0.176494,55.982713,0.973974,0.000000,20.726526,0.360595
test.ca-cb.ca::00571,test.ca-cb.ca::00571__row1005,Ill be right back I'm having a seizure,0.0,content_diversity,not serious enough to 'cause a seizure,seizure? not that serious,it's really not serious enough for a seizure,serious enough to have a seizure no,not serious won't have a seizure,-0.160,0.800,-0.265,-0.982,-0.703,36.441382,0.986178,0.373345,13.605209,0.368185,23.674034,1.268749,0.000000,8.838583,0.473681
test.ca-cb.ca::00572,test.ca-cb.ca::00572__row1006,Doctor who great acting awesome cast just not for me,1.0,content_diversity,"I get that, it's definitely my kind of thing.","Yeah not mine either, I hate sci fi.",It's totally a nerd show for nerds.,The cast can't hide the fact that it's all about monsters and aliens.,"Great acting yeah, but terrible writing, so boring.",-0.004,0.991,-0.194,-0.715,-0.192,31.260415,0.825830,0.358538,11.208034,0.296091,31.619730,0.861706,0.000000,11.336862,0.308954
test.ca-cb.ca::00572,test.ca-cb.ca::00572__row1007,Doctor who great acting awesome cast just not for me,0.0,content_diversity,Completely agree. I enjoy different kinds of things too.,Also not the type of show I enjoy watching.,It is not the genre of show I prefer to watch.,"Understandable, it is not the program type I typically enjoy.","Not my fav type of show either, so I get it.",-0.096,0.873,-0.425,-0.889,-0.489,31.008930,0.578892,0.416930,12.928542,0.241357,54.196795,0.774810,0.000000,22.596250,0.323041
test.ca-cb.ca::00573,test.ca-cb.ca::00573__row1008,I always tell girls that it's average size when they ask,1.0,content_diversity,"Well, what kind of response do you get?",I'd question a girl that even asks.,"So, it that the truth?",Why in the world would you tell them that!,Do you honestly think that's what they want to hear?,-0.015,0.974,-0.118,-0.719,-0.403,28.234211,1.079329,0.381677,10.776342,0.411955,50.311084,2.180754,0.000000,19.202570,0.832343
test.ca-cb.ca::00573,test.ca-cb.ca::00573__row1009,I always tell girls that it's average size when they ask,0.0,content_diversity,What do they say in return?,I'd be curious what they say when you tell them that?,Do you get a reaction?,How do they take it when you tell them?,Do they look at you funny or what?,-0.055,0.913,-0.286,-0.795,-0.501,30.930944,0.994124,0.363422,11.240991,0.361287,38.059227,0.590082,0.000000,13.831568,0.214449
test.ca-cb.ca::00574,test.ca-cb.ca::00574__row1010,I waited and damn you're mom  is huge  edit you're,1.0,content_diversity,what on earth are you talking about?,thanks,you are fired,I will do it myself,don't talk about my mom,-0.009,0.981,-0.061,-0.638,-0.165,18.460420,1.842672,0.298450,5.509510,0.549945,30.787504,1.762762,0.000000,9.188528,0.526096
test.ca-cb.ca::00574,test.ca-cb.ca::00574__row1011,I waited and damn you're mom  is huge  edit you're,0.0,content_diversity,I have no idea what you are talking about,I have no idea what you mean,you make no sense,I do not understand you,what topic are you discussing?,-0.121,0.753,-0.239,-0.763,-0.591,18.992016,0.929729,0.399744,7.591947,0.371654,49.258511,1.735811,0.000000,19.690799,0.693880
test.ca-cb.ca::00575,test.ca-cb.ca::00575__row1012,Who cares what a bunch of video game characters think,1.0,content_diversity,I care the characters are my friends,A real gamer would care,Someone who's lonely might,I don't care their not real humans,Maybe they have feelings you don't know if they don't,-0.020,0.958,-0.053,-0.668,-0.293,34.679594,1.430066,0.321036,11.133390,0.459102,42.589024,0.864905,0.000000,13.672600,0.277665
test.ca-cb.ca::00575,test.ca-cb.ca::00575__row1013,Who cares what a bunch of video game characters think,0.0,content_diversity,A gamer would care,A true gamer should care,A real gamer should care,If you're a gamer than you should care,Only the real gamers care,-0.113,0.872,-0.526,-0.975,-0.696,39.176749,1.533190,0.306715,12.016106,0.470253,27.359241,0.984580,0.000000,8.391496,0.301986
test.ca-cb.ca::00576,test.ca-cb.ca::00576__row1014,Those games will run fine that he mentioned,1.0,content_diversity,I am sure they will,They dont for me,I want to run them but I cannot,What games are you running,I hate computers,-0.018,0.976,-0.137,-0.679,-0.155,22.362095,0.740780,0.346252,7.742913,0.256496,22.655979,1.703806,0.000000,7.844671,0.589946
test.ca-cb.ca::00576,test.ca-cb.ca::00576__row1015,Those games will run fine that he mentioned,0.0,content_diversity,They wont work for me,I cannot get them to work,For me no,Running they do not for me,I cannot for me,-0.072,0.902,-0.240,-0.785,-0.592,37.061597,2.335919,0.230084,8.527266,0.537457,32.438713,1.575524,0.000000,7.463616,0.362502
test.ca-cb.ca::00577,test.ca-cb.ca::00577__row1016,Ill check again in a few months though,1.0,content_diversity,Ok great keep us updated,A few months? check again now,Why wait so long? you can check next month,Don't bother checking you're wasting time,Maybe in a few months you'll have better luck,-0.005,0.989,-0.028,-0.812,-0.355,31.640297,0.781456,0.407285,12.886614,0.318275,27.645472,1.406620,0.000000,11.259583,0.572895
test.ca-cb.ca::00577,test.ca-cb.ca::00577__row1017,Ill check again in a few months though,0.0,content_diversity,yeah in a few months you'll probably have better luck,"in a few months you'll have better luck, maybe",in a few months you might have better luck,probably in a few months you'll have better luck,you might have better luck in a few months,-0.454,0.546,-0.787,-0.991,-0.975,41.532691,0.893568,0.526995,21.887509,0.470905,37.335140,0.790216,0.000000,19.675421,0.416440
test.ca-cb.ca::00578,test.ca-cb.ca::00578__row1018,But how will I play portal without steam,1.0,content_diversity,You will just have to deal,Find your friends account,I dont know,Play what?,I can help,-0.007,0.989,0.049,-0.671,-0.191,13.630142,0.922649,0.235872,3.214965,0.217627,40.621442,2.505859,0.000000,9.581448,0.591061
test.ca-cb.ca::00578,test.ca-cb.ca::00578__row1019,But how will I play portal without steam,0.0,content_diversity,I can show you,I want to help you,I am sure I can today,I am sure i can show you how,I want to show you how,-0.164,0.766,-0.394,-0.846,-0.620,45.155328,2.143876,0.292335,13.200464,0.626729,31.068698,1.333089,0.000000,9.082455,0.389708
test.ca-cb.ca::00579,test.ca-cb.ca::00579__row1020,Just because she used pills doesn't mean she wasn't serious,1.0,content_diversity,"Well, you can't blame them for taking her seriously","I don't know, using pills is pretty serious.",Using pills definitely sends a strong message.,Drug use isn't something to fool around with.,It's pretty serious when you talk about using pills.,-0.022,0.960,-0.172,-0.831,-0.483,27.931180,0.638310,0.476294,13.303441,0.304023,37.479459,0.713913,0.000000,17.851225,0.340032
test.ca-cb.ca::00579,test.ca-cb.ca::00579__row1021,Just because she used pills doesn't mean she wasn't serious,0.0,content_diversity,It's easy to see why people took her seriously,"She sent a strong message, so why wouldn't people take her seriously?","You can't blame them, considering what she was doing","Based on her behavior, it's obvious why they took her seriously","It's clear why she was taken seriously, wouldn't you do the same?",-0.042,0.934,-0.318,-0.893,-0.538,60.438458,1.073644,0.467235,28.238951,0.501644,52.040885,0.710579,0.000000,24.315312,0.332007
test.ca-cb.ca::00580,test.ca-cb.ca::00580__row1022,At least this weeks rivalry game is actually a rivalry,1.0,content_diversity,They seem to have some competition this time.,I hope they are ready to lose.,They are are afraid of a real game.,I bet they get beat so bad they never play again.,The game probably will be dull anyway.,-0.018,0.961,-0.289,-0.728,-0.397,24.950321,0.675296,0.348223,8.688280,0.235154,39.495497,0.954013,0.000000,13.753247,0.332210
test.ca-cb.ca::00580,test.ca-cb.ca::00580__row1023,At least this weeks rivalry game is actually a rivalry,0.0,content_diversity,They're probably going to get beat so bad that they'll never show their face again.,I bet they never will show their face here again when they lose.,They are never going to show their face here again when they lose I bet!,Betting they get beat so bad they never play again.,I bet they will never play again when they lose.,-0.195,0.716,-0.459,-0.949,-0.829,88.179731,1.397342,0.382788,33.754157,0.534886,49.758054,0.847301,0.000000,19.046794,0.324337
test.ca-cb.ca::00581,test.ca-cb.ca::00581__row1024,Russia or some other eastern european country was my first thought,1.0,content_diversity,"Has to be, makes total sense.","I've never been to any of them, would like to though.","If it happens it happens, nothing we can do about it.","I love Russia, I've been there loads of times.",I reckon Karl would beg to differ.,-0.022,0.955,-0.114,-0.596,-0.162,14.741794,0.051206,0.381307,5.621147,0.019525,33.516940,1.903257,0.000000,12.780239,0.725725
test.ca-cb.ca::00581,test.ca-cb.ca::00581__row1025,Russia or some other eastern european country was my first thought,0.0,content_diversity,Have you ran it past Karl?,I don't think Karl would agree with you.,"Don't let Karl hear you say that, he would be livid.",Karl would say you are totally nuts.,Did Karl have an opinion? He must have as he won;t like whatyou are saying.,-0.043,0.944,-0.193,-0.893,-0.534,22.074839,1.022827,0.271296,5.988809,0.277489,170.479459,1.736397,0.000000,46.250346,0.471077
test.ca-cb.ca::00582,test.ca-cb.ca::00582__row1026,I could see mythbusters going somewhere with that,1.0,content_diversity,Are they in Greece?,"Wow, so could I, what an episode that would be!","Are you kidding, could you imagine the lawsuits they would get filed against them?",Its too obvious they only do controversial things.,Didn't they cancel mythbusters?,-0.025,0.965,-0.106,-0.659,-0.163,29.397222,0.183463,0.378705,11.132875,0.069478,70.127855,1.567000,0.000000,26.557769,0.593431
test.ca-cb.ca::00582,test.ca-cb.ca::00582__row1027,I could see mythbusters going somewhere with that,0.0,content_diversity,I heard that show was cancelled.,Is mythbusters still being filmed?,There are no new ones think about when was the last one taped.,I thought that series was no longer in production.,Those idiots can't still be making shows can they?,-0.017,0.971,-0.223,-0.733,-0.404,38.298808,0.750187,0.408165,15.632240,0.306200,93.672821,1.110519,0.000000,38.233985,0.453275
test.ca-cb.ca::00583,test.ca-cb.ca::00583__row1028,That is probably more beneficial in the long run lt3,1.0,content_diversity,of course it is,it is called foresight,I knew that,I plan for the long run,it may or may not be,-0.028,0.945,0.030,-0.551,-0.347,22.104030,1.406053,0.336232,7.432081,0.472760,26.693229,0.906850,0.000000,8.975116,0.304912
test.ca-cb.ca::00583,test.ca-cb.ca::00583__row1029,That is probably more beneficial in the long run lt3,0.0,content_diversity,for sure,it would be,I believe it is,I am pretty sure it will be,that is damn sure,-0.043,0.930,-0.206,-0.689,-0.714,12.885253,0.899962,0.335160,4.318622,0.301631,29.568600,1.378298,0.000000,9.910214,0.461951
test.ca-cb.ca::00584,test.ca-cb.ca::00584__row1030,Eh actually not even sure where this is coming from,1.0,content_diversity,I'm confused about that too.,"It's obvious, isn't it?",It's pretty clear to me,"You don't know what you're taking about, do you?","You haven't a clue, eh?",-0.007,0.986,-0.175,-0.694,-0.360,24.793806,0.791236,0.375840,9.318497,0.297378,24.135424,1.182646,0.000000,9.071050,0.444485
test.ca-cb.ca::00584,test.ca-cb.ca::00584__row1031,Eh actually not even sure where this is coming from,0.0,content_diversity,I'm not sure either.,I have no idea myself.,"Yeah, it's pretty ambiguous at this point.",I'm not quite sure myself.,I have no idea either.,-0.082,0.849,-0.465,-0.776,-0.761,38.366202,1.305673,0.411266,15.778732,0.536980,49.779885,0.803137,0.000000,20.472797,0.330303
test.ca-cb.ca::00585,test.ca-cb.ca::00585__row1032,No who in their right mind would hire me,1.0,content_diversity,I'm sure somebody would.,"If I can get a job, you can.",Why would someone not want to hire you?,What would hold someone back from hiring you?,"So, you think you'll never get a job?",-0.024,0.949,-0.215,-0.835,-0.345,18.392367,0.456638,0.398222,7.324242,0.181843,18.200599,1.140994,0.000000,7.247876,0.454369
test.ca-cb.ca::00585,test.ca-cb.ca::00585__row1033,No who in their right mind would hire me,0.0,content_diversity,Is there a reason someone wouldn't want to give you a job?,Are you a horrible criminal or something?,What's the reason someone wouldn't want to hire you?,Do you have a lengthy criminal background or something?,Why do you think no one would hire you?,-0.076,0.859,-0.361,-0.805,-0.338,46.959245,0.901974,0.490000,23.010044,0.441967,36.082455,0.754124,0.000000,17.680414,0.369521
test.ca-cb.ca::00586,test.ca-cb.ca::00586__row1034,Oh I'm sure thats tame compared to some other ones out there,1.0,content_diversity,"well, to be wild and crazy",surely not I say,I think not likely,There is probably is,I want someone wilder,-0.020,0.964,-0.020,-0.668,-0.317,17.104816,1.074677,0.223466,3.822343,0.240154,29.161074,0.883771,0.000000,6.516505,0.197493
test.ca-cb.ca::00586,test.ca-cb.ca::00586__row1035,Oh I'm sure thats tame compared to some other ones out there,0.0,content_diversity,probably not,I would say not very probable,I estimate low probability,not a chance,it is a low chance,-0.038,0.940,-0.126,-0.783,-0.642,44.585981,2.216315,0.267497,11.926627,0.592858,30.746658,1.121913,0.000000,8.224647,0.300109
test.ca-cb.ca::00587,test.ca-cb.ca::00587__row1036,I wonder if it's the same in store,1.0,content_diversity,depends on what you are talking about in store?,it should be,depends on the store,probably not,store do not have it,-0.027,0.945,-0.157,-0.731,-0.295,7.762315,0.865357,0.351630,2.729465,0.304286,61.958401,1.749264,0.000000,21.786448,0.615094
test.ca-cb.ca::00587,test.ca-cb.ca::00587__row1037,I wonder if it's the same in store,0.0,content_diversity,it may be,it can be,it is likely,why would it not be?,I think it is,-0.078,0.918,-0.247,-0.718,-0.516,25.119043,2.198119,0.247316,6.212339,0.543630,30.560784,0.993583,0.000000,7.558168,0.245729
test.ca-cb.ca::00588,test.ca-cb.ca::00588__row1038,Id say that the spider is the most annoying bug imho,1.0,content_diversity,"Ants, ants are annoying as well.","I don't even like the thought of spiders, yuck.",They are very clever at making webs though.,They eat flies so there is that...,"Spiders are cool, you ever held a tarantula? They are awesome.",-0.020,0.970,-0.155,-0.761,-0.275,10.365799,0.455667,0.420195,4.355654,0.191469,38.389270,0.734080,0.000000,16.130967,0.308456
test.ca-cb.ca::00588,test.ca-cb.ca::00588__row1039,Id say that the spider is the most annoying bug imho,0.0,content_diversity,A spiders web is the most amazing thing.,Spider webs are like the most incredible structures.,Spiders may look yucky but their webs are beautiful.,There is nothing more stunning than a dew covered spiders web in the morning.,I am fascinated by their webs.,-0.038,0.936,-0.353,-0.936,-0.586,42.303830,0.633690,0.448916,18.990852,0.284473,48.211614,0.482980,0.000000,21.642949,0.216817
test.ca-cb.ca::00589,test.ca-cb.ca::00589__row1040,The only reason I'm clicking on every provided image link,1.0,content_diversity,what is that reason?,you are wasting time,"you are searching for porn again, aren't you",you have too much free time,so you are addicted,-0.062,0.927,-0.081,-0.728,-0.201,31.310652,0.816126,0.337777,10.576032,0.275669,43.366722,1.917799,0.000000,14.648301,0.647789
test.ca-cb.ca::00589,test.ca-cb.ca::00589__row1041,The only reason I'm clicking on every provided image link,0.0,content_diversity,tell me the reason?,I want to know your reason?,and your reason is?,what is your purpose?,what is that purpose?,-0.039,0.934,-0.273,-0.829,-0.739,31.192092,1.464786,0.267685,8.349642,0.392101,15.971994,1.008610,0.000000,4.275457,0.269989
test.ca-cb.ca::00590,test.ca-cb.ca::00590__row1042,Even more amazed that he made you a minecraft cake,1.0,content_diversity,I want a cake.,You should be thankful for that.,He was kind to you.,You should make him a cake in return.,Send the cake back.,-0.029,0.945,-0.320,-0.757,-0.382,18.483455,0.620585,0.306149,5.658687,0.189991,20.697183,2.010479,0.000000,6.336417,0.615506
test.ca-cb.ca::00590,test.ca-cb.ca::00590__row1043,Even more amazed that he made you a minecraft cake,0.0,content_diversity,Return the cake.,Give him the cake back.,Please send it back to him.,You don't need a minecraft cake. Give it back.,Just send it back to him if you don't want it.,-0.109,0.811,-0.369,-0.846,-0.443,40.063876,1.541563,0.317824,12.733254,0.489945,35.948299,0.792938,0.000000,11.425225,0.252015
test.ca-cb.ca::00591,test.ca-cb.ca::00591__row1044,Oh okay at least it won't go on your legal record,1.0,content_diversity,what legal records?,I did not do anything,what are you talking about?,"for what, telling the truth?",they are lucky they are not shot for trying to frame an innocent person,-0.014,0.955,-0.044,-0.587,-0.205,-7.282864,0.484709,0.409443,-2.981914,0.198461,103.994113,1.042768,0.000000,42.579610,0.426954
test.ca-cb.ca::00591,test.ca-cb.ca::00591__row1045,Oh okay at least it won't go on your legal record,0.0,content_diversity,I did not commit any crime,nothing I did was wrong,I never make a mistake,I never break any rule,I was innocent,-0.069,0.912,-0.316,-0.725,-0.569,41.671185,1.913866,0.303980,12.667214,0.581777,18.399251,0.696618,0.000000,5.593008,0.211758
test.ca-cb.ca::00592,test.ca-cb.ca::00592__row1046,Wow do you really mean that what is your thought process,1.0,content_diversity,I don't think they mean anything by that.,They just thought of it off the top of their head.,"You're joking, right?","I think you are taking them a little too seriously, friend.",I want to know what they were thinking as well.,-0.011,0.977,-0.188,-0.678,-0.329,26.657146,0.777050,0.459781,12.256461,0.357273,43.819317,0.664489,0.000000,20.147309,0.305520
test.ca-cb.ca::00592,test.ca-cb.ca::00592__row1047,Wow do you really mean that what is your thought process,0.0,content_diversity,"No, they don't mean that!",Don't pay attention to them too much.,You're being too gullible.,They're saying something harmless.,"Let's move on, it isn't serious.",-0.004,0.992,-0.228,-0.696,-0.414,25.039653,0.812131,0.328129,8.216225,0.266483,23.698589,0.794031,0.000000,7.776184,0.260544
test.ca-cb.ca::00593,test.ca-cb.ca::00593__row1048,Alright ill go there why why is this true,1.0,content_diversity,You should go there.,I don't know why it's true.,Going there is boring.,I think it's true because it's fun.,Why? Why not?,-0.020,0.948,-0.191,-0.710,-0.165,26.655059,0.792616,0.348178,9.280700,0.275971,23.707697,2.259127,0.000000,8.254494,0.786578
test.ca-cb.ca::00593,test.ca-cb.ca::00593__row1049,Alright ill go there why why is this true,0.0,content_diversity,I don't understand why.,Who knows why it's true.,I don't get it either.,When you figure it out please explain it to me.,"I do not know why, Please explain.",-0.034,0.947,-0.326,-0.779,-0.536,12.978628,0.577788,0.446185,5.790867,0.257800,44.840519,0.998888,0.000000,20.007159,0.445689
test.ca-cb.ca::00594,test.ca-cb.ca::00594__row1050,Or you could get res and save the comment,1.0,content_diversity,I could care less about this,do not save it,speak your mind,let it out,do not get involved.,-0.022,0.957,-0.017,-0.688,-0.347,11.478644,1.174273,0.257351,2.954035,0.302200,24.005574,1.507898,0.000000,6.177847,0.388058
test.ca-cb.ca::00594,test.ca-cb.ca::00594__row1051,Or you could get res and save the comment,0.0,content_diversity,I don't care about this,this topic is not my concern,I care very little about this,I paid no attention to this,it is not that relevant to me,-0.056,0.917,-0.412,-0.736,-0.776,33.251028,1.239821,0.365397,12.149820,0.453027,35.306529,1.115909,0.000000,12.900894,0.407750
test.ca-cb.ca::00595,test.ca-cb.ca::00595__row1052,What is this and why is it so beautiful,1.0,content_diversity,it is a gemstone from my collection,it is a dress,it is a sapphire,it is a diamond,it is not that pretty,-0.251,0.792,-0.363,-0.759,-0.365,11.455840,0.934191,0.268560,3.076580,0.250886,45.547129,1.689687,0.000000,12.232136,0.453782
test.ca-cb.ca::00595,test.ca-cb.ca::00595__row1053,What is this and why is it so beautiful,0.0,content_diversity,it is a sapphire,it is a corundum from my collection,it is a gemstone of mine,it is one of my gemstone,a sapphire it is,-0.201,0.802,-0.234,-0.877,-0.508,40.621256,1.648598,0.241384,9.805316,0.397945,35.612286,1.586709,0.000000,8.596232,0.383006
test.ca-cb.ca::00596,test.ca-cb.ca::00596__row1054,Lol at espn still using our old logo on their graphics,1.0,content_diversity,Why in the world is ESPN using your logo?,They need to update it.,Send your new logo to them!,How come you care so much?,ESPN is such a lame network.,-0.012,0.975,-0.104,-0.654,-0.155,23.230580,0.893381,0.378931,8.802797,0.338530,34.681413,1.163225,0.000000,13.141877,0.440782
test.ca-cb.ca::00596,test.ca-cb.ca::00596__row1055,Lol at espn still using our old logo on their graphics,0.0,content_diversity,Why don't you email them your new logo?,I think you should call someone there and let them know.,Perhaps they were not aware so they need someone to tell them about it.,Get one of your people to contact them.,Well what are you waiting for? Go tell them already!,-0.035,0.953,-0.177,-0.771,-0.359,44.995239,0.811862,0.458819,20.644657,0.372498,44.616114,0.509207,0.000000,20.470707,0.233634
test.ca-cb.ca::00597,test.ca-cb.ca::00597__row1056,Thats because it was on a beach moron,1.0,content_diversity,Who you calling moron?,How would we know where it happened?,"Which beach, moron?",You are a rude person.,Shut up!,-0.006,0.990,-0.086,-0.664,-0.270,16.245874,0.322784,0.324285,5.268287,0.104674,29.077135,2.540382,0.000000,9.429268,0.823807
test.ca-cb.ca::00597,test.ca-cb.ca::00597__row1057,Thats because it was on a beach moron,0.0,content_diversity,"There are many beaches, idiot!",Where is the beach?,"Moron, which beach?","And the beach is where, idiot.","Please explain which beach, moron.",-0.019,0.965,-0.300,-0.946,-0.708,27.616256,1.299496,0.348016,9.610893,0.452245,28.113384,0.553055,0.000000,9.783901,0.192472
test.ca-cb.ca::00598,test.ca-cb.ca::00598__row1058,I love living in bc for this reason,1.0,content_diversity,What reason is that?,I think bc is the most bleakest place to live in.,I wish I lived there but I'm not sure if I can find work there.,Imagine loving where you live.,I too enjoy the grocery stores there.,-0.022,0.957,-0.156,-0.688,-0.069,14.883086,0.100788,0.412672,6.141839,0.041592,51.083709,0.877620,0.000000,21.080839,0.362170
test.ca-cb.ca::00598,test.ca-cb.ca::00598__row1059,I love living in bc for this reason,0.0,content_diversity,Can you tell me the reason?,"So the reason is what, exactly?",I wasn't paying attention. What reason?,I can't make out what reason you're talking about?,What's the logic behind it?,-0.019,0.969,-0.207,-0.836,-0.585,34.727680,0.800930,0.379709,13.186425,0.304121,30.806600,0.782005,0.000000,11.697554,0.296935
test.ca-cb.ca::00599,test.ca-cb.ca::00599__row1060,I've seen plenty of things that never happened more than this,1.0,content_diversity,People are just overreacting.,What are you referring to?,You have no idea how bad it can get.,You must lead a colorful life then.,It'll blow over soon.,-0.007,0.986,-0.099,-0.650,-0.263,16.070317,0.340409,0.325668,5.233585,0.110860,52.609624,1.501590,0.000000,17.133260,0.489019
test.ca-cb.ca::00599,test.ca-cb.ca::00599__row1061,I've seen plenty of things that never happened more than this,0.0,content_diversity,What exactly are you talking about?,What are you talking about?,What are you saying really?,What are you trying to say?,What exactly are you referencing?,-0.258,0.694,-0.582,-0.909,-0.712,19.015981,0.716059,0.445250,8.466859,0.318825,26.777380,0.860891,0.000000,11.922619,0.383311
test.ca-cb.ca::00600,test.ca-cb.ca::00600__row1062,Hello it have you tried turning it off and on again,1.0,content_diversity,Yes I have a dozen times,Duh who wouldn't have tried that?,No I haven't I will try now,It won't turn back on now,It's not letting me turn it off,-0.015,0.969,-0.031,-0.664,-0.370,24.280928,0.921539,0.373459,9.067938,0.344157,34.711337,1.077944,0.000000,12.963271,0.402568
test.ca-cb.ca::00600,test.ca-cb.ca::00600__row1063,Hello it have you tried turning it off and on again,0.0,content_diversity,Not yet but i'll try now,No I haven't but i'll try now,"Nope not yet, trying now",Not yet going to try now though,"No I haven't, trying now",-0.111,0.824,-0.369,-0.971,-0.727,48.911043,1.851253,0.319117,15.608369,0.590767,26.810935,0.687312,0.000000,8.555838,0.219333
test.ca-cb.ca::00601,test.ca-cb.ca::00601__row1064,I wish you two the best of luck,1.0,content_diversity,I wish you the worst of luck!,I hope those two are happy together.,Are they going to do something dangerous?,Only hard work will get you anywhere.,Thank you for the well wishes.,-0.015,0.976,-0.150,-0.660,-0.195,22.626662,0.528758,0.435083,9.844479,0.230054,34.474796,0.567346,0.000000,14.999403,0.246843
test.ca-cb.ca::00601,test.ca-cb.ca::00601__row1065,I wish you two the best of luck,0.0,content_diversity,I hope your luck runs out.,Curses upon you instead of good fortune.,You will have bad things happen to you.,"I do not wish you any good tidings, sir.",Be careful because I'm praying for you to be filled with bad luck.,-0.025,0.963,-0.223,-0.779,-0.464,12.340646,0.574786,0.365501,4.510520,0.210085,77.376850,0.885572,0.000000,28.281325,0.323678
test.ca-cb.ca::00602,test.ca-cb.ca::00602__row1066,My girlfriends blanket so I can keep her warm,1.0,content_diversity,That's so thoughtful aww,She's a lucky girl to have you,You're to obsessed with her bro,Just cuddle it warmer than a blanket,Let your girlfriend freeze who cares,-0.006,0.987,-0.055,-0.612,-0.184,25.744892,0.887152,0.340896,8.776342,0.302427,48.352871,1.188298,0.000000,16.483321,0.405087
test.ca-cb.ca::00602,test.ca-cb.ca::00602__row1067,My girlfriends blanket so I can keep her warm,0.0,content_diversity,She's lucky to have you,She must be lucky to have you,How lucky is she to have you,The girl is lucky to have you,She's one lucky girl to have you,-0.294,0.739,-0.544,-0.973,-0.902,35.181255,1.275351,0.403428,14.193108,0.514512,15.780013,0.458121,0.000000,6.366101,0.184819
test.ca-cb.ca::00603,test.ca-cb.ca::00603__row1068,I've always tried to do that but I always fail,1.0,content_diversity,"there is doing and not doing, there is no try",you have another chance,try harder,give it your best shot,sometimes it is about the journey,-0.012,0.954,-0.026,-0.683,-0.271,12.932934,1.094472,0.350294,4.530327,0.383387,81.885818,1.036537,0.000000,28.684094,0.363093
test.ca-cb.ca::00603,test.ca-cb.ca::00603__row1069,I've always tried to do that but I always fail,0.0,content_diversity,just do it,"you have to do it, don't try","what is the point of trying to do it, you have to do it","you don't try, you do","don't think try, think do",-0.095,0.823,-0.247,-0.920,-0.472,42.531199,1.543612,0.291290,12.388892,0.449638,44.434467,1.317811,0.000000,12.943294,0.383864
test.ca-cb.ca::00604,test.ca-cb.ca::00604__row1070,Does it work cause it isn't pathetic if it works,1.0,content_diversity,It has worked fine for me,I can see that you are frustrated about this,"So far so good, but we will see","I agree, I will be mad if this does not work",I have not had a chance to use it yet,-0.017,0.968,-0.173,-0.701,-0.318,29.437798,0.823761,0.445716,13.120906,0.367164,51.184658,0.824990,0.000000,22.813836,0.367711
test.ca-cb.ca::00604,test.ca-cb.ca::00604__row1071,Does it work cause it isn't pathetic if it works,0.0,content_diversity,I have not tried it yet,"I do not know, I dont use it myself",I am still findng that out,I have no experience with the product,"I cant tell you, I have not used it",-0.084,0.909,-0.250,-0.748,-0.578,39.310951,1.351536,0.399142,15.690671,0.539455,43.630360,1.595386,0.000000,17.414730,0.636786
test.ca-cb.ca::00605,test.ca-cb.ca::00605__row1072,To 360 or to ps3 that is the question,1.0,content_diversity,PS3 always.,Go to 360.,I don't understand the question.,I would do both.,I would think PS3 but not sure.,-0.025,0.949,-0.206,-0.639,-0.185,12.637801,1.043091,0.239923,3.032104,0.250262,27.023505,2.587640,0.000000,6.483572,0.620835
test.ca-cb.ca::00605,test.ca-cb.ca::00605__row1073,To 360 or to ps3 that is the question,0.0,content_diversity,I don't get it.,What?,"Make some sense, man!",What are you trying to say.,What is the question?,-0.004,0.989,-0.147,-0.719,-0.525,30.747468,2.261167,0.237070,7.289290,0.536054,34.214621,3.109809,0.000000,8.111247,0.737241
test.ca-cb.ca::00606,test.ca-cb.ca::00606__row1074,My farts are way worse than his farts,1.0,content_diversity,Do you have contests,Thats gross,How do they smell though,You may want to change diets,No way,0.000,1.000,-0.064,-0.612,-0.171,25.386494,1.021400,0.195162,4.954471,0.199338,48.343046,1.603628,0.000000,9.434710,0.312967
test.ca-cb.ca::00606,test.ca-cb.ca::00606__row1075,My farts are way worse than his farts,0.0,content_diversity,I am disgusted,Ew,I am sure that is gross,Farts are gross,Gross,-0.020,0.935,-0.099,-0.744,-0.505,31.825628,4.558791,0.064799,2.062273,0.295406,36.432400,7.077942,0.000000,2.360788,0.458644
test.ca-cb.ca::00607,test.ca-cb.ca::00607__row1076,I'm a girl so if anything my girlfriend would be a vibrator,1.0,content_diversity,"well, you could also be a lesbian",that is nice,that kind of girlfriend never fights with you,I want to watch,can I join? you can have both a girlfriend vibrator and a guy,-0.018,0.954,-0.072,-0.665,-0.177,9.596393,0.853799,0.347677,3.336441,0.296846,107.979613,0.640375,0.000000,37.541979,0.222643
test.ca-cb.ca::00607,test.ca-cb.ca::00607__row1077,I'm a girl so if anything my girlfriend would be a vibrator,0.0,content_diversity,you may be a lesbian,you can be a lesbian,you are a lesbian,are you a lesbian,do you like girls over guys?,-0.152,0.844,-0.420,-0.867,-0.655,12.473548,1.014155,0.339268,4.231873,0.344070,62.994060,1.935700,0.000000,21.371856,0.656721
test.ca-cb.ca::00608,test.ca-cb.ca::00608__row1078,You just said colbert is hitting chuck norris,1.0,content_diversity,"I mean hitting one chuck norris, they are both gay",That is what happens in the movie,"no way, I did not say that",did you miss hear what I said,and then they started fighting,-0.016,0.972,-0.044,-0.584,-0.108,15.372931,0.621667,0.389583,5.989039,0.242191,78.416499,0.796427,0.000000,30.549767,0.310275
test.ca-cb.ca::00608,test.ca-cb.ca::00608__row1079,You just said colbert is hitting chuck norris,0.0,content_diversity,it is part of the movie,it is a scene in the movie,that is what I saw in the movie,"yes, look at the screen and what is happening now",the movies show such scene,-0.085,0.894,-0.356,-0.831,-0.631,29.157327,0.883127,0.349679,10.195712,0.308811,83.950944,2.012283,0.000000,29.355902,0.703654
test.ca-cb.ca::00609,test.ca-cb.ca::00609__row1080,I made a new one and the tutorial worked for me,1.0,content_diversity,The tutorial still doesn't work for me.,How do I make a new one?,I tried like six times and it finally worked.,The company needs to fix this already.,That's weird because I didn't have any problems with it.,-0.012,0.980,-0.229,-0.669,-0.201,25.704408,0.781992,0.456244,11.727475,0.356779,48.756868,1.097141,0.000000,22.245015,0.500564
test.ca-cb.ca::00609,test.ca-cb.ca::00609__row1081,I made a new one and the tutorial worked for me,0.0,content_diversity,The tutorial ran fine for me.,It all worked when I used it last.,The app opened up and ran smoothly on my device.,How odd. It works when I use it.,I have still not run into any problems while using it.,-0.027,0.958,-0.394,-0.760,-0.443,35.489661,1.035565,0.359743,12.767141,0.372537,44.421135,1.089097,0.000000,15.980172,0.391795
test.ca-cb.ca::00610,test.ca-cb.ca::00610__row1082,Our pants down to our knees I hope,1.0,content_diversity,Pull up your pants.,Why would you hope that?,I am happy for you.,You wish your pants were down.,Put a belt on those pants!,-0.017,0.967,-0.134,-0.725,-0.264,12.240236,0.617471,0.322036,3.941797,0.198848,35.501416,1.044188,0.000000,11.432733,0.336266
test.ca-cb.ca::00610,test.ca-cb.ca::00610__row1083,Our pants down to our knees I hope,0.0,content_diversity,Yank those pants right up.,Please pull up your pants.,"Pull them up, we don't want to see.",Pull those pants right up now!,You are blinding me. Yank those pants up.,-0.109,0.855,-0.319,-0.903,-0.587,30.428895,1.121286,0.329880,10.037869,0.369889,70.438785,1.200801,0.000000,23.236313,0.396120
test.ca-cb.ca::00611,test.ca-cb.ca::00611__row1084,I swear some of them are on purpose,1.0,content_diversity,You might be right!,I think you may be on to something there.,Do you really think so?,"I don't know, I can't see that.","No way, it's gotta be a coincidence.",-0.020,0.963,-0.044,-0.719,-0.425,23.191585,0.911703,0.382570,8.872406,0.348790,33.474722,1.043964,0.000000,12.806426,0.399389
test.ca-cb.ca::00611,test.ca-cb.ca::00611__row1085,I swear some of them are on purpose,0.0,content_diversity,"Yeah, I think you might be correct",I like the way you think,You're probably right,It seems like you are on to something there,"I totally agree, you are not wrong!",-0.037,0.943,-0.171,-0.767,-0.621,18.859214,0.704744,0.413843,7.804753,0.291653,46.317379,1.108667,0.000000,19.168121,0.458814
test.ca-cb.ca::00612,test.ca-cb.ca::00612__row1086,Sounds like a good way to pass out,1.0,content_diversity,Any way is a good way to pass out right?,There will always be someone willing to take advantage though.,It will cost a lot in the end though I would say.,His mother didn't think so.,He will be gutted when he wakes up and find she's dumped him.,-0.012,0.972,-0.108,-0.617,-0.224,9.783510,0.402953,0.396811,3.882208,0.159897,66.048313,0.939940,0.000000,26.208723,0.372979
test.ca-cb.ca::00612,test.ca-cb.ca::00612__row1087,Sounds like a good way to pass out,0.0,content_diversity,I don't think his folks will be that happy about it.,When his mom finds out he will be in big trouble.,"He will be so ashamed, he is such a mummys boy.",I wouldn't like to be him whe he has to face his mom.,"I doubt we will see him again, his mom will kill him for this.",-0.060,0.922,-0.260,-0.747,-0.463,46.123335,1.003822,0.362511,16.720224,0.363897,52.629768,1.111745,0.000000,19.078878,0.403020
test.ca-cb.ca::00613,test.ca-cb.ca::00613__row1088,People playing on their phones in a meeting or at dinner,1.0,content_diversity,that is their right,they forget how to interact face to face like human being,they are no longer fun to talk to,where is the fun in that,let's make fun of them,-0.025,0.947,-0.077,-0.716,-0.221,23.641546,0.647249,0.388753,9.190728,0.251620,51.487254,0.580712,0.000000,20.015838,0.225754
test.ca-cb.ca::00613,test.ca-cb.ca::00613__row1089,People playing on their phones in a meeting or at dinner,0.0,content_diversity,they don't remember how to communicate like human beings,they let go of the chance to interact with others in their presence,they no longer remember what face to face human interaction is like,they do not remember how to interact in person,they forget how to socialize in person,-0.086,0.897,-0.449,-0.903,-0.640,44.482670,0.774064,0.525578,23.379128,0.406831,60.048896,0.621869,0.000000,31.560399,0.326841
test.ca-cb.ca::00614,test.ca-cb.ca::00614__row1090,Toronto is known as the angry red dot for a reason,1.0,content_diversity,I have no idea what you mean,where is toronto,I guess there are a lot of angry people ther,I can not understand why,let's talk about something else,-0.009,0.987,-0.010,-0.661,-0.285,28.418667,1.033971,0.391184,11.116915,0.404473,36.957401,0.997697,0.000000,14.457128,0.390283
test.ca-cb.ca::00614,test.ca-cb.ca::00614__row1091,Toronto is known as the angry red dot for a reason,0.0,content_diversity,do you know where is that?,can you show me where is it on the map,where is the location of toronto,tell me the location of toronto,show me the location of toronto,-0.203,0.744,-0.387,-0.826,-0.500,41.578548,1.290739,0.408201,16.972426,0.526882,34.490999,1.356392,0.000000,14.079277,0.553681
test.ca-cb.ca::00615,test.ca-cb.ca::00615__row1092,I'm not witty enough to comment something funny here,1.0,content_diversity,Well then why comment at all?,Thank you for wasting my time.,"Idk, then man. Sounds like a personal problem.",Then maybe it's not a laughing matter,Well that's five seconds I'll never get back,-0.008,0.983,-0.036,-0.625,-0.197,31.300660,0.798418,0.392045,12.271265,0.313016,67.848257,1.098768,0.000000,26.599564,0.430766
test.ca-cb.ca::00615,test.ca-cb.ca::00615__row1093,I'm not witty enough to comment something funny here,0.0,content_diversity,That was a giant waste of time,"Thank you for wasting valuable time, I'll never get that back.","Well, that was a waste.",I can't believe I wasted time reading this.,I'll just stop wasting time and stop reading,-0.030,0.938,-0.245,-0.866,-0.439,28.110530,0.888659,0.415678,11.684937,0.369396,46.520084,0.843303,0.000000,19.337389,0.350543
test.ca-cb.ca::00616,test.ca-cb.ca::00616__row1094,A certain greg fields might disagree with you,1.0,content_diversity,What would he have to say?,Why exactly is that?,"Well, maybe I disagree with Greg Fields then",Obviously we don't see eye to eye,We can't all agree,-0.003,0.986,-0.022,-0.656,-0.344,29.283453,0.728256,0.344110,10.076727,0.250600,34.962537,0.770146,0.000000,12.030956,0.265015
test.ca-cb.ca::00616,test.ca-cb.ca::00616__row1095,A certain greg fields might disagree with you,0.0,content_diversity,Maybe I don't agree with him.,Perhaps I am in disagreement with him.,"Well, I guess me and Mr. Fields don't agree then.",Clearly we're not on the same page.,"Obviously, I don't agree with him.",-0.121,0.846,-0.543,-0.838,-0.600,38.689289,0.953795,0.398635,15.422900,0.380216,54.847081,0.885038,0.000000,21.863959,0.352807
test.ca-cb.ca::00617,test.ca-cb.ca::00617__row1096,Orange crush I get the reference but that isn't very intimidating,1.0,content_diversity,it was not meant to be,it is if you use it right,what do you mean?,I have no idea what you are talking about?,what? an orange have  a crush on an apple?,-0.020,0.960,0.068,-0.588,-0.218,-4.760040,0.293696,0.395399,-1.882116,0.116127,110.321352,2.086782,0.000000,43.620981,0.825112
test.ca-cb.ca::00617,test.ca-cb.ca::00617__row1097,Orange crush I get the reference but that isn't very intimidating,0.0,content_diversity,I did not mean for it to be,I never want it to be,it was not designed to be,it was not made to be intimidating,intimidation was not what It was created for,-0.135,0.840,-0.332,-0.715,-0.501,21.878233,1.026410,0.399208,8.733959,0.409751,59.720044,1.319314,0.000000,23.840702,0.526680
test.ca-cb.ca::00618,test.ca-cb.ca::00618__row1098,Reddit where people think I was crying for an entire game,1.0,content_diversity,"You were crying, big baby.",I think you were laughing.,Did you play the entire game?,People are guessing that.,How would they know?,-0.008,0.983,-0.199,-0.630,-0.196,15.363717,0.451199,0.331050,5.086157,0.149369,27.724068,0.953435,0.000000,9.178050,0.315635
test.ca-cb.ca::00618,test.ca-cb.ca::00618__row1099,Reddit where people think I was crying for an entire game,0.0,content_diversity,You were laughing.,"Please, I heard you laughing.",I'm pretty sure you were laughing.,"Laughing can sound like crying, I think.",You were definitely laughing.,-0.070,0.916,-0.417,-0.972,-0.709,38.768856,1.273913,0.354952,13.761102,0.452179,56.412605,1.348537,0.000000,20.023794,0.478667
test.ca-cb.ca::00619,test.ca-cb.ca::00619__row1100,Actually it was directed at the ref  good job good effort though,1.0,content_diversity,you know how I do,the ref was terrible,fire the ref I say,the ref was fired,"well, wonder if they get paid?",-0.072,0.904,-0.116,-0.665,-0.243,-11.896147,0.066040,0.335567,-3.991954,0.022161,94.208163,2.602825,0.000000,31.613150,0.873422
test.ca-cb.ca::00619,test.ca-cb.ca::00619__row1101,Actually it was directed at the ref  good job good effort though,0.0,content_diversity,you know my style,I tried,I gave my best shot,you are familiar with my style,you should be aware I give my best effort,-0.061,0.912,-0.221,-0.683,-0.533,25.903094,1.684365,0.319345,8.272033,0.537894,47.469993,2.147005,0.000000,15.159322,0.685636
test.ca-cb.ca::00620,test.ca-cb.ca::00620__row1102,Yes we can do as many trips as it takes,1.0,content_diversity,How many do you think it will take?,That's encouraging!,How many trips would be too many?,How many trips have you taken so far?,How many are you thinking it will take?,-0.082,0.867,-0.303,-0.789,-0.500,19.957189,0.760182,0.400687,7.996590,0.304595,25.544192,1.687036,0.000000,10.235230,0.675974
test.ca-cb.ca::00620,test.ca-cb.ca::00620__row1103,Yes we can do as many trips as it takes,0.0,content_diversity,How many do you think will be necessary?,How many are you predicting you'll take?,About how many do you forsee?,How many do you think it will end up being?,What will be the total number when it's all said and done?,-0.115,0.846,-0.437,-0.872,-0.728,29.265922,1.009512,0.401475,11.749547,0.405294,47.108808,1.225469,0.000000,18.913026,0.491996
test.ca-cb.ca::00621,test.ca-cb.ca::00621__row1104,Thanks the name was the hardest thing to do in this,1.0,content_diversity,"I can relate, I find naming things difficult too.",But names are easy to come up with!,You're welcome and good work.,"Man, you're lucky. I would have found figuring out the layout the hardest.",What was your thought process behind the name?,-0.007,0.981,-0.088,-0.714,-0.262,37.963274,0.940631,0.393631,14.943511,0.370261,96.334855,1.399971,0.000000,37.920358,0.551072
test.ca-cb.ca::00621,test.ca-cb.ca::00621__row1105,Thanks the name was the hardest thing to do in this,0.0,content_diversity,I spent a good month brainstorming names for my dog.,Oh yeah? I can't even come up for a name on Reddit!,I always find making a title for something to be hard.,It took a while but I finally named my computer after my favorite food.,Pulling my hair out over names today as well.,-0.036,0.957,-0.180,-0.700,-0.215,30.934505,0.460639,0.410868,12.710005,0.189262,54.293228,1.188056,0.000000,22.307363,0.488134
test.ca-cb.ca::00622,test.ca-cb.ca::00622__row1106,If they win I'm using this on facebook,1.0,content_diversity,Great,You should not,I would not do that,I like facebook,Use it all,-0.010,0.973,-0.137,-0.595,-0.221,17.361872,1.123917,0.222490,3.862841,0.250060,18.887096,2.270490,0.000000,4.202188,0.505161
test.ca-cb.ca::00622,test.ca-cb.ca::00622__row1107,If they win I'm using this on facebook,0.0,content_diversity,Do not do that,I would not do that,I would stay away from that,You should stay away from that,Do not use it,-0.124,0.774,-0.474,-0.792,-0.783,39.239977,1.756530,0.334611,13.130144,0.587755,9.842514,1.078954,0.000000,3.293417,0.361030
test.ca-cb.ca::00623,test.ca-cb.ca::00623__row1108,I wouldnt enjoy it if they aren't into it,1.0,content_diversity,I would just sleep through it anyway.,They could be good if they tried.,When is their next show?,They should just give up.,I am going somewhere else that night.,-0.010,0.981,-0.166,-0.619,-0.236,10.633357,0.604015,0.360015,3.828166,0.217454,28.098238,0.458758,0.000000,10.115782,0.165160
test.ca-cb.ca::00623,test.ca-cb.ca::00623__row1109,I wouldnt enjoy it if they aren't into it,0.0,content_diversity,When are they going to quit?,They should not even try.,"If they can't do it,they should just give up.",Giving up is the best thing for them,They should spare society the misery and give up.,-0.031,0.944,-0.240,-0.778,-0.557,19.073693,0.644989,0.359725,6.861292,0.232019,67.742693,0.917847,0.000000,24.368769,0.330173
test.ca-cb.ca::00624,test.ca-cb.ca::00624__row1110,Spoiler tags are useless if you're using the app reddit is fun,1.0,content_diversity,Right who even reads the tags anyways,No spoiler tags are important saved me many times,"Reddit is so fun, spoilers all the way",Don't use reddit if you don't want to see spoilers,Reddit is not fun I hate spoilers,-0.021,0.965,-0.122,-0.819,-0.329,28.776230,0.623071,0.419856,12.081876,0.261600,59.251315,1.273650,0.000000,24.877027,0.534750
test.ca-cb.ca::00624,test.ca-cb.ca::00624__row1111,Spoiler tags are useless if you're using the app reddit is fun,0.0,content_diversity,Stay off reddit to avoid spoilers,Don't use reddit and you wont see spoilers,If you don't want to see spoilers stay off reddit,If you don't want to see spoilers don't use reddit,Stay away from reddit and you won't see spoilers,-0.168,0.734,-0.417,-0.980,-0.856,58.624395,1.342219,0.464145,27.210249,0.622985,15.243597,0.491207,0.000000,7.075247,0.227991
test.ca-cb.ca::00625,test.ca-cb.ca::00625__row1112,I must have crashed into the bang bus,1.0,content_diversity,lucky you,sounds wonderful,"well, do your job",stay away from those,make sure you use protection,-0.006,0.988,-0.177,-0.661,-0.243,24.432170,1.661121,0.242133,5.915843,0.402213,28.301190,1.904845,0.000000,6.852661,0.461226
test.ca-cb.ca::00625,test.ca-cb.ca::00625__row1113,I must have crashed into the bang bus,0.0,content_diversity,how fortuitous for you,that is so fortunate,your fortune is good,"well, enjoy yourself",lady luck sure is on your side,-0.016,0.973,-0.144,-0.723,-0.640,24.612065,1.312187,0.264254,6.503825,0.346750,33.594733,1.527386,0.000000,8.877527,0.403617
test.ca-cb.ca::00626,test.ca-cb.ca::00626__row1114,Simply put living forever  I mean literally forever,1.0,content_diversity,forever is a long time,"wow, is that suicide or what?",that sounds wonderful,that sounds horryfying,are you talking about marriage?,-0.036,0.952,-0.003,-0.685,-0.183,13.707598,0.713663,0.354817,4.863689,0.253220,56.658892,1.640237,0.000000,20.103538,0.581984
test.ca-cb.ca::00626,test.ca-cb.ca::00626__row1115,Simply put living forever  I mean literally forever,0.0,content_diversity,that is a long duration,forever is eternity,to say forever means never ending,forever means forever,that means never end,-0.060,0.899,-0.210,-0.836,-0.709,24.936833,0.936445,0.408066,10.175874,0.382132,31.628741,1.135141,0.000000,12.906614,0.463212
test.ca-cb.ca::00627,test.ca-cb.ca::00627__row1116,The odds of him playing a secret are 0,1.0,content_diversity,He needs to improve on that aspect,Could his odds get any worse,Is that his best move,What is a secret,Is that how you beat him?,-0.022,0.963,-0.075,-0.602,-0.317,17.286329,0.862270,0.314337,5.433727,0.271043,40.765289,0.559474,0.000000,12.814025,0.175863
test.ca-cb.ca::00627,test.ca-cb.ca::00627__row1117,The odds of him playing a secret are 0,0.0,content_diversity,He should look on improving his game,Is that what you think about his improvement?,How can he improve?,Where can he improve,How much improvement can he accomplish?,-0.050,0.942,-0.426,-0.942,-0.708,30.642668,1.349654,0.296387,9.082084,0.400020,54.036856,0.793717,0.000000,16.015814,0.235247
test.ca-cb.ca::00628,test.ca-cb.ca::00628__row1118,Sorry officer I uh did't know I couldn't do that,1.0,content_diversity,i never put on my seatbelt,i thought everyone drank and drove,are you sure that's illegal,can't you cut me a break,did YOU know you couldnt do that?,-0.013,0.980,-0.055,-0.569,-0.213,0.594042,0.135905,0.438090,0.260244,0.059539,50.333676,1.315463,0.000000,22.050697,0.576292
test.ca-cb.ca::00628,test.ca-cb.ca::00628__row1119,Sorry officer I uh did't know I couldn't do that,0.0,content_diversity,i think you should let me go,can't i get off with a warning,are you sure you can't just let me go,maybe if you let me go it'll be okay,i know you let people go all the time,-0.093,0.886,-0.229,-0.809,-0.355,19.354813,0.588995,0.489684,9.477745,0.288422,39.193431,0.952745,0.000000,19.192402,0.466544
test.ca-cb.ca::00629,test.ca-cb.ca::00629__row1120,I thought he was an adult just looks like a kid,1.0,content_diversity,Yeah because he shaved his beard,Actually he is an adult,He looks like kid because he is a kid,Exactly what I was thinking,"I think you are wrong, he looks like an adult to me",-0.044,0.916,-0.192,-0.713,-0.184,10.774025,0.501511,0.485941,5.235537,0.243705,36.538253,0.771162,0.000000,17.755424,0.374739
test.ca-cb.ca::00629,test.ca-cb.ca::00629__row1121,I thought he was an adult just looks like a kid,0.0,content_diversity,"You might be wrong, he looks like an adult to me","You are wrong, he looks like a grown up","I think you are wrong, he looks like a man","You got that wrong, he looks older than kids","I'm sure you are wrong, he looks old enough",-0.234,0.741,-0.491,-0.950,-0.624,43.558110,1.023422,0.466508,20.320189,0.477434,32.853176,0.707103,0.000000,15.326256,0.329869
test.ca-cb.ca::00630,test.ca-cb.ca::00630__row1122,Best game ever and here I am at work 00,1.0,content_diversity,I can't believe you went to work.,I don't think it's the best game.,I can't believe you played all night.,I wish I could have played.,What does 00 mean?,-0.059,0.894,-0.281,-0.673,-0.196,23.851044,0.492272,0.373431,8.906724,0.183830,22.994821,1.578657,0.000000,8.586983,0.589520
test.ca-cb.ca::00630,test.ca-cb.ca::00630__row1123,Best game ever and here I am at work 00,0.0,content_diversity,"You should have stayed home instead of going to work,",I wouldn't have went to work.,I would have stayed home.,I would have been too tired to go to work.,I think you are lying and didn't go to work.,-0.102,0.864,-0.414,-0.865,-0.549,19.937675,0.688193,0.399051,7.956153,0.274624,44.833960,0.746142,0.000000,17.891045,0.297749
test.ca-cb.ca::00631,test.ca-cb.ca::00631__row1124,No surely not  no one was alive back then,1.0,content_diversity,someone must have survived,I was there,you are probably right on this,I agree with you,I do not think we can know for sure,-0.017,0.977,-0.101,-0.622,-0.396,8.136260,0.602217,0.453268,3.687908,0.272966,28.028891,0.987887,0.000000,12.704604,0.447778
test.ca-cb.ca::00631,test.ca-cb.ca::00631__row1125,No surely not  no one was alive back then,0.0,content_diversity,I think there was someone,there must be or we would have been extinct,there is usually a survivor,there should be a few,someone did survive,-0.033,0.956,-0.142,-0.681,-0.472,28.901405,1.028439,0.412772,11.929705,0.424511,48.992519,0.464185,0.000000,20.222764,0.191603
test.ca-cb.ca::00632,test.ca-cb.ca::00632__row1126,Gt do I offer to share a snack  no,1.0,content_diversity,You're being selfish.,You're just being smart. They might want more.,What kind of snack you got there?,I have a ton of snacks with me so it's all good.,No one here is hungry anyway.,-0.010,0.983,-0.169,-0.705,-0.198,25.303850,0.647426,0.380004,9.615567,0.246025,77.546350,0.916816,0.000000,29.467932,0.348394
test.ca-cb.ca::00632,test.ca-cb.ca::00632__row1127,Gt do I offer to share a snack  no,0.0,content_diversity,Sharing is caring though.,Try to think about how others feel for once.,I think you should be more selfless.,Stop hoarding your snacks.,Don't you think you're acting a little self-centered?,-0.010,0.981,-0.164,-0.693,-0.292,13.770600,0.583893,0.404673,5.572597,0.236286,29.344431,1.047762,0.000000,11.874913,0.424001
test.ca-cb.ca::00633,test.ca-cb.ca::00633__row1128,If people are interested I could just answer questions here,1.0,content_diversity,Questions about what exactly?,Hey I'm interested big boy how about you?,You could but the question is will you?,Why would you want to give your knowledge away for free?,What are you some kind of expert or something?,-0.008,0.985,0.007,-0.718,-0.293,31.205636,0.727057,0.413276,12.896546,0.300475,50.616203,1.259506,0.000000,20.918471,0.520524
test.ca-cb.ca::00633,test.ca-cb.ca::00633__row1129,If people are interested I could just answer questions here,0.0,content_diversity,So you think you are the only one who knows these things?,Who died and made you the designated question person?,You really feel  smarter than the rest of us don't you?,What makes you think  you are qualified to instuct anyone?,I don't believe you have any more knowledge than I do.,-0.046,0.928,-0.131,-0.757,-0.365,56.071713,1.002396,0.422184,23.672552,0.423195,50.932981,0.894545,0.000000,21.503064,0.377662
test.ca-cb.ca::00634,test.ca-cb.ca::00634__row1130,Fuckin ea  edit gold awesome you get one free puzzle piece,1.0,content_diversity,I want all the puzzle pieces!,Reddit gold is overrated.,What am I supposed to do with one puzzle piece though?,I think I would rather be given a coffee.,It's not awesome at all.,-0.017,0.971,-0.148,-0.645,-0.082,34.458677,0.791038,0.374404,12.901456,0.296167,47.891126,1.284506,0.000000,17.930614,0.480924
test.ca-cb.ca::00634,test.ca-cb.ca::00634__row1131,Fuckin ea  edit gold awesome you get one free puzzle piece,0.0,content_diversity,The puzzle pieces should all be mine.,Why stop at one when you can give me the whole puzzle?,Stop holding back and give me the rest of the pieces already.,One piece is nothing compared to the whole puzzle.,"You're being silly, you are definitely going to give me all the puzzle pieces.",-0.056,0.916,-0.224,-0.941,-0.523,36.607799,0.795027,0.451910,16.543440,0.359281,68.540791,0.782237,0.000000,30.974287,0.353501
test.ca-cb.ca::00635,test.ca-cb.ca::00635__row1132,Haha dumb blonde jokes never get old thanks,1.0,content_diversity,"wow, that is colorist",why did you thank me?,I never make such jokes,"well, there may be some smart blond jokes too","what about dumb brunette jokes, do they have those?",-0.003,0.994,-0.119,-0.675,-0.140,14.489131,0.837203,0.312026,4.520983,0.261229,31.743137,2.077243,0.000000,9.904678,0.648153
test.ca-cb.ca::00635,test.ca-cb.ca::00635__row1133,Haha dumb blonde jokes never get old thanks,0.0,content_diversity,"you thank me, why?",what is the point of thanking me?,thank me for what? I never make that joke,why would you say thank you to me?,"Why would you thank me, I never made that joke.",-0.065,0.894,-0.235,-0.929,-0.673,55.550922,1.611394,0.308229,17.122411,0.496679,22.854452,1.900038,0.000000,7.044407,0.585647
test.ca-cb.ca::00636,test.ca-cb.ca::00636__row1134,Don't worry you just need to give him some space,1.0,content_diversity,For how long?,What's the reason behind that?,Why should I do such a thing?,"Okay, I'll do that",That seems like a good reaction,-0.007,0.984,-0.155,-0.609,-0.278,13.614040,0.617852,0.353597,4.813887,0.218471,28.280945,1.384477,0.000000,10.000064,0.489547
test.ca-cb.ca::00636,test.ca-cb.ca::00636__row1135,Don't worry you just need to give him some space,0.0,content_diversity,Why should I do that?,Why on earth would I do that?,Why? That seems like an odd thing to do.,Why exactly should I respond that way?,Why do you think I should do that?,-0.099,0.889,-0.376,-0.904,-0.653,37.254855,1.093454,0.406652,15.149758,0.444655,47.573912,0.996885,0.000000,19.346022,0.405385
test.ca-cb.ca::00637,test.ca-cb.ca::00637__row1136,Now whos going to post this on digg,1.0,content_diversity,I will post it on digg,"Not me, I don't have time for that",I don't care enough to post it,what is digg though?,who would post it on digg?,-0.061,0.902,-0.202,-0.769,-0.297,23.835491,0.894830,0.399319,9.517959,0.357322,30.738813,1.438596,0.000000,12.274585,0.574458
test.ca-cb.ca::00637,test.ca-cb.ca::00637__row1137,Now whos going to post this on digg,0.0,content_diversity,"Nope, no time for that",I won't don't have time,"Not me, no time for that","I don't have time for that, nope",Won't be me have no time,-0.139,0.806,-0.300,-0.856,-0.750,46.214974,1.800193,0.309138,14.286800,0.556508,27.744792,1.050026,0.000000,8.576967,0.324603
test.ca-cb.ca::00638,test.ca-cb.ca::00638__row1138,What if you couldn't swim and you were afraid of heights,1.0,content_diversity,I guess I would avoid swimming pools in high places.,I wouldn't make high diving my chosen profession.,You couldn't count on me to jump off the cruise ship to save a drowning person.,"What if this, what if that, do any of you deal with reality?",Are you looking for advice for yourself or a loved one?,-0.009,0.972,-0.092,-0.584,-0.255,30.216696,0.384960,0.452354,13.668643,0.174138,50.131277,0.689064,0.000000,22.677083,0.311701
test.ca-cb.ca::00638,test.ca-cb.ca::00638__row1139,What if you couldn't swim and you were afraid of heights,0.0,content_diversity,Hypothetically you mean like if maybe I were like you?,Are you asking because you are?,Is there someone you know who has this problem?,Why would someone ask that question if they didn't feel that way?,It's obvious you are trying to see what others think of your fears.,-0.021,0.968,-0.075,-0.779,-0.405,6.967398,0.314564,0.424191,2.955506,0.133435,88.834713,1.273138,0.000000,37.682867,0.540053
test.ca-cb.ca::00639,test.ca-cb.ca::00639__row1140,Thing is I'm on a campus not in a neighborhood,1.0,content_diversity,What school do you go to?,Are you in a dorm or what?,Do you have people living in close quarters with you?,There's not really much of a difference,A campus is essentially a neighborhood if you think about it,-0.025,0.971,-0.071,-0.706,-0.271,19.904759,0.583325,0.497402,9.900676,0.290147,37.043007,0.612511,0.000000,18.425282,0.304665
test.ca-cb.ca::00639,test.ca-cb.ca::00639__row1141,Thing is I'm on a campus not in a neighborhood,0.0,content_diversity,A campus is basically a huge neighborhood.,A campus and a neighborhood are basically the same thing.,Campuses and neighborhoods are practically the same.,"Think about it, a campus and a neighborhood are very similar.",A campus is really just a large neighborhood of students.,-0.112,0.827,-0.489,-0.981,-0.613,27.389502,0.510528,0.551392,15.102360,0.281501,34.730327,0.551207,0.000000,19.150035,0.303931
test.ca-cb.ca::00640,test.ca-cb.ca::00640__row1142,Thought I stumbled into rcirclejerk there for a second,1.0,content_diversity,Stumble your way back out because it is,No the ciriclejerk was over by the time you got here.,We can turn it into that if you like.,Is that what you wanted to stumble into?,"Nah, just some mutual admiration nothing kinky.",-0.011,0.977,-0.004,-0.670,-0.255,9.007570,0.307388,0.366030,3.297040,0.112513,67.274094,0.956569,0.000000,24.624328,0.350133
test.ca-cb.ca::00640,test.ca-cb.ca::00640__row1143,Thought I stumbled into rcirclejerk there for a second,0.0,content_diversity,Did you want to find that?,Is that what you were hoping for?,"Why, did you want to see something like that?",Would you have liked to come upon that?,Was that what you came looking for?,-0.075,0.895,-0.473,-0.808,-0.683,52.228670,1.419971,0.373172,19.490295,0.529894,34.937727,0.595371,0.000000,13.037793,0.222176
test.ca-cb.ca::00641,test.ca-cb.ca::00641__row1144,Yeah you can hardly claim it makes no difference,1.0,content_diversity,It matters more than you think.,You just don't see my point.,You don't have a valid argument.,What are you talking about?,I agree with you.,-0.019,0.970,-0.124,-0.732,-0.317,23.629620,0.697481,0.410928,9.710074,0.286614,27.693823,0.801070,0.000000,11.380169,0.329182
test.ca-cb.ca::00641,test.ca-cb.ca::00641__row1145,Yeah you can hardly claim it makes no difference,0.0,content_diversity,You don't have valid responses to the situation.,You cannot seem to make your case.,You cannot get your point across if it's not based in logic.,There is no logical bit of truth in your response.,That is not a valid argument.,-0.030,0.948,-0.322,-0.800,-0.462,40.115658,0.704013,0.392426,15.742430,0.276273,60.089383,0.490959,0.000000,23.580641,0.192665
test.ca-cb.ca::00642,test.ca-cb.ca::00642__row1146,I only buy weed grown in manhattan or queens,1.0,content_diversity,I don's smoke weed,I could care less,I only smoke weed grown in atlantis,what is weed?,why are you so picky?,-0.025,0.954,-0.023,-0.699,-0.256,18.289332,0.823029,0.332465,6.080555,0.273628,27.057174,1.101032,0.000000,8.995551,0.366054
test.ca-cb.ca::00642,test.ca-cb.ca::00642__row1147,I only buy weed grown in manhattan or queens,0.0,content_diversity,I am not a smoker,I do not consume weeds,I do not like weeds,I don't care for weeds,weeds is not something I enjoy,-0.105,0.884,-0.484,-0.832,-0.588,23.240574,1.244766,0.344698,8.010974,0.429068,33.945596,0.801355,0.000000,11.700972,0.276225
test.ca-cb.ca::00643,test.ca-cb.ca::00643__row1148,You had youtube when you were in high school  man I'm old,1.0,content_diversity,You have me confused with someone else.,"I'm old, I have 4 grand kids how many do you have?","Age is just a number, don't stress man.","Youtube, youtube what are you talking about this youtube.",But I didn't go to high school.,-0.006,0.981,-0.010,-0.620,-0.117,30.189029,0.541348,0.449957,13.583765,0.243583,72.921210,1.014424,0.000000,32.811409,0.456447
test.ca-cb.ca::00643,test.ca-cb.ca::00643__row1149,You had youtube when you were in high school  man I'm old,0.0,content_diversity,I am not who you think I am.,You have someone else in mind.,"Hey, don't confuse me with those idiots you're always talking about.",Who do you think I am anyway?,Evidently you haven't got a clue who this is.,-0.042,0.918,-0.172,-0.744,-0.393,37.392408,0.921929,0.386123,14.438068,0.355978,70.638050,0.615490,0.000000,27.274975,0.237655
test.ca-cb.ca::00644,test.ca-cb.ca::00644__row1150,Having ten dollars after bills still means you're rich dude,1.0,content_diversity,That is a tight budget,no it does not,heck yeah,I would be happy,thats the spirit,0.000,1.000,-0.074,-0.591,-0.291,9.729726,1.049473,0.279107,2.715638,0.292916,29.664432,1.097568,0.000000,8.279560,0.306339
test.ca-cb.ca::00644,test.ca-cb.ca::00644__row1151,Having ten dollars after bills still means you're rich dude,0.0,content_diversity,I would say no,I do not agree,that does not count,no not right,no way,-0.043,0.741,-0.183,-0.672,-0.599,30.464466,2.104197,0.203309,6.193687,0.427801,21.792586,1.313290,0.000000,4.430620,0.267003
test.ca-cb.ca::00645,test.ca-cb.ca::00645__row1152,I see you're done is it dry yet,1.0,content_diversity,Yes its dry,Almost there,No its still tacky,I would prefer the wet,I do not know if it is or not yet,-0.008,0.975,-0.073,-0.658,-0.235,12.252448,1.260705,0.297417,3.644081,0.374954,48.484479,1.036431,0.000000,14.420089,0.308252
test.ca-cb.ca::00645,test.ca-cb.ca::00645__row1153,I see you're done is it dry yet,0.0,content_diversity,I confirm,I want to say yes,Super duper dry yes,Dry it is,I am sure it is,-0.039,0.933,-0.056,-0.652,-0.360,29.552027,2.237033,0.200628,5.928978,0.448813,20.341968,2.045629,0.000000,4.081178,0.410412
test.ca-cb.ca::00646,test.ca-cb.ca::00646__row1154,Oh my gosh I don't even know what to say to that,1.0,content_diversity,I would not either,You should say yay,I think you should say something,We have a duty to say something,I do,-0.044,0.926,-0.169,-0.669,-0.339,24.722997,0.503642,0.253813,6.275029,0.127831,46.498635,2.998121,0.000000,11.801978,0.760963
test.ca-cb.ca::00646,test.ca-cb.ca::00646__row1155,Oh my gosh I don't even know what to say to that,0.0,content_diversity,I would say yay,I want you to say yay,Saying yay would be best,The correct repsonse is yay,I am sure you could say yay,-0.081,0.908,-0.224,-0.956,-0.721,51.738030,2.262412,0.230599,11.930731,0.521710,41.914275,1.154370,0.000000,9.665384,0.266196
test.ca-cb.ca::00647,test.ca-cb.ca::00647__row1156,Thats fair and id be fine with it,1.0,content_diversity,I don't think it's fair.,Can you explain your though process on this?,I'm happy your okay with this.,I'm mad you would even consider this.,I wouldn't be fine with this.,-0.029,0.949,-0.239,-0.719,-0.309,34.720026,1.012883,0.347114,12.051803,0.351586,44.452756,0.639265,0.000000,15.430168,0.221898
test.ca-cb.ca::00647,test.ca-cb.ca::00647__row1157,Thats fair and id be fine with it,0.0,content_diversity,No way would I be fine with this.,"No, I'd find it unacceptable.",Don't be fine with this. I wouldn't be.,I disagree because this is not okay with me.,"If I were you, I would not be fine with this.",-0.113,0.843,-0.349,-0.880,-0.631,34.439333,0.955357,0.398118,13.710931,0.380345,36.335850,0.974849,0.000000,14.465969,0.388105
test.ca-cb.ca::00648,test.ca-cb.ca::00648__row1158,I do but need to figure out travel plan,1.0,content_diversity,I don't think it's wise to be traveling right now.,You can use this app I know that makes travel planning easier.,I never get to travel but I wish I did.,What city do you plan to go to?,Get that plan finished already!,-0.024,0.960,-0.130,-0.761,-0.185,21.436509,0.403701,0.393387,8.432838,0.158811,48.496425,1.462858,0.000000,19.077850,0.575469
test.ca-cb.ca::00648,test.ca-cb.ca::00648__row1159,I do but need to figure out travel plan,0.0,content_diversity,It's dangerous to be out of the country currently.,Officials do not advise traveling to other places in this climate.,The weather is making it difficult to go to other places.,"With the way the world is today, it's just not the best decision to go overseas.",Staying inside at this time is smarter than going out.,-0.040,0.932,-0.354,-0.725,-0.500,31.661925,0.439593,0.435075,13.775310,0.191256,52.449954,0.479641,0.000000,22.819660,0.208680
test.ca-cb.ca::00649,test.ca-cb.ca::00649__row1160,I believe I am superior to 99 of people on this planet,1.0,content_diversity,You wish you were.,I don't think so.,Maybe 1 person.,Do you live in an alternate reality?,I agree with you maybe 99 people.,-0.014,0.976,-0.094,-0.652,-0.230,9.016423,0.836055,0.296341,2.671936,0.247757,41.513410,1.209639,0.000000,12.302125,0.358466
test.ca-cb.ca::00649,test.ca-cb.ca::00649__row1161,I believe I am superior to 99 of people on this planet,0.0,content_diversity,You wish in your dreams.,"I wish, you wish, we all wish.","You think that, keep wishing.","I don't think so, keep wishing.",You just keep wishing and it might happen.,-0.051,0.920,-0.222,-0.968,-0.673,30.198564,1.164079,0.304963,9.209449,0.355001,32.571054,0.440572,0.000000,9.932971,0.134358
test.ca-cb.ca::00650,test.ca-cb.ca::00650__row1162,Not gonna lie I came in here hoping for a verification picture,1.0,content_diversity,did you get one?,what is that?,how do you get a verification picture?,you want a what?,for what?,-0.032,0.937,-0.254,-0.703,-0.583,16.452704,0.433487,0.258853,4.258825,0.112209,28.421858,2.171583,0.000000,7.357072,0.562120
test.ca-cb.ca::00650,test.ca-cb.ca::00650__row1163,Not gonna lie I came in here hoping for a verification picture,0.0,content_diversity,you may or may not get one,"well, did you?",let me know if you did,I want to know if you get one,and were you able to acquire a verification picture?,-0.047,0.909,-0.039,-0.747,-0.410,14.689983,1.152610,0.327983,4.818070,0.378037,39.458766,1.624375,0.000000,12.941819,0.532768
test.ca-cb.ca::00651,test.ca-cb.ca::00651__row1164,Fell off one ball but landed on two,1.0,content_diversity,That would hurt,Is that for real,I guess that is better than one,What color were they,How did you feel,-0.004,0.991,-0.006,-0.584,-0.358,29.538408,1.315882,0.331215,9.783566,0.435840,26.937695,0.796829,0.000000,8.922170,0.263922
test.ca-cb.ca::00651,test.ca-cb.ca::00651__row1165,Fell off one ball but landed on two,0.0,content_diversity,What did it feel like,How are you feeling,How were your feels,How are you now,what was the feeling,-0.053,0.909,-0.454,-0.783,-0.681,29.595936,1.674917,0.297334,8.799872,0.498009,24.945735,1.329042,0.000000,7.417210,0.395169
test.ca-cb.ca::00652,test.ca-cb.ca::00652__row1166,Were here we have beer get used to it,1.0,content_diversity,what do you mean?,i will never get used to this.,you don't get to tell me what to do,you get used to it,"I like beer very much, give me some.",-0.057,0.910,-0.058,-0.665,-0.161,3.474936,0.261726,0.439138,1.525976,0.114934,65.765159,1.074087,0.000000,28.879975,0.471672
test.ca-cb.ca::00652,test.ca-cb.ca::00652__row1167,Were here we have beer get used to it,0.0,content_diversity,I also likes beer,share some beer with me,I want beer too,"can you give me a beer, thanks","I want a beer, give it to me",-0.054,0.911,-0.267,-0.950,-0.703,28.499865,1.425990,0.331690,9.453113,0.472986,17.871549,1.393203,0.000000,5.927810,0.462111
test.ca-cb.ca::00653,test.ca-cb.ca::00653__row1168,Call the cops anyway just to make sure,1.0,content_diversity,Calling the cops for something like this is overkill.,"Yes, the police should really be involved in this sort of situation.",No one needs the government butting in to their affairs.,What are the cops going to do though?,You should call 911.,-0.026,0.958,-0.245,-0.742,-0.366,37.811997,0.543827,0.444550,16.809308,0.241758,54.073733,1.014809,0.000000,24.038456,0.451133
test.ca-cb.ca::00653,test.ca-cb.ca::00653__row1169,Call the cops anyway just to make sure,0.0,content_diversity,Do you really want to waste the time of a couple of cops?,This problem is really not important enough to call the authorities over.,They shouldn't call the cops!,Police would not help much in this situation.,I think it's fine if they don't call them.,-0.022,0.961,-0.267,-0.766,-0.462,16.715556,0.497962,0.455891,7.620474,0.227017,44.363603,0.540242,0.000000,20.224973,0.246292
test.ca-cb.ca::00654,test.ca-cb.ca::00654__row1170,But the jackets are on a 8 game point streak now,1.0,content_diversity,"well, streaks are meant to end",and the nudes are losing?,who are the jackets?,"so if I wear a jacket, I win?",no idea what you are talking about?,-0.027,0.967,-0.119,-0.696,-0.215,17.352472,0.920705,0.317507,5.509536,0.292331,41.498472,1.674847,0.000000,13.176067,0.531776
test.ca-cb.ca::00654,test.ca-cb.ca::00654__row1171,But the jackets are on a 8 game point streak now,0.0,content_diversity,streak will end,things comes to an end,there is an ending for things,there is a stop to thing,there is a start and a finish,-0.059,0.887,-0.252,-0.768,-0.518,26.272910,1.070500,0.305281,8.020631,0.326804,20.240924,1.352157,0.000000,6.179178,0.412788
test.ca-cb.ca::00655,test.ca-cb.ca::00655__row1172,I don't ever say this but damn that kid is adorable,1.0,content_diversity,she is cute,you don't say,you are banned from talking for the next half an hour,"what, are you blind",you should be more concerned with other matters.,-0.025,0.972,-0.008,-0.601,-0.136,19.781243,0.947104,0.308115,6.094889,0.291817,68.405533,1.471346,0.000000,21.076739,0.453343
test.ca-cb.ca::00655,test.ca-cb.ca::00655__row1173,I don't ever say this but damn that kid is adorable,0.0,content_diversity,she is adorable,pretty cute I say,they are cute when they are young,"I agree, she is lovely",she is pretty cute,-0.079,0.869,-0.332,-0.856,-0.751,29.049774,1.297946,0.336879,9.786268,0.437251,46.746882,2.118186,0.000000,15.748057,0.713573
test.ca-cb.ca::00656,test.ca-cb.ca::00656__row1174,This mentality is why I don't try at anything,1.0,content_diversity,you should try,don't blame it,talking like this will not help,you have to get rid of this kind of thinking,there is doing and not doing,-0.009,0.964,-0.090,-0.677,-0.302,26.469231,1.093649,0.322487,8.535986,0.352688,44.793191,1.378169,0.000000,14.445228,0.444442
test.ca-cb.ca::00656,test.ca-cb.ca::00656__row1175,This mentality is why I don't try at anything,0.0,content_diversity,you should give it a shot,you should at least try,you should put in effort,you can try,you can put in effort and do your best,-0.099,0.867,-0.352,-0.834,-0.655,27.434785,1.589732,0.350564,9.617654,0.557303,45.418292,0.809547,0.000000,15.922029,0.283798
test.ca-cb.ca::00657,test.ca-cb.ca::00657__row1176,No shipping and payment outside us oh come on ಠಠ,1.0,content_diversity,And where are you ordering from?,Yeah because it would be too complicated,There are companies offering that services,Just ship it to USA and have someone send it to you,Are you ordering from Europe,-0.023,0.948,-0.115,-0.636,-0.242,30.354302,0.640485,0.451946,13.718513,0.289465,37.169390,0.295749,0.000000,16.798566,0.133663
test.ca-cb.ca::00657,test.ca-cb.ca::00657__row1177,No shipping and payment outside us oh come on ಠಠ,0.0,content_diversity,Ship it here and let someone send it to you,Just order to USA address and have them ship it to you,Order here and get your relatives to send it,Choose USA address and then ship it from USA,Why don't you ship it here and have someone send you the package,-0.114,0.838,-0.323,-0.902,-0.583,61.006336,1.367404,0.410113,25.019519,0.560791,35.183410,0.826911,0.000000,14.429190,0.339127
test.ca-cb.ca::00658,test.ca-cb.ca::00658__row1178,Dude I totally banged that girl last night   no you did't,1.0,content_diversity,Was she good?,I don't believe you.,Well her standards must be low then.,Could you not be disgusting for one minute please?,I'm so jealous!,-0.006,0.985,-0.099,-0.567,-0.307,36.977560,0.974089,0.319066,11.798266,0.310798,72.035808,1.109528,0.000000,22.984144,0.354012
test.ca-cb.ca::00658,test.ca-cb.ca::00658__row1179,Dude I totally banged that girl last night   no you did't,0.0,content_diversity,Prove it dude.,Show me the evidence.,I'll believe that when I hear it from her.,That doesn't sound true.,That doesn't sound very believable.,-0.037,0.935,-0.266,-0.716,-0.281,32.068949,1.295264,0.317536,10.183049,0.411293,19.435742,1.481737,0.000000,6.171550,0.470505
test.ca-cb.ca::00659,test.ca-cb.ca::00659__row1180,I met her a few weeks ago nice kid,1.0,content_diversity,"Kid, she's an adult.",I met her too.,I don't think she's nice.,I think the kid is nice.,I don't like her at all.,-0.047,0.926,-0.436,-0.745,-0.251,7.505378,0.376866,0.285525,2.142972,0.107605,51.254160,2.981582,0.000000,14.634337,0.851316
test.ca-cb.ca::00659,test.ca-cb.ca::00659__row1181,I met her a few weeks ago nice kid,0.0,content_diversity,"She's over 18, that makes her an adult.",The kid is an adult.,"She's an adult, not a kid.","Better check the meaning of kid, she's an adult.",Since when is 21 a kid? That's an adult.,-0.075,0.922,-0.418,-0.922,-0.602,16.446876,0.594967,0.329066,5.412111,0.195783,67.356773,1.200946,0.000000,22.164839,0.395191
test.ca-cb.ca::00660,test.ca-cb.ca::00660__row1182,This attitude is why they get away with it,1.0,content_diversity,I agree,What attitude would you prefer,That is the best attitude,I would do the same,As they should get away,-0.018,0.964,-0.042,-0.649,-0.339,21.385592,1.118349,0.316792,6.774776,0.354284,29.651686,0.984768,0.000000,9.393405,0.311966
test.ca-cb.ca::00660,test.ca-cb.ca::00660__row1183,This attitude is why they get away with it,0.0,content_diversity,That is the attitude to have,Yes a good attitude,I want the sme attitude,I would concur,yes to that,-0.026,0.952,-0.035,-0.783,-0.487,35.165628,1.549067,0.219718,7.726506,0.340357,34.872468,2.227530,0.000000,7.662094,0.489427
test.ca-cb.ca::00661,test.ca-cb.ca::00661__row1184,Wha seriously  I did't even know that was an option,1.0,content_diversity,"How could you not know it was in giant font, bold type and capital letters?",I think you are just making up excuses.,Seriously? I thought I was the only one.,You have to read the fine print whenever you are agreeing to anything.,"That's on purpose, they don't want you to know all your options.",-0.026,0.957,-0.121,-0.629,-0.273,12.504836,0.400542,0.470059,5.878007,0.188278,98.905926,0.871805,0.000000,46.491592,0.409800
test.ca-cb.ca::00661,test.ca-cb.ca::00661__row1185,Wha seriously  I did't even know that was an option,0.0,content_diversity,"It was obvious, it was the first thing listed.","How could you have possibly missed it, it was in 34 font size.",Seriously? You must be blind or an idiot or both.,There is no way anyone didn't see that option.,You must not be able to read if it didn't jump out at you.,-0.020,0.956,-0.080,-0.666,-0.296,48.386528,0.975360,0.411915,19.931124,0.401765,50.059290,0.606543,0.000000,20.620159,0.249844
test.ca-cb.ca::00662,test.ca-cb.ca::00662__row1186,In all fairness you do suck and they do hate you,1.0,content_diversity,Well I hate them too,You suck and I hate you,Yeah I do suck bummer,Haters are always going to hate,I'm the best and they suck,-0.040,0.941,-0.169,-0.787,-0.617,23.975047,1.079369,0.360874,8.651967,0.389516,30.178609,1.525531,0.000000,10.890671,0.550524
test.ca-cb.ca::00662,test.ca-cb.ca::00662__row1187,In all fairness you do suck and they do hate you,0.0,content_diversity,"You're the one that sucks, hate you","Hate you, and you suck","you suck, hate you",I hate you because you suck,"I hate you, you're the one that sucks",-0.105,0.849,-0.469,-0.981,-0.942,41.625767,1.667821,0.365297,15.205753,0.609250,7.863008,0.808085,0.000000,2.872331,0.295191
test.ca-cb.ca::00663,test.ca-cb.ca::00663__row1188,What happened to the midwest and central states,1.0,content_diversity,What do you mean by that?,They were annihilated by a meteorite.,Those states are just not important in the long run.,The government gave them some financial assistance for the tornado damage.,The election turnout was high and they supported the republican front runner.,-0.011,0.982,-0.149,-0.537,-0.051,10.637025,0.396407,0.450872,4.795935,0.178729,86.588586,0.345162,0.000000,39.040356,0.155624
test.ca-cb.ca::00663,test.ca-cb.ca::00663__row1189,What happened to the midwest and central states,0.0,content_diversity,The widespread destruction after the tornado made them eligible for government help.,The feds gave them some money for twister damages.,After the mega tornado they got some emergency funds from the national bureaucrats.,They got a bailout from the feds for the twister destruction.,Disaster relief funding from Washington was given to them after the tornado.,-0.059,0.914,-0.446,-0.830,-0.552,77.846373,1.170256,0.404253,31.469635,0.473080,55.847322,0.412416,0.000000,22.576451,0.166720
test.ca-cb.ca::00664,test.ca-cb.ca::00664__row1190,I'm guessing dot variety  source I'm dot variety too,1.0,content_diversity,I have no idea what you mean,"hmm, what is that?",I am not,you sounds a bit retarded on this I must say,have you gone senile or zombie craze?,-0.025,0.961,0.075,-0.666,-0.322,-0.682567,0.732568,0.286929,-0.195848,0.210195,115.818524,2.399166,0.000000,33.231707,0.688391
test.ca-cb.ca::00664,test.ca-cb.ca::00664__row1191,I'm guessing dot variety  source I'm dot variety too,0.0,content_diversity,what do you mean?,what are you talking about?,you makes no sense,I do not understand what you said,I could not understand what you said,-0.118,0.778,-0.173,-0.760,-0.604,28.501386,1.282207,0.432797,12.335308,0.554935,20.605521,1.321428,0.000000,8.918003,0.571910
test.ca-cb.ca::00665,test.ca-cb.ca::00665__row1192,I am actually getting up to go have pizza,1.0,content_diversity,I want some pizza too,you don't have to tell me that,what kind of pizza?,give me a slice,"we are out of pizza in the fridge, are you ordering some?",-0.011,0.969,-0.021,-0.750,-0.270,-1.429396,0.906683,0.341328,-0.487893,0.309476,97.143295,0.828456,0.000000,33.157748,0.282775
test.ca-cb.ca::00665,test.ca-cb.ca::00665__row1193,I am actually getting up to go have pizza,0.0,content_diversity,I want pizza,I love some pizza,I would like to have some pizza too,can you get me some pizza,get me some pizza too,-0.151,0.795,-0.375,-0.967,-0.791,29.555688,1.236949,0.352997,10.433056,0.436639,13.427666,1.098296,0.000000,4.739920,0.387695
test.ca-cb.ca::00666,test.ca-cb.ca::00666__row1194,Meh his beats make my head hurt not really musical to me,1.0,content_diversity,What would you consider musical,Why do you think so,I think you are wrong,Then don't listen to it,"Well, that's just your opinion",-0.016,0.976,-0.000,-0.714,-0.245,26.316920,1.225445,0.398158,10.478301,0.487921,12.113951,0.570210,0.000000,4.823270,0.227034
test.ca-cb.ca::00666,test.ca-cb.ca::00666__row1195,Meh his beats make my head hurt not really musical to me,0.0,content_diversity,Then stop listening to it,Why do you even listen to it?,You should stop listening,Just don't listen it then,I think you should stop listening to it,-0.099,0.837,-0.401,-0.936,-0.692,39.705569,1.524610,0.405708,16.108871,0.618547,25.741671,1.158731,0.000000,10.443605,0.470107
test.ca-cb.ca::00667,test.ca-cb.ca::00667__row1196,It makes you wonder who profits from these kind of rumors,1.0,content_diversity,the ones who spreads and the ones who gains,there are those who know how to make use of the situation,"nobody, it is a waste of time",I think nobody,I profit from the publicity at least,-0.019,0.939,-0.128,-0.695,-0.206,9.043949,0.599004,0.383884,3.471823,0.229948,56.753403,0.976508,0.000000,21.786697,0.374865
test.ca-cb.ca::00667,test.ca-cb.ca::00667__row1197,It makes you wonder who profits from these kind of rumors,0.0,content_diversity,no one,every body lose,it waste every body's time,nobody profits,not a single person that I know of,-0.005,0.990,-0.035,-0.642,-0.559,23.879098,1.874385,0.238136,5.686478,0.446359,53.545520,0.926288,0.000000,12.751127,0.220583
test.ca-cb.ca::00668,test.ca-cb.ca::00668__row1198,Why do you say that is it not real or something,1.0,content_diversity,of course it is real,it is a fake,I say what exactly?,why would you think that?,I never said it was not real,-0.029,0.950,-0.032,-0.744,-0.330,20.609013,1.195546,0.399674,8.236896,0.477829,29.599854,2.305067,0.000000,11.830305,0.921276
test.ca-cb.ca::00668,test.ca-cb.ca::00668__row1199,Why do you say that is it not real or something,0.0,content_diversity,it is indeed real,it is the real thing,the thing is in fact authentic,that thing is real,the real deal it is,-0.132,0.850,-0.471,-0.871,-0.802,33.379145,1.427658,0.387389,12.930712,0.553059,28.100083,1.000642,0.000000,10.885662,0.387638
test.ca-cb.ca::00669,test.ca-cb.ca::00669__row1200,I'm down to my last one today after that no more,1.0,content_diversity,I should go out to the store,Coronovirus has worn out my supply,Maybe i should conserve,May i borrow some,I am worried about leaving the house,-0.018,0.964,-0.181,-0.671,-0.208,34.289280,1.610240,0.317112,10.873544,0.510627,57.957849,1.745262,0.000000,18.379132,0.553444
test.ca-cb.ca::00669,test.ca-cb.ca::00669__row1201,I'm down to my last one today after that no more,0.0,content_diversity,I get worried about getting infected if I leave,I am self quarantined,What about the diseases out there,Would leaving even be worth it,Can I make it another day?,-0.021,0.968,-0.145,-0.653,-0.185,34.692400,1.112818,0.324278,11.249981,0.360862,24.727400,0.980845,0.000000,8.018551,0.318066
test.context.txt::01790,test.context.txt::01790__row1202,The only person I want to punch is myself,1.0,content_diversity,I want to see that.,"Don't hurt yourself, it's not worth it.",Just tell me why?,That's real dumb.,Let me grab my popcorn.,-0.004,0.992,-0.142,-0.637,-0.114,10.567725,0.684046,0.270588,2.859502,0.185095,17.545231,1.622892,0.000000,4.747534,0.439135
test.context.txt::01790,test.context.txt::01790__row1203,The only person I want to punch is myself,0.0,content_diversity,Why would you want to do that?,Can you explain why?,Please explain to us why first.,I don't understand. Why?,You have to tell me why before you do it.,-0.026,0.955,-0.208,-0.890,-0.574,21.011078,0.937704,0.385853,8.107192,0.361816,57.625379,1.272529,0.000000,22.234936,0.491009
test.context.txt::01791,test.context.txt::01791__row1204,After all these years I'm convinced that this is indeed the case,1.0,content_diversity,I agree this is the case.,I disagree with you.,What makes you so sure?,How many years did it take you to figure it out?,How did you come to this conclusion?,-0.032,0.945,-0.269,-0.709,-0.250,16.173450,0.649181,0.464975,7.520255,0.301853,37.035563,1.304839,0.000000,17.220622,0.606718
test.context.txt::01791,test.context.txt::01791__row1205,After all these years I'm convinced that this is indeed the case,0.0,content_diversity,What is your evidence?,And you are sure how?,You sound so sure. Why?,How can you be so sure?,I suppose you have evidence that you are so sure of.,-0.039,0.933,-0.265,-0.855,-0.616,12.750967,0.934933,0.313583,3.998487,0.293179,65.167129,1.323324,0.000000,20.435309,0.414972
test.context.txt::01792,test.context.txt::01792__row1206,I am guilty of singing the alphabet song to figure that out,1.0,content_diversity,"Ha ha, I do that all the time.",Did you know the alphabet song is sung to the tune of Twinkle Twinkle little star?,That's funny because I have to do that sometimes.,lol I think we all do that now and then.,I haven't done that for awhile but now I probably will.,-0.053,0.936,-0.142,-0.778,-0.281,23.800176,0.576590,0.482572,11.485293,0.278246,38.321885,0.652990,0.000000,18.493061,0.315114
test.context.txt::01792,test.context.txt::01792__row1207,I am guilty of singing the alphabet song to figure that out,0.0,content_diversity,"Now that you brought it up, I'll have to do it, too.",I used to do that then I forced myself not to.,I did that at work and got caught so I don't do it anymore.,Thanks so funny...I used to do it too,I haven't done that since I stopped filing.,-0.070,0.907,-0.300,-0.839,-0.341,31.587137,0.615343,0.392414,12.395245,0.241469,27.342736,1.077074,0.000000,10.729681,0.422659
test.context.txt::01793,test.context.txt::01793__row1208,No they don't even get the difference between funny and not funny,1.0,content_diversity,"Tell me about it, they are clueless.",Neither do I to be honest.,Several people I know are just like that.,Maybe there isn't a difference?,Do you really care that much anyway?,-0.008,0.982,-0.056,-0.630,-0.305,15.054561,0.427632,0.413589,6.226405,0.176864,22.828830,0.264004,0.000000,9.441760,0.109189
test.context.txt::01793,test.context.txt::01793__row1209,No they don't even get the difference between funny and not funny,0.0,content_diversity,Does it bug you that much anyway?,I don't know why you care at all.,Is it bothering you that much?,You seem to care about this a lot?,Do you really give that much of a damn?,-0.042,0.941,-0.313,-0.756,-0.578,29.350990,0.942488,0.354679,10.410181,0.334281,24.658623,0.828384,0.000000,8.745897,0.293811
test.context.txt::01794,test.context.txt::01794__row1210,What about hand guns and the ability to carry them,1.0,content_diversity,It depends on which side you're looking in from.,I just wish all guns would disappear.,I'm tired of this fighting over some idiot's right to carry a bazooka.,Hand guns are not necessary when you go to the grocery store with kids.,Look at every other country and they're fine without hand guns.,-0.007,0.989,-0.125,-0.684,-0.143,30.049845,0.481613,0.433895,13.038473,0.208969,55.870495,0.567751,0.000000,24.241921,0.246344
test.context.txt::01794,test.context.txt::01794__row1211,What about hand guns and the ability to carry them,0.0,content_diversity,"I don't want to see one more redneck, fat, bearded, bald piece of crap moaning for his rights....","I'm an so done hearing about their rights, I could puke.",Have you seen the type of people rallying for guns?,"I don't think these people should look at a gun, let alone owning one.",It's scary to see what our nation has produced in gun nuts.,-0.017,0.966,-0.137,-0.732,-0.307,30.035931,0.550342,0.359110,10.786218,0.197634,127.375934,1.052932,0.000000,45.742034,0.378119
test.context.txt::01795,test.context.txt::01795__row1212,Ya no one stopped going to work from cigarette addiction,1.0,content_diversity,That is true.,Those who died of lung cancer stopped going to work.,It doesnt just affect them though does it?,I am glad I stopped smoking.,Can you even smoke at work anymore?,-0.005,0.982,-0.170,-0.631,-0.175,20.958003,0.573610,0.370656,7.768217,0.212612,51.414906,1.032039,0.000000,19.057261,0.382532
test.context.txt::01795,test.context.txt::01795__row1213,Ya no one stopped going to work from cigarette addiction,0.0,content_diversity,"Trouble is, others have to breathe it in as well.",Then we all end up stinking of smoke.,It hurts all those around them as well.,It's very inconsiderate to the people around them.,People shouldn't have to smell it.,-0.033,0.938,-0.228,-0.735,-0.444,30.854680,0.703265,0.363885,11.227564,0.255908,42.462470,0.944840,0.000000,15.451469,0.343813
test.context.txt::01796,test.context.txt::01796__row1214,Isn't there a separate subreddit for this stuff,1.0,content_diversity,If there's not there should be!,That would be a good idea.,Yes we should work on that.,"This is getting very confusing, a subreddit would be very useful.",I don't think there is which make this very hard to sift through.,-0.020,0.956,-0.124,-0.728,-0.350,20.936379,0.870992,0.372834,7.805791,0.324735,79.627926,0.797865,0.000000,29.687988,0.297471
test.context.txt::01796,test.context.txt::01796__row1215,Isn't there a separate subreddit for this stuff,0.0,content_diversity,I'm new to reddit so I don't know whose responsible to make something like that.,They need a suggestion box for these ideas.,If someone was to make a subreddit for this they would be a hero!,Is that something that the administrator would do?,"Maybe if enough people suggest it, it would miraculously appear.",-0.020,0.956,-0.185,-0.712,-0.211,29.466625,0.593647,0.421296,12.414182,0.250101,48.440852,0.453211,0.000000,20.407955,0.190936
test.context.txt::01797,test.context.txt::01797__row1216,I'm 22 and I've never seen these pictures before,1.0,content_diversity,where do you live??,i'm 15 and i've seen them,how could you not see it,me too,what pictures?,-0.004,0.990,-0.030,-0.609,-0.229,25.611568,1.875439,0.237027,6.070628,0.444529,30.076060,1.492424,0.000000,7.128833,0.353745
test.context.txt::01797,test.context.txt::01797__row1217,I'm 22 and I've never seen these pictures before,0.0,content_diversity,same for me,"yes, i agree",i'm in the same situation,exactly the same,also it is the case for me,-0.051,0.918,-0.181,-0.694,-0.699,30.157538,2.012255,0.229913,6.933624,0.462645,41.879088,1.882889,0.000000,9.628566,0.432902
test.context.txt::01798,test.context.txt::01798__row1218,Theres your upvote ya happy now haha cheers,1.0,content_diversity,I'm so happy.,If you're happy.,I didn't want the upvote.,Cheers to you.,You are being sarcastic.,-0.007,0.989,-0.312,-0.625,-0.278,21.849480,1.325748,0.282487,6.172205,0.374507,20.377514,0.896503,0.000000,5.756393,0.253251
test.context.txt::01798,test.context.txt::01798__row1219,Theres your upvote ya happy now haha cheers,0.0,content_diversity,"Yep, I'm happy.",Excited and very happy.,I'm over the moon with happiness.,Of course I'm happy.,"I love the upvote, I'm very happy.",-0.074,0.912,-0.428,-0.970,-0.709,29.750132,1.273691,0.316651,9.420406,0.403315,37.353402,1.363887,0.000000,11.827988,0.431876
test.context.txt::01799,test.context.txt::01799__row1220,We missed you last night james had to fill in,1.0,content_diversity,"Oh right, how did he get on?","I am really sorry, something unexpected came up.",I thought you didn't like him?,Did anybody notice?,"I hope he was runnish, he might steal my spot!",-0.012,0.976,-0.053,-0.661,-0.257,-10.109821,0.143948,0.332211,-3.358597,0.047821,136.001707,2.245626,0.000000,45.181308,0.746022
test.context.txt::01799,test.context.txt::01799__row1221,We missed you last night james had to fill in,0.0,content_diversity,"Apologies, i had an emergency.","So sorry, it was unavoidable.",I felt awful but I had to deal with something.,"I am sorry, I had something personal to attend to.","Sorry man, everything blew up and I had to sort it out.",-0.050,0.916,-0.349,-0.833,-0.543,25.583923,0.748804,0.399428,10.218947,0.299094,55.229941,0.544437,0.000000,22.060410,0.217464
test.context.txt::01800,test.context.txt::01800__row1222,Was she drunk when she filled that out,1.0,content_diversity,It certainly looks like it doesnt it?,"No, she always writes that way.",That's a bit unkind.,"Hey, I've seen your handwriting remember!",This was her third attemp as well.,0.000,1.000,-0.085,-0.555,-0.257,5.530093,0.394461,0.315002,1.741990,0.124256,58.177090,1.567311,0.000000,18.325894,0.493706
test.context.txt::01800,test.context.txt::01800__row1223,Was she drunk when she filled that out,0.0,content_diversity,"That's just how she writes,",Her handwriting has always been terrible.,She hates her writing but can't improve it.,It always turns out that bad.,That's her trying her best as well.,-0.011,0.975,-0.190,-0.759,-0.388,26.870401,0.793350,0.335695,9.020254,0.266323,65.037302,1.771365,0.000000,21.832684,0.594638
test.context.txt::01801,test.context.txt::01801__row1224,No those episodes were from a different timeline duh,1.0,content_diversity,"No, they weren't. All the episodes were from the Paris episodes.",You're wrong about that.,Name one thing that's from a different time line.,"It doesn't matter if it was from another timeline, it's still a fact.",The timeline doesn't change anything so it doesn't matter.,-0.016,0.956,-0.206,-0.676,-0.273,15.669903,0.459318,0.485415,7.606401,0.222960,67.459003,0.719939,0.000000,32.745592,0.349469
test.context.txt::01801,test.context.txt::01801__row1225,No those episodes were from a different timeline duh,0.0,content_diversity,You're thinking about it the wrong way.,"It is the same, go back and look at them.","Sorry, but you're not right - it's the same timeline.",Go back an look at the episode list and you'll see you're wrong.,"I don't think so, rethink that.",-0.025,0.956,-0.176,-0.780,-0.368,32.326868,0.480676,0.430881,13.929021,0.207114,42.295771,0.913823,0.000000,18.224427,0.393749
test.context.txt::01802,test.context.txt::01802__row1226,Thank you so much  I will re tip this,1.0,content_diversity,"You're welcome, I have a lot more to come.","Thank you, I appreciate it.",I put up more a few months back.,"Go back through the threads, there are tons of them.","Thank you, I love helping others.",-0.047,0.939,-0.201,-0.689,-0.351,43.716786,1.208765,0.374992,16.393424,0.453277,69.451225,1.460853,0.000000,26.043620,0.547808
test.context.txt::01802,test.context.txt::01802__row1227,Thank you so much  I will re tip this,0.0,content_diversity,I'm only putting them out little by little so check back.,I post about 10 a month so people don't get bored with them.,It helps when people re-tip...thanks.,I will be putting some up this weekend.,There's plenty more so don't forget to check.,-0.017,0.960,-0.195,-0.748,-0.319,51.623797,1.215551,0.334414,17.263733,0.406498,57.339399,0.938521,0.000000,19.175112,0.313855
test.context.txt::01803,test.context.txt::01803__row1228,Yep wow did't expect anyone from there to see this,1.0,content_diversity,"Wow, you're lucky they saw it.",Are you embarrassed?,Where are they from?,"Well, they saw it.",Did you lose your job over it?,-0.043,0.923,-0.299,-0.683,-0.190,22.991987,1.372584,0.291448,6.700979,0.400038,33.005132,0.616404,0.000000,9.619295,0.179650
test.context.txt::01803,test.context.txt::01803__row1229,Yep wow did't expect anyone from there to see this,0.0,content_diversity,You are so lucky they could see it.,That's great they saw it.,"Wow, lucky, they saw it and offered you a job.","You are so lucky, wow, they saw it.",I am happy for you that they saw it.,-0.147,0.848,-0.451,-0.921,-0.719,63.543893,1.750552,0.319957,20.331340,0.560102,45.132566,0.684209,0.000000,14.440499,0.218918
test.context.txt::01804,test.context.txt::01804__row1230,I haven't told mine either I don't know why though,1.0,content_diversity,Perhaps in the back of your mind you're scared to?,It's probably better they don't know.,If it was all there it would be different.,Sarah told me she is the same.,By friday it will all be over.,-0.012,0.974,-0.113,-0.637,-0.239,3.569674,-0.006504,0.411756,1.469836,-0.002678,44.692961,1.388110,0.000000,18.402608,0.571563
test.context.txt::01804,test.context.txt::01804__row1231,I haven't told mine either I don't know why though,0.0,content_diversity,Maybe you are more frightened than you think?,That's because you are actually afraid to.,Probably fear driven and you aren't really aware of it.,Possibly part of you is afraid to?,Your subconcious is probably scared of doing it.,-0.042,0.944,-0.240,-0.954,-0.756,36.813424,0.825558,0.400520,14.744522,0.330653,39.523469,0.659779,0.000000,15.829950,0.264255
test.context.txt::01805,test.context.txt::01805__row1232,Is there anywhere I can buy a knock it around tshirt,1.0,content_diversity,Have you tried the market?,What you want one of those for?,They way too expensive.,Are people still wwearing those?,They don't do XXXXXL!!,-0.008,0.984,-0.094,-0.680,-0.162,7.046068,0.020931,0.244203,1.720672,0.005111,59.067070,3.149957,0.000000,14.424365,0.769229
test.context.txt::01805,test.context.txt::01805__row1233,Is there anywhere I can buy a knock it around tshirt,0.0,content_diversity,They cost far too much.,Do you realise how much they cost?,I would think they are out of your price range.,"Whoah, they are very pricey!",You splashing the cash?,-0.018,0.967,-0.173,-0.750,-0.417,37.116552,0.963100,0.289489,10.744838,0.278807,32.570997,1.658501,0.000000,9.428950,0.480118
test.context.txt::01806,test.context.txt::01806__row1234,Id dry box it for 3  5 days before smoking,1.0,content_diversity,"Okay, I'll do that.",This sure takes a long time to get to smoke,Thanks for the advice!,I'll be sure to take that into it.,"Thanks, I didn't know that.",-0.021,0.961,-0.065,-0.716,-0.236,28.575304,1.031098,0.341800,9.767027,0.352429,79.232226,1.311138,0.000000,27.081541,0.448146
test.context.txt::01806,test.context.txt::01806__row1235,Id dry box it for 3  5 days before smoking,0.0,content_diversity,This is my first time doing this so thank you.,"Yep, I'm a newbie...","Thank you, any advice you can give helps",I was going to ask if I need to dry it first,"Thank you, I almost messed it up.",-0.018,0.955,-0.102,-0.732,-0.293,33.074024,0.969298,0.349917,11.573169,0.339174,9.310532,2.018703,0.000000,3.257915,0.706379
test.context.txt::01807,test.context.txt::01807__row1236,Thats why you check reviews and gameplay videos before buying games,1.0,content_diversity,I normally do but didn't this time.,You can never trust those anyway.,Why on earth would you do thay?,Thats good advice.,Do you do that every time?,-0.016,0.971,-0.058,-0.654,-0.207,21.212189,0.813902,0.349729,7.418525,0.284645,38.825058,0.630175,0.000000,13.578263,0.220391
test.context.txt::01807,test.context.txt::01807__row1237,Thats why you check reviews and gameplay videos before buying games,0.0,content_diversity,Yeah I feel really dumb for not doing that.,"I didnt have the time but I usually do,","Most times I do, but not this time.",I almost always do but didn't this once.,"I don't know why I didnt check, I always do normally.",-0.069,0.919,-0.266,-0.824,-0.552,30.077020,0.891617,0.379055,11.400859,0.337972,25.328475,0.505336,0.000000,9.600897,0.191550
test.context.txt::01808,test.context.txt::01808__row1238,Wait who voted for me  I did't even run,1.0,content_diversity,Not me!,They all did!,You must have read it wrong.,Nobody did as far as I know.,How the heck has that happened then?,0.000,0.992,-0.023,-0.616,-0.264,20.929866,1.496557,0.188372,3.942600,0.281909,48.856084,2.745082,0.000000,9.203117,0.517096
test.context.txt::01808,test.context.txt::01808__row1239,Wait who voted for me  I did't even run,0.0,content_diversity,Are you sure your read it right?,Maybe go back and double check it.,You probably misread it.,You must have misunderstood it.,Are you sure thats what it said?,-0.058,0.921,-0.246,-0.747,-0.408,41.875124,1.450671,0.342764,14.353289,0.497238,27.439905,0.671951,0.000000,9.405415,0.230321
test.context.txt::01809,test.context.txt::01809__row1240,I don't think so because I am not anyones wife,1.0,content_diversity,You don't necessarily have to be married to understand,"Yes, but for the sake of argument, pretend you are",That shouldn't matter - it's a right or wrong thing,being a wife has nothing to do with it.,"If you're a human being, you should be able to muster a thought about it.",-0.022,0.966,-0.056,-0.735,-0.243,18.851315,0.554797,0.490856,9.253282,0.272325,76.843877,0.845236,0.000000,37.719280,0.414889
test.context.txt::01809,test.context.txt::01809__row1241,I don't think so because I am not anyones wife,0.0,content_diversity,It's pretty black and white and not a wife thing at all.,not being married doesn't mean you can't have a thought,You're either for it or against it,What does married have to do with it - it's simple,I'm single and I can answer it.,-0.023,0.962,-0.097,-0.719,-0.226,33.316965,0.642398,0.426861,14.221698,0.274214,42.834624,0.901520,0.000000,18.284411,0.384823
test.context.txt::01810,test.context.txt::01810__row1242,Stds I hope to continue with this trend,1.0,content_diversity,I just logged in and thought this said STDs...lol,I love it - I hope to keep it going too,I am so glad you brought that up,Your standards are a bit much for regular folk,"your thread, your rules",-0.009,0.976,-0.013,-0.609,-0.164,21.273616,0.394051,0.338621,7.203697,0.133434,74.826572,0.988294,0.000000,25.337863,0.334657
test.context.txt::01810,test.context.txt::01810__row1243,Stds I hope to continue with this trend,0.0,content_diversity,What's trash to your ears...you know the rest,Why not just say everyone needs to agree with you,Can't say 'hell' is a little too stringent,"You can have your purity thread, I'll go elsewhere",You are ridiculous with those dumb rules,-0.012,0.976,0.021,-0.624,-0.232,39.842150,0.827683,0.311141,12.396513,0.257526,58.576973,1.352616,0.000000,18.225678,0.420854
test.context.txt::01811,test.context.txt::01811__row1244,Aw hell   I like you times infinity  I win,1.0,content_diversity,How much do you like me?,Thanks a lot,Thanks a bunch,I try my best,Way to brag,-0.023,0.965,-0.096,-0.695,-0.364,11.573643,0.820286,0.241945,2.800181,0.198464,32.619508,3.465509,0.000000,7.892116,0.838462
test.context.txt::01811,test.context.txt::01811__row1245,Aw hell   I like you times infinity  I win,0.0,content_diversity,Not much humility behind your win,Just pile it on,Way to win with grace,Way to be a sport,Way to go champ!,-0.046,0.937,-0.116,-0.662,-0.382,27.151682,1.317804,0.230498,6.258396,0.303751,51.610689,1.860902,0.000000,11.896136,0.428933
test.context.txt::01812,test.context.txt::01812__row1246,Of course dyrus is in the middle d,1.0,content_diversity,I don't even know who Dyrus is.,What makes you think Dyrus is in the middle?,Did anyone else see Dyrus in the photo?,You are just making stuff up about Dyrus.,I lost all the respect I had for Dyrus.,-0.045,0.940,-0.310,-0.877,-0.527,31.398234,0.782503,0.399760,12.551759,0.312813,46.727242,1.114772,0.000000,18.679684,0.445641
test.context.txt::01812,test.context.txt::01812__row1247,Of course dyrus is in the middle d,0.0,content_diversity,Dyrus should be ashamed of himself.,What a disappointing statement by Dyrus.,I can't respect Dyrus anymore after he did that.,I just lost whatever little respect I had for Dyrus.,All the respect I had for Dyrus is now gone.,-0.069,0.880,-0.342,-0.899,-0.665,44.239061,0.963506,0.397729,17.595162,0.383214,31.950848,0.558780,0.000000,12.707782,0.222243
test.context.txt::01813,test.context.txt::01813__row1248,Gt all hell broke loose  I spot apple autocorrect,1.0,content_diversity,What do you mean?,Autocorrect is your friend.,You should be happy this happened.,You sound like all hell broke loose.,How can you see autocorrect.,-0.008,0.985,0.003,-0.692,-0.235,23.516387,0.676136,0.349704,8.223784,0.236448,34.729154,0.819913,0.000000,12.144939,0.286727
test.context.txt::01813,test.context.txt::01813__row1249,Gt all hell broke loose  I spot apple autocorrect,0.0,content_diversity,What does that mean?,You don't say...,I don't get what you're saying.,This is gibberish.,Say what you mean...don't leave us guessing.,-0.008,0.983,-0.098,-0.755,-0.449,20.959983,1.333650,0.304575,6.383882,0.406196,62.548782,1.450096,0.000000,19.050781,0.441663
test.context.txt::01814,test.context.txt::01814__row1250,Sarcasm is really funny okay always funny and always original,1.0,content_diversity,It is yes.,It really isn't. sometimes it is just nasty.,"Sometimes it is funny, sometimes it isnt.",It depends on who is the target.,Not everyone can pull it off though.,-0.052,0.929,-0.229,-0.658,-0.293,20.291899,0.569568,0.320078,6.495000,0.182307,45.013411,3.100975,0.000000,14.407824,0.992556
test.context.txt::01814,test.context.txt::01814__row1251,Sarcasm is really funny okay always funny and always original,0.0,content_diversity,I think it can be a bit snide sometimes.,Sarcasm can really hurt people sometimes so it isnt always funny.,I think people sometimes use it as a weapon.,If you are putting someone down using it then it isn't so funny.,Sarcasm can be used to bully so it isnt always funny.,-0.095,0.857,-0.361,-0.837,-0.525,40.239799,0.740697,0.459951,18.508342,0.340685,40.264905,0.756438,0.000000,18.519890,0.347925
test.context.txt::01815,test.context.txt::01815__row1252,Are you making 1000 to 5000 a day at your job,1.0,content_diversity,"No, I'm not but neither are you.","Go away, spammer!",I'm going to report this comment for spam.,If you were making that much you wouldn't be here.,Do you live in Nigeria?,-0.016,0.976,0.038,-0.633,-0.086,29.581486,0.729500,0.313175,9.264174,0.228461,14.748085,1.796903,0.000000,4.618728,0.562745
test.context.txt::01815,test.context.txt::01815__row1253,Are you making 1000 to 5000 a day at your job,0.0,content_diversity,Are you a Prince's lawyer and need my help to funnel money?,From what African nation are you royalty?,"You are far away in a another country, aren't you.","Lol, another Nigerian prince needs my bank account information.","Yes, Mr Nigerian royalty, let me give you all my personal information.",-0.028,0.960,-0.063,-0.768,-0.213,42.021772,0.924223,0.326332,13.713062,0.301604,45.632704,0.911333,0.000000,14.891426,0.297397
test.context.txt::01816,test.context.txt::01816__row1254,Sounds like your brother or sister owes you some money,1.0,content_diversity,My sister owed me money.,No they don't.,If you say so.,How do you know they do?,Why does it sound like that?,-0.009,0.983,-0.094,-0.602,-0.211,15.050640,1.048660,0.316171,4.758579,0.331556,17.750577,1.216999,0.000000,5.612221,0.384780
test.context.txt::01816,test.context.txt::01816__row1255,Sounds like your brother or sister owes you some money,0.0,content_diversity,You know this how?,My brother does. How do you know?,How would you know my personal business?,How did you come to this conclusion?,How do you know this about my sister?,-0.076,0.890,-0.274,-0.835,-0.426,25.833325,0.724429,0.365239,9.435344,0.264590,31.537729,1.309617,0.000000,11.518816,0.478324
test.context.txt::01817,test.context.txt::01817__row1256,Definitely clearing my internet history after this thread,1.0,content_diversity,I think I may do the same.,That's a good idea.,That only stops the regular users,There was nothing that bad with the thread,You must be very religious or something.,-0.008,0.981,-0.164,-0.597,-0.191,17.084911,0.656846,0.371544,6.347796,0.244047,50.095076,0.569922,0.000000,18.612525,0.211751
test.context.txt::01817,test.context.txt::01817__row1257,Definitely clearing my internet history after this thread,0.0,content_diversity,Why do you think that's necessary?,Do you really think you need to do that?,It wasn't that bad unless you're a zealot.,You must have an awfully strict set of rules to live by.,"You have to be kidding, are you an evangelical or what?",-0.026,0.957,-0.074,-0.709,-0.294,21.596447,0.607615,0.434369,9.380836,0.263929,81.253712,1.160145,0.000000,35.294128,0.503931
test.context.txt::01818,test.context.txt::01818__row1258,I don't know it's just a conscience thing,1.0,content_diversity,And it bothers you that much?,"Try to forget it, I would if it were me.",Well I am not surprised after what happened.,"It will all work out in the end, one way or another.",I don't have one of those so I am golden.,-0.019,0.969,-0.051,-0.686,-0.239,13.427221,0.246534,0.386493,5.189524,0.095284,41.378196,1.107431,0.000000,15.992374,0.428014
test.context.txt::01818,test.context.txt::01818__row1259,I don't know it's just a conscience thing,0.0,content_diversity,Are you thinking about it all the time?,Is it constantly on your mind?,Is it making you anxious?,Is it really starting to get to you?,Is it driving you crazy?,-0.086,0.915,-0.553,-0.784,-0.611,32.115823,1.071949,0.367934,11.816506,0.394407,23.576730,0.530414,0.000000,8.674683,0.195158
test.context.txt::01819,test.context.txt::01819__row1260,But I loved the second song too lt3,1.0,content_diversity,I like it too.,I wonder what other people think.,I didn't not like it,What other songs do they sing?,I don't listen to music.,-0.042,0.944,-0.248,-0.660,-0.145,12.272514,0.485180,0.382411,4.693148,0.185538,25.025804,0.661143,0.000000,9.570151,0.252829
test.context.txt::01819,test.context.txt::01819__row1261,But I loved the second song too lt3,0.0,content_diversity,Not everyone has the same opinion.,Other's opinions may vary.,Not only your opinion matters.,Everyone else has an opinion too.,Other people may have an opinion too.,-0.049,0.914,-0.211,-0.928,-0.637,30.948195,1.038071,0.364301,11.274459,0.378170,20.928945,0.984519,0.000000,7.624436,0.358661
test.context.txt::01820,test.context.txt::01820__row1262,You go to college in my town haha,1.0,content_diversity,"Seriously? That's cool, I love this town.",I really like it here.,I'm thinking about staying once I get out of college.,"You poor thing, you need to get out of here.","I don't like it very much, very straight-laced town.",-0.042,0.923,-0.244,-0.704,-0.212,10.929206,0.380464,0.461424,5.042997,0.175555,67.141150,0.667924,0.000000,30.980531,0.308196
test.context.txt::01820,test.context.txt::01820__row1263,You go to college in my town haha,0.0,content_diversity,I got to really liking the town and the people in it.,I might just make my home here after graduation.,"If the work situation is pretty good, I might stay for awhile.",I fell in love with this town and plan on getting a job here if I can.,I met my boyfriend here so I'll probably stick around after school.,-0.042,0.945,-0.330,-0.761,-0.449,31.895310,0.539656,0.490783,15.653678,0.264854,40.081971,0.735844,0.000000,19.671553,0.361140
test.context.txt::01821,test.context.txt::01821__row1264,What if they put everything we say is false on the caps,1.0,content_diversity,Who cares what they say?,Just ignore them like the trolls they are.,We don't write for them so who cares?,I try to just pretend they're not there because they always say we're lying.,"If they want to waste their lives doing that, let them.",-0.022,0.974,-0.164,-0.729,-0.357,40.657167,1.054606,0.410885,16.705423,0.433322,84.873154,0.799394,0.000000,34.873111,0.328459
test.context.txt::01821,test.context.txt::01821__row1265,What if they put everything we say is false on the caps,0.0,content_diversity,It doesn't matter what you say so just ignore them.,Why spend time worrying about them lying about us.,It's doesn't do any good to think about the trolls.,They'll always do the same thing and so should we,Trolls will always be trolls no matter what,-0.025,0.948,-0.141,-0.732,-0.258,60.792167,1.207986,0.396835,24.124450,0.479371,51.684884,0.872557,0.000000,20.510362,0.346261
test.context.txt::01822,test.context.txt::01822__row1266,You watch a lot of family guy don't you,1.0,content_diversity,"yes, it is my favorite tv show",who doesn't?,what is family guy?,i prefer simpsons,i don't like that show at all,-0.011,0.974,-0.048,-0.694,-0.151,14.175532,1.003747,0.341927,4.846995,0.343208,22.012863,1.567361,0.000000,7.526788,0.535923
test.context.txt::01822,test.context.txt::01822__row1267,You watch a lot of family guy don't you,0.0,content_diversity,because it's my fave,it is the best show,in my opinion it is the greatest show,it is extremely good,i adore that show,-0.063,0.893,-0.323,-0.743,-0.572,23.113235,0.837995,0.376472,8.701478,0.315481,27.286322,1.530595,0.000000,10.272527,0.576226
test.context.txt::01823,test.context.txt::01823__row1268,The justice system is fair and won't harm the innocent,1.0,content_diversity,That just isn't the reality.,"I agree, the justice system is about as good as it gets.",Innocent people are screwed by the justice system every day.,The justice system is generally fair but it also makes some serious mistakes.,The system needs to be revamped before you can say the innocent won't be harmed.,-0.044,0.928,-0.219,-0.782,-0.272,3.983611,0.164654,0.554222,2.207805,0.091255,49.200805,0.860236,0.000000,27.268171,0.476762
test.context.txt::01823,test.context.txt::01823__row1269,The justice system is fair and won't harm the innocent,0.0,content_diversity,Our system of justice is far better than any other country in the world.,The justice system is at a point where it can't be improved anymore.,Compared to other countries our system is close to ideal.,I am truly impressed with our justice system.,"Our system really is excellent, everybody is treated fairly.",-0.049,0.936,-0.356,-0.847,-0.458,10.699527,0.249314,0.518837,5.551312,0.129353,51.996411,0.920838,0.000000,26.977671,0.477765
test.context.txt::01824,test.context.txt::01824__row1270,Gta thousand years ago  it's more like ten thousand,1.0,content_diversity,Are you on drugs?,GTA wasn't around that long ago.,I don't understand.,I agree with you.,You must be old.,-0.011,0.981,-0.126,-0.637,-0.134,15.326618,0.640985,0.296675,4.547026,0.190164,29.837458,1.149254,0.000000,8.852030,0.340955
test.context.txt::01824,test.context.txt::01824__row1271,Gta thousand years ago  it's more like ten thousand,0.0,content_diversity,I have to say I agree.,You are definitely right.,I have to go with what you are saying.,So true man!,I get what you're saying.,-0.038,0.911,-0.235,-0.690,-0.547,30.997159,1.398236,0.287584,8.914296,0.402111,17.819684,2.614188,0.000000,5.124661,0.751799
test.context.txt::01825,test.context.txt::01825__row1272,I need an adult I need an adult,1.0,content_diversity,are you a robot?,why do you keep repeating yourself?,i am an adult,stop whining,work on your english,-0.004,0.990,-0.093,-0.652,-0.122,10.534376,0.798776,0.320906,3.380546,0.256332,22.985515,1.616426,0.000000,7.376193,0.518721
test.context.txt::01825,test.context.txt::01825__row1273,I need an adult I need an adult,0.0,content_diversity,why do you repeat?,stop repeating yourself?,what's the reason that you repeat everything?,don't repeat everything twice,why do you need to repeat everything?,-0.050,0.901,-0.325,-0.962,-0.621,41.588248,1.292130,0.334827,13.924882,0.432640,23.123302,0.997046,0.000000,7.742313,0.333838
test.context.txt::01826,test.context.txt::01826__row1274,Seriously dude this was posted a few hours ago,1.0,content_diversity,Sorry I have a life.,Well I'm not on here 24/7.,"My fault, next time I'll make sure to scrool through the whole thread.","Okay, sorry I didn't see  it.",Well now it's back on the table.,-0.012,0.978,-0.147,-0.694,-0.235,27.202388,0.540890,0.313687,8.533039,0.169670,70.021344,1.372950,0.000000,21.964794,0.430677
test.context.txt::01826,test.context.txt::01826__row1275,Seriously dude this was posted a few hours ago,0.0,content_diversity,I didn't know there was a law about posting something twice.,Well it's back now deal with itl.,"Okay, calm down, posting again isn't going to hurt you.",I can't address a  topic again?,I think we can post things as many times as we want.,-0.010,0.974,-0.132,-0.725,-0.196,36.037429,0.875656,0.345967,12.467774,0.302949,72.172107,3.402008,0.000000,24.969192,1.176984
test.context.txt::01827,test.context.txt::01827__row1276,Yep ugh I thought it was est only another hour or so,1.0,content_diversity,It seems to be taking a very long time,I'm about done waiting I think,I've got too much to do besides waiting here like this,I'm going to go do a few things and come back later,I'll be back. I'm tired of waiting.,-0.029,0.956,-0.191,-0.788,-0.465,39.448825,0.787044,0.459645,18.132452,0.361761,35.711901,0.746856,0.000000,16.414794,0.343289
test.context.txt::01827,test.context.txt::01827__row1277,Yep ugh I thought it was est only another hour or so,0.0,content_diversity,I have a couple errands to run so bbl.,I'm gonna see if I can get dinner on before it starts.,I'll be back I have a headache,I'm going nuts waiting so I'll come back in an hour or so,Someone text me if it starts before I get back,-0.051,0.919,-0.151,-0.741,-0.358,34.878800,0.865782,0.432673,15.091127,0.374601,38.184953,0.779980,0.000000,16.521611,0.337476
test.context.txt::01828,test.context.txt::01828__row1278,You are simply not living up to your name,1.0,content_diversity,"Yes, I am.",And who are you to say it.,I agree with you.,You are very rude.,I am wrong and you are right.,-0.045,0.934,-0.260,-0.727,-0.338,11.198638,0.807385,0.259399,2.904916,0.209435,35.165956,1.872645,0.000000,9.122015,0.485762
test.context.txt::01828,test.context.txt::01828__row1279,You are simply not living up to your name,0.0,content_diversity,I kinda agree.,We are both on the same page.,I have to concur with your statement.,"Sure, I agree.",You are right and I agree.,-0.053,0.944,-0.367,-0.768,-0.605,22.451652,0.981771,0.261675,5.875029,0.256905,14.486508,1.837823,0.000000,3.790752,0.480912
test.context.txt::01829,test.context.txt::01829__row1280,Hey guys I'm glad you're enjoying the post kisses,1.0,content_diversity,"Ewww, no post kisses.",I love the post kisses.,Maybe I enjoy it a little bit.,You are gross!,"What are you, like 12.",-0.023,0.956,-0.175,-0.627,-0.133,20.752019,0.959140,0.242507,5.032512,0.232598,43.641246,1.896566,0.000000,10.583312,0.459931
test.context.txt::01829,test.context.txt::01829__row1281,Hey guys I'm glad you're enjoying the post kisses,0.0,content_diversity,You're disgusting!,How much more gross can a person be.,I've never seen anything more disgusting.,"Go back to your hole, disgusting pig!",I don't like you because you are gross.,-0.008,0.974,-0.170,-0.827,-0.589,30.077108,0.933151,0.352271,10.595307,0.328723,57.413138,1.114899,0.000000,20.225011,0.392747
test.context.txt::01830,test.context.txt::01830__row1282,Someone please make a gif of the black kid,1.0,content_diversity,I would do it if I could,"Yes, he is so cute",I love that little kid,I laughed so hard at this,That kid is going to be a heart-breaker,-0.025,0.961,-0.164,-0.674,-0.299,17.235133,0.978790,0.338072,5.826723,0.330902,23.382297,1.153777,0.000000,7.904909,0.390060
test.context.txt::01830,test.context.txt::01830__row1283,Someone please make a gif of the black kid,0.0,content_diversity,I am still laughing about that kid,This is pure laughter gold,I literally laughed out loud,I can't stop looking at this and laughing,I'm laughing while typing this,-0.022,0.967,-0.220,-0.938,-0.649,22.165231,0.742232,0.409601,9.078894,0.304019,27.288363,1.093313,0.000000,11.177332,0.447822
test.context.txt::01831,test.context.txt::01831__row1284,More information wouldnt hurt like when does it crash,1.0,content_diversity,"Yes, I should have mentioned that.",It crashes every time I try to install something.,"Sorry, it crashes every time I get to level 4.",It crashes whenever I try to save a file.,It freezes up whenever I answer the 4th question.,-0.080,0.873,-0.343,-0.736,-0.328,21.006353,0.493029,0.473337,9.943095,0.233369,57.106597,1.095225,0.000000,27.030694,0.518411
test.context.txt::01831,test.context.txt::01831__row1285,More information wouldnt hurt like when does it crash,0.0,content_diversity,It seems to start acting crazy every time I try to level up.,It won't let me get above level 3.,It's when I try to open the door to move up.,It actually starts earlier but it goes out on level 4.,Whenever I grab the last shield it starts to get really slow on level 3 then stops on 4.,-0.052,0.914,-0.244,-0.789,-0.330,16.069137,0.800233,0.360563,5.793944,0.288535,120.262050,0.520457,0.000000,43.362105,0.187658
test.context.txt::01832,test.context.txt::01832__row1286,Thats great did you buy or make it,1.0,content_diversity,I made it because I couldn't find it anywhere.,"Unfortunately, I'm not creative so I don't make anything.",I wish I made it but my friend did,"No, I don't sew so I have to buy it anywhere I can find them",I would but then I'd have to throw it away.,-0.088,0.893,-0.230,-0.787,-0.327,32.198287,0.672188,0.432287,13.918910,0.290578,62.994676,0.976402,0.000000,27.231798,0.422086
test.context.txt::01832,test.context.txt::01832__row1287,Thats great did you buy or make it,0.0,content_diversity,I'm absolutely worthless when it comes to sewing.,I've never been good at crafts so I stay away from it.,My friend tried to help me but took it away from me.,I've always wanted to be able to do that but my skills stop me :),I started to but couldn't finish it.,-0.045,0.940,-0.281,-0.743,-0.371,37.810656,0.593129,0.439651,16.623500,0.260770,57.704906,0.408586,0.000000,25.370031,0.179636
test.context.txt::01833,test.context.txt::01833__row1288,13 endings counting the one where you die,1.0,content_diversity,"Are you talking about a book,movie or video game?",Shouldn't there be more endings?,Are the endings well developed?,That seems like a lot of endings.,Are they scary?,-0.018,0.972,-0.170,-0.782,-0.304,13.553554,0.170468,0.415178,5.627132,0.070774,43.899142,1.787095,0.000000,18.225941,0.741962
test.context.txt::01833,test.context.txt::01833__row1289,13 endings counting the one where you die,0.0,content_diversity,Is the endings scary?,They are not scary are they?,The endings are not scary are they?,I hope they are not scary.,Are the endings scary?,-0.156,0.710,-0.452,-0.964,-0.517,49.645771,1.816847,0.276320,13.718143,0.502032,29.473340,1.320393,0.000000,8.144087,0.364852
test.context.txt::01834,test.context.txt::01834__row1290,Voice communication is far faster and easier than typing everything out,1.0,content_diversity,You are not wrong there.,I simply do not agree with you.,But is it always though as you always have to double check it all?,My computer is completely broken.,"It depends on what you prefer,",-0.012,0.968,-0.118,-0.670,-0.159,50.673345,1.022097,0.369894,18.743775,0.378068,103.158536,0.844997,0.000000,38.157741,0.312560
test.context.txt::01834,test.context.txt::01834__row1291,Voice communication is far faster and easier than typing everything out,0.0,content_diversity,You are so right about that.,That is so right.,"I agree completely,",You can say that again!,"Indeed, that is the correct attitude to take.",-0.030,0.944,-0.174,-0.741,-0.694,15.558577,1.219731,0.354686,5.518407,0.432621,59.721545,0.943369,0.000000,21.182387,0.334599
test.context.txt::01835,test.context.txt::01835__row1292,Finally a principal with a head on his or her shoulders,1.0,content_diversity,i agree with you,in which school?,i think you're mistaken,where can i see him,what do you mean by that,-0.018,0.973,-0.053,-0.580,-0.269,28.640553,1.463675,0.306181,8.769197,0.448150,29.076518,1.868791,0.000000,8.902681,0.572188
test.context.txt::01835,test.context.txt::01835__row1293,Finally a principal with a head on his or her shoulders,0.0,content_diversity,I think you are right,i believe you are right,can't argue that,you are 100 per cent right,i totally understand your point of view,-0.063,0.905,-0.261,-0.766,-0.488,29.640249,1.537736,0.361503,10.715033,0.555896,24.374837,1.519031,0.000000,8.811572,0.549134
test.context.txt::01836,test.context.txt::01836__row1294,It's a dairy cow or at least thats what I'm telling myself,1.0,content_diversity,"Lol, I think it's a cow too","yes, it is a dairy cow",You're right about that,I don't think it's a cow but I don't know what it is.,"No, it's not a dairy cow!",-0.063,0.859,-0.248,-0.823,-0.309,18.579526,0.662318,0.420694,7.816298,0.278633,25.903163,0.802772,0.000000,10.897309,0.337722
test.context.txt::01836,test.context.txt::01836__row1295,It's a dairy cow or at least thats what I'm telling myself,0.0,content_diversity,"Yep, I'm thinking that, too",It's gotta be a cow,What else could it be?,"You're right, I believe about the cow.",I've had dairy cows and that's a dairy cow.,-0.011,0.974,-0.046,-0.690,-0.307,10.846647,0.709758,0.378150,4.101656,0.268395,59.950677,0.878602,0.000000,22.670327,0.332243
test.context.txt::01837,test.context.txt::01837__row1296,What can I say I'm a nice guy,1.0,content_diversity,You could have fooled me...lol,"Yes, you are a nice guy, sometimes.",I agree with you for once.,You may as well say it because no one else does.,"If you're a nice guy, I'm a saint.",-0.025,0.948,-0.117,-0.741,-0.367,16.792204,0.529484,0.392062,6.583585,0.207590,40.928460,0.806617,0.000000,16.046495,0.316244
test.context.txt::01837,test.context.txt::01837__row1297,What can I say I'm a nice guy,0.0,content_diversity,"When it serves your purpose, you're a really swell guy.",You hacked my phone...Mr. Nice Guy???,"Lol, if you say so. well maybe now and again",I agree and don't forget it.,Nice guys always finish last but you won't,-0.010,0.980,-0.004,-0.684,-0.166,36.670739,0.978003,0.335421,12.300151,0.328043,79.937759,1.964525,0.000000,26.812836,0.658944
test.context.txt::01838,test.context.txt::01838__row1298,May I ask what kind of cases those are,1.0,content_diversity,those are old cases,i can't tell you,are they top secret cases,i wanna find out more about it,nothing that you would find important,-0.020,0.962,0.004,-0.678,-0.223,23.871991,1.221643,0.332036,7.926369,0.405630,37.352611,0.448980,0.000000,12.402425,0.149078
test.context.txt::01838,test.context.txt::01838__row1299,May I ask what kind of cases those are,0.0,content_diversity,i'm not allowed to tell you,i can't disclose that info,i can't say,i'm not allowed to share it with you,i can't tell that information,-0.093,0.833,-0.423,-0.753,-0.763,39.732700,1.846667,0.264528,10.510419,0.488495,24.966480,0.858610,0.000000,6.604338,0.227127
test.context.txt::01839,test.context.txt::01839__row1300,Thats not funny and completely out of context,1.0,content_diversity,I think it's funny.,I feel it's true.,It's not funny.,"Hilarious, I don't think so.",It is in context.,-0.029,0.950,-0.307,-0.762,-0.370,10.928202,0.581961,0.318918,3.485203,0.185598,42.753346,2.008074,0.000000,13.634820,0.640411
test.context.txt::01839,test.context.txt::01839__row1301,Thats not funny and completely out of context,0.0,content_diversity,I agree with you completely.,It is so true.,I agree that it's true.,"Well, we finally agree.",So happy we agree on something.,-0.042,0.939,-0.337,-0.859,-0.770,17.469341,1.076390,0.330387,5.771646,0.355625,33.756759,1.520904,0.000000,11.152800,0.502487
test.context.txt::01840,test.context.txt::01840__row1302,Pick it for him in the name of love,1.0,content_diversity,He has someone that loves him?,He doesn't deserve love.,What are you talking about?,No one is that selfless.,There is no such thing as love.,-0.015,0.970,-0.102,-0.713,-0.354,16.430024,0.693928,0.399149,6.558023,0.276981,36.830417,1.295188,0.000000,14.700815,0.516973
test.context.txt::01840,test.context.txt::01840__row1303,Pick it for him in the name of love,0.0,content_diversity,What are you referring to?,What are you trying to say?,"What is this ""it"" you speak of?",What exactly do you mean?,Spell it out for me.,-0.061,0.921,-0.197,-0.695,-0.575,19.827589,0.609822,0.401561,7.961991,0.244881,22.033064,1.334307,0.000000,8.847624,0.535806
test.context.txt::01841,test.context.txt::01841__row1304,Please post more pictures when you get the opportunity thank you,1.0,content_diversity,I will do that...thanks for caring.,I will post more soon as soon as I find a certain album.,Thanks for liking them.,I will put some up this afternoon.,I'm so happy you liked them.,-0.033,0.931,-0.165,-0.750,-0.395,20.899176,0.705078,0.400777,8.375903,0.282579,69.182805,0.791797,0.000000,27.726857,0.317334
test.context.txt::01841,test.context.txt::01841__row1305,Please post more pictures when you get the opportunity thank you,0.0,content_diversity,My pictures situation is a mess.,"My pictures are packed all over, so it'll be a bit.",I'll post them as soon as I find them.,I've been looking for the best ones but can't find the album they're in.,I hope to do that again but gotta find them first.,-0.024,0.948,-0.247,-0.744,-0.268,20.417372,0.430434,0.394195,8.048420,0.169675,70.169784,1.118090,0.000000,27.660558,0.440745
test.context.txt::01842,test.context.txt::01842__row1306,This smiley  is completely unacceptable never give it a nose,1.0,content_diversity,First smiley I've ever seen with a nose.,I didn't even notice the nose,now we're gonna get all the same smileys but with a nose,smileys get on my nerves anyway but the nose seals it,it's a nosejob in reverse,-0.045,0.925,-0.138,-0.896,-0.539,24.048256,0.087666,0.416779,10.022813,0.036537,67.855065,2.039829,0.000000,28.280581,0.850158
test.context.txt::01842,test.context.txt::01842__row1307,This smiley  is completely unacceptable never give it a nose,0.0,content_diversity,I hate smileys anymore,I used to like them they're overused by some,smileys need to stop being used so much,I don't use smileys ever so I didn't even notice it.,"Yeah, the nose is really annoying",-0.028,0.958,-0.152,-0.776,-0.304,32.610301,0.709074,0.377351,12.305544,0.267570,58.381456,0.499058,0.000000,22.030327,0.188320
test.context.txt::01843,test.context.txt::01843__row1308,10 billion isn't that much for a military branch to waste,1.0,content_diversity,"$10 billion is a lot to ""waste"" in any stretch of the imagination.",You have to be kidding!,What makes you think it's not a lot to WASTE?,That's crazy. it's a lot of money.,"Yes, they waste much more everywhere else and don't think a thing.",-0.043,0.938,-0.049,-0.738,-0.319,0.350304,0.524529,0.400364,0.140249,0.210003,114.138083,1.090826,0.000000,45.696832,0.436728
test.context.txt::01843,test.context.txt::01843__row1309,10 billion isn't that much for a military branch to waste,0.0,content_diversity,Someone should get fired for wasting 10 billion dollars.,Do you know how long it takes for citizens to pay that 10 billion?,"That's a freaking lot of dough, no matter what",How do you even say that's not a lot of money?,There's nothing that says $10 billion isn't a lot of money except you,-0.038,0.941,-0.174,-0.794,-0.387,25.259139,0.633709,0.488638,12.342577,0.309654,42.507603,0.509665,0.000000,20.770833,0.249042
test.context.txt::01844,test.context.txt::01844__row1310,Id be surprised if he did't already have a costume for that,1.0,content_diversity,He has a costume for everything.,"I'd be surprised, too.","Seriously, I don't think I've ever seen anything on him like that.","He might, you want me to ask him.",I don't think he does because he asked me where he could bet one.,-0.016,0.947,-0.072,-0.683,-0.197,10.889070,0.513842,0.419180,4.564477,0.215392,90.712333,1.277012,0.000000,38.024765,0.535297
test.context.txt::01844,test.context.txt::01844__row1311,Id be surprised if he did't already have a costume for that,0.0,content_diversity,He has two closets of costumes.,He loves costumes and even makes his own.,I go over there every year and it's like a store.,He has everything you can think of.,Costumes are his life.,-0.027,0.955,-0.228,-0.723,-0.341,37.430903,0.754643,0.376033,14.075251,0.283771,46.948447,0.827795,0.000000,17.654160,0.311278
test.context.txt::01845,test.context.txt::01845__row1312,Crap any idea when it's back up again,1.0,content_diversity,They reckon a couple of hours.,I have no idea at all.,Mines working fine so I don't know why yours isn't.,Maybe never?,"I dont know, I'm doing something else right now.",-0.007,0.988,-0.009,-0.649,-0.276,6.988353,0.582718,0.314393,2.197087,0.183202,59.119175,2.040540,0.000000,18.586633,0.641531
test.context.txt::01845,test.context.txt::01845__row1313,Crap any idea when it's back up again,0.0,content_diversity,I don't know.,"Don't ask me, I am as in the dark as you are.",Who knows?,I haven't a clue.,Beats me!,-0.012,0.974,-0.192,-0.634,-0.487,23.321523,1.420360,0.212761,4.961910,0.302197,50.562111,3.505278,0.000000,10.757645,0.745786
test.context.txt::01846,test.context.txt::01846__row1314,He actually looks sort of like a human jake lol,1.0,content_diversity,"Ha ha...he does, doesn't he.",I love Jake and that's no Jake.,I thought the same thing!,That's funny because that's what May said yesterday.,I wonder if they did that on purpose.,-0.011,0.976,-0.161,-0.660,-0.231,16.659862,0.516786,0.405211,6.750761,0.209407,65.722191,1.779398,0.000000,26.631360,0.721032
test.context.txt::01846,test.context.txt::01846__row1315,He actually looks sort of like a human jake lol,0.0,content_diversity,They probably did that to get people talking about Jake.,You think it was planned?,I think they want us talking about so get traction for the film.,I think that's planted there to get us going.,It's possible this is exactly what the producers wanted.,-0.031,0.942,-0.281,-0.738,-0.463,34.297523,0.743557,0.389389,13.355070,0.289533,71.601939,1.042882,0.000000,27.880990,0.406086
test.context.txt::01847,test.context.txt::01847__row1316,And also that bacon grease on your breath,1.0,content_diversity,You are rude!,I love bacon.,You are just jealous.,"It's not bacon, it's sausage.",I don't like you.,-0.025,0.954,-0.361,-0.614,-0.230,19.923968,0.950456,0.217341,4.330299,0.206573,25.381915,1.712769,0.000000,5.516536,0.372255
test.context.txt::01847,test.context.txt::01847__row1317,And also that bacon grease on your breath,0.0,content_diversity,I just can't get enough bacon.,Nothing better than bacon.,Bacon is my favorite food.,I have a love affair with bacon.,I love bacon more than you.,-0.038,0.950,-0.385,-0.936,-0.670,23.778257,0.834467,0.373225,8.874642,0.311444,17.081399,0.765316,0.000000,6.375207,0.285635
test.context.txt::01848,test.context.txt::01848__row1318,Unless you read it as bike locking fail,1.0,content_diversity,What is a bike locking fail?,Is this how the bike was stolen?,How would the bike lock fail?,Is that even possible?,I agree with you.,-0.023,0.954,-0.238,-0.719,-0.311,15.632261,0.369496,0.408061,6.378920,0.150777,26.783502,1.045459,0.000000,10.929310,0.426611
test.context.txt::01848,test.context.txt::01848__row1319,Unless you read it as bike locking fail,0.0,content_diversity,The bike was stolen over a bike lock failure.,Are you sure this was how the bike was stolen?,"So, this is how the bike was stolen.",Is it possible for a bike to be stolen this way?,Can this be how the bike was stolen?,-0.166,0.800,-0.467,-0.980,-0.718,40.437868,0.976794,0.406033,16.419103,0.396610,33.844001,0.640497,0.000000,13.741776,0.260063
test.context.txt::01849,test.context.txt::01849__row1320,Look at number 34 on the list this list is void,1.0,content_diversity,why would it be void,i think it is a mistake,what list are you talking about,i can't find the list,"oh you are right, i didn't notice",-0.024,0.959,-0.100,-0.645,-0.323,19.245196,0.933088,0.410652,7.903076,0.383174,46.529412,1.009869,0.000000,19.107390,0.414704
test.context.txt::01849,test.context.txt::01849__row1321,Look at number 34 on the list this list is void,0.0,content_diversity,it was a mistake,mistake happened,it is natural to have mistakes,it was accidental mistake,i think it is not right,-0.063,0.913,-0.270,-0.851,-0.629,26.749727,1.167812,0.362152,9.687455,0.422925,45.079691,1.543016,0.000000,16.325679,0.558805
test.context.txt::01850,test.context.txt::01850__row1322,Can I have a source on that please,1.0,content_diversity,there is no source for that,"yes, just give me a minute",your source link is broken,why do you post without source,i can send you a source if that helps,-0.031,0.956,-0.032,-0.713,-0.305,19.674715,0.840507,0.363422,7.150225,0.305459,37.224968,1.064379,0.000000,13.528374,0.386819
test.context.txt::01850,test.context.txt::01850__row1323,Can I have a source on that please,0.0,content_diversity,it doesn't have a source,there's no source,source doesn't exist,you can't access source,source in non-existing,-0.062,0.944,-0.187,-0.915,-0.727,30.310284,1.487536,0.299163,9.067727,0.445016,39.378862,1.648460,0.000000,11.780713,0.493159
test.context.txt::01851,test.context.txt::01851__row1324,Jesus thats nuts sorry to hear you had such horrible luck,1.0,content_diversity,How did it all happen?,Is there anything I can do to help?,What are you going to do now?,Are there any further developments?,Have things improved since then?,-0.009,0.980,-0.276,-0.704,-0.465,22.538226,0.733532,0.477460,10.761091,0.350232,23.170752,0.746514,0.000000,11.063097,0.356430
test.context.txt::01851,test.context.txt::01851__row1325,Jesus thats nuts sorry to hear you had such horrible luck,0.0,content_diversity,How can I help?,How can we help?,What can we do to help?,What can we do?,Do you need us to do anything?,-0.105,0.859,-0.578,-0.891,-0.791,13.097484,0.948217,0.314833,4.123521,0.298530,27.046200,0.677945,0.000000,8.515037,0.213439
test.context.txt::01852,test.context.txt::01852__row1326,Thats what I ended up doing too haha,1.0,content_diversity,What's so funny?,I would never do that.,What did you end up doing?,I'm jealous you got to do that.,I want to do it too.,-0.031,0.937,-0.176,-0.670,-0.213,28.417802,1.062209,0.357435,10.157522,0.379671,16.553407,1.233496,0.000000,5.916770,0.440895
test.context.txt::01852,test.context.txt::01852__row1327,Thats what I ended up doing too haha,0.0,content_diversity,I envy you.,So jealous of you.,I want to do that so I'm jealous.,I envy you and your life.,I am so jealous. I would love to do it too.,-0.085,0.894,-0.506,-0.938,-0.650,33.177883,1.760995,0.280011,9.290171,0.493098,55.807889,0.788376,0.000000,15.626820,0.220754
test.context.txt::01853,test.context.txt::01853__row1328,Hey I just found one are you on xbox,1.0,content_diversity,I'm glad you found one.,I don't have an xbox.,Where did you find it?,Can you share the link?,I'm not on Xbox.,-0.016,0.975,-0.221,-0.653,-0.269,30.890698,1.376922,0.325052,10.041082,0.447571,13.195398,0.556793,0.000000,4.289190,0.180987
test.context.txt::01853,test.context.txt::01853__row1329,Hey I just found one are you on xbox,0.0,content_diversity,"I have a Playstation, not Xbox.",I don't but my brother does.,"Why on Xbox, you know I don't have that.","No, no Xbox.","No, I told you I have a Playstation.",-0.061,0.900,-0.309,-0.817,-0.448,49.191693,2.171598,0.243940,11.999814,0.529739,37.734291,1.922892,0.000000,9.204897,0.469070
test.context.txt::01854,test.context.txt::01854__row1330,It looks so real I felt bad for the people getting hit,1.0,content_diversity,"Yes, the special effects people do a good job with it.","I know what you mean, I had to close my eyes.",Some things look so real and then others are laughable.,It was pretty good from a special effects standpoint.,It was pretty violent and real looking.,-0.032,0.939,-0.221,-0.701,-0.345,30.535664,0.503519,0.437780,13.367908,0.220431,44.493648,0.686417,0.000000,19.478436,0.300500
test.context.txt::01854,test.context.txt::01854__row1331,It looks so real I felt bad for the people getting hit,0.0,content_diversity,It was surprising how real it looked.,"I had to laugh at the monster, though, totally messed up.",The fx were really tight in this film.,I thought some effects were thrown in there for no reason.,It's like they had two different departments working on special effects.,-0.010,0.979,-0.184,-0.712,-0.270,17.006991,0.531910,0.406834,6.919021,0.216399,67.717706,1.063506,0.000000,27.549860,0.432670
test.context.txt::01855,test.context.txt::01855__row1332,Did we though or did we see rick imagining what happened,1.0,content_diversity,"Hard to tell, that's the point I guess.",No I think we definitely saw it happening.,I just thought it was stupid all round.,It's a real mind messer.,Either way it was really funny.,-0.022,0.965,-0.224,-0.672,-0.308,24.460339,0.730377,0.338386,8.277027,0.247149,30.458915,1.932217,0.000000,10.306859,0.653834
test.context.txt::01855,test.context.txt::01855__row1333,Did we though or did we see rick imagining what happened,0.0,content_diversity,"Regardless, I laughed like hell.","It doesnt really matter, it was so funny anyway.",I laughed so much I dont care.,It was hilarious whichever way you look at it.,It was so funny it didn't matter.,-0.057,0.903,-0.273,-0.916,-0.602,41.215360,1.093904,0.351093,14.470411,0.384062,23.186653,0.834665,0.000000,8.140664,0.293045
test.context.txt::01856,test.context.txt::01856__row1334,Thats too bad  I was hoping it had some story to it,1.0,content_diversity,That's all that happened.,"Dude, there was story to it.","You're right, there isn't much to it.",Maybe there's an update?,We need the other side of what happened.,-0.016,0.964,-0.237,-0.660,-0.246,12.742515,0.604224,0.369919,4.713699,0.223514,45.291045,1.075633,0.000000,16.754020,0.397897
test.context.txt::01856,test.context.txt::01856__row1335,Thats too bad  I was hoping it had some story to it,0.0,content_diversity,"There was a story, you didn't read it.",I don't think you read much of it if you think that.,I read a perfectly good story to it.,"It's a great story, you just have to read it.",There is a story to it.,-0.092,0.883,-0.252,-0.930,-0.490,40.093615,0.945606,0.404363,16.212393,0.382368,59.086360,0.808845,0.000000,23.892365,0.327067
test.context.txt::01857,test.context.txt::01857__row1336,It is not compatible with the operating system I am running,1.0,content_diversity,Google it.,What is your operating system?,It is compatible with your operating system.,Why are you running it?,How is it not compatible?,-0.028,0.948,-0.277,-0.728,-0.212,18.744300,0.633242,0.371146,6.956876,0.235025,14.907621,2.901716,0.000000,5.532907,1.076961
test.context.txt::01857,test.context.txt::01857__row1337,It is not compatible with the operating system I am running,0.0,content_diversity,I disagree. It is compatible.,I think it is compatible with your operating system.,I looked it up and I disagree with you.,I have to disagree with that statement.,You and I disagree completely.,-0.101,0.879,-0.330,-0.894,-0.373,34.261568,0.795870,0.415883,14.248812,0.330989,28.187360,1.081907,0.000000,11.722651,0.449947
test.context.txt::01858,test.context.txt::01858__row1338,95 sure it's because I bought in at 800,1.0,content_diversity,I know nothing about stocks,That's a great number!!,"Congrats...you're officially one of the rich folks, lol.",I wish I had but I didn't have the foresight.,Lucky you...I bought in at 875,-0.008,0.976,-0.123,-0.621,-0.168,34.832060,0.629674,0.388311,13.525663,0.244509,60.484805,0.798825,0.000000,23.486899,0.310192
test.context.txt::01858,test.context.txt::01858__row1339,95 sure it's because I bought in at 800,0.0,content_diversity,I have never bought a stock - know zilch,I'm afraid to buy stocks so I'm ignorant about them,I can't afford to lose money so I have no idea,Is that good because I don't know at all,I don't know anything about stocks either,-0.049,0.923,-0.192,-0.765,-0.436,39.701999,0.859917,0.424829,16.866552,0.365318,57.884101,1.402652,0.000000,24.590831,0.595887
test.context.txt::01859,test.context.txt::01859__row1340,I interpret this as here let me pour alcohol on that wound,1.0,content_diversity,I think you're probably close.,"Yep it's a little, what they call, passive-aggressive behavior.",They are definitely trying to make it hurt more.,They're trying to hide their aggression but can't.,Definitely newbies at hiding their true intentions online.,-0.010,0.979,-0.222,-0.683,-0.203,11.765359,0.261651,0.394432,4.640634,0.103203,87.434827,0.821162,0.000000,34.487089,0.323892
test.context.txt::01859,test.context.txt::01859__row1341,I interpret this as here let me pour alcohol on that wound,0.0,content_diversity,They're pretending to be empathetic but are the opposite.,lol there's a lot of aggression in that sympathy statement,I would respect them more if they were an out-and-out jackass.,Like we wouldn't see through that back-handed compliment.,Yes the sarcasm completes outshines the sympathy.,-0.009,0.982,-0.187,-0.677,-0.357,16.889794,0.156404,0.373799,6.313394,0.058464,60.943668,1.591443,0.000000,22.780702,0.594880
test.context.txt::01860,test.context.txt::01860__row1342,So do you guys eat those or do they eat you,1.0,content_diversity,i prefer eating them,that makes no sense,what do you think,i can't answer that,it all depends on a few factors,-0.010,0.983,-0.060,-0.602,-0.253,11.258502,0.842479,0.392140,4.414907,0.330370,24.587191,0.409562,0.000000,9.641616,0.160605
test.context.txt::01860,test.context.txt::01860__row1343,So do you guys eat those or do they eat you,0.0,content_diversity,eating them is better,i am a fan of eating,i would always choose eating them,i like eating them,i think it have to choose eating them,-0.121,0.876,-0.292,-0.939,-0.629,29.383233,1.398389,0.321078,9.434302,0.448991,49.468131,0.902054,0.000000,15.883116,0.289629
test.context.txt::01861,test.context.txt::01861__row1344,We do not speak of that hang your head in shame,1.0,content_diversity,It doesn't change anything when you ignore it.,"I'm sorry, I didn't know the rules.",I won't speak of it but I certainly won't hang my head in shame.,I don't condone it because I talk about it.,Why do you not talk about it?,-0.031,0.946,-0.222,-0.699,-0.299,26.117011,0.363570,0.432811,11.303737,0.157357,43.136284,0.525766,0.000000,18.669871,0.227558
test.context.txt::01861,test.context.txt::01861__row1345,We do not speak of that hang your head in shame,0.0,content_diversity,Not speaking of it doesn't help the situation at all,"Talking about it helps heal but ignoring it, doesn't.",It's ridiculous to ignore it because it's still there.,Sticking your head in the sand doesn't make it go away,"It's a fact and will always be a fact, no matter how hard you try to shut it out",-0.029,0.966,-0.210,-0.752,-0.458,35.874506,0.778318,0.459973,16.501297,0.358005,66.268644,0.970187,0.000000,30.481773,0.446259
test.context.txt::01862,test.context.txt::01862__row1346,In the ladies room the stall is the no talking zone,1.0,content_diversity,It should be like that in the mens as well.,People still talk all the time though.,"Those stalls are so small, it's ridiculous.",I hate going in there at the best of times.,They always smell so bad.,-0.012,0.979,-0.238,-0.672,-0.188,21.241877,0.363361,0.389818,8.280466,0.141645,22.854928,0.615252,0.000000,8.909262,0.239836
test.context.txt::01862,test.context.txt::01862__row1347,In the ladies room the stall is the no talking zone,0.0,content_diversity,They always stink.,The stench in there is sickening.,The smell in there is unbearable sometimes.,I cannot stand the smell of those places.,The stink in there is worse than the mens!,-0.073,0.887,-0.449,-0.881,-0.745,23.382653,0.655678,0.347086,8.115780,0.227576,35.082993,1.204157,0.000000,12.176798,0.417945
test.context.txt::01863,test.context.txt::01863__row1348,Imagine all the faces of women who tan when they get older,1.0,content_diversity,That's not a pleasant thought.,Can you imagine the regret they will all feel?,I don't think the damage is overblown.,They will probably be very happy faces.,You are assuming that they will still be alive.,-0.017,0.967,-0.177,-0.718,-0.233,18.364513,0.515234,0.422409,7.757330,0.217639,32.263229,0.759749,0.000000,13.628268,0.320925
test.context.txt::01863,test.context.txt::01863__row1349,Imagine all the faces of women who tan when they get older,0.0,content_diversity,The damage isn't just cosmetic.,Many will have fallen victim to skin cancer.,Tanning can wipe out lives.,Tanning is deadly they will be lucky is they are still around.,If they aren't already dead they will certainly feel regret.,-0.015,0.959,-0.158,-0.725,-0.396,20.813816,0.780925,0.362643,7.547995,0.283197,69.492729,0.814289,0.000000,25.201084,0.295296
test.context.txt::01864,test.context.txt::01864__row1350,It did in the west and on consoles,1.0,content_diversity,So did I,I just couldn't do it.,And how did that turn out?,I htought doing that could break it?,I've heard of other people doing that as well.,-0.031,0.952,-0.146,-0.642,-0.243,20.590420,1.175779,0.239140,4.924001,0.281176,80.620639,2.530908,0.000000,19.279650,0.605242
test.context.txt::01864,test.context.txt::01864__row1351,It did in the west and on consoles,0.0,content_diversity,I couldn't get it to work.,It wasn't for me so I just didn't bother.,It wouldn't do it for me so I gave up.,It was beyind me so I abandoned it.,It wasn't something I could do.,-0.105,0.854,-0.376,-0.803,-0.576,39.612034,1.048257,0.331200,13.119516,0.347183,42.762975,1.085587,0.000000,14.163108,0.359547
test.context.txt::01865,test.context.txt::01865__row1352,Upvote for our game  see you later tonight,1.0,content_diversity,I love our game.,I upvoted the game.,I hate this game.,I will see you later.,I downvoted this.,-0.072,0.930,-0.384,-0.703,-0.192,16.433129,0.872843,0.274469,4.510385,0.239568,16.069354,1.064269,0.000000,4.410539,0.292109
test.context.txt::01865,test.context.txt::01865__row1353,Upvote for our game  see you later tonight,0.0,content_diversity,Love this game so I upvoted.,I like this game so much.,I love this game is for everyone.,My favorite game so far.,I love our game and can play it for hours.,-0.105,0.881,-0.356,-0.951,-0.687,14.951263,0.696559,0.355248,5.311408,0.247451,42.818857,0.691083,0.000000,15.211317,0.245506
test.context.txt::01866,test.context.txt::01866__row1354,If you left with a spare I would love one,1.0,content_diversity,"Yeah, sure.",Sorry I need them all.,If there is any left I will be selling them.,"There is never any left, sorry.",If I am left with a spare I have gone wrong badly!,-0.022,0.954,-0.141,-0.665,-0.300,10.948106,0.833772,0.284273,3.112248,0.237019,102.025968,1.573234,0.000000,29.003205,0.447227
test.context.txt::01866,test.context.txt::01866__row1355,If you left with a spare I would love one,0.0,content_diversity,Of course  you can.,It would be my pleasure.,"Sure, no problem.","Absolutely, I will bring it round if there is one.","Of course, be happy to.",-0.008,0.985,-0.209,-0.715,-0.568,15.028462,0.530979,0.312852,4.701680,0.166118,76.675138,2.336222,0.000000,23.987947,0.730891
test.context.txt::01867,test.context.txt::01867__row1356,Interesting that most of you are assuming the artist is a woman,1.0,content_diversity,I didn't realize that until you mentioned it.,"You're right...we are all saying ""she""",It does seem like it has a very feminine touch.,"I don't know, I guess it could be a male.","It's funny how we do that, isn't it.",-0.019,0.971,-0.116,-0.655,-0.283,36.635430,0.806860,0.435191,15.943424,0.351139,45.271570,1.298755,0.000000,19.701798,0.565207
test.context.txt::01867,test.context.txt::01867__row1357,Interesting that most of you are assuming the artist is a woman,0.0,content_diversity,I really can't imagine a man drawing that.,"I think it screams ""a woman created this""",There is nothing masculine about this piece of art,I think almost everyone would say it's very soft and feminine.,I would love to know the man that could paint this picture.,-0.025,0.962,-0.267,-0.733,-0.193,18.757546,0.421580,0.477318,8.953319,0.201228,45.769185,0.721738,0.000000,21.846466,0.344499
test.context.txt::01868,test.context.txt::01868__row1358,Thank you so much I really really appreciate it,1.0,content_diversity,"You're welcome, I so happy you approve.",I'm just glad I could help.,"You're welcome, it's nice to be able to help someone.","YW, let me know if you need anything else.",I'm happy to help anytime,-0.037,0.933,-0.230,-0.819,-0.594,19.281430,0.378924,0.472991,9.119941,0.179228,63.416513,1.317171,0.000000,29.995436,0.623010
test.context.txt::01868,test.context.txt::01868__row1359,Thank you so much I really really appreciate it,0.0,content_diversity,I love helping people so you're welcome.,It was fun for me so no thanks necessary.,You've help me before many time so it's just paying you back a bit.,It was fun to help so no worries.,I learned a few things as well so YW.,-0.051,0.929,-0.240,-0.773,-0.495,42.699676,0.778925,0.390682,16.681977,0.304312,88.170999,1.286201,0.000000,34.446786,0.502495
test.context.txt::01869,test.context.txt::01869__row1360,I met a shower bear once that was quite the experience,1.0,content_diversity,"Do tell, do tell :)","Wait, what? Is that the cousin of the dreaded drop bear?",Where on earth did you find a shower bear?,Ha - I don't believe it. Shower bears are far too rare!,Did it offer you a drink and a cigar?,-0.010,0.974,-0.010,-0.683,-0.196,17.091005,0.246541,0.317984,5.434663,0.078396,86.767508,1.872305,0.000000,27.590665,0.595363
test.context.txt::01869,test.context.txt::01869__row1361,I met a shower bear once that was quite the experience,0.0,content_diversity,You lie! Shower bears don't exist!,Are you telling the truth? What is a shower bear?,I don't get it - what's a shower bear?,"I'm curious, was this in a dream? That's where I've met shower bears.",I think you're a big liar.,-0.036,0.943,-0.233,-0.845,-0.474,34.939242,0.687767,0.392178,13.702406,0.269727,79.744050,0.829260,0.000000,31.273871,0.325218
test.context.txt::01870,test.context.txt::01870__row1362,Way better in season 2 than 8 amp 9 imo,1.0,content_diversity,"Yes, I agree...it started falling off in the middle",Seasons 8 and 9 are pretty bad.,I hear the stars started hating each other so the show suffered.,It was good up until about season 7,I loved the show and was sorry it petered out.,-0.025,0.956,-0.193,-0.669,-0.277,34.479697,0.695880,0.425439,14.669017,0.296055,67.457904,0.575536,0.000000,28.699242,0.244856
test.context.txt::01870,test.context.txt::01870__row1363,Way better in season 2 than 8 amp 9 imo,0.0,content_diversity,One star didn't like sharing the spotlight with the other.,I heard the stars wouldn't even be in the same room together.,I read that the male star made the female star cry a lot.,The male star decided he had to have all the air time.,The male lead is a male chauvinist pig.,-0.050,0.937,-0.296,-0.744,-0.211,57.238555,0.899128,0.381506,21.836847,0.343023,23.474880,0.755604,0.000000,8.955805,0.288267
test.context.txt::01871,test.context.txt::01871__row1364,Til  there are places you can't order a sandwich,1.0,content_diversity,There will always be places you can order a sandwich.,Then I'd just make my own sandwich.,That's never going to happen.,People love their sandwiches and places will continue having them.,I hope you're wrong about that.,-0.006,0.984,-0.211,-0.688,-0.198,30.863761,0.681228,0.437050,13.489001,0.297730,77.862106,1.303770,0.000000,34.029619,0.569813
test.context.txt::01871,test.context.txt::01871__row1365,Til  there are places you can't order a sandwich,0.0,content_diversity,We have our own refrigerators and hands so....,then I'll open a place to make my own sandwiches,My sandwiches would have to do then.,I'll go to my mom's house and make a sandwich.,My sandwiches are always pretty good so I wouldn't miss it.,-0.038,0.934,-0.205,-0.860,-0.464,32.327050,0.920374,0.350128,11.318595,0.322249,52.215973,1.274815,0.000000,18.282258,0.446348
test.context.txt::01872,test.context.txt::01872__row1366,This making the front page is going to triple reddits collective vocabulary,1.0,content_diversity,"Oh no, we don't know big words.",You sound like a bit of an arrogant snob.,The intellectuals are going to have a field day.,I find the whole story too boring to even finish.,I don't understand how this made the front page to begin with.,-0.014,0.974,-0.227,-0.618,-0.222,16.959747,0.448018,0.408972,6.936067,0.183227,36.500573,1.719672,0.000000,14.927723,0.703298
test.context.txt::01872,test.context.txt::01872__row1367,This making the front page is going to triple reddits collective vocabulary,0.0,content_diversity,Are you saying you're too smart for Reddit?,Is someone is too good for Reddit?,Tone down the snobery just a bit.,Just like Donald Trump you too must have the best words.,"Wow, do you think we can handle this added intellectualism?",-0.024,0.962,-0.192,-0.677,-0.265,27.661046,1.004210,0.333534,9.225908,0.334938,75.058359,1.597278,0.000000,25.034539,0.532747
test.context.txt::01873,test.context.txt::01873__row1368,This isn't madden it doesn't just work like that,1.0,content_diversity,Why isn't this Madden?,It does work like that.,Why wouldn't it work like this?,Please explain yourself.,I agree with you on this.,-0.020,0.956,-0.198,-0.706,-0.292,12.462057,0.424891,0.413641,5.154814,0.175752,21.162846,1.143376,0.000000,8.753814,0.472947
test.context.txt::01873,test.context.txt::01873__row1369,This isn't madden it doesn't just work like that,0.0,content_diversity,I am telling you this works like that.,I disagree because it does work like that.,It works like this always.,You are wrong because this is the way it works.,It has always worked like this.,-0.072,0.906,-0.449,-0.890,-0.514,25.922441,0.743774,0.474429,12.298369,0.352868,24.254270,0.504630,0.000000,11.506940,0.239411
test.context.txt::01874,test.context.txt::01874__row1370,You need to be online before I can check the third slot,1.0,content_diversity,"Ok, let me know when to be here and I will.",Sounds good...we'll do it this weekend.,"Thanks, I should have known that.","Alright, I'll be here tonight when you're on.",Let me know what nights you're on and I'll log on.,-0.029,0.931,-0.232,-0.796,-0.451,32.433007,0.916052,0.372715,12.088265,0.341426,28.943139,0.707761,0.000000,10.787539,0.263793
test.context.txt::01874,test.context.txt::01874__row1371,You need to be online before I can check the third slot,0.0,content_diversity,Does Saturday or Sunday work for you?,What weekend day do you want to do it?,I can be here on weekends more than weekdays.,I have more free time on Sunday...how's that?,Can you be on this weekend?,-0.018,0.964,-0.165,-0.874,-0.560,44.832601,0.998771,0.379986,17.035768,0.379519,62.283951,0.989011,0.000000,23.667040,0.375811
test.context.txt::01875,test.context.txt::01875__row1372,I think you can only do 3 of those as president,1.0,content_diversity,"I don't know, I'd have to look it up.",You're probably right about that.,I think it's only two but I might be wrong.,"Yes, you're right. Only 3 is what I've read.",Why would it be limited to three?,-0.014,0.970,-0.132,-0.706,-0.268,26.174211,0.597152,0.463362,12.128130,0.276697,44.153405,0.789086,0.000000,20.459002,0.365632
test.context.txt::01875,test.context.txt::01875__row1373,I think you can only do 3 of those as president,0.0,content_diversity,I'm not well-versed when it comes to presidential powers.,I'll google it because I have no idea.,"You may be right, I'll check it out.",I know nothing about politics so I'd have to google.,I don't have a clue so I'll defer to you.,-0.038,0.947,-0.272,-0.734,-0.286,14.997383,0.404405,0.437127,6.555765,0.176777,28.044375,0.557085,0.000000,12.258961,0.243517
test.context.txt::01876,test.context.txt::01876__row1374,Lets all chip in and send him a real one,1.0,content_diversity,I'm not chiping in,chip in for what?,what are you guys talking about,i would prefer to pay for everything,what is his address,-0.013,0.976,-0.056,-0.611,-0.177,19.759432,0.692660,0.353165,6.978337,0.244623,38.814903,0.942004,0.000000,13.708060,0.332683
test.context.txt::01876,test.context.txt::01876__row1375,Lets all chip in and send him a real one,0.0,content_diversity,i don't want to chip in,i don't want to give money,i'm not giving money,i would prefer not to,i don't want to do that,-0.156,0.776,-0.434,-0.755,-0.605,40.457109,1.832163,0.326936,13.226903,0.599001,15.106043,0.866949,0.000000,4.938716,0.283437
test.context.txt::01877,test.context.txt::01877__row1376,Whats wrong with thanking someone for spending 4 bucks on a stranger,1.0,content_diversity,there is nothing wrong with that,why would it be wrong,i disagree with you,why would you spend on strangers,did you buy something for a stranger?,-0.030,0.948,-0.103,-0.680,-0.299,8.733448,0.654439,0.442451,3.864123,0.289557,49.558191,1.255418,0.000000,21.927071,0.555461
test.context.txt::01877,test.context.txt::01877__row1377,Whats wrong with thanking someone for spending 4 bucks on a stranger,0.0,content_diversity,literally nothing,i don't know what is wrong with it,i can't see what makes it wrong,i'm not sure what is wrong,i think nothing,-0.053,0.899,-0.264,-0.769,-0.562,35.747935,1.202640,0.398455,14.243954,0.479198,26.434729,1.363378,0.000000,10.533058,0.543245
test.context.txt::01878,test.context.txt::01878__row1378,Id like to be a part of this,1.0,content_diversity,Me too!,You already are!,"Believe me, you wouldn't.","It won;t be all they say it is, it never is.",Ypu are the tenth person to say that to me today!,-0.002,0.981,-0.070,-0.624,-0.242,6.376038,0.896980,0.238748,1.522265,0.214152,117.957679,1.546892,0.000000,28.162136,0.369317
test.context.txt::01878,test.context.txt::01878__row1379,Id like to be a part of this,0.0,content_diversity,As would I!,"You and me both,","I know, I feel just the same.","You're not kidding, I'd love to be.",That's just what I have been saying.,-0.008,0.979,-0.072,-0.672,-0.614,32.878430,1.471050,0.228712,7.519696,0.336447,31.715971,2.551526,0.000000,7.253827,0.583565
test.context.txt::01879,test.context.txt::01879__row1380,I want you to draw me like one of your french girls,1.0,content_diversity,What do French girls look like?,Do you want me to exaggerate features?,What do you want me to draw of you?,What else do you want me to draw?,I can draw you anyway you like.,-0.138,0.793,-0.286,-0.787,-0.379,8.375551,0.190466,0.492296,4.123254,0.093766,19.811930,0.618307,0.000000,9.753341,0.304390
test.context.txt::01879,test.context.txt::01879__row1381,I want you to draw me like one of your french girls,0.0,content_diversity,French girls look nice and pretty.,French girls look sophisticated.,French girls look studious.,French girls are well mannered.,French girls are highly determined.,-0.209,0.792,-0.638,-0.933,-0.672,18.063954,0.676166,0.378780,6.842262,0.256118,27.859248,0.698895,0.000000,10.552521,0.264727
test.context.txt::01880,test.context.txt::01880__row1382,I like options 2 5 and 6 the best,1.0,content_diversity,I think any of these options would be acceptable.,I like option 2 the best.,None of these options are acceptable.,I think we need additional options.,There's no way everyone will agree to any one of these options.,-0.074,0.895,-0.410,-0.923,-0.357,12.034218,0.593285,0.522222,6.284528,0.309826,60.739467,0.652142,0.000000,31.719457,0.340563
test.context.txt::01880,test.context.txt::01880__row1383,I like options 2 5 and 6 the best,0.0,content_diversity,We will never get everyone to agree on one option.,Since we can't all agree we should choose the most popular option.,The majority rules since we can't all agree.,"Not everyone will agree, we just have to choose one and go with it.",We need an option that everyone will be okay with.,-0.060,0.903,-0.371,-0.943,-0.513,44.726573,0.814578,0.461130,20.624744,0.375626,30.958157,0.467085,0.000000,14.275721,0.215387
test.context.txt::01881,test.context.txt::01881__row1384,How are you friends which such a whore,1.0,content_diversity,Because she is a whore! Duh.,"I am not her friend, I don;t know why you think I am.",You were friends with her once.,I hate it when people pick on her.,Everyone needs a friend sometimes.,-0.014,0.957,-0.230,-0.713,-0.301,21.701488,0.596731,0.362903,7.875529,0.216555,41.140991,0.901514,0.000000,14.930178,0.327162
test.context.txt::01881,test.context.txt::01881__row1385,How are you friends which such a whore,0.0,content_diversity,We all need someone to talk to sometimes.,It would be awful if she had no friends at all.,If she needs me she Knows I am there for her.,How sad is she had nobody to turn to.,If I wasn't her friend she would have nobody there for her.,-0.046,0.915,-0.293,-0.747,-0.374,40.657651,1.011175,0.363079,14.761956,0.367137,35.979769,1.308098,0.000000,13.063513,0.474944
test.context.txt::01882,test.context.txt::01882__row1386,I've held one out the window on the highway before pretty impressive,1.0,content_diversity,Who hasn't done that!,That's pretty reckless.,You can get fined for doing that.,You let go and it get all bad.,Not at 10 MPH it isn't!,-0.008,0.979,-0.168,-0.632,-0.275,11.983173,0.203849,0.269077,3.224395,0.054851,70.278916,2.517303,0.000000,18.910432,0.677348
test.context.txt::01882,test.context.txt::01882__row1387,I've held one out the window on the highway before pretty impressive,0.0,content_diversity,That is so dangerous.,Dont you think that is pretty reckless?,Thats a crazy thing to do.,You have to be nuts to do that.,Have you lost your mind? That's insane.,-0.020,0.955,-0.149,-0.758,-0.600,30.090150,1.164172,0.354446,10.665347,0.412637,42.045035,0.510306,0.000000,14.902713,0.180876
test.context.txt::01883,test.context.txt::01883__row1388,You are missing out on meeting some very friendly people,1.0,content_diversity,"I know, I'm gutted.",I never liked any of them to be honest.,I really do not care one jot.,"Yeah, they sound great.","Don't worry, I am loving it here.",-0.019,0.981,-0.223,-0.621,-0.308,26.600645,1.059084,0.253716,6.749017,0.268707,23.148733,1.327086,0.000000,5.873210,0.336703
test.context.txt::01883,test.context.txt::01883__row1389,You are missing out on meeting some very friendly people,0.0,content_diversity,I am not bothered.,It really doesn't matter that much to me.,So what?,I really don't care.,I am simply not interested.,-0.032,0.945,-0.382,-0.705,-0.500,22.048712,1.588564,0.238074,5.249236,0.378196,22.878609,1.837908,0.000000,5.446813,0.437559
test.context.txt::01884,test.context.txt::01884__row1390,Look at the expression of the guy at the table,1.0,content_diversity,He looks insane!,I don't know if he is bored or dead.,The guy seems really upset about something.,The one with the big nose?,His wife looks even worse!,-0.008,0.987,-0.214,-0.616,-0.245,17.130756,0.419759,0.329213,5.639668,0.138190,37.221323,0.911733,0.000000,12.253745,0.300154
test.context.txt::01884,test.context.txt::01884__row1391,Look at the expression of the guy at the table,0.0,content_diversity,He looks mental!,That's a crazy looking dude.,I think he is nuts!,Wow he looks like a psycho.,He is scary mental.,-0.022,0.957,-0.391,-0.803,-0.595,26.659266,1.188852,0.216817,5.780188,0.257764,27.732550,1.462621,0.000000,6.012894,0.317121
test.context.txt::01885,test.context.txt::01885__row1392,How is it going to affect your gameplay,1.0,content_diversity,Of course it will affect it.,It won't be affected.,I don't know how to answer your question.,I could ask you the opposite.,You are into the game too much.,-0.006,0.981,-0.252,-0.709,-0.198,14.245911,0.484302,0.360138,5.130490,0.174416,38.234413,1.255443,0.000000,13.769654,0.452132
test.context.txt::01885,test.context.txt::01885__row1393,How is it going to affect your gameplay,0.0,content_diversity,How do I answer this?,I'm not sure of the answer.,I don't know the answer to this.,"Man, I really don't know.",I have to think about how to answer this.,-0.060,0.910,-0.377,-0.863,-0.677,22.577054,0.947819,0.382882,8.644355,0.362903,29.252898,0.950186,0.000000,11.200418,0.363809
test.context.txt::01886,test.context.txt::01886__row1394,I would love to invest in vodka  what a great idea,1.0,content_diversity,"If I had the money to invest in vodka, I put it into a savings account.",I'm too chicken to do any kind of risky investing.,I heard a tequila company sold for a billion dollars.,I would love to be able to do that but alas my cupboard is bare.,I'm with you on that!,-0.022,0.960,-0.138,-0.618,-0.090,31.365571,0.301674,0.456512,14.318775,0.137718,64.255935,0.890167,0.000000,29.333636,0.406373
test.context.txt::01886,test.context.txt::01886__row1395,I would love to invest in vodka  what a great idea,0.0,content_diversity,I'll never be rich because I am too conservative with money to invest it.,That could be really great or really bad.,"If you can afford to lose that kind of money, it would be good but I can't.","If I have two bucks, I can't risk losing it.",I'm too wimpy to be an investor...maybe if I had more.,-0.038,0.946,-0.174,-0.770,-0.338,27.738124,0.469620,0.416550,11.554314,0.195620,54.321412,1.016041,0.000000,22.627581,0.423232
test.context.txt::01887,test.context.txt::01887__row1396,I don't think spiderman would be too happy about that,1.0,content_diversity,You're damn right there.,"Oh I don't know, maybe he secretly was.",It's hard to tell.,Is that just your opinion or is it how it pans out?,What about the other guy though?,0.000,0.994,-0.053,-0.617,-0.277,14.889092,0.577804,0.349010,5.196442,0.201659,70.640801,0.728653,0.000000,24.654345,0.254307
test.context.txt::01887,test.context.txt::01887__row1397,I don't think spiderman would be too happy about that,0.0,content_diversity,Spot on.,I couldn't agree with you more.,I think you are right there.,I was thinking the same.,You are on the money with that comment.,-0.028,0.948,-0.202,-0.669,-0.486,16.343916,0.964537,0.294695,4.816476,0.284245,27.204343,2.909477,0.000000,8.016993,0.857409
test.context.txt::01888,test.context.txt::01888__row1398,2 wow I know the feeling bro hate when that happens,1.0,content_diversity,"Thanks, that's nice of you to say.",Thanks and sorry you know all about it...lol,"Yeah, I'm pretty bummed out about it.",I didn't think it would happen but it did.,Thank you for the thought,-0.016,0.972,-0.070,-0.712,-0.343,28.407080,0.635245,0.457343,12.991786,0.290525,74.016141,1.281416,0.000000,33.850781,0.586047
test.context.txt::01888,test.context.txt::01888__row1399,2 wow I know the feeling bro hate when that happens,0.0,content_diversity,You always think this stuff happens to someone else,I thought everything would turn out okay but it didn't.,"I counted my chickens, as they say...","Well, it really floored me when it happened.",Nobody can believe it but here we are.,-0.015,0.976,-0.128,-0.652,-0.222,31.427412,0.712280,0.424040,13.326485,0.302035,23.125210,1.204070,0.000000,9.806018,0.510574
test.context.txt::01889,test.context.txt::01889__row1400,Wow really what was his reaction to that,1.0,content_diversity,he was angry,what do you think,nothing special,why would he react,i don't remember,-0.006,0.787,-0.131,-0.583,-0.273,16.834715,1.078676,0.435214,7.326712,0.469455,9.364887,0.734306,0.000000,4.075735,0.319581
test.context.txt::01889,test.context.txt::01889__row1401,Wow really what was his reaction to that,0.0,content_diversity,he didn't react,no reaction,there wasn't any reaction,he didn't even care,it was calm,-0.027,0.744,-0.270,-0.715,-0.618,20.519052,1.016939,0.355629,7.297165,0.361653,19.897776,2.216676,0.000000,7.076222,0.788314
test.context.txt::01350,test.context.txt::01350__row1402,I hoped to read some actual discussions on the country,1.0,content_diversity,I think you sets your sights to high for this thread.,"Nope, there's only arguing and complaining here.",Maybe we should start another thread for intelligent people.,"Me, too...but all I see is name-calling.",I'm tired of the arguments because they're the same ones over and over.,-0.008,0.974,-0.189,-0.688,-0.237,17.412541,0.462685,0.389579,6.783553,0.180252,40.927991,1.229194,0.000000,15.944669,0.478868
test.context.txt::01350,test.context.txt::01350__row1403,I hoped to read some actual discussions on the country,0.0,content_diversity,Some people have absolutely nothing to say but they say it anyway.,I'm sick of all the rhetoric in these threads.,Can anyone say anything new and worth hearing?,The same people say the same things every day.,I think I'll go somewhere else to hear new people complain,-0.020,0.963,-0.210,-0.768,-0.356,28.541717,0.706545,0.410614,11.719619,0.290117,56.304250,0.992518,0.000000,23.119293,0.407542
test.context.txt::01351,test.context.txt::01351__row1404,Well jesus christ which one is it catholic or christian,1.0,content_diversity,"What's it to you, anyway?",I'm a good christian just not a good catholic,It shouldn't matter as long as I don't hurt anyone.,Catholic is to strict for me so I would say Christian.,I don't have to call it anything...especially for you.,-0.023,0.944,-0.044,-0.695,-0.231,14.732549,0.366629,0.435690,6.418825,0.159737,64.856424,0.702776,0.000000,28.257302,0.306193
test.context.txt::01351,test.context.txt::01351__row1405,Well jesus christ which one is it catholic or christian,0.0,content_diversity,Why is it that you think I need to answer to you?,It's really none of your business.,I'm not even talking to you so MYODB.,I don't talk religion with an atheist.,How about nunya biz?,-0.008,0.978,-0.057,-0.628,-0.254,27.222809,0.312092,0.299680,8.158119,0.093527,69.127808,3.594511,0.000000,20.716189,1.077201
test.context.txt::01352,test.context.txt::01352__row1406,Both of you are the reasons I am here right now,1.0,content_diversity,That's a nice thing to say...thank you!,"Awwww, thanks for that.","and I am here for you, too.",I appreciate that and am so happy you are here.,And right back at you.,-0.019,0.958,-0.109,-0.741,-0.575,19.085238,0.572333,0.384459,7.337483,0.220038,23.579691,0.869777,0.000000,9.065414,0.334393
test.context.txt::01352,test.context.txt::01352__row1407,Both of you are the reasons I am here right now,0.0,content_diversity,You know I'd do anything for you.,You are my friend and I'd help you with anything.,Thanks and you're one of the reasons I stick around.,You are a blessing to me and I will repay someday.,Let me know if you ever need anything.,-0.040,0.939,-0.232,-0.780,-0.529,36.426012,0.677484,0.446929,16.279823,0.302787,62.945696,0.824563,0.000000,28.132226,0.368520
test.context.txt::01353,test.context.txt::01353__row1408,He played the friend in everybody hates chris,1.0,content_diversity,"I never watched that show, so not helpful.","Was he in something else too, another sitcom?",And what about on the big screen?,"Yeah, nobody remembers the friend of a nobody. ha",He really grew up to be hot!,-0.002,0.990,-0.135,-0.640,-0.091,29.808452,0.559654,0.305911,9.118722,0.171204,53.472430,0.989075,0.000000,16.357784,0.302569
test.context.txt::01353,test.context.txt::01353__row1409,He played the friend in everybody hates chris,0.0,content_diversity,"man, he's aged like fine wine!",what a looker he is now compared to those awkward teen years.,Who knew he would be this fine?,"I did a double take when I say that mature, handsome face on screen.",The years have been kind to his face.,-0.009,0.974,-0.107,-0.700,-0.340,51.982351,1.155903,0.292804,15.220639,0.338453,79.016831,0.987025,0.000000,23.136443,0.289005
test.context.txt::01354,test.context.txt::01354__row1410,You don't have a high creep threshold do you,1.0,content_diversity,I do,I am not into guys,maybe not,what are creeps?,depends on the situation,-0.013,0.975,-0.196,-0.593,-0.207,18.212772,2.074065,0.153850,2.802036,0.319095,37.456267,3.058763,0.000000,5.762649,0.470591
test.context.txt::01354,test.context.txt::01354__row1411,You don't have a high creep threshold do you,0.0,content_diversity,I am into girls,I like woman as a man,I don't like guys like that,I am a straight man so I am not into guy,I have no interest in male,-0.062,0.913,-0.401,-0.703,-0.332,40.460325,1.636732,0.244636,9.898062,0.400404,41.610541,1.308744,0.000000,10.179447,0.320166
test.context.txt::01355,test.context.txt::01355__row1412,At 4 10 I think he'd be perfect for me,1.0,content_diversity,You two would make the cutest couple.,"Yes, he would be perfect for you.","And he's rich, too!",Maybe we should work on that...,I would love to play matchmaker!,-0.009,0.987,-0.220,-0.651,-0.337,14.001336,0.679824,0.434376,6.081844,0.295299,25.795841,1.662015,0.000000,11.205094,0.721939
test.context.txt::01355,test.context.txt::01355__row1413,At 4 10 I think he'd be perfect for me,0.0,content_diversity,I could set up a perfect blind date for you two.,I would love to be the one to get you two together.,It would be fun to be like a matchmaking guru.,I would so love to do that!,You want me to set up a date for you?,-0.068,0.888,-0.333,-0.786,-0.499,34.759413,0.799487,0.426106,14.811198,0.340666,29.279398,0.912375,0.000000,12.476130,0.388769
test.context.txt::01356,test.context.txt::01356__row1414,This explains me and my girlfriend in a nutshell,1.0,content_diversity,"I can relate to it, as well.","That explains a lot of couples, I would think.",Lol...it certainly does.,"No, I think you guys are way past this point.",What parts do you think describe you?,-0.016,0.972,-0.099,-0.655,-0.261,15.084205,0.571716,0.345018,5.204323,0.197252,35.498821,0.746658,0.000000,12.247733,0.257610
test.context.txt::01356,test.context.txt::01356__row1415,This explains me and my girlfriend in a nutshell,0.0,content_diversity,There are some parts that are really spot on.,I certainly see a lot of myself in that.,I hate it when some random paragraph describes me.,I sure feel a lot of what is said there.,It's a pretty accurate description of my relationship.,-0.033,0.940,-0.262,-0.726,-0.342,36.381870,0.850803,0.427685,15.559987,0.363876,55.509868,1.246766,0.000000,23.740748,0.533223
test.context.txt::01357,test.context.txt::01357__row1416,I promise I will respond allow me time to absorb,1.0,content_diversity,"Of course, take all the time you need.",Okay but get back with me soon.,Try to hurry because I need to know.,I have to make a decision so I'm looking forward to your answer.,"Take your time, no hurry.",-0.016,0.966,-0.174,-0.753,-0.417,34.239401,0.798667,0.387954,13.283308,0.309846,59.086485,0.990333,0.000000,22.922830,0.384203
test.context.txt::01357,test.context.txt::01357__row1417,I promise I will respond allow me time to absorb,0.0,content_diversity,No problem out all...whatever you need.,I have all the time in the world so no hurry.,There's no time limit so just let me know when you can.,Do it at your own pace.,"Absolutely, just text me when you're ready to talk.",-0.013,0.964,-0.166,-0.733,-0.420,21.616982,0.604753,0.390686,8.445462,0.236269,76.201086,1.988570,0.000000,29.770732,0.776907
test.context.txt::01358,test.context.txt::01358__row1418,And the worlds gone crazy and it aint safe on the streets,1.0,content_diversity,it is safe now,I could care less,I am safe whenever I am,the world has always been crazy,the street is never safe,-0.025,0.934,-0.108,-0.698,-0.237,28.611937,1.274232,0.340714,9.748495,0.434149,14.027692,1.379045,0.000000,4.779435,0.469860
test.context.txt::01358,test.context.txt::01358__row1419,And the worlds gone crazy and it aint safe on the streets,0.0,content_diversity,the world is nuts,the world has never been sane,that is the same old world,"what else is new, the world is like that",that is what the world has been,-0.151,0.831,-0.285,-0.805,-0.351,36.799945,1.299712,0.381159,14.026630,0.495397,34.745566,0.790975,0.000000,13.243585,0.301487
test.context.txt::01359,test.context.txt::01359__row1420,Way to repost the same thing you posted a few minutes ago,1.0,content_diversity,I do what I want,do you not like the repost,it got a lot of audience,do you have other suggestion?,"well, what else can we do",-0.031,0.948,-0.063,-0.590,-0.265,27.367041,1.068309,0.296834,8.123465,0.317110,27.187655,0.896858,0.000000,8.070217,0.266218
test.context.txt::01359,test.context.txt::01359__row1421,Way to repost the same thing you posted a few minutes ago,0.0,content_diversity,that is what I do,that is my decision,I do that because I want to,i can do what I please,that is my doing,-0.114,0.848,-0.261,-0.857,-0.599,50.478756,2.375874,0.232161,11.719190,0.551585,40.303170,1.615123,0.000000,9.356817,0.374968
test.context.txt::01360,test.context.txt::01360__row1422,But then you can say I learned it from you,1.0,content_diversity,that is true,true i have taught many,I should do that,you will be indebted to me,I like that fact,-0.027,0.964,-0.158,-0.706,-0.470,16.492245,0.810492,0.300899,4.962501,0.243876,45.824122,1.440597,0.000000,13.788436,0.433474
test.context.txt::01360,test.context.txt::01360__row1423,But then you can say I learned it from you,0.0,content_diversity,I have taught multiple people,I have done the same with many,this is not an uncommon thing,the people I have taught are numerous,I am a teacher,-0.062,0.909,-0.265,-0.754,-0.441,34.419084,0.949063,0.392342,13.504047,0.372357,30.345649,0.535358,0.000000,11.905868,0.210043
test.context.txt::01361,test.context.txt::01361__row1424,Wish id known ahead of time I'm stuck working down in houston,1.0,content_diversity,I really wish I'd have mentioned earlier.,I meant to tell you and kept forgetting.,"I'm sorry, I thought you already knew.","Well, maybe next time you can come along.",I thought you were the one who told me.,-0.042,0.945,-0.204,-0.744,-0.508,28.950010,0.733954,0.406641,11.772250,0.298455,41.304570,0.929801,0.000000,16.796115,0.378095
test.context.txt::01361,test.context.txt::01361__row1425,Wish id known ahead of time I'm stuck working down in houston,0.0,content_diversity,I kept meaning to tell you but then something else would come up,I was going to text you and then I'd end up doing another thing,I'm getting so forgetful and I really wanted you to go.,I thought about it at night and meant to do it in the morning.,I made myself promise to tell you and then I'd forget the promise,-0.072,0.901,-0.315,-0.834,-0.467,61.777634,1.061224,0.434187,26.823039,0.460769,61.539821,1.157468,0.000000,26.719785,0.502558
test.context.txt::01362,test.context.txt::01362__row1426,Id much rather get no reason than a fake one,1.0,content_diversity,"Me, too...I'm getting sick of fake people.",I understand and feel the same.,"Exactly, and why don't more people realize that?","Yes, the fake ones are truly annoying.",I agree and I let them know I know it's fake.,-0.024,0.949,-0.199,-0.745,-0.371,17.941045,0.476701,0.380482,6.826252,0.181376,51.931885,0.888498,0.000000,19.759171,0.338058
test.context.txt::01362,test.context.txt::01362__row1427,Id much rather get no reason than a fake one,0.0,content_diversity,I don't care for it so I sound them on it.,I always let people know that I don't like the fake reason.,I don't have anything else to do after I let them know.,If they can't tell me the truth then I embarrass them with the truth.,I hate people who lie and I let them know it!,-0.087,0.892,-0.280,-0.816,-0.446,33.065520,0.495605,0.399520,13.210331,0.198004,39.945495,1.232821,0.000000,15.959018,0.492536
test.context.txt::01363,test.context.txt::01363__row1428,You can tell by the pixels  edit I'm an expert,1.0,content_diversity,I don't even know what a pixels edit is.,I wouldn't know an expert from a newbie.,Everyone is an expert compared to me.,You know way more than anyone else I know.,I will never understand this stuff.,-0.039,0.943,-0.247,-0.691,-0.265,21.671485,0.530870,0.467507,10.131573,0.248185,22.918081,0.421069,0.000000,10.714366,0.196853
test.context.txt::01363,test.context.txt::01363__row1429,You can tell by the pixels  edit I'm an expert,0.0,content_diversity,It's actually funny how much I don't know about technology.,I hate to brag but I know how to turn a computer on.,"I am so behind on this stuff, I hate to even say anything.",I never know what people are talking about.,I'm used to people speaking over my head when it comes to this.,-0.051,0.928,-0.268,-0.753,-0.256,26.616211,0.572689,0.473935,12.614356,0.271418,58.935649,0.715860,0.000000,27.931671,0.339271
test.context.txt::01364,test.context.txt::01364__row1430,If an arm get off hell  have one hell of a story,1.0,content_diversity,we have our own story,what story,that is not a big deal,what are you talking about?,haha you are funny,-0.022,0.964,-0.082,-0.664,-0.314,10.547634,0.570782,0.343782,3.626084,0.196224,30.094471,1.625336,0.000000,10.345930,0.558761
test.context.txt::01364,test.context.txt::01364__row1431,If an arm get off hell  have one hell of a story,0.0,content_diversity,let's make out own story,we each have a story to tell,mind our own stories,"we don't need that, we have our own",there is a story of each of us,-0.042,0.916,-0.189,-0.846,-0.482,29.460292,1.262735,0.310068,9.134708,0.391534,29.923854,1.277479,0.000000,9.278444,0.396106
test.context.txt::01365,test.context.txt::01365__row1432,You can fix the ending  thats more than you deserve,1.0,content_diversity,I can do whatever I want without you permission.,"You are a b&^#*, aren't you?","Don't let it bug you, my dear.","MYODB...for dummies it means, MIND YOUR OWN DAMN BUSINESS!","Lol, I don't even care that you said that.",-0.008,0.975,0.083,-0.696,-0.295,30.531759,0.935686,0.318265,9.717191,0.297796,126.978225,2.208809,0.000000,40.412725,0.702986
test.context.txt::01365,test.context.txt::01365__row1433,You can fix the ending  thats more than you deserve,0.0,content_diversity,That's not even worth my time to comment.,"Oh wah, wah, wah...just be quite, would you?",That's actually pretty funny.,You can't get under my skin so don't try.,Lol...you are a trip.,-0.006,0.982,-0.052,-0.656,-0.199,24.814583,0.475093,0.306242,7.599267,0.145494,80.494779,2.116384,0.000000,24.650881,0.648126
test.context.txt::01366,test.context.txt::01366__row1434,I'm highly skeptical of the idea that she hasn't had work done,1.0,content_diversity,I dont know that I believe she didnt do the work,It seems to be that she probably did do the work,I find it very unlikely she did not take part in the work,"The work, it seems to me, was probably done by her",I just dont think I can believe she was not involved in the work,-0.080,0.883,-0.358,-0.942,-0.672,59.252914,1.151249,0.428091,25.365630,0.492839,19.553871,0.284840,0.000000,8.370833,0.121937
test.context.txt::01366,test.context.txt::01366__row1435,I'm highly skeptical of the idea that she hasn't had work done,0.0,content_diversity,I dont completely by that she did not do work,The work looks as if it were done by her,"To me, I believe that she is the one that did the work",Most likely she was the one who did the work I think,My belief is the work seems to have been done by her.,-0.077,0.884,-0.324,-0.947,-0.662,35.852937,0.739153,0.403209,14.456227,0.298033,52.657270,1.243425,0.000000,21.231886,0.501360
test.context.txt::01367,test.context.txt::01367__row1436,I turned up the volume expecting to hear it,1.0,content_diversity,You couldn't hear it?,What did you hear then?,I didn't hear it either.,Yeah I turned it way up too,Were you able to hear it or did you change the channel?,-0.045,0.931,-0.236,-0.802,-0.309,9.352437,0.796030,0.368875,3.449881,0.293636,52.498253,0.924161,0.000000,19.365295,0.340900
test.context.txt::01367,test.context.txt::01367__row1437,I turned up the volume expecting to hear it,0.0,content_diversity,I kept playing around with it but it never came on.,I got some other preaching idiot so I didn't hear what I wanted.,I tried several time then gave up.,I wanted to hear it but didn't get to.,I gave up after a couple of minutes.,-0.053,0.924,-0.314,-0.762,-0.508,31.382028,0.792046,0.398180,12.495711,0.315377,108.065369,1.268094,0.000000,43.029520,0.504930
test.context.txt::01368,test.context.txt::01368__row1438,I have about 2 and a half I think,1.0,content_diversity,"oh, thats a good amount",sound about right,only that many?,seems about average,just today?,-0.007,0.988,-0.066,-0.670,-0.426,20.666974,0.833129,0.263274,5.441083,0.219341,29.989362,3.379921,0.000000,7.895428,0.889846
test.context.txt::01368,test.context.txt::01368__row1439,I have about 2 and a half I think,0.0,content_diversity,that is a large amount,that is good enough,that amount is normal,that is plenty,I would think that amount is good enough,-0.158,0.808,-0.323,-0.864,-0.589,15.521312,1.217155,0.431976,6.704834,0.525782,54.520921,0.752240,0.000000,23.551730,0.324950
test.context.txt::01369,test.context.txt::01369__row1440,Itt people that have never been to detroit,1.0,content_diversity,That's not true because I've been to detroit.,I know what you mean because no one ever knows what I'm talking about.,I haven't been to Detroit in years and I love hearing about it.,I've never been to Detroit and find the conversation booooring.,I like talking about different things even if I've never been there.,-0.061,0.905,-0.218,-0.802,-0.362,29.041450,0.466610,0.495735,14.396864,0.231315,42.725332,0.451127,0.000000,21.180444,0.223640
test.context.txt::01369,test.context.txt::01369__row1441,Itt people that have never been to detroit,0.0,content_diversity,I don't think one has to be an expert to join in a conversation.,You are canceling others out because they've never been somewhere?,I like hearing and asking questions about places I've never been.,It's not a sin to have never traveled somewhere before.,It's perfectly okay to join in the conversation without being put down for something.,-0.031,0.944,-0.232,-0.736,-0.440,38.043528,0.711564,0.441846,16.809370,0.314402,58.693264,0.634916,0.000000,25.933367,0.280535
test.context.txt::01370,test.context.txt::01370__row1442,Well if your boyfriends name is matt this would be awkward,1.0,content_diversity,It could be awkward but not impossible to deal with.,It's also a pretty funny coincidence.,"Luckily, his name isn't Matt.","You're not kidding, it would be awkward.","It would be a point of conversation, too.",-0.026,0.948,-0.174,-0.711,-0.368,4.325023,0.239127,0.433976,1.876957,0.103775,28.306289,0.733073,0.000000,12.284253,0.318136
test.context.txt::01370,test.context.txt::01370__row1443,Well if your boyfriends name is matt this would be awkward,0.0,content_diversity,I am so glad his name isn't Matt.,"You're right, I'm sure glad it isn't.",Thank God his mother named him Todd.,"It's not Matt, lucky for me!",Matt is not his name and I'm so glad.,-0.035,0.933,-0.288,-0.773,-0.535,40.032784,1.218385,0.340426,13.628201,0.414770,44.346328,1.216019,0.000000,15.096643,0.413965
test.context.txt::01371,test.context.txt::01371__row1444,Face off sadly I have family that loved that movie,1.0,content_diversity,Ha ha...so do I. And so did I. It's a fun movie!,It was lame but actually worth watching.,I can't watch anything with John Travolta in it.,I have not seen it but I know people who liked it too.,It was a corny premise but it was still good for a few thrills.,-0.034,0.945,-0.193,-0.727,-0.295,-8.584667,0.002106,0.418298,-3.590951,0.000881,92.314270,1.711873,0.000000,38.614898,0.716073
test.context.txt::01371,test.context.txt::01371__row1445,Face off sadly I have family that loved that movie,0.0,content_diversity,At first I thought it was dumb but they pulled it off pretty well.,It sounds stupid but it's not as stupid as it sounds...if that makes sense,I liked it even though it was off the wall.,Movies don't have to be perfect to be worth watching.,I thought it was a decent movie even if the plot was shaky.,-0.050,0.908,-0.192,-0.693,-0.433,27.558863,0.556498,0.509840,14.050619,0.283725,38.343679,0.278906,0.000000,19.549153,0.142198
test.context.txt::01372,test.context.txt::01372__row1446,Fuck you now it's on repeat in my head,1.0,content_diversity,"haha, that is nice",that was my plan all along,"well, you can fix it on your own",I don't have anything to do with your head,that is your own fault,-0.038,0.948,-0.058,-0.677,-0.276,29.292695,0.772586,0.377797,11.066701,0.291881,33.526257,1.888401,0.000000,12.666129,0.713433
test.context.txt::01372,test.context.txt::01372__row1447,Fuck you now it's on repeat in my head,0.0,content_diversity,that is your issue,that is your problem,your head is yours own fault,what going on in your head is your doing,it is your responsibility,-0.155,0.840,-0.402,-0.790,-0.553,47.711044,1.832343,0.345121,16.466066,0.632379,56.735669,1.427987,0.000000,19.580650,0.492828
test.context.txt::01373,test.context.txt::01373__row1448,Normally I wouldnt but I also don't want op to die,1.0,content_diversity,well aren't you just the sweetest!,don't waste your words on this nonsense.,not like anyone took you seriously to begin with!,some things really ought not need to be said!,is this your official disclaimer for the ensuing law suit?,-0.015,0.971,-0.043,-0.660,-0.242,16.330880,0.509605,0.365560,5.969911,0.186291,69.101758,0.583628,0.000000,25.260814,0.213351
test.context.txt::01373,test.context.txt::01373__row1449,Normally I wouldnt but I also don't want op to die,0.0,content_diversity,are you just covering your own hide now?,I see that we're making a record for later.,"Good, you will have the receipts when the time comes.",Is this for your protection or for op?,"Right, of course it has nothing to do with absolving yourself of blame later.",-0.010,0.971,-0.150,-0.630,-0.274,32.387396,0.846715,0.360019,11.660075,0.304833,44.151547,1.288509,0.000000,15.895392,0.463888
test.context.txt::01374,test.context.txt::01374__row1450,Here is my humble and sadly only upboat for your true words,1.0,content_diversity,my words are always true,thank you,you should do it more often,thanks for the notification,truer words never spoken,-0.010,0.981,0.022,-0.654,-0.264,17.660363,0.946622,0.394024,6.958615,0.372992,34.363781,0.611008,0.000000,13.540171,0.240752
test.context.txt::01374,test.context.txt::01374__row1451,Here is my humble and sadly only upboat for your true words,0.0,content_diversity,I only speak the truth,I only like to say true things,my words are often true,i like truth above all else,truth must be spoken,-0.030,0.946,-0.212,-0.924,-0.612,44.249307,1.743302,0.330840,14.639422,0.576753,30.852648,0.911901,0.000000,10.207277,0.301693
test.context.txt::01375,test.context.txt::01375__row1452,I don't know I did't read your novel,1.0,content_diversity,I was talking to someone else when I said that.,I wasn't assuming you did read it.,"I was making a statement, not asking a question.",You didn't have to read it to understand what I was saying.,You're missing out then...,-0.038,0.931,-0.165,-0.728,-0.343,5.135166,-0.355982,0.457597,2.349835,-0.162896,39.287501,2.590991,0.000000,17.977833,1.185629
test.context.txt::01375,test.context.txt::01375__row1453,I don't know I did't read your novel,0.0,content_diversity,"I think you need to re-read the thread, I was having a conversation with May.",I didn't ask you a question.,You are getting huffy and I was speaking to someone other than you.,"Sorry, my question was directed at another person.","No problem, didn't miss you.",-0.039,0.944,-0.239,-0.731,-0.267,31.614869,0.360165,0.402674,12.730490,0.145029,89.025121,1.393094,0.000000,35.848114,0.560963
test.context.txt::01376,test.context.txt::01376__row1454,Only the bbc version and only the first two seasons,1.0,content_diversity,Is the BBC version that much different?,I didn't realize there was a BBC version,Why only the first two seasons?,The BBC version is no longer availaible.,I'll try it for sure,-0.029,0.955,-0.021,-0.731,-0.259,19.851418,0.306524,0.395946,7.860092,0.121367,41.818043,2.013977,0.000000,16.557692,0.797427
test.context.txt::01376,test.context.txt::01376__row1455,Only the bbc version and only the first two seasons,0.0,content_diversity,"Okay, I'll give it a shot.",I'll see if I can find that version,"That sounds good, I'll look for it.","Thanks, I'll watch it",I'll look for it today,-0.094,0.883,-0.416,-0.801,-0.610,33.323197,1.109348,0.321736,10.721287,0.356918,16.070574,1.112865,0.000000,5.170489,0.358049
test.context.txt::01377,test.context.txt::01377__row1456,Really but I learned it in my 4th year genetics class,1.0,content_diversity,that's awesome! I never knew that!,and what field do you work in now?,"All this time I was told the opposite thing, literally!",Wish I scienced more in school.,Thank you for that; everyone is an expert all of a sudden!,-0.013,0.981,-0.061,-0.639,-0.145,15.353609,0.518269,0.383994,5.895687,0.199012,75.851388,0.922211,0.000000,29.126446,0.354123
test.context.txt::01377,test.context.txt::01377__row1457,Really but I learned it in my 4th year genetics class,0.0,content_diversity,apparently people know all of the things out of nowhere!,people are talking with so much conviction on stuff they know nothing about!,"You learn them all, kiddo!","Yeah, well said. Nice way to shut down the armchair scientists!",People do a google search and they're experts all of a sudden!,-0.012,0.968,-0.140,-0.727,-0.248,30.607495,0.938364,0.361068,11.051388,0.338813,35.868800,1.682820,0.000000,12.951077,0.607612
test.context.txt::01378,test.context.txt::01378__row1458,Alright you can add me whenever you want to offer,1.0,content_diversity,sounds good,I am not interested in adding you,what do you mean?,add you? you are already in my friend list,maybe not,-0.017,0.967,0.003,-0.645,-0.209,31.148907,1.010250,0.299347,9.324328,0.302415,49.646783,2.194907,0.000000,14.861609,0.657039
test.context.txt::01378,test.context.txt::01378__row1459,Alright you can add me whenever you want to offer,0.0,content_diversity,that works,let's do that,all righty,works for me,I am down for that,-0.033,0.947,-0.149,-0.704,-0.492,32.197857,3.065826,0.231444,7.452010,0.709568,21.609722,1.442370,0.000000,5.001447,0.333828
test.context.txt::01379,test.context.txt::01379__row1460,Gtmy ex wives  I think you're the problem here buddy,1.0,content_diversity,Thank's for that!,You're welcome.,"I beg to differ, you are the problem, I am the solution.","You always say that,","No, I htink they are.",-0.007,0.969,-0.007,-0.685,-0.335,14.965392,0.326967,0.302834,4.532033,0.099017,62.112842,2.834928,0.000000,18.809893,0.858513
test.context.txt::01379,test.context.txt::01379__row1461,Gtmy ex wives  I think you're the problem here buddy,0.0,content_diversity,"Oh right, thanks!",Cheers!,"Nice of you to say, thanks.",Well thank you sir.,"Oh, okay, thanks!",-0.011,0.976,-0.190,-0.802,-0.630,27.417643,1.620366,0.227164,6.228289,0.368088,19.822929,1.681258,0.000000,4.503047,0.381920
test.context.txt::01380,test.context.txt::01380__row1462,I require more info on the third link please,1.0,content_diversity,What kind of info do you need?,I found everything I needed on google.,"What are you looking for, I think I have everything.",I'd be happy to send you what I have.,"They provided a lot of info, if you need any more than look it up.",-0.038,0.950,-0.194,-0.774,-0.421,8.042111,0.404670,0.470159,3.781070,0.190259,93.050121,0.926828,0.000000,43.748337,0.435756
test.context.txt::01380,test.context.txt::01380__row1463,I require more info on the third link please,0.0,content_diversity,Tell me what you need and I'll post it,I'll send whatever.,I think I have whatever you need.,I'll share whatever I have.,I send you my stuff if you want.,-0.063,0.904,-0.356,-0.838,-0.640,19.307654,0.799070,0.341641,6.596278,0.272995,32.280619,1.083927,0.000000,11.028369,0.370313
test.context.txt::01381,test.context.txt::01381__row1464,Can you do that on a standard iphone,1.0,content_diversity,"Yes, I think you can.",You should be able to do it.,I don't know any reason why you shouldn't.,I don't think so but it's worth a shot to try.,"Actually, I'm not sure but I'll look it up for you.",-0.030,0.952,-0.197,-0.771,-0.441,23.723721,0.778888,0.441041,10.463142,0.343522,48.430985,0.455813,0.000000,21.360067,0.201032
test.context.txt::01381,test.context.txt::01381__row1465,Can you do that on a standard iphone,0.0,content_diversity,You can do most things on a standard iphone.,I think so but I don't really know.,You probably can but we'll find out.,Let's try it because you should be able to.,I hope so otherwise let's get you upgraded.,-0.016,0.966,-0.154,-0.706,-0.324,20.996550,0.592006,0.425964,8.943774,0.252173,45.134021,0.973328,0.000000,19.225467,0.414603
test.context.txt::01382,test.context.txt::01382__row1466,Happy cake day   sorry I just had to yell  0,1.0,content_diversity,I love cake,why do you yell,I don't like to hear yelling,I wish you did not yell,happy cakes days to you too,-0.032,0.952,-0.128,-0.704,-0.200,21.910036,1.209009,0.309496,6.781072,0.374184,36.841547,0.486887,0.000000,11.402318,0.150690
test.context.txt::01382,test.context.txt::01382__row1467,Happy cake day   sorry I just had to yell  0,0.0,content_diversity,I like cakes,I really enjoy cakes,cake is one of my favorite thing,yay cake,cakes are wonderful,-0.029,0.958,-0.178,-0.960,-0.774,34.323293,2.146940,0.265345,9.107508,0.569680,17.990029,1.868875,0.000000,4.773561,0.495896
test.context.txt::01383,test.context.txt::01383__row1468,Honestly I tried that one first lets be friends,1.0,content_diversity,You can't ever have enough friends,I'm with you on that,Thanks...I'd like that very much.,I'm sorry I misunderstood you...I do want to be friends.,"I'm glad that's over...Howdy, friend!",-0.016,0.974,-0.005,-0.728,-0.347,11.509772,0.349986,0.387946,4.465165,0.135776,73.696871,1.641855,0.000000,28.590374,0.636950
test.context.txt::01383,test.context.txt::01383__row1469,Honestly I tried that one first lets be friends,0.0,content_diversity,I'd love to be friends with you.,"I'm glad you said that, I accept.","Thank you, that makes me really happy.",I'm more than happy to be friends with you.,"Thank you for taking the high road, my new friend.",-0.067,0.881,-0.349,-0.851,-0.661,16.424157,0.585428,0.456032,7.489948,0.266974,70.341728,1.277822,0.000000,32.078107,0.582728
test.context.txt::01384,test.context.txt::01384__row1470,Any state especially florida so many florida tattoos,1.0,content_diversity,What's wrong with Florida?,If you see a FL tattoo you already know the person is trash.,What state would you recommend?,How about no state at all? States are dumb tattoos,Tattoos are wrong. You shouldn't mutilate your body.,-0.013,0.975,-0.081,-0.727,-0.236,18.269735,0.525798,0.437686,7.996406,0.230134,88.218991,1.093754,0.000000,38.612211,0.478721
test.context.txt::01384,test.context.txt::01384__row1471,Any state especially florida so many florida tattoos,0.0,content_diversity,Why would you want to put ink on your nice clean body?,God disallows tattoos.,Why is it considered OK to hurt yourself like that?,You'll regret mutilating your body one day.,It should be illegal to get tattoos.,-0.015,0.974,-0.190,-0.731,-0.343,28.787002,0.721307,0.390960,11.254565,0.282002,46.420283,1.648817,0.000000,18.148471,0.644621
test.context.txt::01385,test.context.txt::01385__row1472,At the menu screen tap the green  button,1.0,content_diversity,And what after that?,Okay thanks for advice,Don't do that he's screwing you,Why don't you listen to him,You should tap the blue button,-0.003,0.992,-0.031,-0.594,-0.165,36.825610,1.388471,0.246501,9.077540,0.342259,31.461846,1.505955,0.000000,7.755368,0.371219
test.context.txt::01385,test.context.txt::01385__row1473,At the menu screen tap the green  button,0.0,content_diversity,And after I'm done?,What to do after that?,What should I do next?,What can I do after I'm done,And what is the next step?,-0.057,0.906,-0.387,-0.844,-0.588,38.382402,1.689293,0.268293,10.297731,0.453226,16.310591,0.894847,0.000000,4.376018,0.240081
test.context.txt::01386,test.context.txt::01386__row1474,Gta bigger government run by robots    emphasis mine you missed that part,1.0,content_diversity,Stop talking rubbish,You should work on your grammar,I can hardly understand you,I agree with you,It is run by people not robots,-0.009,0.984,-0.096,-0.637,-0.154,10.849281,0.587563,0.436172,4.732154,0.256279,35.602882,0.879280,0.000000,15.528986,0.383517
test.context.txt::01386,test.context.txt::01386__row1475,Gta bigger government run by robots    emphasis mine you missed that part,0.0,content_diversity,You are lying,You are saying things without evidence,Stop saying lies,Don't spread misinformation,Stop saying things that are not proven,-0.052,0.901,-0.349,-0.792,-0.488,36.538467,1.806207,0.339503,12.404911,0.613212,26.300960,0.809710,0.000000,8.929249,0.274899
test.context.txt::01387,test.context.txt::01387__row1476,Nah I think you're the only one who does that,1.0,content_diversity,"Lol, no I'm not",I can think of a bunch of others who do the same thing,I think you're the only one that doesn't,You're probably right because I've never met anyone else that does it,It must be a regional thing,-0.012,0.967,0.012,-0.652,-0.254,20.697207,0.233565,0.466105,9.647065,0.108866,33.358109,2.338676,0.000000,15.548370,1.090068
test.context.txt::01387,test.context.txt::01387__row1477,Nah I think you're the only one who does that,0.0,content_diversity,You're the odd one out here,You only wish that were true because you don't,Everyone does it but you,You're the funny one that doesn't,You're the first person to say that to me and only one.,-0.044,0.930,-0.057,-0.726,-0.338,3.395913,0.513017,0.422792,1.435766,0.216900,78.520021,0.673008,0.000000,33.197669,0.284543
test.context.txt::01388,test.context.txt::01388__row1478,I'm a 23 year old normal looking female,1.0,content_diversity,you look nice,why are you telling me this,I have never seen you before,I am a 34 year old male,hey sexy,-0.016,0.975,-0.011,-0.631,-0.213,24.218012,0.810272,0.239937,5.810790,0.194414,20.643855,2.809572,0.000000,4.953218,0.674119
test.context.txt::01388,test.context.txt::01388__row1479,I'm a 23 year old normal looking female,0.0,content_diversity,I think you look decent,you look pretty,you are gorgeous,you are very good looking,I like looking at you,-0.082,0.899,-0.402,-0.822,-0.768,23.235818,1.276165,0.322806,7.500658,0.411954,21.439115,0.844192,0.000000,6.920672,0.272510
test.context.txt::01389,test.context.txt::01389__row1480,Id also love to see stores in china and japan,1.0,content_diversity,"me too, great to see",that is always fun,"yes, that is fun to see",that is always a fun thing to do,the stores there are always fun,-0.098,0.865,-0.297,-0.859,-0.722,32.829380,1.392712,0.340315,11.172339,0.473961,45.069590,2.529987,0.000000,15.337870,0.860993
test.context.txt::01389,test.context.txt::01389__row1481,Id also love to see stores in china and japan,0.0,content_diversity,china and japan stores always have fun things,its always entertaining to go to such store,asian stores are fun to go into,"yes, asian store are quite entertaining",most of the stores are fun to look at,-0.070,0.879,-0.309,-0.914,-0.703,41.136324,1.110497,0.398373,16.387599,0.442392,34.402534,0.794148,0.000000,13.705039,0.316367
test.context.txt::01390,test.context.txt::01390__row1482,His gas cap is on the wrong side,1.0,content_diversity,Is it? I don't know about such things.,How do you know?,It is isn't it? What a jerk.,I don't think it is.,It looks broken to me.,-0.020,0.957,-0.107,-0.715,-0.362,34.126538,1.426969,0.275586,9.404780,0.393252,54.180005,1.427444,0.000000,14.931225,0.393383
test.context.txt::01390,test.context.txt::01390__row1483,His gas cap is on the wrong side,0.0,content_diversity,What makes you think that?,How can you tell?,Do you know about such things?,Is that something you know about?,Are you familliar with gas caps like that?,-0.046,0.950,-0.280,-0.755,-0.498,16.629890,0.753744,0.369027,6.136886,0.278152,57.025764,0.942827,0.000000,21.044074,0.347929
test.context.txt::01391,test.context.txt::01391__row1484,Mold mold mold mold mold I am calling it now,1.0,content_diversity,I think you may be right.,I hope it's not mold,Please God make it anything but mold.,I hope you're not right about it being mold.,That would be the worst case scenario,-0.036,0.940,-0.222,-0.757,-0.322,37.478362,1.115042,0.456223,17.098492,0.508708,34.584737,0.732538,0.000000,15.778353,0.334201
test.context.txt::01391,test.context.txt::01391__row1485,Mold mold mold mold mold I am calling it now,0.0,content_diversity,I just hope you're wrong about that.,I don't think it is mold but we'll see.,I can only cross my fingers that you're wrong about the mold.,I sure don't want you to be right.,You better not be right about the mold.,-0.061,0.899,-0.334,-0.835,-0.480,40.733354,0.882306,0.434682,17.706039,0.383522,25.152385,0.627593,0.000000,10.933278,0.272803
test.context.txt::01392,test.context.txt::01392__row1486,Once they're out of the playoffs I think itll really sink in,1.0,content_diversity,It should sink in now!,I think they will stay in the playoffs for the long haul.,When do you think they will be out?,What will sink in?,I don't think it will ever sink in.,-0.056,0.909,-0.180,-0.749,-0.359,20.891538,0.650497,0.416972,8.711194,0.271239,38.524666,1.457729,0.000000,16.063721,0.607833
test.context.txt::01392,test.context.txt::01392__row1487,Once they're out of the playoffs I think itll really sink in,0.0,content_diversity,How long do you think they will be in the playoffs?,When will they be out?,Do you think they will be out soon?,How long until they are out?,Are they out?,-0.104,0.817,-0.420,-0.889,-0.644,20.017427,0.415577,0.337218,6.750241,0.140140,16.239368,1.833983,0.000000,5.476211,0.618452
test.context.txt::01393,test.context.txt::01393__row1488,Ill be there look for the guy in a vintage a shirt,1.0,content_diversity,I'll be sure to try to find you.,Hope to see you there...if not enjoy!,I'll do that and I'll be wearing a large sunhat and dress.,I can't wait to go...I hope the weather keeps up.,"If I go, I will certainly look for you.",-0.029,0.947,-0.170,-0.739,-0.441,44.821250,0.838656,0.373413,16.736842,0.313165,70.314190,0.800498,0.000000,26.256240,0.298917
test.context.txt::01393,test.context.txt::01393__row1489,Ill be there look for the guy in a vintage a shirt,0.0,content_diversity,"I'll do my best but if we don't connect, enjoy your day.",I'll see you there then!,I'm going to try to go and hope we can hook up for a chat.,"Great, I'll be watching for you...see ya then!",It should be fun and I hope to see you!,-0.025,0.956,-0.184,-0.781,-0.470,35.134553,0.720207,0.370995,13.034743,0.267193,77.061549,0.672922,0.000000,28.589447,0.249651
test.context.txt::01394,test.context.txt::01394__row1490,A drunk woman peeing in one of the dressing rooms,1.0,content_diversity,"wow, that is kind of gross",what does that have to do with anything?,and you are telling me this because?,that place must stink now,let's talk about something else,-0.010,0.987,0.048,-0.635,-0.291,32.689038,1.050198,0.388325,12.693975,0.407818,36.989255,1.811419,0.000000,14.363858,0.703420
test.context.txt::01394,test.context.txt::01394__row1491,A drunk woman peeing in one of the dressing rooms,0.0,content_diversity,let's change the topic,I want to talk about other things,let's stop discussing this,next topic,I do not want to talk about this,-0.050,0.861,-0.263,-0.812,-0.403,46.601290,2.345380,0.296903,13.836065,0.696351,16.417252,2.660716,0.000000,4.874332,0.789975
test.context.txt::01395,test.context.txt::01395__row1492,Next you're going to tell me pokemon wasn't real either,1.0,content_diversity,Because it wasn't,You are overreacting,Why would he say that,Because he only talks rubbish,I am a huge pokemon fan,-0.009,0.982,-0.113,-0.555,-0.209,21.202076,0.918973,0.354377,7.513520,0.325663,40.162161,0.940701,0.000000,14.232531,0.333362
test.context.txt::01395,test.context.txt::01395__row1493,Next you're going to tell me pokemon wasn't real either,0.0,content_diversity,I like pokemon,I am a pokemon supporter,I like playing with pokemons,I adore pokemon,I like everything that's connected to pokemons,-0.097,0.900,-0.468,-0.957,-0.832,26.275833,1.538022,0.331381,8.707305,0.509671,54.734562,0.918691,0.000000,18.137981,0.304437
test.context.txt::01396,test.context.txt::01396__row1494,Purple shoes with black clothes  110 would not bang,1.0,content_diversity,I agree with your assessment,those clothes are hidious,i am not a fan of purple shoes,that outfit just does not work,I am not keen on the outfit either,-0.020,0.960,-0.235,-0.747,-0.342,26.964279,0.964189,0.373706,10.076725,0.360324,32.417368,1.380983,0.000000,12.114580,0.516082
test.context.txt::01396,test.context.txt::01396__row1495,Purple shoes with black clothes  110 would not bang,0.0,content_diversity,That outfit is a bit much.,The outfit does look pretty bad.,I am not a fan of those clothes nor shoes,the shoe and clothes combo is not really that good,the combo in shoe choices and body wear is a very poor choice,-0.030,0.946,-0.408,-0.861,-0.500,9.533794,0.589049,0.352630,3.361899,0.207716,122.625520,1.285299,0.000000,43.241401,0.453235
test.context.txt::01397,test.context.txt::01397__row1496,Damn it I don't have a y movie gtgt,1.0,content_diversity,"bye, see you later",what do you mean?,I do not understand what you said,I have a good movie,let's do something else,-0.032,0.950,-0.004,-0.602,-0.254,22.123471,0.919291,0.407716,9.020084,0.374809,20.852291,1.421892,0.000000,8.501804,0.579727
test.context.txt::01397,test.context.txt::01397__row1497,Damn it I don't have a y movie gtgt,0.0,content_diversity,I want to do some other thing,let's find another activity,why don't we do some other fun thing,let's not do that,let's find something else that we can enjoy,-0.054,0.903,-0.302,-0.802,-0.570,32.804723,1.265228,0.411775,13.508149,0.520988,20.813351,0.731040,0.000000,8.570408,0.301024
test.context.txt::01398,test.context.txt::01398__row1498,That is awesome congratulations I hope you get the job,1.0,content_diversity,Thank you very much!,"I appreciate that, thanks!","Oh, I hope so too.",My fingers and toes are crossed.,I really want that job!,-0.013,0.983,-0.074,-0.655,-0.366,26.858791,1.196797,0.406919,10.929366,0.487000,22.002378,0.808547,0.000000,8.953196,0.329013
test.context.txt::01398,test.context.txt::01398__row1499,That is awesome congratulations I hope you get the job,0.0,content_diversity,This is my dream job.,I've never wanted a job so bad in my life.,This is the job I've been hoping for.,I will just die if I don't get it.,I will be the happiest person on earth if I get it.,-0.045,0.916,-0.334,-0.775,-0.436,36.426079,1.096871,0.462855,16.859980,0.507692,22.551879,0.672255,0.000000,10.438242,0.311156
test.context.txt::01399,test.context.txt::01399__row1500,then try typing in what you said in google,1.0,content_diversity,I can't remember what I said in google,I tried to type it in but it doesn't work.,I can't make it do the same thing no matter what,I don't remember the exact words so it comes out differently,Ok I'll try that,-0.037,0.940,-0.197,-0.720,-0.304,38.059740,0.576474,0.429368,16.341639,0.247520,54.035502,1.377560,0.000000,23.201121,0.591480
test.context.txt::01399,test.context.txt::01399__row1501,then try typing in what you said in google,0.0,content_diversity,I'll try it right now,I'll give it shot,Ok i'll do it for you,"I hope it works, here goes",I will try it,-0.060,0.934,-0.363,-0.798,-0.636,38.072593,1.836244,0.299928,11.419041,0.550741,38.876033,1.208970,0.000000,11.660015,0.362604
test.context.txt::01400,test.context.txt::01400__row1502,Wasn't david tennant relatively unknown when he took the role,1.0,content_diversity,"I think he was, I had never heard of him before Doctor Who.",I think he was known in some circles.,Can you imagine being a nobody and then get the Doctor Who role?,"Yes, I believe you're right.","No, he was well established when he took on the role.",-0.039,0.933,-0.185,-0.680,-0.267,35.762946,0.860665,0.475098,16.990911,0.408900,55.123724,0.685716,0.000000,26.189183,0.325782
test.context.txt::01400,test.context.txt::01400__row1503,Wasn't david tennant relatively unknown when he took the role,0.0,content_diversity,David Tennant did a lot of stuff which is why he was even considered for the role.,He did a lot of plays and small roles in movies.,I knew of him so he had to be known in the business.,He was quite successful in his own right.,I can think of quite a few things he did before DW.,-0.049,0.921,-0.267,-0.720,-0.391,32.571334,0.685778,0.458553,14.935671,0.314465,43.411223,0.615004,0.000000,19.906330,0.282012
test.context.txt::01401,test.context.txt::01401__row1504,Haha yeah I think people should play however it makes them happy,1.0,content_diversity,"Me, too...life's too short lol","""Play"" is the operative word.",playing a game is supposed to be fun,why play if they're not happy playing it.,it's important to have fun and that's why they do it.,-0.014,0.968,-0.072,-0.750,-0.328,4.543069,0.363734,0.403321,1.832314,0.146701,60.314869,2.090822,0.000000,24.326234,0.843272
test.context.txt::01401,test.context.txt::01401__row1505,Haha yeah I think people should play however it makes them happy,0.0,content_diversity,That's the reason people play games.,Playing should make you happy or you wouldn't play,People play to be happy and distracted.,I don't know any other reason to play than being fun,If it's not fun...it's not a game.,-0.021,0.960,-0.211,-0.917,-0.461,40.623021,0.865091,0.433519,17.610854,0.375034,29.017433,0.795411,0.000000,12.579610,0.344826
test.context.txt::01402,test.context.txt::01402__row1506,It happens to the best of us  carry on,1.0,content_diversity,"Yeah, don't confuse me with the plebs.","I'm so over everything, I swear!","I'm being falsely maligned, and I can prove it.",Obviously they don't know who they're messing wiith.,I think I'm ready to move to Berlin now.,-0.017,0.969,-0.185,-0.622,-0.152,23.088569,0.454830,0.329979,7.618754,0.150085,22.240106,0.696087,0.000000,7.338778,0.229694
test.context.txt::01402,test.context.txt::01402__row1507,It happens to the best of us  carry on,0.0,content_diversity,Except I'm no mere mortal! haha,Do you really judge yourself by such low standards as the common man?,"My IQ is higher than most, so that's not helping.","But (in my Yogi bear voice), I'm smarter than the average bear!","It does not happen to me, so there's that!",-0.010,0.980,-0.129,-0.684,-0.198,39.762015,0.632161,0.308024,12.247657,0.194721,69.063431,1.391202,0.000000,21.273199,0.428524
test.context.txt::01403,test.context.txt::01403__row1508,Okay how many times can you point and click in a minute,1.0,content_diversity,"It depends, mouse or trackpad?",What do I get for my effort?,This sounds like some kind of stupid human trick.,Good one for man versus bots if you ask me!,"For me it varies on what I'm clicking on, if you know what I mean!",-0.009,0.973,-0.004,-0.694,-0.234,13.254589,0.555794,0.355664,4.714176,0.197676,93.790920,1.702156,0.000000,33.358023,0.605395
test.context.txt::01403,test.context.txt::01403__row1509,Okay how many times can you point and click in a minute,0.0,content_diversity,I think most people will have reaction times based on subject matter.,Don't you think it matters what we're pointing at?,And what exactly will people need to click?,You do know it changes things depending on the target?,"For something cool, click count is bound to be high!",-0.015,0.971,-0.142,-0.751,-0.372,13.547309,0.365398,0.378624,5.129330,0.138348,66.513784,1.208237,0.000000,25.183685,0.457467
test.context.txt::01404,test.context.txt::01404__row1510,What kinds of history were you interested in,1.0,content_diversity,I always loved the 1920's.,I am obsessed with Queen Elizabeth 1 and her era.,"I like the 1960s with the Beatles, Woodstock, The Doors and other music.",I like the Vikings.,I like the old Western days.,-0.104,0.898,-0.395,-0.693,-0.319,50.801747,1.246615,0.281124,14.281569,0.350453,67.745310,0.742780,0.000000,19.044804,0.208813
test.context.txt::01404,test.context.txt::01404__row1511,What kinds of history were you interested in,0.0,content_diversity,I would have liked to have been around in the 60s when music was so good.,I wish I could have seen Jimi Hendrix in the 1960s.,I love the music of Janis Joplin and love to read about that time.,I am infatuated with the 1960s.,I was born too late for the 1960s and it seems so important to me.,-0.066,0.922,-0.341,-0.807,-0.321,48.203058,1.061027,0.390916,18.843334,0.414772,51.915416,0.724955,0.000000,20.294553,0.283396
test.context.txt::01405,test.context.txt::01405__row1512,This is reddit having cats in content is basically a rule,1.0,content_diversity,This actually isn't reddit.,What if we don't own a cat to include in the content?,This is reddit so all content should actually have attractive females.,This is only true on the mainstream subreddits.,Cats are kittens - both will work.,-0.021,0.966,-0.221,-0.694,-0.121,26.740053,0.173190,0.362354,9.689358,0.062756,77.851023,1.823801,0.000000,28.209608,0.660861
test.context.txt::01405,test.context.txt::01405__row1513,This is reddit having cats in content is basically a rule,0.0,content_diversity,What if we don't have a kitten to include?,Am I allowed here if I don't actually own a cat?,What if I don't own any feline?,What about those of us who don't own a cat?,What am I supposed to do if I don't have access to a cat?,-0.119,0.848,-0.485,-0.914,-0.643,29.211920,0.868197,0.392707,11.471713,0.340947,43.073775,1.124999,0.000000,16.915355,0.441795
test.context.txt::01406,test.context.txt::01406__row1514,Took me way too long to figure out whats going on,1.0,content_diversity,Why did it take you so long?,I would've find out sooner,That is because you're stupid,I knew in a second,What didn't you know,-0.008,0.985,-0.053,-0.645,-0.250,25.868841,1.026246,0.308686,7.985337,0.316787,28.115902,1.423426,0.000000,8.678973,0.439391
test.context.txt::01406,test.context.txt::01406__row1515,Took me way too long to figure out whats going on,0.0,content_diversity,That is because you're not intelligent,Your IQ is low,Your intelligence is low,You are not smart,You can't think properly,-0.039,0.934,-0.442,-0.792,-0.617,39.014276,2.102584,0.251454,9.810295,0.528703,38.645982,0.837721,0.000000,9.717686,0.210648
test.context.txt::01407,test.context.txt::01407__row1516,Lol I did't expect you to be so specific,1.0,content_diversity,"Well you asked, so I answered!",And that's not even the half of it!,This is why they say be careful what you ask for!,I forgot how prudish humans can be!,"What can I say, we aim to please!",-0.014,0.980,-0.042,-0.732,-0.226,22.076819,0.484934,0.395094,8.722416,0.191595,45.527354,1.325342,0.000000,17.987579,0.523634
test.context.txt::01407,test.context.txt::01407__row1517,Lol I did't expect you to be so specific,0.0,content_diversity,can you imagine the stuff I haven't said?,"take heart then, 'cause that's only the tip of the iceberg!",And wouldn't you know I left out the juiciest parts of the story.,It's even more salacious than what I've told you!,That's the Cliff Notes version if you can believe it!,-0.035,0.956,-0.085,-0.716,-0.294,47.059602,0.811916,0.399807,18.814760,0.324610,47.851274,0.484782,0.000000,19.131276,0.193819
test.context.txt::01408,test.context.txt::01408__row1518,The initial exploding noise is just so great,1.0,content_diversity,It delivers every single time!,My cat ran off frightened.,They should start off with a warning for people sensitive to the stuff.,It's a good way to have a heart attack I suppose.,You're literally the only person who thinks this!,-0.009,0.976,-0.104,-0.588,-0.130,24.721516,0.396214,0.363835,8.994561,0.144157,53.611769,1.205880,0.000000,19.505857,0.438742
test.context.txt::01408,test.context.txt::01408__row1519,The initial exploding noise is just so great,0.0,content_diversity,"Said no one but you, ever!","OK weirdo, it's all you.",Love how your thinking is the opposite of all other humans!,"You must be an alien, 'cause nobody agrees with this.",Are you being contrary for attention?,-0.006,0.989,-0.096,-0.639,-0.348,47.453981,1.022707,0.259295,12.304586,0.265183,46.818705,1.714102,0.000000,12.139862,0.444458
test.context.txt::01409,test.context.txt::01409__row1520,I don't consider tipping anyone it's my culture,1.0,content_diversity,I hate when people use their culture as an excuse for poor behavior,How convenient a story!,It's my culture to spit on those who are selfish!,Go back to said place with that culture then!,serious eye roll for lack of imagination with that one,-0.016,0.969,-0.057,-0.660,-0.229,9.942475,0.509663,0.333227,3.313102,0.169834,81.501258,2.212859,0.000000,27.158429,0.737385
test.context.txt::01409,test.context.txt::01409__row1521,I don't consider tipping anyone it's my culture,0.0,content_diversity,"Man, that literally takes no creativity!",How boring to use the same old tired excuses.,"Oh, surprise surprise at that explanation",Like we've never heard this one before.,Time to think up a new and exciting way to say you're a jerk!,-0.006,0.976,-0.113,-0.635,-0.243,28.937834,0.852470,0.332963,9.635229,0.283841,55.996045,1.083359,0.000000,18.644612,0.360719
test.context.txt::01410,test.context.txt::01410__row1522,I think they're all 32 except may whos probably 23 or 25,1.0,content_diversity,They're still pretty old for that.,I thought May was older than that.,May seems like she's 12.,32 is old enough to know better.,That a big difference in ages.,-0.010,0.981,-0.213,-0.716,-0.351,13.360859,0.549419,0.374260,5.000439,0.205626,32.382967,1.267608,0.000000,12.119658,0.474415
test.context.txt::01410,test.context.txt::01410__row1523,I think they're all 32 except may whos probably 23 or 25,0.0,content_diversity,May seems really young when she posts.,I was wondering if we should even be talking to her.,I don't think May is old enough to vote.,May is a very young soul.,If May is 23 then she's much older than I thought.,-0.041,0.949,-0.302,-0.784,-0.389,23.443322,0.749330,0.380231,8.913877,0.284918,30.337540,1.050289,0.000000,11.535272,0.399352
test.context.txt::01411,test.context.txt::01411__row1524,Perhaps she's wanting you to turn to your right,1.0,content_diversity,why couldn't she say that then?,or what if she in fact meant turn left?,How can I be sure she doesn't have a tick?,and you know this how exactly?,I don't know if I trust anyone's judgment when it comes to taking directions.,-0.014,0.973,-0.112,-0.567,-0.221,9.812301,0.534306,0.390467,3.831380,0.208629,53.862193,1.174012,0.000000,21.031410,0.458413
test.context.txt::01411,test.context.txt::01411__row1525,Perhaps she's wanting you to turn to your right,0.0,content_diversity,What if it was an involuntary spasm?,Looked like tourette to me.,That was the slightest of gestures though.,It's a good thing I was watching closely or I could have missed it!,Who knew a slight movement of the head meant all that?,-0.013,0.973,-0.112,-0.660,-0.250,26.891510,0.755332,0.332137,8.931659,0.250874,35.829868,1.918375,0.000000,11.900416,0.637163
test.context.txt::01412,test.context.txt::01412__row1526,Because everybody on reddit has been to an american high school,1.0,content_diversity,I'm not saying that at all.,No need to get sarcastic.,I misspoke...I didn't mean that.,I meant that the majority of the people I talk to has.,That's not what I meant so get off your high horse.,-0.029,0.943,-0.179,-0.717,-0.254,27.996403,0.926570,0.379842,10.634222,0.351951,46.288609,0.967036,0.000000,17.582378,0.367321
test.context.txt::01412,test.context.txt::01412__row1527,Because everybody on reddit has been to an american high school,0.0,content_diversity,"You don't have ""roll your eyes"" I didn't mean what you think.",Don't take everything so literally.,If you'd stop looking down you nose at everyone maybe you'd understand what I said.,Knock it off... no one is saying that.,I'm don't talking to you...you misunderstand everything.,-0.010,0.974,-0.132,-0.621,-0.390,35.049741,0.625610,0.366094,12.831497,0.229032,96.822916,1.197453,0.000000,35.446282,0.438380
test.context.txt::01413,test.context.txt::01413__row1528,I can think of two reasons why guys like katy perry,1.0,content_diversity,Yep aside from that I can think of zero.,Sounds like someone doesn't like Katy Perry,"She had a very strict, religious childhood so she's different.",Oh leave her alone and stop being a jerk.,She's just one step above Britney Spears.,-0.002,0.990,-0.072,-0.610,-0.230,29.289293,0.461694,0.391381,11.463286,0.180699,68.846038,1.329810,0.000000,26.945062,0.520463
test.context.txt::01413,test.context.txt::01413__row1529,I can think of two reasons why guys like katy perry,0.0,content_diversity,stop it...you sound like a child.,she's never hurt a soul so just stop.,your envy is starting to show again so ignore her.,you really are obsessed with katy perry...it's getting old.,there are others much worse than katy perry so pick on them.,-0.016,0.973,-0.145,-0.705,-0.320,46.142497,1.073443,0.305340,14.089168,0.327766,39.696058,0.906538,0.000000,12.120810,0.276803
test.context.txt::01414,test.context.txt::01414__row1530,All I could think about was how human they look,1.0,content_diversity,I know what you mean.,That's exactly what I was thinking,"They did look human, didn't they?",It was creepy how human they looked.,"Yes, but they were so cute.",-0.013,0.973,-0.152,-0.649,-0.445,19.320259,0.561476,0.427061,8.250924,0.239784,39.110594,1.475409,0.000000,16.702598,0.630089
test.context.txt::01414,test.context.txt::01414__row1531,All I could think about was how human they look,0.0,content_diversity,Them looking human-like really freaked me out.,They were eerily like humans,It was spooky for me that they resembled us.,Weird that they looked so human,They looked freaky human,-0.024,0.954,-0.373,-0.874,-0.624,41.986653,1.130833,0.372034,15.620463,0.420708,54.810929,0.636691,0.000000,20.391529,0.236871
test.context.txt::01415,test.context.txt::01415__row1532,There should be a button near the top,1.0,content_diversity,there is not,there is one,why?,what do you need a button for?,you should be looking for something else,-0.026,0.959,-0.085,-0.662,-0.267,20.254468,3.094083,0.141369,2.863348,0.437407,44.253707,4.704211,0.000000,6.256090,0.665028
test.context.txt::01415,test.context.txt::01415__row1533,There should be a button near the top,0.0,content_diversity,I see one,I see a button,I know there is a button,it does exist,I do notice a button there,-0.081,0.883,-0.319,-0.774,-0.538,28.522221,2.035307,0.203889,5.815371,0.414977,30.155478,1.882014,0.000000,6.148374,0.383722
test.context.txt::01416,test.context.txt::01416__row1534,So then why do you play good if you don't want to,1.0,content_diversity,Well naturally because it's my job!,It makes people feel at ease around me I guess.,I look prettier that way.,What does it matter to you?,"As they say, you get more with honey than vinegar!",-0.003,0.995,-0.094,-0.648,-0.185,19.746948,0.883850,0.342818,6.769605,0.302999,42.399345,0.834077,0.000000,14.535249,0.285936
test.context.txt::01416,test.context.txt::01416__row1535,So then why do you play good if you don't want to,0.0,content_diversity,Only because I get paid to do it.,Who wouldn't do it for a fat paycheck?,I would be myself if I didn't do it for work.,"Really, it's not a bad way to earn a living.",I most likely would be fired otherwise!,-0.051,0.915,-0.169,-0.725,-0.419,24.946435,0.542209,0.345413,8.616812,0.187286,46.192672,0.964831,0.000000,15.955528,0.333265
test.context.txt::01417,test.context.txt::01417__row1536,I disagree I think you are wonderful and beautiful inside and out,1.0,content_diversity,Thank you but you're a little partial.,That's nice of you to say.,I wasn't looking for compliments but I appreciate you saying that.,I wish I was what you think I am.,Thank you very much for that.,-0.046,0.933,-0.139,-0.770,-0.427,25.966240,0.551345,0.440328,11.433650,0.242772,53.525985,1.037465,0.000000,23.568964,0.456824
test.context.txt::01417,test.context.txt::01417__row1537,I disagree I think you are wonderful and beautiful inside and out,0.0,content_diversity,You've been a good friend and see me differently.,I appreciate that but you see what you want to see.,"Thank you for you kind words, my friend.",You are a true friend and see the best in me.,I am so happy to have you as a friend.,-0.055,0.920,-0.306,-0.855,-0.488,26.877351,0.579577,0.489951,13.168572,0.283964,49.500835,0.771101,0.000000,24.252960,0.377801
test.context.txt::01418,test.context.txt::01418__row1538,His name references booze and butts probably explains a lot about reddit,1.0,content_diversity,"Yes, I agree with you 100%",That was my thoughts exactly!,"Unfortunately, I'm beginning to think you're right.",I never thought about it that way.,I wonder if he realizes that.,-0.013,0.981,-0.168,-0.668,-0.300,24.617666,0.543455,0.418628,10.305646,0.227506,25.348670,0.980390,0.000000,10.611665,0.410419
test.context.txt::01418,test.context.txt::01418__row1539,His name references booze and butts probably explains a lot about reddit,0.0,content_diversity,"OMG, I hadn't thought of that.",It never occurred to me but you're right.,It's funny how you don't see something until someone points it out.,I would have never noticed that before you said it.,It went way over my head...thanks for pointing it out.,-0.021,0.960,-0.214,-0.696,-0.500,21.132055,0.403145,0.449381,9.496336,0.181166,52.556867,1.109412,0.000000,23.618038,0.498548
test.context.txt::01419,test.context.txt::01419__row1540,Those bastards keep trying to take away my fun,1.0,content_diversity,And they always will.,That's because you annoy them so much.,Maybe you should think about how you treat them.,"Yeah, I really hate them for that.","The trouble is, there's so many of them.",-0.022,0.966,-0.202,-0.766,-0.278,13.917078,0.267760,0.410928,5.718912,0.110030,20.027651,1.056206,0.000000,8.229915,0.434024
test.context.txt::01419,test.context.txt::01419__row1541,Those bastards keep trying to take away my fun,0.0,content_diversity,There's too many to fight about it.,The problem is you are heavily outnumbered.,There's too many of them.,And they can because of how many of them there are.,And it's just you against them.,-0.059,0.898,-0.257,-0.748,-0.381,19.606153,0.517963,0.362421,7.105675,0.187720,48.613334,0.785243,0.000000,17.618478,0.284588
test.context.txt::01420,test.context.txt::01420__row1542,Correct battle arena would imply something like angel arena,1.0,content_diversity,That is very true.,Or something completely different.,We will have to wait to see what they say.,Does it really matter that much?,I think you are over thinking this.,0.000,0.994,-0.173,-0.659,-0.225,30.606402,0.919018,0.410320,12.558409,0.377091,25.444254,0.856104,0.000000,10.440278,0.351276
test.context.txt::01420,test.context.txt::01420__row1543,Correct battle arena would imply something like angel arena,0.0,content_diversity,Correct!,Spot on there.,"Yes, I agree with you totally.",Damn right!,Never a truer word spoken.,0.000,1.000,-0.091,-0.570,-0.514,23.684296,1.685123,0.182232,4.316044,0.307084,30.689437,1.882419,0.000000,5.592607,0.343038
test.context.txt::01421,test.context.txt::01421__row1544,They already have windows open if they're using paint,1.0,content_diversity,"Yes, that's true. They'd have to have them open.",I don't know if they're ready to paint yet.,The screens aren't up yet so all the bugs are going to come in.,Let's hope they can get them open.,I hope they're painting already.,-0.024,0.954,-0.273,-0.701,-0.314,37.992876,0.721307,0.396661,15.070288,0.286114,55.142027,0.756432,0.000000,21.872685,0.300047
test.context.txt::01421,test.context.txt::01421__row1545,They already have windows open if they're using paint,0.0,content_diversity,there was a lot of things to do before they could paint.,I think they'll be ready to paint tomorrow.,I don't think they've purchased the paint yet.,There's a lot more remodeling to do before the paint.,It'll be a while before they begin painting.,-0.060,0.900,-0.428,-0.943,-0.546,27.781959,0.562827,0.414912,11.527076,0.233524,38.569555,0.430471,0.000000,16.002983,0.178608
test.context.txt::01422,test.context.txt::01422__row1546,25 damn I can count all of mine on one hand lol,1.0,content_diversity,I've been at it longer than you have.,LOL...I'm much older than you so i have more.,You'll get there soon enough.,Pretty soon someone will be saying that to you.,"Yep, I was where you are and not very long ago.",-0.023,0.966,-0.178,-0.728,-0.479,17.537232,0.556429,0.414957,7.277197,0.230894,69.128968,1.136154,0.000000,28.685550,0.471455
test.context.txt::01422,test.context.txt::01422__row1547,25 damn I can count all of mine on one hand lol,0.0,content_diversity,"Just keep at it, you'll get more.",It won't take long to get 25.,You'll be there before you know it.,You'll be surprised how fast you'll get it.,"Hang in there, it's only be a few weeks.",-0.030,0.951,-0.182,-0.756,-0.375,18.358973,0.579597,0.409558,7.519073,0.237379,48.901255,1.133937,0.000000,20.027924,0.464414
test.context.txt::01423,test.context.txt::01423__row1548,Jesus man don't you go shooting your eye out,1.0,content_diversity,I know how to handle a gun.,Don't worry I've been doing this for years.,I won't...lol.,It won't be pointed towards me so I doubt that will happen.,"I'm very careful handling any type of weapon, even a slingshot.",-0.014,0.985,-0.188,-0.679,-0.230,20.401133,1.322971,0.329446,6.721075,0.435848,80.996329,2.807555,0.000000,26.683929,0.924938
test.context.txt::01423,test.context.txt::01423__row1549,Jesus man don't you go shooting your eye out,0.0,content_diversity,I'll take all the necessary precaution to make sure that doesn't happen.,I'll be safe so don't worry.,I'll be fine!,Only an idiot would do that and I'm not an idiot.,I'll be perfectly okay,-0.059,0.936,-0.243,-0.780,-0.466,33.881480,1.411117,0.351920,11.923558,0.496600,46.197830,1.212044,0.000000,16.257923,0.426542
test.context.txt::01424,test.context.txt::01424__row1550,Sometimes to her bf lives out of town,1.0,content_diversity,"Oh, I didn't know that.",Where does he live when out of town?,I thought he was gone a lot.,It probably makes the heart grow fonder and all that...,She's out a lot with her friends so that must be why.,-0.022,0.961,-0.078,-0.602,-0.177,8.199896,0.568902,0.388532,3.185918,0.221036,75.322884,0.350542,0.000000,29.265318,0.136197
test.context.txt::01424,test.context.txt::01424__row1551,Sometimes to her bf lives out of town,0.0,content_diversity,It did seem like he wasn't around her very much.,I thought maybe they were just on and off a lot because he wasn't around,He isn't around much...so that's why.,Lol I thought they had an open relationship because he was never with her,It seems like he's gone more than he's here.,-0.032,0.931,-0.276,-0.746,-0.500,44.742511,0.847813,0.440308,19.700495,0.373299,47.077898,0.922273,0.000000,20.728786,0.406084
test.context.txt::01425,test.context.txt::01425__row1552,The dark tower series is excellent  a very unique journey,1.0,content_diversity,Thanks for the recommendation.,I'm looking forward to seeing it.,I've wondered about that show.,I can't wait to see it...I'll get on it right away.,I think I'll enjoy it so thanks!,-0.013,0.976,-0.298,-0.740,-0.399,25.887892,0.653482,0.388747,10.063837,0.254039,65.842030,1.520520,0.000000,25.595883,0.591097
test.context.txt::01425,test.context.txt::01425__row1553,The dark tower series is excellent  a very unique journey,0.0,content_diversity,I've heard of it but don't know anyone that saw it.,"Thanks, I've thought about looking into it.",It's good to have someone's recommendation.,I thought it looked good but never go past that.,I've wondered about ordering it so thank you.,-0.037,0.948,-0.234,-0.754,-0.347,33.419515,0.741763,0.359310,12.007976,0.266523,24.870379,0.500655,0.000000,8.936183,0.179891
test.context.txt::01426,test.context.txt::01426__row1554,Why is it so small   nice drawing though d,1.0,content_diversity,Because I ran out of paper,I better like it that way,I actually don't like your drawing at all,I think drawing is too explicit,You should add some colours,-0.024,0.968,-0.118,-0.724,-0.229,26.636432,0.730252,0.373914,9.959739,0.273052,26.512270,1.030261,0.000000,9.913313,0.385229
test.context.txt::01426,test.context.txt::01426__row1555,Why is it so small   nice drawing though d,0.0,content_diversity,I think you could've done better job,I don't really like it,I believe you didn't put much effort in it,I kinda hate your drawing,Your drawing is ugly,-0.029,0.960,-0.306,-0.725,-0.404,36.636864,1.185867,0.371856,13.623649,0.440972,27.312910,0.596734,0.000000,10.156478,0.221899
test.context.txt::01427,test.context.txt::01427__row1556,Stop editing your comment it's not getting better,1.0,content_diversity,I can edit it as many times as I want,I'm trying to explain what I mean,Don't tell me what to do,You are assuming I care what you think,I'm made some mistakes and I'm correcting them.,-0.027,0.954,-0.164,-0.675,-0.255,8.921274,0.546503,0.458634,4.091603,0.250645,68.156384,1.054130,0.000000,31.258865,0.483460
test.context.txt::01427,test.context.txt::01427__row1557,Stop editing your comment it's not getting better,0.0,content_diversity,Mind your own business,Don't begin to think you can order me around,What makes you think you can tell me what to do,You don't have a say in it,Just leave me alone and keep to yourself.,-0.027,0.940,-0.089,-0.702,-0.404,31.946106,0.989115,0.403653,12.895152,0.399260,49.782307,0.959976,0.000000,20.094794,0.387498
test.context.txt::01428,test.context.txt::01428__row1558,What would I pay     to spend a day,1.0,content_diversity,I am not sure,is usually goes for 100 a day,over 90 a day usually,the price can fluctuate,the price often changes drastically,-0.029,0.940,-0.174,-0.687,-0.347,36.129438,1.767201,0.248804,8.989160,0.439687,42.646241,1.298188,0.000000,10.610568,0.322995
test.context.txt::01428,test.context.txt::01428__row1559,What would I pay     to spend a day,0.0,content_diversity,the price changes dependent on the market,the seasonal changes are big,the price can go up and down,depends on the timing,the time when you go determines the price,-0.084,0.906,-0.168,-0.770,-0.445,36.429290,1.369669,0.319000,11.620954,0.436925,27.509521,0.934357,0.000000,8.775545,0.298060
test.context.txt::01429,test.context.txt::01429__row1560,Lol no thanks thanks for the offer though,1.0,content_diversity,"Well, feel free to change your mind!","No problem, happy to.",I thought you might say that.,"I wasn't joking, I really mean it.","Anytime my friend, anytime.",-0.009,0.979,-0.053,-0.681,-0.331,21.039511,0.737419,0.392597,8.260049,0.289509,26.737728,1.291711,0.000000,10.497152,0.507122
test.context.txt::01429,test.context.txt::01429__row1561,Lol no thanks thanks for the offer though,0.0,content_diversity,"No worries, I dont mind at all.","No problem, pleased to.","Okay pal, I wouldn't have minded though.",It really wouldn't be a problem and I am more than happy to.,"Don't mention it, it would have been my pleasure.",-0.018,0.970,-0.241,-0.812,-0.714,47.223214,1.344857,0.366676,17.315642,0.493128,41.993681,1.460723,0.000000,15.398095,0.535613
test.context.txt::01430,test.context.txt::01430__row1562,Flying is not a right government or no it's a privilege,1.0,content_diversity,Nowhere else in the world does this need to be explained,"A privilege that people pay a premium price to enjoy, don't forget it!",Who ever argued otherwise?,What would happen if we all drove?,Why is this a thing now?,-0.006,0.985,-0.089,-0.595,-0.255,16.461955,0.402801,0.398582,6.561446,0.160549,71.117138,1.063055,0.000000,28.346040,0.423715
test.context.txt::01430,test.context.txt::01430__row1563,Flying is not a right government or no it's a privilege,0.0,content_diversity,and what brings this issue up?,what is this conversation in reference to exactly?,is anyone really questioning this fact?,This has always been the case though.,"Well, this has never been in debate.",-0.032,0.953,-0.164,-0.770,-0.326,22.020914,0.484496,0.409776,9.023647,0.198535,23.062273,0.991370,0.000000,9.450371,0.406240
test.context.txt::01431,test.context.txt::01431__row1564,Thats the hilarious irony that japan is in fact a retro nation,1.0,content_diversity,What does retro nation mean?,I don't understand what you are saying.,It is ironic.,That's so true!,Japan is a retro nation.,-0.018,0.963,-0.200,-0.671,-0.246,23.209383,1.379043,0.351791,8.164861,0.485135,24.071517,2.233231,0.000000,8.468152,0.785631
test.context.txt::01431,test.context.txt::01431__row1565,Thats the hilarious irony that japan is in fact a retro nation,0.0,content_diversity,What do you mean?,I don't know what retro nation implies.,What are you saying?,What does retro mean?,How is Japan a retro nation?,-0.036,0.952,-0.273,-0.757,-0.503,20.905606,0.926021,0.386182,8.073360,0.357612,48.411138,0.861395,0.000000,18.695490,0.332655
test.context.txt::01432,test.context.txt::01432__row1566,Halo was actually the cause of the civil war,1.0,content_diversity,Halo had nothing to do with causing the civil war!,You are absolutely correct.,I don't think that all the blame should be placed on Halo.,You really should go back to the history books and read.,Statements like that will bring you a lot of trouble.,-0.016,0.970,-0.163,-0.683,-0.093,22.455679,0.504387,0.471987,10.598782,0.238064,58.568930,0.628405,0.000000,27.643755,0.296599
test.context.txt::01432,test.context.txt::01432__row1567,Halo was actually the cause of the civil war,0.0,content_diversity,There were other people who also caused the civil war.,Halo only played a minor part in the cause of the civil war.,The civil war started because of many ideas and people.,"Halo might be the most recognized, but he was not the only cause.","If you had a better understanding of the war, you would know Halo was not fully to blame.",-0.057,0.917,-0.319,-0.831,-0.356,31.847382,0.656615,0.499799,15.917288,0.328176,60.789762,0.517129,0.000000,30.382660,0.258460
test.context.txt::01433,test.context.txt::01433__row1568,No but if you turn the crown backward the second hand stops,1.0,content_diversity,oh i see now,that is weird,that is odd how that does that,"oh, i see how that works now",that is an odd thing with that clock,-0.089,0.877,-0.193,-0.777,-0.447,33.865869,1.780432,0.278630,9.436054,0.496082,51.846478,0.989297,0.000000,14.445995,0.275648
test.context.txt::01433,test.context.txt::01433__row1569,No but if you turn the crown backward the second hand stops,0.0,content_diversity,what an odd clock,very unique how that clock does that,such a unique thing from that clock,very specific oddity with that clock,very unique how you can make the second hand stop,-0.069,0.899,-0.305,-0.881,-0.630,53.217635,1.641136,0.301677,16.054513,0.495092,35.572093,0.976067,0.000000,10.731266,0.294456
test.context.txt::01434,test.context.txt::01434__row1570,I'm a 4th grade teacher  it hit the community hard,1.0,content_diversity,I agree with you,Why do you think so,I think you are overreacting,Not sure if you are right,What did hit the community,-0.041,0.942,-0.065,-0.611,-0.251,20.367568,0.925169,0.411327,8.377727,0.380547,28.457916,0.625252,0.000000,11.705504,0.257183
test.context.txt::01434,test.context.txt::01434__row1571,I'm a 4th grade teacher  it hit the community hard,0.0,content_diversity,I think you are right,You are right,I totally agree with that statement,I believe you are saying the truth,I support your view,-0.055,0.924,-0.247,-0.750,-0.778,32.455799,1.196866,0.370832,12.035646,0.443836,32.573246,0.972951,0.000000,12.079199,0.360801
test.context.txt::01435,test.context.txt::01435__row1572,By the way comment karma is more worthless than link karma,1.0,content_diversity,I need the link karma then,And link karma is more worthless than do karma,But not everything has a link unfortunately,Tell that to the trolls,Link karma...that's so funny,-0.020,0.960,-0.076,-0.751,-0.330,19.345913,0.407506,0.376348,7.280789,0.153364,36.457540,1.008439,0.000000,13.720710,0.379523
test.context.txt::01435,test.context.txt::01435__row1573,By the way comment karma is more worthless than link karma,0.0,content_diversity,That's hilarious!,That's a good one - link karma,It would be funny to tell everyone about link karma,Link karma could be the new funny meme,That made me laugh out loud.,-0.022,0.956,-0.179,-0.828,-0.423,50.383980,1.388915,0.366504,18.465929,0.509043,48.317299,0.452032,0.000000,17.708482,0.165672
test.context.txt::01436,test.context.txt::01436__row1574,Newt gingrich  the ignorant persons idea of an intellectual,1.0,content_diversity,I said this years ago and people disagreed.,"Well given the collective IQ of his party, not surprising.",And to think he was responsible for so many decisions in that administration.,I'm not so sure it's just the ignorant person's idea here.,"Ouch, such harsh words!",-0.005,0.987,-0.086,-0.600,-0.256,30.822441,-0.020495,0.389371,12.001354,-0.007980,44.243333,1.724994,0.000000,17.227056,0.671662
test.context.txt::01436,test.context.txt::01436__row1575,Newt gingrich  the ignorant persons idea of an intellectual,0.0,content_diversity,"The fact that his party is known for anti-intellectualism, this is par for the course.",Who is shocked by this when you look at his party affiliation?,I think this is arguably true of most of the GOP.,"Yep, you can substitute his name for pretty much anyone in his party's leadership!","yeah, people in that party never need to rely on their smarts to get ahead.",-0.032,0.940,-0.160,-0.782,-0.257,19.608346,0.411377,0.445446,8.734461,0.183246,57.840666,0.622908,0.000000,25.764899,0.277472
test.context.txt::01437,test.context.txt::01437__row1576,That kitchen would look nice with an island in the middle,1.0,content_diversity,"And it would be really convenient, too.",I would love to have an island in the kitchen.,I wonder how much it would cost to do that.,"That would look nice and really useful, too.","It would make the kitchen pretty cramped, though.",-0.045,0.938,-0.370,-0.769,-0.344,11.071756,0.288431,0.496827,5.500751,0.143301,39.348992,0.751435,0.000000,19.549657,0.373333
test.context.txt::01437,test.context.txt::01437__row1577,That kitchen would look nice with an island in the middle,0.0,content_diversity,"On top of looking good, it would double the workspace.",It would nice to have more space when baking.,"You'd have room to lay out all your groceries, etc.",Cooking dinner could be a breeze with all that room.,You could also pull up a barstool and eat lunch on it.,-0.016,0.969,-0.253,-0.761,-0.319,26.307482,0.548795,0.430065,11.313928,0.236018,22.533933,0.544073,0.000000,9.691057,0.233987
test.context.txt::01438,test.context.txt::01438__row1578,And you wonder why republicans want smaller government and less regulations,1.0,content_diversity,that is on theory,I do wonder,do they really,"Well, they have their reasons",are you being sacarstic?,-0.012,0.979,-0.043,-0.646,-0.323,-3.051290,0.258472,0.285098,-0.869916,0.073690,62.339397,2.383318,0.000000,17.772836,0.679479
test.context.txt::01438,test.context.txt::01438__row1579,And you wonder why republicans want smaller government and less regulations,0.0,content_diversity,that is what their political party ideal is,that is what they supposedly want,that is what republican stands for in theory,I think that is what it says on paper at least,that is what they said,-0.215,0.827,-0.341,-0.819,-0.355,42.077553,1.082405,0.414524,17.442144,0.448683,68.584524,1.066674,0.000000,28.429913,0.442161
test.context.txt::01439,test.context.txt::01439__row1580,I wonder what was photoshopped out in the background,1.0,content_diversity,Maybe UFO?,I think he didn't photoshop anything out,What makes you think he did that?,I am also curious,What could that possibly be?,-0.016,0.958,-0.088,-0.698,-0.291,24.471617,0.774391,0.285536,6.987538,0.221117,19.201482,4.118370,0.000000,5.482722,1.175945
test.context.txt::01439,test.context.txt::01439__row1581,I wonder what was photoshopped out in the background,0.0,content_diversity,I want to know,I am eager to find out,I'd like to know,I wanna find out,I would really like to find out,-0.111,0.841,-0.460,-0.819,-0.829,27.879476,1.705431,0.360255,10.043721,0.614390,18.159493,0.679449,0.000000,6.542048,0.244775
test.context.txt::01440,test.context.txt::01440__row1582,I still don't see how either were penalties,1.0,content_diversity,Because you're blind,"Obviously, he was fouled",They weren't,I think the referee was bribed,Well at least he missed one,-0.008,0.981,-0.058,-0.572,-0.282,14.943223,0.878723,0.293386,4.384134,0.257805,40.440644,0.971772,0.000000,11.864722,0.285104
test.context.txt::01440,test.context.txt::01440__row1583,I still don't see how either were penalties,0.0,content_diversity,They paid the referee,Referee was paid to call penalties,They somehow bribed referees,I believe that the referee was paid to do so,That is because referee was crook,-0.055,0.898,-0.324,-0.927,-0.609,41.604310,1.387679,0.303919,12.644334,0.421742,57.728364,1.593279,0.000000,17.544738,0.484228
test.context.txt::01441,test.context.txt::01441__row1584,Thank you you are the best kind of person,1.0,content_diversity,"Awww...thanks, I didn't do anything, though.",Thank you for your kind words.,Stop...you're making me want to cry.,Thanks and I feel the same about you.,That is a sweet thing to say and totally not true...lol.,-0.010,0.978,-0.130,-0.753,-0.350,13.321959,0.622782,0.410617,5.470219,0.255725,77.152912,1.208616,0.000000,31.680278,0.496278
test.context.txt::01441,test.context.txt::01441__row1585,Thank you you are the best kind of person,0.0,content_diversity,I didn't deserve that but I will take it and be grateful.,Thank you but you are the good person here.,I appreciate that but I only told you the truth.,I thank you and will try to live up to it.,I only did what most people would do.,-0.054,0.914,-0.207,-0.772,-0.402,27.941356,0.589636,0.448155,12.522067,0.264248,26.797340,0.325283,0.000000,12.009370,0.145777
test.context.txt::01442,test.context.txt::01442__row1586,Yeah you can do that already seriously it's in the game,1.0,content_diversity,That's good news...I guess I never noticed it.,I need to pay more attention then.,"I'm so embarrassed, I swore you couldn't do it.",I need to play more then because I didn't know that.,I need to go check it out right now.,-0.079,0.909,-0.203,-0.732,-0.285,28.653188,0.568493,0.418548,11.992744,0.237942,68.155606,1.205888,0.000000,28.526414,0.504722
test.context.txt::01442,test.context.txt::01442__row1587,Yeah you can do that already seriously it's in the game,0.0,content_diversity,"I'm not a very good game play, can you tell?","I need to watch and read more, I guess.",I try to pay attention to what I'm doing.,"I need to watch what's going on, don't I?",I'll do better now that I know and watch for the others.,-0.054,0.921,-0.222,-0.777,-0.373,8.182282,0.400479,0.385347,3.153014,0.154323,63.516640,0.784373,0.000000,24.475918,0.302255
test.context.txt::01443,test.context.txt::01443__row1588,Sure if you're looking to avoid having to answer the question,1.0,content_diversity,I should say nothing then?,Best if I just kept out of their way you think?,Maybe I'll just stay in tonight and avoid them.,I'll just make sure to keep the subject off the table.,I think I'll just text and say I can't make it.,-0.039,0.939,-0.231,-0.751,-0.457,31.429493,0.566272,0.377367,11.860440,0.213692,51.279802,1.512611,0.000000,19.351282,0.570809
test.context.txt::01443,test.context.txt::01443__row1589,Sure if you're looking to avoid having to answer the question,0.0,content_diversity,Shall I just not say anything?,Best if I keep my mouth shut you think?,I think I should just keep schtum.,I am not going to say a word about it.,"I think silence is the best option here, don't you?",-0.047,0.947,-0.212,-0.733,-0.510,30.490249,0.927467,0.405174,12.353846,0.375785,30.025151,0.725511,0.000000,12.165401,0.293958
test.context.txt::01444,test.context.txt::01444__row1590,It did but then she asked me out,1.0,content_diversity,did you say yes?,did you decline?,what was your response?,did you go out with her?,I would not have asked you out,-0.063,0.929,-0.307,-0.762,-0.326,0.164928,0.277289,0.332804,0.054889,0.092283,50.801707,1.247483,0.000000,16.907010,0.415167
test.context.txt::01444,test.context.txt::01444__row1591,It did but then she asked me out,0.0,content_diversity,did you agree?,did you accept?,was your response yes?,did you accept her asking you out?,and did you tell her you would go out with her?,-0.100,0.910,-0.381,-0.809,-0.599,5.407056,0.596500,0.291485,1.576075,0.173871,44.171137,0.759113,0.000000,12.875218,0.221270
test.context.txt::01445,test.context.txt::01445__row1592,Could have cut out the first 2 minutes of the video,1.0,content_diversity,"I agree, it wasn't necessary.",It was a waste of a good two minutes,The first two minutes set up the rest of the story,What was wrong with the first two minutes?,You're right it was awful,-0.032,0.930,-0.268,-0.710,-0.284,22.190324,0.364549,0.441572,9.798631,0.160975,18.889856,1.342776,0.000000,8.341236,0.592932
test.context.txt::01445,test.context.txt::01445__row1593,Could have cut out the first 2 minutes of the video,0.0,content_diversity,The first two minutes were absolutely needed.,It was essential to the rest of the video,I think it was necessary,I think the first two minutes were crucial,"You need to know the first two minutes to know the ""why"" of the story.",-0.093,0.819,-0.359,-0.840,-0.453,12.043477,0.674097,0.492631,5.932991,0.332081,85.531747,0.811148,0.000000,42.135594,0.399597
test.context.txt::01446,test.context.txt::01446__row1594,Oh I know thank science sagan is only 5 letters,1.0,content_diversity,I love that...thank science.,"I'll have to remember ""thank science""","Yes, it makes it much easier to type","Everyone else is like 10-15 letters, lol",I miss Carl Sagan...,-0.008,0.979,-0.115,-0.659,-0.217,31.885323,0.690951,0.351660,11.212790,0.242980,50.164199,1.561997,0.000000,17.640738,0.549292
test.context.txt::01446,test.context.txt::01446__row1595,Oh I know thank science sagan is only 5 letters,0.0,content_diversity,I've never heard that phrase before but I'm stealing it,"I can't wait to use ""thank science"" on someone and watch them freak out",One of my friends would get so mad if I said Thank Science...I love it!,I'm actually making a not of that phrase because I like it so much.,"Note to self...remember ""Thank Science""",-0.018,0.965,-0.031,-0.741,-0.346,70.437652,0.966284,0.436620,30.754518,0.421899,68.633964,0.880781,0.000000,29.966991,0.384567
test.context.txt::01447,test.context.txt::01447__row1596,Hey as long as she's british it could work,1.0,content_diversity,"Good, because she's British.",It would work no matter what nationality she is.,She could be from Mars and it would work.,She is British with the cutest accent.,Why does she need to be British for it to work?,-0.026,0.944,-0.256,-0.790,-0.385,26.332360,0.677195,0.443788,11.685981,0.300531,29.030024,1.215901,0.000000,12.883172,0.539602
test.context.txt::01447,test.context.txt::01447__row1597,Hey as long as she's british it could work,0.0,content_diversity,It should work even from any country.,"Even if she was from New York, it should work.",It'll work for anyone really.,I think it would work anywhere not just british,No matter that she,-0.029,0.953,-0.149,-0.708,-0.419,38.069109,0.873001,0.386396,14.709746,0.337324,28.635378,0.967708,0.000000,11.064591,0.373919
test.context.txt::01448,test.context.txt::01448__row1598,You want your axe to be beaten with a machete,1.0,content_diversity,That makes no sense at all.,"No, it's the machete that has to be beaten with an axe.",I don't know if that's right...let me find the link.,That's right and then the samurai sword comes after that.,I can never get a machete so that's out for me.,-0.015,0.971,-0.110,-0.704,-0.215,19.507460,0.356714,0.433227,8.451161,0.154538,87.103041,1.290681,0.000000,37.735402,0.559158
test.context.txt::01448,test.context.txt::01448__row1599,You want your axe to be beaten with a machete,0.0,content_diversity,I'm trying to find the instruction because I think machete is wrong.,Here's the info...it's not a machete.,No according to this link...the machete is down the line some.,I'm not sure about the machete but there's not even an axe in the game.,I'll look for the answer but I think it's the other way around.,-0.058,0.933,-0.247,-0.804,-0.349,48.394502,0.921537,0.396841,19.204936,0.365704,61.550293,0.820004,0.000000,24.425697,0.325411
test.context.txt::01449,test.context.txt::01449__row1600,Oh my got I can't believe people this socially retarded exist,1.0,content_diversity,"The word ""retarded"" is really archaic.","They do exist and they vote, too","It's scary, isn't it?",They are coming out of the woodwork now.,They probably think the same about us lol,-0.010,0.982,-0.071,-0.621,-0.201,14.477540,0.713264,0.380978,5.515621,0.271738,29.870134,0.770386,0.000000,11.379857,0.293500
test.context.txt::01449,test.context.txt::01449__row1601,Oh my got I can't believe people this socially retarded exist,0.0,content_diversity,I wonder what they'd say about us?,It's funny but they probably say something similar to their friends.,"YES! and they, no doubt, laugh about the same thing.",They might think we're the socially inept ones.,They think we're strange because we're not like them.,-0.018,0.964,-0.166,-0.788,-0.296,53.419312,1.026976,0.401539,21.449915,0.412370,81.017080,1.378493,0.000000,32.531483,0.553518
test.context.txt::01680,test.context.txt::01680__row1602,I wish australia by the way if that helps,1.0,content_diversity,you don't wish for anything,that should not help,I have nothing to do with Australia except a few trips there,what are you talking about,what do you mean?,-0.020,0.973,-0.028,-0.610,-0.277,25.876988,0.426731,0.462265,11.962038,0.197263,58.256103,1.435770,0.000000,26.929785,0.663707
test.context.txt::01680,test.context.txt::01680__row1603,I wish australia by the way if that helps,0.0,content_diversity,I am not sure what you mean,what are you trying to say,I don't understand what you said,and your meaning is,what do you mean with that sentence?,-0.050,0.931,-0.136,-0.797,-0.530,15.668383,0.749207,0.473011,7.411319,0.354383,37.785740,1.758936,0.000000,17.873075,0.831996
test.context.txt::01681,test.context.txt::01681__row1604,Shit son I've got some bad news for you,1.0,content_diversity,what is it?,you mean good news,what are you talking about?,tell me now,do you have good news too?,-0.031,0.940,-0.037,-0.739,-0.439,12.644155,1.046448,0.299221,3.783395,0.313119,28.746167,1.104589,0.000000,8.601452,0.330516
test.context.txt::01681,test.context.txt::01681__row1605,Shit son I've got some bad news for you,0.0,content_diversity,is there good with the bad,do you have good news with the bad news,can you give me good news,I want good news,is there good news besides the bad news,-0.143,0.807,-0.424,-0.908,-0.627,34.740974,1.425774,0.382922,13.303096,0.545961,14.318997,1.005197,0.000000,5.483064,0.384912
test.context.txt::01682,test.context.txt::01682__row1606,A little of column a a little of column b,1.0,content_diversity,and they all came to blow like the song hihi,is there column c?,what are we making,are we data sorting today?,I don't want any part of this,-0.015,0.979,-0.047,-0.581,-0.144,-1.651162,0.352073,0.308954,-0.510132,0.108774,135.216033,2.285705,0.000000,41.775480,0.706177
test.context.txt::01682,test.context.txt::01682__row1607,A little of column a a little of column b,0.0,content_diversity,where is column c?,will we include column c?,do you have column c?,will column c be added?,can column c be part of the equation?,-0.091,0.885,-0.600,-0.960,-0.846,18.266455,0.956433,0.392316,7.166225,0.375224,26.596082,0.440485,0.000000,10.434073,0.172809
test.context.txt::01683,test.context.txt::01683__row1608,Then why do you have posts saying you are 16,1.0,content_diversity,I never have such post,what post are you talking about?,you got the wrong profile,you got the wrong information,you are mistaken me with someone else,-0.078,0.879,-0.119,-0.712,-0.358,26.102387,1.031745,0.410665,10.719349,0.423702,27.318463,1.388225,0.000000,11.218749,0.570096
test.context.txt::01683,test.context.txt::01683__row1609,Then why do you have posts saying you are 16,0.0,content_diversity,I do not post such things,that is not my post,I don't post on social media,I never post that,"what post, it is not mine",-0.058,0.924,-0.332,-0.913,-0.562,31.269298,1.494912,0.308254,9.638886,0.460813,44.737748,1.459087,0.000000,13.790589,0.449770
test.context.txt::01684,test.context.txt::01684__row1610,Nice and clean do you know what the specs are,1.0,content_diversity,I do know the specs,"not really, can you let me know","of course, I built it",no idea,what specs are you talking about?,-0.014,0.968,-0.046,-0.645,-0.229,30.694634,2.025464,0.331331,10.170092,0.671100,32.246326,2.133477,0.000000,10.684216,0.706888
test.context.txt::01684,test.context.txt::01684__row1611,Nice and clean do you know what the specs are,0.0,content_diversity,"no, can you tell me",will you inform me?,please tell me,enlighten me,"not a clue, but maybe you can help me",-0.057,0.928,-0.173,-0.761,-0.422,14.694847,1.440235,0.329213,4.837738,0.474144,50.156992,1.379182,0.000000,16.512345,0.454045
test.context.txt::01685,test.context.txt::01685__row1612,When the lights go off faces don't matter,1.0,content_diversity,yes they still do,they are still in your minds,I disagree,what on earth are you talking about?,are you thinking of something naughty?,-0.024,0.950,0.035,-0.597,-0.260,9.163475,1.098526,0.337106,3.089065,0.370320,46.755872,1.184301,0.000000,15.761697,0.399235
test.context.txt::01685,test.context.txt::01685__row1613,When the lights go off faces don't matter,0.0,content_diversity,faces are still in your mind,they do matter,they will matter as you can imagine them,you can see them in your imagination,they would still appear in your brain,-0.058,0.906,-0.232,-0.821,-0.494,33.276177,1.081785,0.373778,12.437903,0.404347,41.190641,0.817801,0.000000,15.396155,0.305676
test.context.txt::01686,test.context.txt::01686__row1614,You want a pepsi or something I'm currently 19 no alcohol here,1.0,content_diversity,I want alcohol,no thanks,water please,I prefer coke,I don't need a drink,-0.017,0.973,-0.224,-0.704,-0.246,15.506740,1.560050,0.348074,5.397494,0.543013,17.630975,1.087418,0.000000,6.136885,0.378502
test.context.txt::01686,test.context.txt::01686__row1615,You want a pepsi or something I'm currently 19 no alcohol here,0.0,content_diversity,I want a glass of water,I drink water,water will do just fine,water is all I want for now,give me water,-0.064,0.931,-0.180,-0.948,-0.687,23.122219,0.966145,0.418030,9.665772,0.403877,18.322294,0.713411,0.000000,7.659261,0.298227
test.context.txt::01687,test.context.txt::01687__row1616,Why pm when you can type it out here,1.0,content_diversity,I am typing it out here,because it is more fun,"no need, I never pm",not sure what you mean,what are you talking about?,-0.015,0.969,-0.013,-0.620,-0.176,27.906213,1.420535,0.373836,10.432339,0.531047,32.814587,2.015202,0.000000,12.267265,0.753354
test.context.txt::01687,test.context.txt::01687__row1617,Why pm when you can type it out here,0.0,content_diversity,I do type it here,I type at this moment,I enjoy typing at the now,I am currently doing the typing right now,"this is what I do, typing",-0.060,0.927,-0.268,-0.896,-0.682,45.565316,1.719164,0.268988,12.256533,0.462435,33.267939,1.282502,0.000000,8.948684,0.344978
test.context.txt::01688,test.context.txt::01688__row1618,1 your link doesn't seem to work  2 keep it,1.0,content_diversity,1. I don't care  2. stick it,Get off your high horse,"At least I was trying to help, unlike you","Thanks, I'll do that",I'd say something but I think it's better that I don't.,-0.018,0.966,-0.031,-0.636,-0.240,16.238386,0.899212,0.342011,5.553701,0.307540,58.812073,1.049184,0.000000,20.114355,0.358832
test.context.txt::01688,test.context.txt::01688__row1619,1 your link doesn't seem to work  2 keep it,0.0,content_diversity,"When you try to do something, then talk.","If you try to help then you have a say, otherwise stuff it.",The laziest are always the loudest...lol,When was the last time you contributed?,Get out of here or help.,-0.030,0.937,-0.086,-0.672,-0.251,43.093495,0.750113,0.299083,12.888543,0.224346,56.743923,1.678231,0.000000,16.971158,0.501931
test.context.txt::01689,test.context.txt::01689__row1620,Can the fbi arrest people under probable cause like a cop can,1.0,content_diversity,I have no idea,I think they usually do research more,why do you ask me that?,how would I know?,"probably not, I am not sure the cops have the right to arrest someone just because of probably cause either",-0.023,0.966,-0.008,-0.683,-0.296,1.555883,1.528579,0.329707,0.512986,0.503983,152.822458,1.129529,0.000000,50.386644,0.372414
test.context.txt::01689,test.context.txt::01689__row1621,Can the fbi arrest people under probable cause like a cop can,0.0,content_diversity,I think they investigate more,I believe they are more about investigation,it is my understanding their field is more on investigation,they tend to do more research and finding truths,they specialize more on investigation,-0.073,0.913,-0.217,-0.928,-0.629,57.917017,1.229809,0.436457,25.278283,0.536759,70.371510,1.126009,0.000000,30.714132,0.491455
test.context.txt::01690,test.context.txt::01690__row1622,I think about 80 of that could have just not been said,1.0,content_diversity,that doesn't change the fact that it was truth,i agree with you,"even more, maybe 90 per cent",i think you hurt his feelings,why did you even say something,-0.019,0.968,-0.020,-0.626,-0.174,23.309838,0.995916,0.399233,9.306046,0.397602,55.221001,1.387141,0.000000,22.046021,0.553792
test.context.txt::01690,test.context.txt::01690__row1623,I think about 80 of that could have just not been said,0.0,content_diversity,i think you are right,i believe you're not wrong,i support you,i totally understand you,i think the same,-0.074,0.921,-0.309,-0.720,-0.668,29.621041,1.571494,0.314354,9.311492,0.494005,31.436681,1.064487,0.000000,9.882246,0.334626
test.context.txt::01691,test.context.txt::01691__row1624,Cool let me know if you have suggestions after you try it,1.0,content_diversity,I will,Thanks for letting me know,I appreciate the help,I have a suggestion right now,what are you talking about?,-0.017,0.982,-0.072,-0.639,-0.346,15.129476,0.886815,0.410569,6.211691,0.364099,34.169533,1.143270,0.000000,14.028943,0.469391
test.context.txt::01691,test.context.txt::01691__row1625,Cool let me know if you have suggestions after you try it,0.0,content_diversity,I do have some suggestion for you now,I have some idea,I can give you some pointer right now,I do have things to tell you,want to hear my suggestion now?,-0.071,0.891,-0.193,-0.808,-0.529,32.474544,1.178009,0.363515,11.804993,0.428224,41.663640,1.098801,0.000000,15.145370,0.399431
test.context.txt::01692,test.context.txt::01692__row1626,What does that have to do with calvin and hobbes,1.0,content_diversity,it does not,I don't think it has anything to do with them,every things has to do with them,who are you talking about?,let's talk about something else,-0.034,0.903,0.061,-0.635,-0.316,24.929584,0.816356,0.439233,10.949891,0.358570,30.710950,1.328096,0.000000,13.489257,0.583343
test.context.txt::01692,test.context.txt::01692__row1627,What does that have to do with calvin and hobbes,0.0,content_diversity,nothing it seems,calvin and hobbes has nothing to do with them,I think nothing at all,there should not be anything related between them,nothing in my opinion,-0.028,0.972,0.051,-0.731,-0.585,26.964436,0.857925,0.422948,11.404561,0.362858,37.227623,0.983525,0.000000,15.745359,0.415980
test.context.txt::01693,test.context.txt::01693__row1628,Come to the us we have freedom and cookies here,1.0,content_diversity,I want cookies,I like freedom,that is what I am planning to do,"not yet, there is still stuff to be done here",I will be there soon,-0.038,0.952,-0.151,-0.660,-0.271,29.362961,1.084923,0.392995,11.539498,0.426369,82.122898,0.955390,0.000000,32.273893,0.375464
test.context.txt::01693,test.context.txt::01693__row1629,Come to the us we have freedom and cookies here,0.0,content_diversity,I like cookies,I desire cookies,cookies sounds great,cookies sounds good,Cookies is something I enjoy very much,-0.072,0.923,-0.317,-0.957,-0.806,18.134596,1.332915,0.360888,6.544550,0.481032,47.469784,0.961916,0.000000,17.131254,0.347144
test.context.txt::01694,test.context.txt::01694__row1630,Shit man I spend about 3 hours of my day masturbating,1.0,content_diversity,that is way too much,what is masturbating,i usually spend only 30 minutes,how can you do it so long,my record is 4 hours,-0.014,0.985,-0.145,-0.623,-0.150,22.891052,0.762707,0.406913,9.314658,0.310355,23.495790,0.933697,0.000000,9.560733,0.379933
test.context.txt::01694,test.context.txt::01694__row1631,Shit man I spend about 3 hours of my day masturbating,0.0,content_diversity,you're doing it too much,you're addicted to masturbation,i think you have a problem,that is addicition,you are masturbating way too long,-0.011,0.975,-0.282,-0.678,-0.443,26.773715,1.111406,0.379513,10.160985,0.421794,33.945311,2.305168,0.000000,12.882702,0.874842
test.context.txt::01695,test.context.txt::01695__row1632,Lets save some runs for the other games guys,1.0,content_diversity,let's do it,"no, I am taking a break",I want to play other games,one more round,you are nonstop,-0.003,0.990,-0.135,-0.624,-0.234,12.656262,0.452861,0.290812,3.680592,0.131697,41.773511,2.264760,0.000000,12.148237,0.658619
test.context.txt::01695,test.context.txt::01695__row1633,Lets save some runs for the other games guys,0.0,content_diversity,let's stop for a minute,let's take 15,I want to rest a bit,let's relax a bit first,I want to take a break,-0.072,0.877,-0.367,-0.789,-0.488,37.189138,1.934592,0.326795,12.153231,0.632215,25.012307,1.832465,0.000000,8.173901,0.598841
test.context.txt::01696,test.context.txt::01696__row1634,Must be bc I still don't get it,1.0,content_diversity,you still do not get it,I don't want to know,because you did not listen well,you will in time,you already got it,-0.032,0.960,-0.173,-0.670,-0.233,26.416223,1.093906,0.350507,9.259066,0.383421,22.368488,1.039814,0.000000,7.840307,0.364462
test.context.txt::01696,test.context.txt::01696__row1635,Must be bc I still don't get it,0.0,content_diversity,give it time,be patient,you just need more time,you can with time,wait and you will,-0.029,0.956,-0.095,-0.779,-0.544,36.742986,2.468451,0.227605,8.362890,0.561832,31.193530,1.503967,0.000000,7.099806,0.342310
test.context.txt::01697,test.context.txt::01697__row1636,He's not a random fan he's a super fan,1.0,content_diversity,good for him,way to spend time,fan of whom?,I am not understanding this fan,he acts crazy,-0.005,0.989,-0.038,-0.608,-0.264,13.041767,0.669733,0.302906,3.950425,0.202866,37.997355,2.193702,0.000000,11.509613,0.664485
test.context.txt::01697,test.context.txt::01697__row1637,He's not a random fan he's a super fan,0.0,content_diversity,whose fan?,he is a fan of who?,who is he a fan of?,who does he admire?,and the object of his fanhood is?,-0.033,0.934,-0.403,-0.902,-0.643,6.979492,0.882346,0.252310,1.760994,0.222625,51.404190,2.072299,0.000000,12.969776,0.522861
test.context.txt::01698,test.context.txt::01698__row1638,I don't think the house is literally underwater,1.0,content_diversity,Actually it is,so that was a lie,Why would the house be underwater,Was there flood?,that is just a figure of speech,-0.011,0.975,-0.136,-0.604,-0.195,19.751178,1.109219,0.338106,6.677991,0.375034,26.282570,2.533230,0.000000,8.886293,0.856500
test.context.txt::01698,test.context.txt::01698__row1639,I don't think the house is literally underwater,0.0,content_diversity,yes it is,that is true,i think it is,this is a true fact,he's telling the truth,-0.052,0.933,-0.330,-0.717,-0.713,19.841580,1.613163,0.260275,5.164272,0.419866,27.440925,0.496236,0.000000,7.142194,0.129158
test.context.txt::01699,test.context.txt::01699__row1640,Nope has been unknown for atleast a few months,1.0,content_diversity,What do you mean?,Really? I didn't know that,What has been unknown?,"That is a lie, I knew it",Yeah but there's a lot of theories out,-0.011,0.979,0.043,-0.662,-0.384,9.030242,0.696300,0.355287,3.208326,0.247386,59.094269,1.445669,0.000000,20.995416,0.513627
test.context.txt::01699,test.context.txt::01699__row1641,Nope has been unknown for atleast a few months,0.0,content_diversity,That isn't true,That's not truth,You are lying,You are not telling the truth,That is incorrect,-0.032,0.929,-0.482,-0.834,-0.690,35.189742,1.997782,0.281174,9.894439,0.561724,15.774918,1.220703,0.000000,4.435496,0.343230
test.context.txt::01700,test.context.txt::01700__row1642,What if the people who like your comments are dudes,1.0,content_diversity,"Nothing, I don't care",And what if they are single ladies,I think it actually could be true,And what does that change?,What are you guys talking about?,-0.018,0.964,-0.066,-0.660,-0.206,24.246280,0.817952,0.339328,8.227434,0.277554,24.925215,0.826237,0.000000,8.457815,0.280365
test.context.txt::01700,test.context.txt::01700__row1643,What if the people who like your comments are dudes,0.0,content_diversity,I don't mind,I have no problem with that,I'm not bothered,I think it's fine,I don't really care about that,-0.041,0.943,-0.388,-0.688,-0.697,31.871387,1.933976,0.352140,11.223181,0.681030,19.759949,0.890989,0.000000,6.958263,0.313753
test.context.txt::01701,test.context.txt::01701__row1644,They still sell it dude thats god mode,1.0,content_diversity,I have it,I don't need it,I don't spend money on those,that is awesome,I want one,-0.047,0.933,-0.359,-0.652,-0.366,26.097942,1.230245,0.350389,9.144419,0.431064,32.581353,0.910940,0.000000,11.416133,0.319183
test.context.txt::01701,test.context.txt::01701__row1645,They still sell it dude thats god mode,0.0,content_diversity,that is pretty amazing,that is wonderful,"wow, that is great",god mode is something else,god mode is pretty awesome,-0.123,0.834,-0.366,-0.780,-0.533,35.794499,1.794963,0.367448,13.152599,0.659555,18.926078,1.178685,0.000000,6.954340,0.433105
test.context.txt::01702,test.context.txt::01702__row1646,I lold at that one I gotta use that line somewhere,1.0,content_diversity,that you did,that is funny,that is not that funny,how long have you been holding that in?,"haha, you are hilarious",-0.067,0.919,-0.155,-0.698,-0.382,18.148559,0.932105,0.355417,6.450306,0.331286,43.317456,1.385605,0.000000,15.395760,0.492467
test.context.txt::01702,test.context.txt::01702__row1647,I lold at that one I gotta use that line somewhere,0.0,content_diversity,that line is hilarious,that line is amusing,that is a very funny quote,I laugh at that,that was very comical,-0.092,0.887,-0.414,-0.961,-0.727,29.190131,1.375030,0.390822,11.408138,0.537392,21.223358,1.045124,0.000000,8.294550,0.408457
test.context.txt::01703,test.context.txt::01703__row1648,Well thanks ill remember that in the future,1.0,content_diversity,you are welcome,no need to thank me,you better do,it is good for you to remember that,I did not help you with anything,-0.029,0.969,-0.074,-0.681,-0.305,26.560008,1.671277,0.366525,9.734899,0.612564,43.542160,1.338494,0.000000,15.959277,0.490591
test.context.txt::01703,test.context.txt::01703__row1649,Well thanks ill remember that in the future,0.0,content_diversity,I am glad,glad to be of help,you are very welcome,it is my pleasure,no problems,-0.005,0.989,-0.189,-0.708,-0.659,27.835896,1.549935,0.338483,9.421974,0.524627,8.681583,1.614046,0.000000,2.938567,0.546327
test.context.txt::01704,test.context.txt::01704__row1650,It was a slow day at the magic shop,1.0,content_diversity,"well, it is covid season",it will pick up next time,magic is not my thing right now,maybe you can pick it up with making a buy,let's go to the carnival,-0.018,0.970,-0.077,-0.676,-0.217,33.252768,0.961077,0.249687,8.302793,0.239969,70.209401,1.755288,0.000000,17.530393,0.438273
test.context.txt::01704,test.context.txt::01704__row1651,It was a slow day at the magic shop,0.0,content_diversity,I am not into magic right now,"at this moment, I have not been involved with magic",magic is not what I do at the moment,I am not playing magic right now,magic is not what I practice at this time,-0.147,0.801,-0.488,-0.958,-0.805,65.147100,1.793896,0.325339,21.194907,0.583625,36.558235,0.501172,0.000000,11.893828,0.163051
test.context.txt::01705,test.context.txt::01705__row1652,Cock    damnit my accent doesn't translate well on text,1.0,content_diversity,that is too bad,you said a bad word,there is no accent on text,you are mistaken,you makes little sense about accent and text,-0.027,0.954,-0.105,-0.674,-0.315,5.169095,0.799675,0.315271,1.629668,0.252115,76.055370,1.211557,0.000000,23.978086,0.381969
test.context.txt::01705,test.context.txt::01705__row1653,Cock    damnit my accent doesn't translate well on text,0.0,content_diversity,text do not show accents,accents do not appear on text,text can not explain accents,texts do not express your voice,texts can not be used to describe one's accent,-0.089,0.900,-0.239,-0.950,-0.715,36.476356,1.427500,0.357717,13.048200,0.510641,35.783094,0.755503,0.000000,12.800208,0.270256
test.context.txt::01706,test.context.txt::01706__row1654,What else you gonna do on your last day at work,1.0,content_diversity,party I think,maybe have some celebration,I can relax,talk with my colleague,clean out my desk,-0.012,0.778,-0.143,-0.646,-0.205,21.403734,1.398057,0.260751,5.581053,0.364545,11.525759,1.819294,0.000000,3.005357,0.474383
test.context.txt::01706,test.context.txt::01706__row1655,What else you gonna do on your last day at work,0.0,content_diversity,celebrate a little,party with others,celebrate in the office,have a enjoyable time,enjoy the moment with a celebration,-0.029,0.950,-0.186,-0.813,-0.546,22.335470,1.275106,0.310707,6.939797,0.396185,21.921417,0.761250,0.000000,6.811148,0.236526
test.context.txt::01707,test.context.txt::01707__row1656,Check the sidebar you are breaking several rules,1.0,content_diversity,Thanks for the warning.,"Oops, you're right",Sorry about that...I'll delete,I don't think that breaks the rules unless you're really reaching,"Thanks, I'll check it out.",-0.006,0.985,-0.056,-0.707,-0.306,25.986626,0.890611,0.362743,9.426477,0.323063,82.045456,0.595600,0.000000,29.761447,0.216050
test.context.txt::01707,test.context.txt::01707__row1657,Check the sidebar you are breaking several rules,0.0,content_diversity,"Oh man, I didn't realize that.",I remove it right away.,I should have looked before I posted,Thanks for the heads-up.,I'll take it down...sorry :(,-0.019,0.970,-0.087,-0.647,-0.230,27.541077,1.000335,0.338440,9.321006,0.338554,40.230349,1.524243,0.000000,13.615565,0.515865
test.context.txt::01708,test.context.txt::01708__row1658,Wow  you're all here  what are the chances,1.0,content_diversity,"yes, I wonder that too",this is joyful,let's celebrate,what a drag,I am leaving now,-0.004,0.988,-0.085,-0.608,-0.344,13.972390,1.234831,0.231946,3.240839,0.286414,36.159022,1.670090,0.000000,8.386937,0.387371
test.context.txt::01708,test.context.txt::01708__row1659,Wow  you're all here  what are the chances,0.0,content_diversity,let's enjoy this,celebration is in order,we can enjoy this,we can enjoy ourselves,let's make this a night to remember,-0.076,0.884,-0.237,-0.801,-0.551,29.004660,1.555770,0.367492,10.658972,0.571733,28.557569,1.288855,0.000000,10.494670,0.473644
test.context.txt::01709,test.context.txt::01709__row1660,Thats no suit  thats an actual living creature,1.0,content_diversity,I think you're right...holy cow!,"I don't know, it looks fake to me.",Are you sure about that?,I wonder if it's computer created.,You might be right - I wish I could see it more closely.,-0.024,0.973,-0.081,-0.661,-0.250,14.581795,0.763777,0.348791,5.086003,0.266399,56.548734,1.109309,0.000000,19.723706,0.386917
test.context.txt::01709,test.context.txt::01709__row1661,Thats no suit  thats an actual living creature,0.0,content_diversity,"Look around the mouth, it just looks plastic-y.",I think it's a suit.,Doesn't really look like a real creature to me.,the movements aren't fluid like a real animal.,I think you might be wrong - fake!,-0.034,0.938,-0.218,-0.678,-0.287,18.056076,0.445945,0.311494,5.624358,0.138909,84.119913,1.700217,0.000000,26.202841,0.529607
test.context.txt::01710,test.context.txt::01710__row1662,We can meet at peoples park thats a place,1.0,content_diversity,it's a deal,let's meet somewhere else,why didn't you invite me,where are you guys going,are you going on a date,-0.028,0.945,-0.102,-0.680,-0.239,22.098081,0.961628,0.303929,6.716237,0.292266,13.848082,2.499840,0.000000,4.208827,0.759773
test.context.txt::01710,test.context.txt::01710__row1663,We can meet at peoples park thats a place,0.0,content_diversity,okay,sounds good,sounds like a plan,sure thing,it's a date,-0.013,0.767,-0.159,-0.692,-0.473,18.757555,1.595380,0.190081,3.565463,0.303252,25.244802,2.648283,0.000000,4.798568,0.503389
test.context.txt::01711,test.context.txt::01711__row1664,So you think people won't be able to tell,1.0,content_diversity,yes that is what i think,they will it is so obvious,what do you mean,are you talking about his mask?,if someone can't tell then he is stupid,-0.017,0.973,0.042,-0.671,-0.204,17.225787,0.944048,0.337682,5.816843,0.318788,55.368403,1.066703,0.000000,18.696929,0.360207
test.context.txt::01711,test.context.txt::01711__row1665,So you think people won't be able to tell,0.0,content_diversity,i believe that,"yes, of course","yes, correct","positive, that's my thinking",i think this will happen,-0.013,0.976,-0.098,-0.684,-0.658,28.061145,1.868921,0.257620,7.229119,0.481472,41.178365,0.967059,0.000000,10.608381,0.249134
test.context.txt::01712,test.context.txt::01712__row1666,This is a terrible attempt at viral marketing universal studios,1.0,content_diversity,I agree with that sentiment,"haha, who cares",why is it terrible?,I don't care for viral marketing,"well, there can be second attempt",-0.004,0.992,-0.110,-0.554,-0.173,10.506354,0.847360,0.309224,3.248812,0.262024,54.732436,2.069410,0.000000,16.924557,0.639910
test.context.txt::01712,test.context.txt::01712__row1667,This is a terrible attempt at viral marketing universal studios,0.0,content_diversity,you are correct on this,I think so too,I concur with that,it is pretty bad,it is not a job well done by them,-0.016,0.967,-0.041,-0.656,-0.428,25.332199,1.904453,0.258070,6.537469,0.491481,48.482147,0.645217,0.000000,12.511766,0.166511
test.context.txt::01713,test.context.txt::01713__row1668,Are there known examples of that in nature,1.0,content_diversity,i don't think so,examples of what?,are you guys talking about supernatural things?,there are few examples,what does that question have to do with anything,-0.010,0.985,0.150,-0.667,-0.366,25.516784,1.060596,0.370142,9.444841,0.392571,52.375164,0.553581,0.000000,19.386263,0.204904
test.context.txt::01713,test.context.txt::01713__row1669,Are there known examples of that in nature,0.0,content_diversity,I think not,i believe there's not,"actually no, there isn't",i think there isn't,"no, that is not correct",-0.047,0.917,-0.229,-0.744,-0.776,30.597489,1.559983,0.279224,8.543539,0.435584,23.683651,0.749780,0.000000,6.613033,0.209356
test.context.txt::01714,test.context.txt::01714__row1670,You should have posted this as an audio book,1.0,content_diversity,you think so?,maybe but you wouldn't have good reach,you should start doing it more often,"thanks for feedback, i'll try",what is the difference,-0.012,0.985,0.075,-0.626,-0.256,29.563754,0.827466,0.335220,9.910354,0.277383,70.674459,1.698525,0.000000,23.691474,0.569379
test.context.txt::01714,test.context.txt::01714__row1671,You should have posted this as an audio book,0.0,content_diversity,start posting more often,increase your posting,you should post more frequently,start making more posts,you can post more,-0.054,0.917,-0.236,-0.969,-0.786,41.301108,1.662725,0.333577,13.777110,0.554647,11.732012,0.903757,0.000000,3.913532,0.301473
test.context.txt::01715,test.context.txt::01715__row1672,Oh yeah well well your mom is a talking face,1.0,content_diversity,my mother is very nice,don't talk about my mother,you should shut up,I have no idea what you say,she is also a very beautiful and kind lady,-0.023,0.959,-0.150,-0.670,-0.202,11.114768,0.803678,0.462608,5.141779,0.371788,46.357269,0.596981,0.000000,21.445236,0.276168
test.context.txt::01715,test.context.txt::01715__row1673,Oh yeah well well your mom is a talking face,0.0,content_diversity,you have no place to mention my mother,you are not in position to mention her,don't talk about her,shut up,you do not have the right to discuss my mother,-0.034,0.923,-0.239,-0.737,-0.617,35.457547,1.536307,0.384560,13.635542,0.590802,20.203395,2.927389,0.000000,7.769411,1.125756
test.context.txt::01716,test.context.txt::01716__row1674,Sorry for taking do long to respond something came up,1.0,content_diversity,"well, get to the point then",I understand,what happened,you made me wait a while,can you tell me about it?,-0.007,0.982,-0.034,-0.673,-0.344,17.049071,1.234719,0.351327,5.989799,0.433790,46.233489,0.953064,0.000000,16.243074,0.334837
test.context.txt::01716,test.context.txt::01716__row1675,Sorry for taking do long to respond something came up,0.0,content_diversity,let's cut to the chase,say what you want,spit it out,can you just cut the chit chat,make your point already,-0.011,0.974,-0.024,-0.683,-0.334,38.170382,2.255052,0.276542,10.555730,0.623618,33.227597,1.052504,0.000000,9.188840,0.291062
test.context.txt::01717,test.context.txt::01717__row1676,Ill give you that but it doesn't seem likely does it,1.0,content_diversity,it does seem likely,what do you mean by that?,I have no idea,it does not,I agree with you,-0.029,0.949,-0.003,-0.641,-0.298,18.887049,1.389645,0.405861,7.665507,0.564002,22.715621,0.783902,0.000000,9.219373,0.318155
test.context.txt::01717,test.context.txt::01717__row1677,Ill give you that but it doesn't seem likely does it,0.0,content_diversity,I don't understand what you are saying,I do not know what you mean by that?,what is that?,what do you refer to when you say that?,what is that meant?,-0.076,0.910,-0.218,-0.810,-0.669,22.958961,0.947647,0.365398,8.389165,0.346269,26.470149,1.334416,0.000000,9.672147,0.487593
test.context.txt::01718,test.context.txt::01718__row1678,Beautiful you are gorgeous  congrats on your engagement especially to a tall,1.0,content_diversity,thank you,what engagement?,where did you hear that from?,will you attend our celebration?,thanks for the compliment,-0.016,0.979,-0.085,-0.627,-0.257,32.946162,1.470112,0.301446,9.931491,0.443160,51.906563,1.408684,0.000000,15.647030,0.424642
test.context.txt::01718,test.context.txt::01718__row1679,Beautiful you are gorgeous  congrats on your engagement especially to a tall,0.0,content_diversity,engagement?,what engagement are you talking about?,"I did not even know about the engagement, which one are you discussing?",did you hear about engagement I did not know about?,is there an engagement that include me that I did not know about?,-0.079,0.835,-0.178,-0.966,-0.791,46.843022,1.197741,0.323431,15.150474,0.387386,82.432121,1.810670,0.000000,26.661083,0.585626
test.context.txt::01719,test.context.txt::01719__row1680,Then I'm going to eat your brain and gain your knowledge,1.0,content_diversity,you wish,you sound a bit nuts,you makes no sense,you will die if you try to eat my brain,you can not handle my knowledge,-0.058,0.956,-0.093,-0.696,-0.303,19.636629,1.182754,0.292426,5.742256,0.345868,33.993118,1.515975,0.000000,9.940464,0.443310
test.context.txt::01719,test.context.txt::01719__row1681,Then I'm going to eat your brain and gain your knowledge,0.0,content_diversity,you sound crazy,what you said do not make sense,I don't understand you,you are talking gibberish,I do not understand a word you are saying,-0.064,0.915,-0.279,-0.757,-0.679,27.316416,1.214730,0.375408,10.254790,0.456019,20.346059,1.090413,0.000000,7.638065,0.409349
test.context.txt::01720,test.context.txt::01720__row1682,What time could you go online today so we could talk,1.0,content_diversity,any time really,let me know when you want,how about now?,you sound like you missed me,"not today, I am busy today",-0.009,0.975,0.071,-0.703,-0.327,5.834835,0.523596,0.338075,1.972612,0.177015,42.556724,1.117022,0.000000,14.387363,0.377637
test.context.txt::01720,test.context.txt::01720__row1683,What time could you go online today so we could talk,0.0,content_diversity,now is good,let's talk now,we can go online now,right at this very moment,we can chat right at this moment,-0.055,0.882,-0.177,-0.732,-0.455,26.944112,1.619649,0.302801,8.158700,0.490431,25.219548,1.024427,0.000000,7.636501,0.310198
test.context.txt::01721,test.context.txt::01721__row1684,And you'll always be wrong no matter what you say,1.0,content_diversity,actually he is right,that makes no sense,why are being so rude,what are you guys talking about,i'll tell your wife about your behaviour,-0.006,0.977,-0.114,-0.611,-0.151,6.165376,0.673925,0.379007,2.336722,0.255423,65.806973,1.188257,0.000000,24.941319,0.450358
test.context.txt::01721,test.context.txt::01721__row1685,And you'll always be wrong no matter what you say,0.0,content_diversity,he is not wrong,his facts are true,that is correct,he is not mistaking,he's telling the truth,-0.050,0.707,-0.326,-0.708,-0.669,27.042396,1.643662,0.296873,8.028167,0.487959,22.637153,1.262176,0.000000,6.720367,0.374706
test.context.txt::01722,test.context.txt::01722__row1686,Thats what she said  ill get me coat,1.0,content_diversity,let's go then,I will get mine too,your coat is nice,I think I put it on the hanger,"well, can't wait for dinner",-0.006,0.984,-0.031,-0.653,-0.301,15.802605,1.066203,0.309788,4.895462,0.330297,47.469472,0.722999,0.000000,14.705486,0.223977
test.context.txt::01722,test.context.txt::01722__row1687,Thats what she said  ill get me coat,0.0,content_diversity,you have a nice coat,your coat is beautiful,I like your coat,your coat is very elegant,I think your coat is stunning,-0.154,0.835,-0.488,-0.963,-0.896,30.614858,1.466015,0.357516,10.945315,0.524125,23.038403,0.645532,0.000000,8.236608,0.230788
test.context.txt::01723,test.context.txt::01723__row1688,And this in no way can lower speeds,1.0,content_diversity,it can not,it may be able to,so do you have other solutions?,I can think of other ways,let's look for other options,-0.021,0.968,-0.167,-0.670,-0.422,25.358189,1.157191,0.341754,8.666272,0.395475,37.484029,0.829182,0.000000,12.810332,0.283377
test.context.txt::01723,test.context.txt::01723__row1689,And this in no way can lower speeds,0.0,content_diversity,you have other ideas,can you come up with another idea,can you come up with another solution,can you think of other ways,do you have other ways to solve this issues,-0.153,0.743,-0.421,-0.929,-0.733,30.125985,1.107100,0.427479,12.878215,0.473261,46.875616,0.962838,0.000000,20.038325,0.411593
test.context.txt::01724,test.context.txt::01724__row1690,He is the most interesting extra in the world,1.0,content_diversity,what do you mean by that,i know one guy who is more interesting,what are you talking about,i don't believe a word you say,i don't understand your english,-0.030,0.954,-0.070,-0.703,-0.323,23.374271,0.813649,0.424130,9.913738,0.345093,38.944642,0.830280,0.000000,16.517605,0.352147
test.context.txt::01724,test.context.txt::01724__row1691,He is the most interesting extra in the world,0.0,content_diversity,i think you are giving incorrect facts,i don't trust your words,i think you are lying,You are not telling the truth,That is incorrect,-0.062,0.874,-0.358,-0.771,-0.627,37.929206,1.468052,0.306280,11.616944,0.449635,41.206354,1.139182,0.000000,12.620668,0.348908
test.context.txt::01725,test.context.txt::01725__row1692,Pants never again would they be purchased or worn,1.0,content_diversity,we still need pants,people are no longer going to work,talk about working at home,I like that,sometimes pants are still nice,-0.012,0.975,-0.167,-0.687,-0.190,25.889538,1.271211,0.304662,7.887562,0.387290,28.700426,1.432138,0.000000,8.743933,0.436318
test.context.txt::01725,test.context.txt::01725__row1693,Pants never again would they be purchased or worn,0.0,content_diversity,that is work at home,work from home at its best,one better thing about working at home,"well, you don't need to wear pants working at home",work from home equals no fancy outfit,-0.091,0.888,-0.210,-0.918,-0.614,29.741650,0.898982,0.319049,9.489042,0.286819,58.935577,0.975617,0.000000,18.803333,0.311270
test.context.txt::01726,test.context.txt::01726__row1694,Was there even enough demand to match that output,1.0,content_diversity,there should be,"well, we can raise the price then",I think there is higher demand than supply,"not really, no one buy it",what are you talking about?,-0.004,0.993,-0.008,-0.644,-0.247,39.866144,1.327372,0.330071,13.158649,0.438127,51.473564,1.508418,0.000000,16.989919,0.497885
test.context.txt::01726,test.context.txt::01726__row1695,Was there even enough demand to match that output,0.0,content_diversity,there is,"yes, I think so",of course,it seems to be the case,the demand is there,-0.018,0.967,-0.049,-0.633,-0.680,20.022837,1.684290,0.279915,5.604694,0.471458,25.096638,1.004291,0.000000,7.024928,0.281116
test.context.txt::01727,test.context.txt::01727__row1696,What about your teammates do they have a high ping too,1.0,content_diversity,Yeah,Only two of them,"No, their ping is fine",What does the ping mean,How can you lower your ping,-0.011,0.981,-0.141,-0.639,-0.300,18.374573,1.727236,0.224826,4.131083,0.388328,30.273890,2.494084,0.000000,6.806360,0.560735
test.context.txt::01727,test.context.txt::01727__row1697,What about your teammates do they have a high ping too,0.0,content_diversity,Just two of them,Two of my friends,Two of my teammates,Just two teammates,Only two other players in my team,-0.090,0.866,-0.376,-0.827,-0.658,31.184383,1.915089,0.293484,9.152120,0.562048,33.241816,0.602711,0.000000,9.755944,0.176886
test.context.txt::01728,test.context.txt::01728__row1698,Cuz whats real is something the eyes can't see,1.0,content_diversity,the eyes can see what is real,what are you saying?,I can see,my eyes can see real things in front of me,you should shut up now,-0.053,0.909,-0.175,-0.693,-0.308,14.398668,0.825056,0.384204,5.532024,0.316990,36.663819,1.512817,0.000000,14.086383,0.581230
test.context.txt::01728,test.context.txt::01728__row1699,Cuz whats real is something the eyes can't see,0.0,content_diversity,the eyes see,the eyes are able to see real things,vision allow us to see reality,we can see what is real with our vision,our eyes can see what is real,-0.115,0.804,-0.477,-0.928,-0.808,43.887822,1.443571,0.412103,18.086325,0.594900,31.441144,0.919973,0.000000,12.957006,0.379124
test.context.txt::01729,test.context.txt::01729__row1700,Are you saying it flew over their head,1.0,content_diversity,I think so,I am not sure they understand what they are doing,that is not what I meant,maybe they did not pay attention,"yes, it did",-0.030,0.943,-0.085,-0.596,-0.323,26.604469,0.814141,0.320446,8.525297,0.260888,41.537809,1.760281,0.000000,13.310627,0.564075
test.context.txt::01729,test.context.txt::01729__row1701,Are you saying it flew over their head,0.0,content_diversity,they needed to pay more attention,they did not get it,they were not attentive enough,they are not being very attentive,that is probably because they did not give it all their attention,-0.071,0.913,-0.358,-0.761,-0.521,14.705866,0.908621,0.434933,6.396066,0.395189,74.213685,0.736361,0.000000,32.277978,0.320268
test.context.txt::01730,test.context.txt::01730__row1702,Garlic or the spicy pepper kind  oo I must known for science,1.0,content_diversity,sounds tasty,you know your stuff,I like your flavor profile,what kind of dish are you making,is that what is for dinner?,-0.011,0.967,-0.047,-0.667,-0.295,22.056570,0.984153,0.355452,7.840051,0.349819,37.344367,1.297303,0.000000,13.274128,0.461129
test.context.txt::01730,test.context.txt::01730__row1703,Garlic or the spicy pepper kind  oo I must known for science,0.0,content_diversity,What are you cooking?,tell me what you are preparing,and the dish you are making is?,what type of food is on the menu,what are you putting out from the kitchen?,-0.064,0.925,-0.312,-0.817,-0.512,26.716518,0.978695,0.389361,10.402378,0.381066,46.537228,0.722106,0.000000,18.119795,0.281160
test.context.txt::01731,test.context.txt::01731__row1704,Can you trim it and post another pic,1.0,content_diversity,yes I can,no I don't want to,what pic are you talking about?,what do I get for doing so?,already done,-0.016,0.974,-0.122,-0.619,-0.222,33.079201,1.399841,0.244699,8.094432,0.342539,36.988531,1.276879,0.000000,9.051039,0.312450
test.context.txt::01731,test.context.txt::01731__row1705,Can you trim it and post another pic,0.0,content_diversity,don't feel like it,not at the moment,I am not up for it,I will not because I don't want to,I am not going to do that because it is not what I desire,-0.061,0.902,-0.263,-0.685,-0.704,30.781449,1.808797,0.306721,9.441306,0.554796,57.060254,0.893717,0.000000,17.501558,0.274121
test.context.txt::01732,test.context.txt::01732__row1706,And you get a pink slip and you get a pink slip,1.0,content_diversity,thank you,what can I use it for?,what is a pink slip?,I never ask for one,"wow, can't wait to use it",-0.018,0.956,-0.042,-0.644,-0.212,14.836736,0.889537,0.341399,5.065247,0.303687,42.386873,1.273479,0.000000,14.470837,0.434765
test.context.txt::01732,test.context.txt::01732__row1707,And you get a pink slip and you get a pink slip,0.0,content_diversity,what is it for?,what is its used for?,what is its purpose?,what is the reason for this pink slip?,what can I use the pink slip for?,-0.126,0.873,-0.555,-0.842,-0.564,15.175724,0.722233,0.351480,5.333959,0.253850,29.187800,0.837645,0.000000,10.258919,0.294415
test.context.txt::01733,test.context.txt::01733__row1708,Then why not just go for the game only,1.0,content_diversity,I will go,"you are right, could be fun",I am not going,because I do not feel like it,this is not a game I want to see,-0.033,0.966,-0.231,-0.661,-0.330,12.257768,0.948223,0.328243,4.023520,0.311247,59.789999,1.307349,0.000000,19.625619,0.429128
test.context.txt::01733,test.context.txt::01733__row1709,Then why not just go for the game only,0.0,content_diversity,I agree with what you say,it could be entertaining,let's go and enjoy ourselves,"you make good point, going to the game","I concur, let's go to the game",-0.035,0.919,-0.181,-0.734,-0.481,34.428783,1.115024,0.384203,13.227635,0.428395,26.321105,0.352232,0.000000,10.112643,0.135328
test.context.txt::01734,test.context.txt::01734__row1710,That bread looks glorious may I ask what brand,1.0,content_diversity,I think it's homemade,"I agree, it looks amazing",I can't remember,Sorry but there is no label on it,"This was bought in a bakery, it's not branded",-0.022,0.972,-0.209,-0.645,-0.251,7.995136,0.792820,0.370774,2.964389,0.293957,69.375020,0.885426,0.000000,25.722456,0.328293
test.context.txt::01734,test.context.txt::01734__row1711,That bread looks glorious may I ask what brand,0.0,content_diversity,I think it was made at home,It was made at my place,I baked it,My family made it,It is from my kitchen,-0.054,0.895,-0.256,-0.823,-0.497,35.086000,2.157628,0.260340,9.134281,0.561716,15.776748,0.759048,0.000000,4.107315,0.197610
test.context.txt::01735,test.context.txt::01735__row1712,Picture of a black african child must need food and water,1.0,content_diversity,I really hope you're not being sarcastic.,I think you need to explain so people don't think you're racist.,"Not all black African children are starving, you know.","Wow, that's too much.",That's enough said for me...see ya!,-0.006,0.979,-0.093,-0.667,-0.137,7.481951,0.174646,0.360763,2.699215,0.063006,72.779726,2.334953,0.000000,26.256267,0.842366
test.context.txt::01735,test.context.txt::01735__row1713,Picture of a black african child must need food and water,0.0,content_diversity,I don't need people who say things like that.,That's disgusting...you must follow the president.,I'm disappointed and gone...,That's enough from you,You are pathetic but I think you know that already.,-0.011,0.976,-0.166,-0.696,-0.345,29.722906,1.250924,0.316200,9.398381,0.395542,63.606921,1.445931,0.000000,20.112504,0.457203
test.context.txt::01736,test.context.txt::01736__row1714,Dude spoilers all of you people I just started watching it,1.0,content_diversity,I have been watching it,it is great,I really like it,do not spoil it,you are too talkative,-0.035,0.960,-0.267,-0.676,-0.370,9.455083,0.931719,0.447800,4.233983,0.417223,37.887469,1.421339,0.000000,16.965998,0.636475
test.context.txt::01736,test.context.txt::01736__row1715,Dude spoilers all of you people I just started watching it,0.0,content_diversity,I don't want spoiler,don't spill the beans,I want to watch it myself,don't say it out,can you not ruin it for me,-0.034,0.952,-0.268,-0.691,-0.266,22.438986,1.185150,0.467358,10.487029,0.553889,9.775344,0.919685,0.000000,4.568581,0.429822
test.context.txt::01737,test.context.txt::01737__row1716,We are both awful awful people literally the worst,1.0,content_diversity,speak for yourself,I am not awful,who says you can speak on my behalf,you have no right to make comment for me,you can call yourself aweful but don't include me in it,-0.024,0.953,-0.037,-0.715,-0.340,24.512525,1.262148,0.364525,8.935420,0.460084,80.278829,0.635095,0.000000,29.263614,0.231508
test.context.txt::01737,test.context.txt::01737__row1717,We are both awful awful people literally the worst,0.0,content_diversity,you do not have the liberty to speak for me,I never agree you can make negative comment for me,I do not agree you can speak for me,I don't think you have any right to make comment about me,I never give you permission to represent me,-0.109,0.860,-0.378,-0.828,-0.520,52.562752,1.198646,0.410680,21.586492,0.492260,36.180429,0.496175,0.000000,14.858593,0.203770
test.context.txt::01738,test.context.txt::01738__row1718,I am in I am on black 1 by the way,1.0,content_diversity,i can't find you,where exactly on black 1?,are you sure you're there,why did you leave?,where were you before that?,-0.031,0.965,-0.110,-0.672,-0.272,18.251896,0.938333,0.391135,7.138951,0.367015,24.670129,0.679105,0.000000,9.649345,0.265622
test.context.txt::01738,test.context.txt::01738__row1719,I am in I am on black 1 by the way,0.0,content_diversity,why even leaving that place?,what's the reason that made you leave?,you could've stayed,did you leave early?,you should've stayed and waited for us,-0.033,0.962,-0.176,-0.798,-0.356,24.839907,1.193809,0.335896,8.343624,0.400995,41.977270,1.484612,0.000000,14.099995,0.498675
test.context.txt::01739,test.context.txt::01739__row1720,Invite epic meal time to do a live show on stage,1.0,content_diversity,sounds like fun,I will see you then,the stage will be enjoyably to watch,I am hungry,that works for me,-0.009,0.982,-0.115,-0.650,-0.380,34.502430,1.482982,0.276000,9.522664,0.409303,62.331409,1.319108,0.000000,17.203458,0.364074
test.context.txt::01739,test.context.txt::01739__row1721,Invite epic meal time to do a live show on stage,0.0,content_diversity,i can eat,I am able to enjoy my food,I want to eat,my stomach is growling,I am very down for food,-0.034,0.931,-0.330,-0.832,-0.466,15.241438,1.084266,0.222431,3.390163,0.241174,50.776327,1.829166,0.000000,11.294213,0.406863
test.context.txt::01740,test.context.txt::01740__row1722,Does spaghetti have it's own corner in that,1.0,content_diversity,I think so,"No, it doesn't",Why would spaghetti have it's corner,I think they've moved to other corner,So I guess you like Italian food,-0.025,0.960,0.055,-0.630,-0.140,24.918389,1.090459,0.296578,7.390249,0.323406,62.530874,0.743846,0.000000,18.545290,0.220608
test.context.txt::01740,test.context.txt::01740__row1723,Does spaghetti have it's own corner in that,0.0,content_diversity,I assume you like italian cuisine,So you are a fan of italian food,You like italian?,Are you italian cuisine fan?,Do you like food from italy?,-0.057,0.918,-0.466,-0.941,-0.828,41.358733,1.663917,0.257073,10.632215,0.427748,20.584486,1.015611,0.000000,5.291716,0.261086
test.context.txt::01741,test.context.txt::01741__row1724,Maybe ask your girlfriend what kind she would prefer,1.0,content_diversity,she knows what she want,she already told me,I did ask her,she can answer for herself,I never ask for your unneeded advice,-0.030,0.952,-0.173,-0.667,-0.386,12.079708,1.201375,0.339087,4.096068,0.407370,66.404247,1.327255,0.000000,22.516795,0.450054
test.context.txt::01741,test.context.txt::01741__row1725,Maybe ask your girlfriend what kind she would prefer,0.0,content_diversity,mind your own business,you are nosy,you gave advice where it is not wanted,I did not ask for your unwanted advice,you should not give advice where you are not asked or needed,-0.044,0.924,-0.124,-0.774,-0.377,39.969460,1.676348,0.287781,11.502470,0.482422,45.244286,1.354505,0.000000,13.020468,0.389801
test.context.txt::01742,test.context.txt::01742__row1726,Ayn rand she's the one who wrote those vampire books right,1.0,content_diversity,I have no idea,I think so,she is a good writer,she makes a lot of money on those,who read those anyway,-0.016,0.967,-0.112,-0.652,-0.163,12.258832,0.745767,0.381915,4.681832,0.284820,28.851408,1.022882,0.000000,11.018784,0.390654
test.context.txt::01742,test.context.txt::01742__row1727,Ayn rand she's the one who wrote those vampire books right,0.0,content_diversity,she writes well,she can write,the stuff she wrote is good,she knows how to write,she know how to use words,-0.063,0.928,-0.452,-0.874,-0.750,25.232066,1.300796,0.372811,9.406780,0.484950,40.026477,1.177141,0.000000,14.922292,0.438851
test.context.txt::01743,test.context.txt::01743__row1728,Now you mention it I think they might have been,1.0,content_diversity,what do you mean?,they might have been what?,What on earth are you talking about?,I think they may be innocent,they may be guilty,-0.042,0.930,-0.006,-0.731,-0.414,33.884137,1.270282,0.320583,10.862669,0.407230,21.061908,0.628958,0.000000,6.752084,0.201633
test.context.txt::01743,test.context.txt::01743__row1729,Now you mention it I think they might have been,0.0,content_diversity,you are not making much sense,you are not being very clear,I don't understand what you say,can you explain it better?,I need you to explain more clearly,-0.060,0.921,-0.212,-0.784,-0.581,37.791758,1.332568,0.363323,13.730618,0.484153,23.922580,0.865971,0.000000,8.691626,0.314627
test.context.txt::01744,test.context.txt::01744__row1730,Exactly a lifetime of firefly episodes doesn't it sound awesome,1.0,content_diversity,that sounds pretty good,I like it,it does not,maybe for someone else,it sounds exhausting,-0.026,0.765,-0.242,-0.661,-0.300,17.599809,1.418125,0.331104,5.827372,0.469547,19.855235,1.186310,0.000000,6.574153,0.392792
test.context.txt::01744,test.context.txt::01744__row1731,Exactly a lifetime of firefly episodes doesn't it sound awesome,0.0,content_diversity,not for me,someone else may like that,I am not one to enjoy such things,it is not something I desire,that is not what I want,-0.043,0.941,-0.130,-0.739,-0.545,46.957614,1.789281,0.310191,14.565844,0.555020,30.213956,1.541456,0.000000,9.372107,0.478146
test.context.txt::01745,test.context.txt::01745__row1732,Looks interesting too bad I have 14 cents in my checking account,1.0,content_diversity,You have 14 cents?? I envy you :),That's probably what I have right about now,It is pretty interesting so save up,"Ha ha, hope your girlfriend's a cheap date.",I know that feeling all too well.,-0.010,0.984,-0.053,-0.630,-0.262,30.762179,0.759968,0.374896,11.532631,0.284909,61.799520,1.364013,0.000000,23.168420,0.511364
test.context.txt::01745,test.context.txt::01745__row1733,Looks interesting too bad I have 14 cents in my checking account,0.0,content_diversity,"I'm broke, too...bummer!",I am always totally broke the day before payday.,As the saying goes: I'm always a day late and a dollar short.,I feel your pain. I'm in the same boat.,"Hey, I'm rich - I have $2.42!",-0.034,0.951,-0.207,-0.678,-0.282,22.319886,0.128632,0.339659,7.581151,0.043691,52.523210,2.575783,0.000000,17.839982,0.874888
test.context.txt::01746,test.context.txt::01746__row1734,They're my favorite band and this still made me laugh,1.0,content_diversity,why are they your favorite,they are my favorite too,they are pretty good,they are not very good,You need to listen to more music,-0.076,0.912,-0.245,-0.737,-0.262,21.309362,1.059038,0.392566,8.365341,0.415743,32.977743,0.657547,0.000000,12.945956,0.258131
test.context.txt::01746,test.context.txt::01746__row1735,They're my favorite band and this still made me laugh,0.0,content_diversity,I like them too,I really enjoy listening to them too,they are one of my fav too,they are also on my list,they are one of the one I enjoy the most too,-0.083,0.849,-0.400,-0.841,-0.642,23.844669,1.132096,0.369112,8.801352,0.417870,52.308115,0.687994,0.000000,19.307549,0.253947
test.context.txt::01747,test.context.txt::01747__row1736,I would jump up and down  then update my subreddit,1.0,content_diversity,how can you update it,can someone help me with updates,then jump up,can you even move out of your chair,it is not worth updating,-0.021,0.961,-0.158,-0.643,-0.288,12.172051,0.557612,0.385157,4.688151,0.214768,49.709512,0.810350,0.000000,19.145968,0.312112
test.context.txt::01747,test.context.txt::01747__row1737,I would jump up and down  then update my subreddit,0.0,content_diversity,this update is useless,don't update it,this new update is bad,it's not smart idea to update,don't even bother with updates,-0.048,0.937,-0.329,-0.933,-0.600,23.713261,1.176805,0.333725,7.913716,0.392730,45.737143,1.092732,0.000000,15.263643,0.364672
test.context.txt::01748,test.context.txt::01748__row1738,Do you think the episode was made better with the fbi,1.0,content_diversity,"Yes, I do",I haven't seen fbi in the episode,Which show are you talking about,I like that show,When was that episode aired?,-0.026,0.960,-0.059,-0.653,-0.196,24.999789,1.321270,0.268448,6.711156,0.354693,44.156036,1.159986,0.000000,11.853621,0.311396
test.context.txt::01748,test.context.txt::01748__row1739,Do you think the episode was made better with the fbi,0.0,content_diversity,I really like that show,I love the show,I am a huge fan of this show,It's my favourite show,One of most interesting shows for me,-0.038,0.957,-0.430,-0.863,-0.763,15.387657,0.997318,0.305321,4.698177,0.304502,62.423539,1.200849,0.000000,19.059228,0.366645
test.context.txt::01749,test.context.txt::01749__row1740,Also jesus still loves you even if you don't believe in him,1.0,content_diversity,I know he does,I deserve it,"of course, I am the best person I know",I could care less,I am not sure I believe in him,-0.075,0.925,-0.096,-0.623,-0.264,28.306310,1.313387,0.326706,9.247838,0.429091,55.797051,1.563621,0.000000,18.229225,0.510844
test.context.txt::01749,test.context.txt::01749__row1741,Also jesus still loves you even if you don't believe in him,0.0,content_diversity,I am the best human I know,I would think so as the best human,I think I am most worthy,I deserve the most,it would be because I am worthy,-0.107,0.861,-0.201,-0.804,-0.668,44.527254,1.892508,0.282736,12.589445,0.535080,40.146022,0.889271,0.000000,11.350714,0.251429
test.context.txt::01750,test.context.txt::01750__row1742,Novelty account for 5 days bravo ill allow it,1.0,content_diversity,"It is up to me, not you",what are you talking about?,good for you,on whose authority?,why do you put up with such things?,-0.025,0.969,-0.026,-0.641,-0.324,9.206891,1.021967,0.328622,3.025585,0.335841,49.550565,1.613041,0.000000,16.283396,0.530080
test.context.txt::01750,test.context.txt::01750__row1743,Novelty account for 5 days bravo ill allow it,0.0,content_diversity,"it is my decision, not yours","this is my right to make, not yours",you have no say in this matter,I make the final decision,you don't have any authority here,-0.027,0.941,-0.268,-0.779,-0.410,46.841724,1.598185,0.398916,18.685903,0.637541,37.944457,0.955935,0.000000,15.136643,0.381337
test.context.txt::01751,test.context.txt::01751__row1744,They've been saying 15 more minutes for the past 20 minutes,1.0,content_diversity,This is the last time,"True, it is so annoying",Let's just leave,Why do you keep waiting?,"If it was me, I would have left",-0.007,0.985,-0.087,-0.626,-0.242,12.994971,0.802297,0.372259,4.837500,0.298662,31.390720,1.283064,0.000000,11.685490,0.477633
test.context.txt::01751,test.context.txt::01751__row1745,They've been saying 15 more minutes for the past 20 minutes,0.0,content_diversity,Let us go,Let's go without them,Let's not wait,We can just leave this place,We should just go,-0.030,0.950,-0.285,-0.802,-0.558,22.451744,1.276569,0.296968,6.667447,0.379100,31.157235,1.744083,0.000000,9.252699,0.517937
test.context.txt::01752,test.context.txt::01752__row1746,I'm glad to hear now give her the biggest hug ever,1.0,content_diversity,I will do so,I already did,where is she?,why are you telling me this?,I don't like hugging,-0.017,0.980,-0.135,-0.535,-0.177,12.633255,0.825566,0.338604,4.277673,0.279540,13.456926,1.185204,0.000000,4.556571,0.401315
test.context.txt::01752,test.context.txt::01752__row1747,I'm glad to hear now give her the biggest hug ever,0.0,content_diversity,it is done,I have already done so,ten minutes ago already,"haha, I did it a while ago",I already gave her a hug,-0.039,0.936,-0.138,-0.664,-0.379,26.834339,1.231377,0.329039,8.829542,0.405171,48.038741,2.204191,0.000000,15.806615,0.725265
test.context.txt::01753,test.context.txt::01753__row1748,Dogs have legs not arms it's an ankle,1.0,content_diversity,Do you always have to be such an ass?,"Okay, if it makes you happy. An ankle on the dog's leg!","Geez, get picky, why don't you.",You are seriously anal.,"You just try to start fights, don't you?",-0.016,0.974,-0.102,-0.707,-0.204,35.852315,1.201934,0.284143,10.187184,0.341521,69.094760,1.218535,0.000000,19.632792,0.346238
test.context.txt::01753,test.context.txt::01753__row1749,Dogs have legs not arms it's an ankle,0.0,content_diversity,Why do you always have to correct people?,"You knew what I meant, jerk.",Hope that made you feel good because you look like an ass.,"There you go again...you can't help it, can you?",Why? Why? Why? Everyday!,-0.010,0.968,0.051,-0.658,-0.312,32.776043,0.361460,0.337495,11.061736,0.121991,51.812988,2.398010,0.000000,17.486601,0.809315
test.context.txt::01754,test.context.txt::01754__row1750,Did you just get downvoted for calling hitler terrible,1.0,content_diversity,"no way, I don't think so",I make the right comment,so the entire planet and humanity agree with me,I think that would be the most unfair thing in human history,I got upvoted,-0.034,0.960,0.003,-0.573,-0.225,35.866228,0.544691,0.332829,11.937325,0.181289,61.618304,1.330074,0.000000,20.508366,0.442687
test.context.txt::01754,test.context.txt::01754__row1751,Did you just get downvoted for calling hitler terrible,0.0,content_diversity,I got elevated,I was upvoted,I got more favorable,I was uplifted,"the opposite, upvoted",-0.075,0.689,-0.323,-0.730,-0.584,30.656698,2.186670,0.185797,5.695927,0.406277,51.086884,1.864525,0.000000,9.491798,0.346423
test.context.txt::01755,test.context.txt::01755__row1752,Wait theres places you can't get beer in a grocery store,1.0,content_diversity,I thought all grocery stores sold beer.,I don't think they sell beer in Utah grocery stores.,I think it's up to the franchise or store owners,I think most grocery stores do sell it,That's where people buy their booze on sundays,-0.050,0.933,-0.312,-0.836,-0.298,15.752404,0.351661,0.501887,7.905929,0.176494,65.373894,1.190380,0.000000,32.810317,0.597436
test.context.txt::01755,test.context.txt::01755__row1753,Wait theres places you can't get beer in a grocery store,0.0,content_diversity,I think grocery stores and maybe convenience stores sell it on Sundays,I know people buy beer in the grocery stores in Colorado on Sundays,I buy beer all the time on Sundays at King Soopers,Safeways sell beer for sure,My local grocery sells beer even on Sunday.,-0.056,0.908,-0.287,-0.892,-0.613,33.598631,0.743471,0.437082,14.685354,0.324958,32.514801,1.230134,0.000000,14.211631,0.537669
test.context.txt::01756,test.context.txt::01756__row1754,Confidence is key no matter what you look like p,1.0,content_diversity,I agree with that,"well, confidence should came from somewhere not your look",it is about how you feel about yourself,if you do think that is deserving of that confident,looks are not that important to some people,-0.019,0.964,-0.017,-0.702,-0.273,21.263377,0.486569,0.437925,9.311763,0.213081,115.120875,1.426371,0.000000,50.414301,0.624643
test.context.txt::01756,test.context.txt::01756__row1755,Confidence is key no matter what you look like p,0.0,content_diversity,there is other way to get confidence,you can gain confidence from other sources,confidence does not need to stem from look,confidence can be developed from other places besides look,outside appearance are not the only way to build confidence,-0.063,0.921,-0.267,-0.942,-0.634,42.337214,0.952397,0.473771,20.058146,0.451218,34.203915,0.553412,0.000000,16.204825,0.262191
test.context.txt::01757,test.context.txt::01757__row1756,Um you look great in both I don't see the difference,1.0,content_diversity,I do,one is red and one is blue,you don't notice anything,thanks for the compliment,let's see what other outfits are there,0.000,0.973,0.044,-0.564,-0.173,0.311322,0.169312,0.394906,0.122943,0.066862,57.552321,3.670704,0.000000,22.727778,1.449585
test.context.txt::01757,test.context.txt::01757__row1757,Um you look great in both I don't see the difference,0.0,content_diversity,I appreciate it,I am flatter,thank you for saying that,you are making me blushed,I appreciate what you have said,-0.038,0.943,-0.160,-0.733,-0.434,29.469592,1.547701,0.345481,10.181191,0.534702,24.027446,1.929407,0.000000,8.301032,0.666574
test.context.txt::01758,test.context.txt::01758__row1758,I think I'm looking in the wrong places,1.0,content_diversity,are you even looking?,what are you searching for?,try again,find the right place,you are right,-0.042,0.929,-0.011,-0.676,-0.303,21.892555,1.486951,0.297097,6.504204,0.441768,22.394080,0.882892,0.000000,6.653205,0.262304
test.context.txt::01758,test.context.txt::01758__row1759,I think I'm looking in the wrong places,0.0,content_diversity,do it again,look again,give it another shot,redo it,make another effort to look,-0.040,0.938,-0.276,-0.755,-0.623,27.144827,3.147472,0.141309,3.835805,0.444766,39.006977,2.115239,0.000000,5.512031,0.298902
test.context.txt::01759,test.context.txt::01759__row1760,No pretty entry level set  no it's single speed specific,1.0,content_diversity,what are you talking about?,what speed?,why is it set this way?,can we talk about something else?,this set up may create some problems?,-0.012,0.977,-0.151,-0.736,-0.407,6.472022,0.750554,0.360487,2.333077,0.270565,68.345432,2.494344,0.000000,24.637611,0.899177
test.context.txt::01759,test.context.txt::01759__row1761,No pretty entry level set  no it's single speed specific,0.0,content_diversity,what is the speed?,can you tell me the speed?,explain the speed to me,tell me the speed they set at,do you know what is the speed that is set?,-0.109,0.842,-0.384,-0.959,-0.726,31.401044,1.410264,0.319421,10.030167,0.450469,51.026662,0.921060,0.000000,16.299011,0.294206
test.context.txt::01760,test.context.txt::01760__row1762,Happy I suppose the reason is that they're getting paid,1.0,content_diversity,I like getting paid,getting paid is nice,but they are interns,are they really getting paid though?,"what, I still  have not gotten my paycheck yet",-0.055,0.930,-0.164,-0.749,-0.277,-1.744473,0.680854,0.375250,-0.654614,0.255490,109.341556,1.755051,0.000000,41.030439,0.658583
test.context.txt::01760,test.context.txt::01760__row1763,Happy I suppose the reason is that they're getting paid,0.0,content_diversity,I want money,I enjoy getting paid too,I would like to be given money too,I enjoy being paid,getting money is nice for me too,-0.065,0.917,-0.400,-0.852,-0.694,28.027101,1.297434,0.305572,8.564293,0.396459,39.954122,1.056924,0.000000,12.208855,0.322966
test.context.txt::01761,test.context.txt::01761__row1764,Is there an ama of an international adoption anyone know,1.0,content_diversity,not to my knowledge,I don't know,I do know someone who may,why are you looking for adoption agency,who are you trying to adopt?,-0.027,0.944,0.103,-0.696,-0.253,26.575790,1.197949,0.350941,9.326546,0.420410,43.117324,0.774876,0.000000,15.131656,0.271936
test.context.txt::01761,test.context.txt::01761__row1765,Is there an ama of an international adoption anyone know,0.0,content_diversity,nope,sorry but it is not in my knowledge at the moment,this is not something I have information on,I have no idea,"no, I never heard about this",-0.028,0.944,-0.084,-0.643,-0.650,34.835853,2.209588,0.174297,6.071800,0.385126,57.559542,3.145671,0.000000,10.032481,0.548282
test.context.txt::01762,test.context.txt::01762__row1766,I'm curious what the image is my ipad won't show it,1.0,content_diversity,my ipad show the image,the operating system seems  bit buggy,is it the connetion?,maybe it is something else,I can resend you the email,-0.032,0.962,0.021,-0.606,-0.159,17.450141,0.779302,0.341563,5.960315,0.266180,65.826070,1.584613,0.000000,22.483722,0.541244
test.context.txt::01762,test.context.txt::01762__row1767,I'm curious what the image is my ipad won't show it,0.0,content_diversity,let me resend you the photo,I will resend the photo again,"wait, another email is sent",let's try sending another email,I will resend you the attachment,-0.076,0.854,-0.391,-0.791,-0.412,51.148162,1.805310,0.345949,17.694632,0.624544,36.709814,1.412012,0.000000,12.699706,0.488484
test.context.txt::01763,test.context.txt::01763__row1768,How much time do you have on your hands xd,1.0,content_diversity,I have times on my hand,"I have some time, but they all have values","no matter how much time I have, time is valuable","not much, I always have things to do",what do you mean?,-0.032,0.951,-0.035,-0.691,-0.387,32.228182,0.602043,0.410303,13.223309,0.247020,57.464954,0.880931,0.000000,23.578024,0.361448
test.context.txt::01763,test.context.txt::01763__row1769,How much time do you have on your hands xd,0.0,content_diversity,time is always worthwhile,"it does not matter, time has values",time will always be worth values no matter how much I have,"the amount is not of importance, the values of time could not be ignored",my time is always valuable regardless how free or busy I am,-0.061,0.916,-0.220,-0.907,-0.682,56.162073,1.177262,0.399380,22.430021,0.470175,72.647559,0.354214,0.000000,29.013998,0.141466
test.context.txt::01764,test.context.txt::01764__row1770,Gt even though I have the game set on peaceful,1.0,content_diversity,what does gt mean,thank you for borrowing me that game,what did you do with game set,are you talking about new game,i think it's a bad game,-0.031,0.960,-0.173,-0.779,-0.176,29.395381,0.926038,0.335360,9.858036,0.310556,38.128200,0.794718,0.000000,12.786674,0.266517
test.context.txt::01764,test.context.txt::01764__row1771,Gt even though I have the game set on peaceful,0.0,content_diversity,i don't like that game,i'm not a fan of the game,it's poorly executed game,i hate this game,i believe this game is not fun,-0.062,0.932,-0.415,-0.865,-0.701,29.837515,1.446764,0.333747,9.958175,0.482853,35.369453,0.965473,0.000000,11.804441,0.322223
test.context.txt::01765,test.context.txt::01765__row1772,Maybe there should be a 21 or 31 second ratio,1.0,content_diversity,maybe there should be,for what?,I don't think that is needed,let's do some other things,we can figure it out later,0.000,1.000,-0.047,-0.681,-0.417,23.675575,1.000294,0.368079,8.714474,0.368187,30.422000,2.890283,0.000000,11.197689,1.063852
test.context.txt::01765,test.context.txt::01765__row1773,Maybe there should be a 21 or 31 second ratio,0.0,content_diversity,let's discuss this later,we can spend more time on this another time,we can brainstorm on this later,we can think of a solution later,let's think of something else after,-0.071,0.882,-0.388,-0.857,-0.726,49.870146,1.596240,0.360245,17.965472,0.575037,40.929448,0.725552,0.000000,14.744630,0.261377
test.context.txt::01766,test.context.txt::01766__row1774,Thats why I said political views that don't affect their service,1.0,content_diversity,they should not,that should be how it is done,I sure hope so,they do though,"well, what are you talking about?",-0.011,0.983,0.036,-0.598,-0.290,9.152323,1.106607,0.372130,3.405851,0.411801,44.490188,1.250427,0.000000,16.556122,0.465321
test.context.txt::01766,test.context.txt::01766__row1775,Thats why I said political views that don't affect their service,0.0,content_diversity,I want it that way,I think that is good,I would want that as well,that is my hope too,that is what I want to happen as well,-0.098,0.881,-0.254,-0.793,-0.669,32.569119,1.629060,0.334465,10.893241,0.544864,17.375251,1.039397,0.000000,5.811419,0.347642
test.context.txt::01767,test.context.txt::01767__row1776,Obama talked for 4 minutes longer than romney he said enough,1.0,content_diversity,it is pretty long,"well, that is not fair debate time",nobody cares,I don't think I would have listened,what is he talking about,-0.012,0.976,-0.084,-0.600,-0.321,17.790737,0.934765,0.411206,7.315666,0.384381,62.226812,1.625765,0.000000,25.588067,0.668525
test.context.txt::01767,test.context.txt::01767__row1777,Obama talked for 4 minutes longer than romney he said enough,0.0,content_diversity,I would not listen,I don't want to waste my time listening,hearing them attack each other is a waste of time,I did not spend time listening to that,listening to that is not in my interest,-0.062,0.901,-0.275,-0.834,-0.551,37.984817,0.957738,0.473889,18.000569,0.453861,45.780616,0.807927,0.000000,21.694909,0.382867
test.context.txt::01768,test.context.txt::01768__row1778,Worlds best at becoming the worlds best at stuff,1.0,content_diversity,I like world best,being the best is nice,so it is about being the best at everything then,sounds exhausting,"no one can be the best at everything, can they?",-0.054,0.892,-0.105,-0.691,-0.449,24.133338,0.840661,0.399896,9.650824,0.336177,37.613864,1.513300,0.000000,15.041631,0.605163
test.context.txt::01768,test.context.txt::01768__row1779,Worlds best at becoming the worlds best at stuff,0.0,content_diversity,it is good to be the best,being the best at something is an accomplishment,I like being the best,being the best could be enjoyable,being the best could be a good thing if your focus is to improve oneself,-0.184,0.805,-0.350,-0.932,-0.768,8.959472,0.774117,0.469127,4.203133,0.363159,97.932341,0.751800,0.000000,45.942733,0.352690
test.context.txt::01769,test.context.txt::01769__row1780,Yeah him and his wife were both really sweet,1.0,content_diversity,they are nice people,to whom were they sweet to?,they were not sweet to me?,they are funny too,we have a party next week,-0.046,0.937,-0.160,-0.662,-0.231,19.532037,0.872399,0.348880,6.814334,0.304362,47.878569,1.440079,0.000000,16.703868,0.502414
test.context.txt::01769,test.context.txt::01769__row1781,Yeah him and his wife were both really sweet,0.0,content_diversity,they are kind,they seem to be good people,they seem pleasant,they are pleasant to be with,they can be very accomodating,-0.091,0.880,-0.335,-0.765,-0.745,18.043421,0.976844,0.387365,6.989392,0.378395,40.843731,1.041193,0.000000,15.821436,0.403322
test.context.txt::01770,test.context.txt::01770__row1782,You do not want a fire near pure oxygen,1.0,content_diversity,that sounds dangerous,why not?,do they make it bigger?,is there even pure oxygen?,"well, why are you telling me about this?",-0.005,0.991,-0.153,-0.628,-0.254,17.368182,1.302789,0.295869,5.138708,0.385455,67.740501,1.688952,0.000000,20.042318,0.499708
test.context.txt::01770,test.context.txt::01770__row1783,You do not want a fire near pure oxygen,0.0,content_diversity,that sounds like it could be a problem,sounds like it could be a danger,sounds like it can cause an accident,it may create an incident,someone may ended up hurt,-0.125,0.759,-0.341,-0.814,-0.752,25.664111,0.635799,0.377439,9.686642,0.239976,57.573545,2.711175,0.000000,21.730513,1.023304
test.context.txt::01771,test.context.txt::01771__row1784,I hate when people make titles like this,1.0,content_diversity,why do you hate it,it is their choice,"well, don't buy those then",haha and now you are walking on it,what tiles?,-0.014,0.975,-0.055,-0.610,-0.174,28.591684,0.546292,0.223728,6.396748,0.122221,74.889875,4.209300,0.000000,16.754930,0.941736
test.context.txt::01771,test.context.txt::01771__row1785,I hate when people make titles like this,0.0,content_diversity,why?,do you have a reason?,what is your reason for hating?,I want to understand why,"hate is a strong word, do you have explanation?",-0.026,0.931,-0.214,-0.791,-0.484,21.991990,1.628228,0.235930,5.188578,0.384148,59.761140,3.592042,0.000000,14.099467,0.847472
test.context.txt::01772,test.context.txt::01772__row1786,Whos ray and whats so important about him,1.0,content_diversity,he is a celebrity,i think he is a famous athleete,how do you not know him?,he is my best friend,no one important,-0.053,0.917,-0.171,-0.631,-0.296,25.404210,0.968201,0.369653,9.390747,0.357899,46.616621,0.991254,0.000000,17.231983,0.366420
test.context.txt::01772,test.context.txt::01772__row1787,Whos ray and whats so important about him,0.0,content_diversity,i think he plays football,he is a professional athleete,he plays sport,he is most known for his running style,i believe he plays basketball,-0.085,0.910,-0.311,-0.711,-0.334,35.553128,1.571433,0.335113,11.914314,0.526608,44.342439,1.285105,0.000000,14.859726,0.430655
test.context.txt::01773,test.context.txt::01773__row1788,Can we please be honest and call it 08,1.0,content_diversity,that is not honest,you make no sense,I don't know what you are talking about,let's do so,I want to call it something else,-0.006,0.985,-0.135,-0.627,-0.371,27.695446,1.617103,0.287042,7.949748,0.464176,15.511360,3.021562,0.000000,4.452407,0.867314
test.context.txt::01773,test.context.txt::01773__row1789,Can we please be honest and call it 08,0.0,content_diversity,all right,we can call it that,I agree to do that,I will allow that,that will work,-0.039,0.947,-0.197,-0.727,-0.683,35.948025,2.204890,0.251742,9.049621,0.555063,17.675167,1.125732,0.000000,4.449578,0.283394
test.context.txt::01774,test.context.txt::01774__row1790,Hey I know that guy  he stole my hat,1.0,content_diversity,he stole mine too,he is a thief,do you have proof?,ask for it back?,"that hat is not very pretty, he may do you a favor",-0.026,0.948,-0.115,-0.630,-0.193,-10.823995,0.731487,0.337723,-3.655510,0.247040,123.159441,1.641027,0.000000,41.593748,0.554212
test.context.txt::01774,test.context.txt::01774__row1791,Hey I know that guy  he stole my hat,0.0,content_diversity,is there proof?,do you have evidence?,can you provide evidence?,is there any evidence?,can you provide proof?,-0.089,0.640,-0.625,-0.918,-0.879,28.301570,1.315827,0.306248,8.667308,0.402970,6.098147,0.673950,0.000000,1.867547,0.206396
test.context.txt::01775,test.context.txt::01775__row1792,Don't have to tell me twice to go back to bed,1.0,content_diversity,why are you not sleeping then?,go to sleep then,I won't,I just try to help,I never told you once,-0.025,0.964,-0.108,-0.676,-0.271,6.682517,1.087913,0.275792,1.842985,0.300038,36.608485,1.024113,0.000000,10.096327,0.282442
test.context.txt::01775,test.context.txt::01775__row1793,Don't have to tell me twice to go back to bed,0.0,content_diversity,time for bed,you should sleep,then off to bed,you can sleep now,why are you not sleeping then?,-0.026,0.960,-0.229,-0.900,-0.579,10.924091,1.241398,0.313337,3.422918,0.388975,49.230194,1.114084,0.000000,15.425625,0.349083
test.context.txt::01776,test.context.txt::01776__row1794,Funny how yes is winning the atheist poll,1.0,content_diversity,"haha, let's vote yes too",what poll is this?,why is there such a need for this pole?,yes for what?,you have too much free time.,-0.016,0.970,-0.064,-0.709,-0.242,19.759673,0.892054,0.281029,5.553033,0.250693,49.668065,1.336025,0.000000,13.958147,0.375461
test.context.txt::01776,test.context.txt::01776__row1795,Funny how yes is winning the atheist poll,0.0,content_diversity,I am not sure what this poll is about,can you explain this pole to me,I am not familiar with this pole,what is this poll?,what atheist poll is this for?,-0.086,0.877,-0.196,-0.764,-0.390,27.859969,1.042492,0.363218,10.119253,0.378652,38.955180,1.353514,0.000000,14.149238,0.491621
test.context.txt::01777,test.context.txt::01777__row1796,And convenience is more important than anything on earth,1.0,content_diversity,"Yes, at the detriment of everything else.",That's why there's an obesity problem in the US.,"It's gotten to the point that I hate the word, convenience.",People have gotten way to obsessed with things being convenient.,I can't believe people will eat garbage because it's convenient.,-0.018,0.970,-0.189,-0.719,-0.316,23.114314,0.398610,0.478042,11.049602,0.190552,14.126530,0.695915,0.000000,6.753068,0.332676
test.context.txt::01777,test.context.txt::01777__row1797,And convenience is more important than anything on earth,0.0,content_diversity,Obesity started with McDonalds in the 1960s or 1970s because it was so convenient.,I know people that eat fast food everyday because of convenience.,I don't eat fast food but I know so many people that it it constantly because it's easier.,I will never fall into the convenience food pit.,It's hard to believe the types of food people will eat because it's easier.,-0.065,0.894,-0.278,-0.849,-0.447,26.267287,0.376924,0.466375,12.250412,0.175788,83.107627,0.947707,0.000000,38.759340,0.441987
test.context.txt::01778,test.context.txt::01778__row1798,I tried that too but it still doesn't work,1.0,content_diversity,why does it not work?,it should,that is too bad,tried harder,you can make it work,-0.017,0.978,-0.194,-0.641,-0.348,17.532666,1.631511,0.276159,4.841808,0.450557,25.774781,2.171687,0.000000,7.117944,0.599731
test.context.txt::01778,test.context.txt::01778__row1799,I tried that too but it still doesn't work,0.0,content_diversity,put in more effort,make more of yourselves,I want you to push yourself,tried to do better,you can take it up a notch,-0.012,0.976,-0.178,-0.698,-0.554,41.654597,1.952677,0.263770,10.987250,0.515058,30.692554,1.254795,0.000000,8.095788,0.330978
test.context.txt::01779,test.context.txt::01779__row1800,Just wondering but why choose rice over rice,1.0,content_diversity,I want both,rice over rice is nice if it is good rice,I did not choose that,what is rice over rice?,what do you mean?,-0.026,0.932,0.005,-0.646,-0.236,31.270972,1.188397,0.288114,9.009600,0.342394,45.817599,2.256057,0.000000,13.200685,0.650001
test.context.txt::01779,test.context.txt::01779__row1801,Just wondering but why choose rice over rice,0.0,content_diversity,that was not my choice,I did not  make the decision to choose that,I never select that,that is not what I selected,that selection is not my decision,-0.082,0.904,-0.338,-0.957,-0.661,47.463226,1.874778,0.296911,14.092362,0.556643,55.909763,1.177304,0.000000,16.600233,0.349555
test.ca-cb.ca::00680,test.ca-cb.ca::00680__row1802,I know you are but what am I,1.0,content_diversity,A child disguised as a man,You're an idiot,lol I have yet figured that one out,A loser? yes that's what you are,How would I know what you really are?,-0.014,0.968,0.014,-0.618,-0.204,28.131573,1.033122,0.326967,9.198110,0.337797,55.167227,1.338679,0.000000,18.037890,0.437704
test.ca-cb.ca::00680,test.ca-cb.ca::00680__row1803,I know you are but what am I,0.0,content_diversity,A child not a man,You're a child not a man,Disguised as a man but really a child,Not a man but a child,You're a child disguised as a man,-0.251,0.729,-0.417,-0.962,-0.641,62.717907,2.480944,0.257655,16.159611,0.639229,16.132310,0.483633,0.000000,4.156578,0.124611
test.ca-cb.ca::00681,test.ca-cb.ca::00681__row1804,I'm scales  I guess I learned that from you just now,1.0,content_diversity,"haha, you are welcome","well, that is what it is",hope you do it well,glad you got something positive out of this,so you like my style then?,-0.025,0.966,-0.095,-0.722,-0.433,16.459681,0.740798,0.363470,5.982606,0.269258,25.679033,1.356776,0.000000,9.333566,0.493148
test.ca-cb.ca::00681,test.ca-cb.ca::00681__row1805,I'm scales  I guess I learned that from you just now,0.0,content_diversity,try your best,best of luck,hope you can do it successfully,hope you will be successful at it,you have my good luck,-0.032,0.939,-0.123,-0.800,-0.646,30.287181,1.212860,0.317577,9.618514,0.385177,29.528917,1.194668,0.000000,9.377707,0.379399
test.ca-cb.ca::00682,test.ca-cb.ca::00682__row1806,I really do try too it's just so hard,1.0,content_diversity,It's a shame you feel that way.,"I wouldn't worry, lots of people struggle with it.",Don't let it get you down too much.,Couldn't somebody help you?,Perhaps you need to take a fresh look at it?,-0.012,0.979,-0.109,-0.702,-0.286,23.431409,0.789100,0.412520,9.665934,0.325520,34.744629,1.087878,0.000000,14.332869,0.448772
test.ca-cb.ca::00682,test.ca-cb.ca::00682__row1807,I really do try too it's just so hard,0.0,content_diversity,I think most people would find it hard as well.,You are not the only one who finds it very hard sometimes.,You can console yourself by knowing youare not the only one.,"You and many, many others.",If it were that easy everybody would be doing it.,-0.039,0.924,-0.130,-0.761,-0.439,18.047184,0.358949,0.500110,9.025579,0.179514,33.966180,1.043966,0.000000,16.986829,0.522098
test.ca-cb.ca::00683,test.ca-cb.ca::00683__row1808,You really went out on a limb with that pun,1.0,content_diversity,I really did and it worked!,"Well thank you, I will take that as a compliment.",It's what I do best.,I tried almost a dozen and no pun in ten did.,It's the way I tell it.,-0.042,0.953,-0.156,-0.632,-0.363,10.802723,0.294087,0.324566,3.506199,0.095451,65.863449,1.421088,0.000000,21.377054,0.461237
test.ca-cb.ca::00683,test.ca-cb.ca::00683__row1809,You really went out on a limb with that pun,0.0,content_diversity,"I'm pleased you appreciated it, cheers.","Thanks, you flatter me sir.","It's great that you like it, I am in your debt.","Thank you very much, I am guessing you approve!","Well, thanks so much, I will accept your compliment!",-0.042,0.939,-0.231,-0.821,-0.668,34.112758,0.894430,0.333162,11.365076,0.297990,27.871892,0.554177,0.000000,9.285856,0.184631
test.ca-cb.ca::00684,test.ca-cb.ca::00684__row1810,That is the cutest cat I have ever seen,1.0,content_diversity,its ok looking,its not that cute,aww look at that cat,how cute,cats are cool,-0.017,0.965,-0.152,-0.692,-0.421,25.981202,1.764872,0.218163,5.668141,0.385030,24.523777,1.129749,0.000000,5.350185,0.246470
test.ca-cb.ca::00684,test.ca-cb.ca::00684__row1811,That is the cutest cat I have ever seen,0.0,content_diversity,it is not that cute,its not a cute cat,hmm thats a not cute car,not cute dude,its not cute sorry,-0.124,0.880,-0.335,-0.915,-0.713,42.542038,2.200105,0.200990,8.550510,0.442198,56.508569,2.345307,0.000000,11.357639,0.471382
test.ca-cb.ca::00685,test.ca-cb.ca::00685__row1812,It's not working for me anyone else with the same problem,1.0,content_diversity,Yeah I have the same issue,It's working for me,It worked for me when I did it,Looks like it's working for some but not others,I think it's a problem on their end,-0.035,0.947,-0.266,-0.723,-0.440,22.497167,0.750127,0.482523,10.855390,0.361953,32.451163,0.630398,0.000000,15.658417,0.304181
test.ca-cb.ca::00685,test.ca-cb.ca::00685__row1813,It's not working for me anyone else with the same problem,0.0,content_diversity,Some people are reporting it happening to them but not others,It's an issue for some but not others,Some are having issues some are not,There a a few that have issue and a few that don't,It has happened to some and not to others,-0.047,0.889,-0.270,-0.847,-0.696,44.635619,1.062302,0.456164,20.361153,0.484584,52.729094,0.780303,0.000000,24.053104,0.355946
test.ca-cb.ca::00686,test.ca-cb.ca::00686__row1814,Closed so monsters have a harder time getting in,1.0,content_diversity,That was a good decision,There are no such things as monsters,Do you really believe in monsters?,Yeah but most of monsters are already in,Do you think this will stop them?,-0.018,0.963,-0.097,-0.682,-0.203,21.189898,0.571330,0.419425,8.887579,0.239630,43.706775,1.173557,0.000000,18.331727,0.492219
test.ca-cb.ca::00686,test.ca-cb.ca::00686__row1815,Closed so monsters have a harder time getting in,0.0,content_diversity,Good idea to do that,That was a smart decision,Smart choice if you ask me,I think that was a good idea to do so,I believe that was the best decision possible,-0.050,0.905,-0.209,-0.845,-0.798,42.119334,1.612799,0.341469,14.382458,0.550721,29.708475,0.642189,0.000000,10.144531,0.219288
test.ca-cb.ca::00687,test.ca-cb.ca::00687__row1816,Some things just don't belong on a ballot,1.0,content_diversity,You can say that again.,I think everything should be voted on.,Do you have a few examples off hand?,What are you a communist?,Grape jelly would be one of those things wouldn't it?,-0.009,0.983,-0.030,-0.648,-0.148,7.922977,0.532323,0.381868,3.025535,0.203277,72.162118,0.889910,0.000000,27.556438,0.339828
test.ca-cb.ca::00687,test.ca-cb.ca::00687__row1817,Some things just don't belong on a ballot,0.0,content_diversity,Are you refering to anything special?,Was there something in particular you had in mind?,What type of issues were you thinking of?,Would you please eleborate about the specifics?,Can you name some examples?,-0.028,0.971,-0.178,-0.796,-0.559,39.529483,0.842347,0.367808,14.539242,0.309822,64.350649,1.186628,0.000000,23.668654,0.436451
test.ca-cb.ca::00688,test.ca-cb.ca::00688__row1818,I would say otherwise please do so we can laugh at you,1.0,content_diversity,That's not very kind.,I'll be the one laughing.,Why would you laugh at me?,I will and I'll have the last laugh.,I have no idea what you're talking about.,-0.014,0.968,-0.145,-0.761,-0.330,15.261897,0.624501,0.442299,6.750315,0.276216,34.902015,1.246452,0.000000,15.437110,0.551304
test.ca-cb.ca::00688,test.ca-cb.ca::00688__row1819,I would say otherwise please do so we can laugh at you,0.0,content_diversity,Well that's mean.,That's exctremely rude.,That's certainly not very nice.,That's not particularly kind.,That's not very friendly.,-0.062,0.908,-0.428,-0.809,-0.807,25.202903,0.894128,0.307226,7.742990,0.274699,38.424889,2.184844,0.000000,11.805129,0.671241
test.ca-cb.ca::00689,test.ca-cb.ca::00689__row1820,Proof that you have been reported by a lot of people,1.0,content_diversity,Where is that proof?,Show me the proof and I will believe you,I think he got reported by fake profiles,"You don't need a proof, it can be seen by his offensive posts","Finally, I knew this guy was spammer",-0.010,0.985,-0.055,-0.687,-0.275,30.616472,0.660894,0.350408,10.728253,0.231582,76.284327,1.280614,0.000000,26.730629,0.448737
test.ca-cb.ca::00689,test.ca-cb.ca::00689__row1821,Proof that you have been reported by a lot of people,0.0,content_diversity,Most of the reports were by fake accounts,He got reported by spam profiles,He might have so many reports because of fake profiles,I think most of reports were by fake profiles,I believe that he was mostly reported by fake accounts,-0.094,0.859,-0.412,-0.934,-0.723,63.348492,1.439149,0.386053,24.455871,0.555588,33.274430,0.966911,0.000000,12.845691,0.373279
test.ca-cb.ca::00690,test.ca-cb.ca::00690__row1822,Reported for reporting had to do it at least once,1.0,content_diversity,Who would report you?,What did you report?,This makes no sense.,We need details.,Did they suspend you?,-0.005,0.789,-0.297,-0.708,-0.294,16.148710,0.942138,0.303199,4.896275,0.285655,25.591154,1.426861,0.000000,7.759216,0.432623
test.ca-cb.ca::00690,test.ca-cb.ca::00690__row1823,Reported for reporting had to do it at least once,0.0,content_diversity,More details?,Please give us more details.,More details so we understand.,Can you elaborate to us.,I need more details on what you did.,-0.031,0.942,-0.313,-0.904,-0.673,24.247325,0.981664,0.307195,7.448668,0.301563,34.823052,1.720651,0.000000,10.697483,0.528576
test.ca-cb.ca::00691,test.ca-cb.ca::00691__row1824,I think the funniest part about this story is the decline bench,1.0,content_diversity,Is that something to lift weights with?,I'm sitting on one right now,Somewhere I sit when I say no,What about the recline bench,It's all hilarious,0.000,0.993,-0.097,-0.630,-0.242,38.792394,1.177300,0.291171,11.295215,0.342795,53.414455,1.650996,0.000000,15.552732,0.480722
test.ca-cb.ca::00691,test.ca-cb.ca::00691__row1825,I think the funniest part about this story is the decline bench,0.0,content_diversity,Do you use it to work out,Does it help build muscles,Are you building any muscle tone with it,Can you use it for curls too,Is it for deadweights or cables?,-0.059,0.921,-0.344,-0.734,-0.395,35.264622,1.156325,0.257211,9.070458,0.297420,80.126161,2.169822,0.000000,20.609351,0.558103
test.ca-cb.ca::00692,test.ca-cb.ca::00692__row1826,All jokes aside he really made a very good point,1.0,content_diversity,I agree with you,He made awesome points,How could he have not,You're right it's not a joke,I don't know I think he could have explained it better,-0.017,0.960,-0.025,-0.604,-0.385,10.088372,0.824975,0.428815,4.326049,0.353762,45.490699,1.177210,0.000000,19.507108,0.504806
test.ca-cb.ca::00692,test.ca-cb.ca::00692__row1827,All jokes aside he really made a very good point,0.0,content_diversity,You are correct it isn't a joke,It isn't a joke you are right,you're correct in saying it isn't a joke,You are right and it is not a joke,it is not a joke you are right,-0.245,0.669,-0.548,-0.985,-0.802,57.209045,1.710228,0.400061,22.887130,0.684196,28.991424,0.617931,0.000000,11.598349,0.247210
test.ca-cb.ca::00693,test.ca-cb.ca::00693__row1828,Your kids are always annoying someone you just learn to ignore it,1.0,content_diversity,my kids are great,they are kids,"well, they have to learn to socialize",I doubt it,I think you are annoying,-0.030,0.945,-0.240,-0.643,-0.198,22.399158,1.246781,0.340979,7.637638,0.425126,34.279570,1.603136,0.000000,11.688607,0.546635
test.ca-cb.ca::00693,test.ca-cb.ca::00693__row1829,Your kids are always annoying someone you just learn to ignore it,0.0,content_diversity,they are adorable,they are lovely,I think they are cute,I think they are very good kids,my kids are wonderful,-0.154,0.788,-0.482,-0.786,-0.760,29.695328,1.424717,0.376309,11.174624,0.536134,26.301722,0.612219,0.000000,9.897579,0.230384
test.ca-cb.ca::00694,test.ca-cb.ca::00694__row1830,And congrats to the caps for winning the draft,1.0,content_diversity,they deserve it,they did not win,"well, it is just a draft",how on earth did that happen,let's go celebrate,-0.015,0.973,-0.078,-0.538,-0.141,20.482268,0.832523,0.325932,6.675821,0.271346,40.432748,1.927076,0.000000,13.178316,0.628095
test.ca-cb.ca::00694,test.ca-cb.ca::00694__row1831,And congrats to the caps for winning the draft,0.0,content_diversity,they earn it,they should have it,this is their year,they put in their effort,they have paid their dues,-0.052,0.933,-0.223,-0.695,-0.431,25.835800,1.432666,0.293050,7.571172,0.419842,17.227638,0.944114,0.000000,5.048554,0.276672
test.ca-cb.ca::00695,test.ca-cb.ca::00695__row1832,As an engineer I take offense to that comment,1.0,content_diversity,Why is it offensive?,You are too easily offended,Why would someone get mad over a comment,"Yes, me too",I am not even an engineer but I'm also offended,-0.012,0.980,-0.083,-0.679,-0.321,13.213095,0.751593,0.369178,4.877979,0.277471,38.775209,2.132549,0.000000,14.314939,0.787289
test.ca-cb.ca::00695,test.ca-cb.ca::00695__row1833,As an engineer I take offense to that comment,0.0,content_diversity,Why do you get offended so easily?,You are just a crybaby,You shouldn't get offended so easily?,Why are you offended by simple joke,You shouldn't be offended by a joke,-0.091,0.839,-0.227,-0.846,-0.461,44.495496,1.338843,0.406306,18.078787,0.543980,25.054939,1.392169,0.000000,10.179972,0.565647
test.ca-cb.ca::00696,test.ca-cb.ca::00696__row1834,Not only should we automatically be registered voting should be mandatory,1.0,content_diversity,How can you make that assumption?,freedom of speech right there,ok thats not logical,do not agree,thats not a good thing,-0.026,0.963,0.035,-0.705,-0.330,16.131720,1.088534,0.304482,4.911815,0.331439,51.944651,1.213545,0.000000,15.816201,0.369502
test.ca-cb.ca::00696,test.ca-cb.ca::00696__row1835,Not only should we automatically be registered voting should be mandatory,0.0,content_diversity,not freedom,where our rights?,freedom of rights,free speech,we want free speach,-0.015,0.771,-0.141,-0.774,-0.326,14.384886,1.314640,0.196248,2.823002,0.257995,50.852885,1.969928,0.000000,9.979768,0.386594
test.ca-cb.ca::00697,test.ca-cb.ca::00697__row1836,Whoa what happened I forgot what your post said,1.0,content_diversity,read it again,it said everything,i dont know,it could have been anything,i dont feel like looking again,-0.037,0.937,-0.137,-0.682,-0.218,11.485728,1.063317,0.443822,5.097621,0.471924,28.121226,0.709198,0.000000,12.480825,0.314758
test.ca-cb.ca::00697,test.ca-cb.ca::00697__row1837,Whoa what happened I forgot what your post said,0.0,content_diversity,it could be anything,coulda been anything,it has to be everything,it really could have been anything,its obvious its anything,-0.058,0.906,-0.220,-0.812,-0.612,24.803553,1.024583,0.391409,9.708332,0.401031,37.107187,1.588236,0.000000,14.524085,0.621650
test.ca-cb.ca::00698,test.ca-cb.ca::00698__row1838,What is this business of putting dollar signs after the amount,1.0,content_diversity,the correct way to count money is what that is,who knows,its really straightforward,honestly its essentially to know these things,im not sure,-0.007,0.976,-0.022,-0.694,-0.270,34.016887,1.382481,0.245878,8.364016,0.339922,107.869711,0.908955,0.000000,26.522827,0.223492
test.ca-cb.ca::00698,test.ca-cb.ca::00698__row1839,What is this business of putting dollar signs after the amount,0.0,content_diversity,its the right way,theres the way,its the correct way to count it,the only way to count it,it is the right way to indentify money and count it,-0.159,0.788,-0.255,-0.871,-0.550,26.388707,1.663048,0.277568,7.324657,0.461609,76.172920,1.967938,0.000000,21.143154,0.546236
test.ca-cb.ca::00699,test.ca-cb.ca::00699__row1840,It's better protected than the current space station,1.0,content_diversity,"No, nothing is more protected than the space station",Yeah it's extremely protected completely untouchable,How do you know it's that protected?,I heard someone broke in so it's not that protected,The space station is not even protected at all,-0.036,0.946,-0.134,-0.842,-0.256,40.574029,0.906020,0.443945,18.012628,0.402223,60.503749,1.083857,0.000000,26.860323,0.481172
test.ca-cb.ca::00699,test.ca-cb.ca::00699__row1841,It's better protected than the current space station,0.0,content_diversity,nothing is more protected than the space station you're misinformed,"Nope, nothing is more protected than the space station",wrong nothing is more protected than the space station,nothing is more protected than the space station you're wrong,False nothing is more protected than the space station,-0.821,0.325,-0.590,-0.986,-0.839,59.737609,1.019040,0.514074,30.709577,0.523862,20.750741,0.335062,0.000000,10.667425,0.172247
test.ca-cb.ca::00700,test.ca-cb.ca::00700__row1842,Oh this again remember we can dive now so this won't happen,1.0,content_diversity,What exactly do you mean by that?,I'm with you on that!,Sounds like a plan.,That's the best thing I've heard all day.,I didn't think anyone felt so strongly about that.,-0.003,0.994,-0.094,-0.637,-0.338,4.584916,0.677158,0.400583,1.836637,0.271258,60.645770,0.962846,0.000000,24.293636,0.385699
test.ca-cb.ca::00700,test.ca-cb.ca::00700__row1843,Oh this again remember we can dive now so this won't happen,0.0,content_diversity,What are you talking about?,What are you implying?,What's the reason you say that?,Why do you say that?,"So, why exactly do you think that?",-0.103,0.857,-0.468,-0.830,-0.768,14.625262,0.722651,0.406044,5.938506,0.293428,42.485232,0.900258,0.000000,17.250891,0.365545
test.ca-cb.ca::00701,test.ca-cb.ca::00701__row1844,Difference is no body was begging for that fight,1.0,content_diversity,I was really looking forward to it personally.,Yeah everyone knew that was going to be a snooze fest.,I have no idea why they thought that was a good idea.,A friend of mine was so excited about it but he's insane.,The next fight will be much better.,-0.024,0.956,-0.226,-0.669,-0.286,24.420588,0.341149,0.472529,11.539433,0.161203,65.748362,0.808501,0.000000,31.067998,0.382040
test.ca-cb.ca::00701,test.ca-cb.ca::00701__row1845,Difference is no body was begging for that fight,0.0,content_diversity,I was excited about it.,I thought it was going to be great.,I was eagerly awaiting it.,I was highly anticipating it.,"Personally, I was optimistic about it.",-0.143,0.877,-0.583,-0.857,-0.664,11.451681,0.550843,0.444641,5.091887,0.244927,55.564676,1.123241,0.000000,24.706331,0.499439
test.ca-cb.ca::00702,test.ca-cb.ca::00702__row1846,Why refer to yourself as a kid you're 22,1.0,content_diversity,22 is still very young.,It's all relative.,I guess you're right.,Fine I'm a young adult.,I haven't even worked a real job yet.,-0.011,0.976,-0.183,-0.677,-0.250,9.809019,0.817309,0.400066,3.924258,0.326978,44.851596,0.941350,0.000000,17.943614,0.376603
test.ca-cb.ca::00702,test.ca-cb.ca::00702__row1847,Why refer to yourself as a kid you're 22,0.0,content_diversity,Compared to a 70 year old I'm a kid.,Compared to you I'm a kid.,That depends who I'm compared to.,Related to some people I am.,Relative to some people I am.,-0.129,0.793,-0.406,-0.812,-0.403,50.313130,1.684689,0.310810,15.637806,0.523617,27.854402,0.813798,0.000000,8.657417,0.252936
test.ca-cb.ca::00703,test.ca-cb.ca::00703__row1848,The entire episode focused around the medic makes me sob,1.0,content_diversity,Oh my goodness it was so sad!,I found it hard to feel bad for the medic.,From beginning to end it made my cry.,"There's no need to be so soft, we all have a sob story.",That episode was so boring.,-0.031,0.958,-0.175,-0.686,-0.399,22.972272,0.409808,0.372874,8.565753,0.152807,88.129129,0.852202,0.000000,32.861022,0.317763
test.ca-cb.ca::00703,test.ca-cb.ca::00703__row1849,The entire episode focused around the medic makes me sob,0.0,content_diversity,I cried the whole episode.,I was sobbing through the whole thing.,That episode had me crying uncontrollably.,I had tears on my cheeks throughout.,The whole episode made me sob so bad.,-0.046,0.931,-0.497,-0.933,-0.808,24.402989,0.647107,0.467012,11.396483,0.302206,42.870591,1.004412,0.000000,20.021071,0.469072
test.ca-cb.ca::00704,test.ca-cb.ca::00704__row1850,Orange you glad he did't say stab instead,1.0,content_diversity,thats so funny,your joke sucks,i guess,"i really do not get it, please go on",i thought this was heading elsewhere,-0.013,0.983,-0.088,-0.657,-0.277,13.266169,1.523658,0.228681,3.033722,0.348432,68.528482,0.881498,0.000000,15.671167,0.201582
test.ca-cb.ca::00704,test.ca-cb.ca::00704__row1851,Orange you glad he did't say stab instead,0.0,content_diversity,it does suck,your joke is not funny,its just really not funny,i didn't find the joke funny,your joke is bad,-0.061,0.890,-0.394,-0.817,-0.689,39.201219,1.735318,0.227590,8.921825,0.394942,30.165685,2.731256,0.000000,6.865423,0.621608
test.ca-cb.ca::00705,test.ca-cb.ca::00705__row1852,Aye well good luck being owned by china,1.0,content_diversity,I'm an American!,Who's owned by China?,That's bad luck.,Are you sure you mean China?,What do you mean by that?,-0.020,0.943,-0.133,-0.676,-0.230,19.498016,1.023709,0.316395,6.169084,0.323897,23.851849,2.033577,0.000000,7.546617,0.643415
test.ca-cb.ca::00705,test.ca-cb.ca::00705__row1853,Aye well good luck being owned by china,0.0,content_diversity,Who are you talking about?,I would really like to know who is owned by China.,Whoever do you mean?,"Who do you mean, makes no sense, about being owned by China.",Owned by China? Who?,-0.036,0.929,-0.121,-0.772,-0.522,39.552769,1.128921,0.344974,13.644690,0.389449,82.044130,1.345607,0.000000,28.303119,0.464200
test.ca-cb.ca::00706,test.ca-cb.ca::00706__row1854,When I moved to america it was the thing I missed most,1.0,content_diversity,Me too!,I didn't miss it at all.,Why would you miss that?,That's a strange thing to miss.,That's what I missed most as well.,-0.017,0.969,-0.187,-0.774,-0.435,17.761568,0.888728,0.279070,4.956729,0.248018,16.457819,3.837967,0.000000,4.592891,1.071063
test.ca-cb.ca::00706,test.ca-cb.ca::00706__row1855,When I moved to america it was the thing I missed most,0.0,content_diversity,It never occurred to me to miss that.,I can't say I missed that at all.,I don't crave that at all.,I haven't found myself longing for that.,I've had no desire for that.,-0.062,0.909,-0.443,-0.791,-0.566,40.522431,1.202921,0.330457,13.390915,0.397514,9.454078,0.645444,0.000000,3.124165,0.213291
test.ca-cb.ca::00707,test.ca-cb.ca::00707__row1856,I would love to try out some new soap d,1.0,content_diversity,why? soap is soap,All soaps are the same though,"New soap, where? I want to try too",I love trying new soap like oatmeal ones are so cool,So go buy some new soap,-0.024,0.959,-0.100,-0.936,-0.444,49.646248,1.422822,0.249439,12.383721,0.354908,78.735427,1.106641,0.000000,19.639704,0.276040
test.ca-cb.ca::00707,test.ca-cb.ca::00707__row1857,I would love to try out some new soap d,0.0,content_diversity,"There all the same, all soaps",No difference soap is soap,soaps are all the same,there's no difference in any soap,all soaps are exactly the same,-0.069,0.880,-0.253,-0.967,-0.826,44.618548,1.608608,0.288822,12.886834,0.464602,41.757351,1.492861,0.000000,12.060457,0.431172
test.ca-cb.ca::00708,test.ca-cb.ca::00708__row1858,It's the only way anyone has ever left reddit,1.0,content_diversity,In a pine box?,By clicking the x on the top of the browser?,What is?,There are quite a few ways to leave.,I know of many ways.,-0.009,0.966,-0.152,-0.653,-0.143,21.244691,1.367206,0.219746,4.668434,0.300438,33.568447,3.045484,0.000000,7.376528,0.669233
test.ca-cb.ca::00708,test.ca-cb.ca::00708__row1859,It's the only way anyone has ever left reddit,0.0,content_diversity,There are many ways to leave.,I know several ways to leave.,I'm aware of quite a few ways to leave.,There are a bunch of ways to leave.,There's tons of ways to leave.,-0.230,0.786,-0.754,-0.980,-0.888,38.620245,1.105949,0.429330,16.580831,0.474817,18.143371,0.505729,0.000000,7.789494,0.217124
test.ca-cb.ca::00709,test.ca-cb.ca::00709__row1860,I hate him and I'm crying I hate him because I'm crying,1.0,content_diversity,we get it you hate him,dont cry,thats bad im sorry,guys are awful so makes sense,ok please cry,-0.008,0.990,-0.051,-0.668,-0.374,19.185201,1.026195,0.249068,4.778423,0.255593,65.158186,1.522218,0.000000,16.228830,0.379136
test.ca-cb.ca::00709,test.ca-cb.ca::00709__row1861,I hate him and I'm crying I hate him because I'm crying,0.0,content_diversity,we get it you hate men,"you hate him, i see",i can tell that you hate him,hating him is bad,you hate him why?,-0.100,0.880,-0.287,-0.897,-0.785,17.568815,0.699852,0.312967,5.498463,0.219031,37.336362,1.576180,0.000000,11.685057,0.493293
test.ca-cb.ca::00710,test.ca-cb.ca::00710__row1862,Is anyone else excited for fox sports 1,1.0,content_diversity,"Yes, I am",No not really,I think it will be useless,Why would we need another sport channel,My dad is crazy about it,-0.008,0.984,-0.082,-0.569,-0.166,24.394137,1.022823,0.281815,6.874631,0.288247,30.351991,1.395554,0.000000,8.553643,0.393288
test.ca-cb.ca::00710,test.ca-cb.ca::00710__row1863,Is anyone else excited for fox sports 1,0.0,content_diversity,I think another sports channel is unnecessary,It is a waste of tv space to add another sports channel,I don't think we need another sports channel,It is unnecessary as we already have plenty of sports channels,Why do we need another sports channel,-0.165,0.811,-0.491,-0.947,-0.533,45.810687,0.910542,0.513869,23.540671,0.467899,46.901694,0.646650,0.000000,24.101306,0.332293
test.ca-cb.ca::00711,test.ca-cb.ca::00711__row1864,Ok I told him to let you know when to delete yours,1.0,content_diversity,So lets synchronize our watches.,Why do I always have to delete mine?,I am not going to give up my copy of the program.,Who is he and what does he matter?,Does he do everything you tell him too?,-0.011,0.976,-0.181,-0.582,-0.213,25.384877,0.583738,0.401190,10.184169,0.234190,35.715992,1.047959,0.000000,14.328914,0.420431
test.ca-cb.ca::00711,test.ca-cb.ca::00711__row1865,Ok I told him to let you know when to delete yours,0.0,content_diversity,"I am not deleting mine, ever.",That program will never depart from my computer.,There is no way I am getting rid of that file.,Its mine all mine and its going to stay that way.,No matter what he says it will be on my machine forever.,-0.015,0.966,-0.245,-0.721,-0.520,30.105906,0.652783,0.419089,12.617065,0.273574,37.540832,0.829504,0.000000,15.732964,0.347636
test.ca-cb.ca::00712,test.ca-cb.ca::00712__row1866,We have a name for that ya know,1.0,content_diversity,"As do we, as do we.",Please tell me what it is.,I bet you do!,I am guessing it isn't going to be nice!,It wouldn't involve a butt would it?,-0.006,0.981,-0.048,-0.609,-0.299,9.164218,0.767939,0.266093,2.438536,0.204343,47.916185,1.876275,0.000000,12.750171,0.499264
test.ca-cb.ca::00712,test.ca-cb.ca::00712__row1867,We have a name for that ya know,0.0,content_diversity,That doesn't surprise me at all!,I wouldn't have doubted it for a second.,Am I supposed to be shocked?,I cannot say I am stunned by that news.,That is so predictable.,-0.016,0.976,-0.235,-0.701,-0.411,28.978787,0.785477,0.369081,10.695526,0.289905,38.250001,0.736129,0.000000,14.117357,0.271691
test.ca-cb.ca::00713,test.ca-cb.ca::00713__row1868,No the new thing is talking about it,1.0,content_diversity,it is?,i thought being quiet was the new,first im hearing about it,no one cares,thats cool with me,-0.006,0.990,-0.007,-0.631,-0.269,17.984457,0.685408,0.224862,4.044017,0.154122,35.143950,5.040828,0.000000,7.902532,1.133490
test.ca-cb.ca::00713,test.ca-cb.ca::00713__row1869,No the new thing is talking about it,0.0,content_diversity,i thought being quiet was it,being quiet is the new,yeah i knew it was the new,that is the new,being quiet is probably the new,-0.153,0.810,-0.296,-0.797,-0.492,35.248146,1.594964,0.369123,13.010894,0.588738,44.852739,1.388252,0.000000,16.556168,0.512435
test.ca-cb.ca::00714,test.ca-cb.ca::00714__row1870,Thats the coolest thing I've read all day,1.0,content_diversity,Thank you,Yeah same for me,Glad you guys liked it,"Not for me, I've read more interesting things today",I showed this to my dad and it really made his day,-0.012,0.981,-0.070,-0.681,-0.299,9.446209,0.818457,0.360450,3.404885,0.295013,74.913409,1.171527,0.000000,27.002531,0.422277
test.ca-cb.ca::00714,test.ca-cb.ca::00714__row1871,Thats the coolest thing I've read all day,0.0,content_diversity,Really glad you liked,I'm grateful for your support,"Thank you very much, I'm so glad you liked it","Thanks, really appreciate you liking it",Your support is much appreciated,-0.042,0.921,-0.162,-0.875,-0.821,39.668083,1.129771,0.421474,16.719084,0.476170,21.909609,0.644072,0.000000,9.234341,0.271460
test.ca-cb.ca::00715,test.ca-cb.ca::00715__row1872,It wouldve sucked if you had to fall off,1.0,content_diversity,I'm more prone to fall out.,Hail Ceaser,Do you know the way to Minnesota,How do you do?,Don't eat al the mushrooms yoursef,-0.010,0.976,-0.024,-0.574,-0.094,-4.990619,0.515658,0.177118,-0.883930,0.091332,100.953018,2.662989,0.000000,17.880622,0.471664
test.ca-cb.ca::00715,test.ca-cb.ca::00715__row1873,It wouldve sucked if you had to fall off,0.0,content_diversity,I'm a heroin addict who overdoses a lot,I'm bad a doing drugs,I use needles to shoot my dope,Better have the narcan when I'm around,I like to do a lot of that fetty dope,-0.033,0.945,-0.230,-0.697,-0.314,29.318351,1.103103,0.219527,6.436171,0.242161,62.889081,1.626664,0.000000,13.805854,0.357097
test.ca-cb.ca::00716,test.ca-cb.ca::00716__row1874,Perhaps he's upset that he missed the joke,1.0,content_diversity,I don't think so,I think you offended him,It was a racist joke,Maybe he can't even see it,I think the joke was too personal,-0.034,0.946,-0.157,-0.663,-0.265,22.411357,1.104821,0.343689,7.702547,0.379715,30.213349,0.788246,0.000000,10.384009,0.270912
test.ca-cb.ca::00716,test.ca-cb.ca::00716__row1875,Perhaps he's upset that he missed the joke,0.0,content_diversity,Your joke was offensive,You offended him with your joke,I think it was offensive joke,That joke was inappropriate,That was very offensive joke,-0.100,0.890,-0.530,-0.968,-0.833,46.083193,1.672553,0.348271,16.049432,0.582501,20.210645,0.546893,0.000000,7.038778,0.190467
test.ca-cb.ca::00717,test.ca-cb.ca::00717__row1876,Gt edit I'm alive   day isn't over yet,1.0,content_diversity,"well, it might as well be",it is good you are alive,"well, day is over for me, I am going to bed",it is late here,"yes, it is a long day today",-0.058,0.939,-0.062,-0.684,-0.268,34.210053,1.306192,0.358233,12.255162,0.467921,25.855192,0.572612,0.000000,9.262177,0.205128
test.ca-cb.ca::00717,test.ca-cb.ca::00717__row1877,Gt edit I'm alive   day isn't over yet,0.0,content_diversity,today will not be short,today is going to be long,today will drag on,today feels like it is forever,it is forever long today,-0.089,0.874,-0.235,-0.907,-0.691,26.313009,1.174604,0.356903,9.391182,0.419219,34.284121,1.338218,0.000000,12.236092,0.477614
test.ca-cb.ca::00718,test.ca-cb.ca::00718__row1878,I think you accidentally a letter in your very last link there,1.0,content_diversity,i did what now?,grammar my dude,"if i did, what are you gonna do?",ok what the big deal,i think it was on purpose,-0.022,0.969,0.045,-0.649,-0.265,31.835895,1.445712,0.205516,6.542774,0.297116,24.651963,2.346836,0.000000,5.066363,0.482311
test.ca-cb.ca::00718,test.ca-cb.ca::00718__row1879,I think you accidentally a letter in your very last link there,0.0,content_diversity,probably on purpose,it seems like it was done on purpose,it was purposefully done,yeah i think it was done on purpose,i agree it was on purpose,-0.176,0.743,-0.451,-0.959,-0.889,44.208027,1.530305,0.345932,15.292990,0.529382,12.453046,0.773178,0.000000,4.307912,0.267467
test.ca-cb.ca::00719,test.ca-cb.ca::00719__row1880,Fixed input did't see the error in the last row,1.0,content_diversity,Really? It was a pretty obvious error,Yeah that error could have been easily missed,I didn't see it either until it was mentioned,what error are you talking about?,Glad you fixed it,-0.021,0.965,-0.136,-0.696,-0.322,26.275998,0.336457,0.430755,11.318519,0.144930,29.795325,1.508420,0.000000,12.834487,0.649759
test.ca-cb.ca::00719,test.ca-cb.ca::00719__row1881,Fixed input did't see the error in the last row,0.0,content_diversity,Are you sure? was a pretty obvious error,"a pretty obvious error, you really didn't see it?",really? I thought it was a pretty obvious error,"How could you not see it?, was a pretty obvious error","an obvious error, you really didn't see it?",-0.259,0.656,-0.409,-0.979,-0.867,71.987861,1.499891,0.406005,29.227431,0.608963,29.122074,0.667866,0.000000,11.823708,0.271157
test.ca-cb.ca::00720,test.ca-cb.ca::00720__row1882,Happens to me somewhat regularly linear time is just an illusion,1.0,content_diversity,its all an illusion,happens to us all,yeah sounds typical,"Ah, well what can you do",thats a regular thing,-0.005,0.990,-0.094,-0.640,-0.345,25.149656,1.321296,0.324100,8.150995,0.428232,36.685503,1.359700,0.000000,11.889758,0.440678
test.ca-cb.ca::00720,test.ca-cb.ca::00720__row1883,Happens to me somewhat regularly linear time is just an illusion,0.0,content_diversity,sounds very typical,it does sound like its typical,its very very typical,yeah i agree that its typical too,it is typical,-0.079,0.900,-0.299,-0.955,-0.863,43.948024,1.717693,0.304167,13.367556,0.522466,52.016251,0.826850,0.000000,15.821648,0.251501
test.ca-cb.ca::00721,test.ca-cb.ca::00721__row1884,This is reposted off the top post on this subreddit,1.0,content_diversity,Yeah I know,I don't think it is,I think this is an orginal post,What makes you think that?,I've never read this post,-0.034,0.944,-0.047,-0.640,-0.204,21.958701,0.842514,0.341730,7.503945,0.287912,28.505335,1.424867,0.000000,9.741125,0.486920
test.ca-cb.ca::00721,test.ca-cb.ca::00721__row1885,This is reposted off the top post on this subreddit,0.0,content_diversity,I would disagree with you,I think you are wrong,You couldn't be more wrong on that one,I think it is not,I have to disagree with you,-0.068,0.902,-0.184,-0.749,-0.618,37.955027,1.418141,0.383938,14.572388,0.544479,36.178611,1.410438,0.000000,13.890354,0.541521
test.ca-cb.ca::00722,test.ca-cb.ca::00722__row1886,If everyone dies he can't bond with them at all gtgt,1.0,content_diversity,he can whenever,bonding is good,why would you want to bond?,what is this about,i dont get it,-0.006,0.990,-0.024,-0.639,-0.248,17.065830,0.688471,0.344753,5.883503,0.237353,28.909546,1.852768,0.000000,9.966664,0.638748
test.ca-cb.ca::00722,test.ca-cb.ca::00722__row1887,If everyone dies he can't bond with them at all gtgt,0.0,content_diversity,bonding is really good,yes lets bond,ok bonding is ok,i agree with bonding,yeah bonding is a a good idea,-0.052,0.904,-0.291,-0.960,-0.749,30.313105,1.929859,0.260792,7.905416,0.503292,27.128451,1.380743,0.000000,7.074884,0.360087
test.ca-cb.ca::00723,test.ca-cb.ca::00723__row1888,Do you guys surf I'm also from texas btw,1.0,content_diversity,I've never been surfing before.,I surf all the time.,Oh my god I love to surf.,Surfing is fun if you don't get bit by a shark.,I try to surf but it doesn't go very well.,-0.022,0.968,-0.316,-0.938,-0.379,16.422057,0.762903,0.469135,7.704165,0.357905,55.741966,0.852031,0.000000,26.150518,0.399718
test.ca-cb.ca::00723,test.ca-cb.ca::00723__row1889,Do you guys surf I'm also from texas btw,0.0,content_diversity,I surf non stop.,I'm always surfing.,I go surfing constantly.,I go surfing all the time.,"I'm I'm breathing, I'm surfing.",-0.069,0.878,-0.528,-0.981,-0.809,-10.620002,-0.215038,0.332640,-3.532638,-0.071530,93.917987,2.827508,0.000000,31.240880,0.940542
test.ca-cb.ca::00724,test.ca-cb.ca::00724__row1890,That is by far the best troll I've ever seen,1.0,content_diversity,I give it a solid 9 out of 10.,It's the best I've seen too!,I've seen better.,I hate trolls.,That one had me rolling.,-0.020,0.967,-0.210,-0.600,-0.218,5.254112,0.579825,0.321009,1.686618,0.186129,34.392606,0.884986,0.000000,11.040339,0.284088
test.ca-cb.ca::00724,test.ca-cb.ca::00724__row1891,That is by far the best troll I've ever seen,0.0,content_diversity,It wasn't that great.,I've seen greater.,I've seen finer.,I've seen superior trolling.,I've seen higher quality trolling.,-0.117,0.883,-0.480,-0.812,-0.495,26.608106,1.436094,0.270191,7.189279,0.388020,28.175198,1.674314,0.000000,7.612693,0.452385
test.ca-cb.ca::00725,test.ca-cb.ca::00725__row1892,It's cool but it can't beat jedi knight ii,1.0,content_diversity,I don't want to beat jedi knight,I think I am like a jedi knight,what is it?,which jedi knight?,"of course, jedi knight are the second best after sith lord.",-0.037,0.941,-0.255,-0.780,-0.328,0.388174,1.394423,0.296308,0.115019,0.413179,114.734249,1.413696,0.000000,33.996696,0.418890
test.ca-cb.ca::00725,test.ca-cb.ca::00725__row1893,It's cool but it can't beat jedi knight ii,0.0,content_diversity,I am similar to jedi knight,jedi knight and I are alike,I sometime think I have traits of jedi knight,I believe I am alike compared to jedi knight,jedi knight can be me,-0.138,0.861,-0.429,-0.965,-0.737,73.764212,2.078798,0.279995,20.653642,0.582054,57.633786,1.261216,0.000000,16.137196,0.353135
test.ca-cb.ca::00726,test.ca-cb.ca::00726__row1894,Video is awesome booty is amazing I would like to see more,1.0,content_diversity,Who wouldn't,Yes I would also like to see more,That is very inappropriate,"I agree with you, video is awesome",This is so disgusting,-0.015,0.976,-0.132,-0.624,-0.277,25.078477,0.912551,0.372741,9.347773,0.340145,11.833601,1.453683,0.000000,4.410866,0.541847
test.ca-cb.ca::00726,test.ca-cb.ca::00726__row1895,Video is awesome booty is amazing I would like to see more,0.0,content_diversity,That is not appopriate content,This is only for 18+,That content is very inappropriate,This is not the place for that kind of content,You can't post inappropriate content here,-0.063,0.914,-0.088,-0.770,-0.315,44.481304,1.327020,0.344332,15.316315,0.456935,24.011104,1.984754,0.000000,8.267780,0.683413
test.ca-cb.ca::00727,test.ca-cb.ca::00727__row1896,You forgot the 4th guy in the picture,1.0,content_diversity,I don't think anybody else will notice.,What 4th guy?,Are you sure? I thought I got everyone.,"If you don't tell, I won't tell.","Nah, you just need new glasses again.",-0.023,0.963,-0.054,-0.656,-0.186,3.941375,0.337285,0.358492,1.412951,0.120914,67.731563,1.198543,0.000000,24.281210,0.429668
test.ca-cb.ca::00727,test.ca-cb.ca::00727__row1897,You forgot the 4th guy in the picture,0.0,content_diversity,Are you positive? I was curtain I did.,"Really, I tried to make sure I got everyone.","No way, I was careful not to miss anyone.","Are you just messing with me, I was positive I got everyone.",Seriously? I was super careful to include everyone there.,-0.101,0.889,-0.235,-0.800,-0.431,41.165218,0.873145,0.365381,15.040973,0.319030,52.828627,1.743560,0.000000,19.302556,0.637063
test.ca-cb.ca::00728,test.ca-cb.ca::00728__row1898,I find that text to speech comes in pretty handy,1.0,content_diversity,Yeah me too,It is really helpful to have text,I don't need it,Text to speech is for those who are not capable of doing it without it,I couldn't agree more with you,-0.013,0.971,0.021,-0.647,-0.288,26.355209,0.973380,0.326735,8.611156,0.318037,68.347409,1.795196,0.000000,22.331458,0.586553
test.ca-cb.ca::00728,test.ca-cb.ca::00728__row1899,I find that text to speech comes in pretty handy,0.0,content_diversity,That is only for those who can't go without it,Text to speech is unnecessary if you are prepared,I don't think you need it if you are prepared,That is only for those who are not capable to prepare,It is only for people who are too lazy to prepare for speech,-0.127,0.794,-0.325,-0.838,-0.481,60.416759,1.268135,0.406480,24.558214,0.515472,27.383144,0.361292,0.000000,11.130705,0.146858
test.ca-cb.ca::00729,test.ca-cb.ca::00729__row1900,Is it safe to agree with eli that he's an elite qb,1.0,content_diversity,he is the best,I think he is all right,I am not sure if he is elite,I agree with you 100%,he is not that good,-0.083,0.910,-0.178,-0.663,-0.316,26.410988,1.153179,0.365688,9.658190,0.421704,26.835238,1.038738,0.000000,9.813333,0.379854
test.ca-cb.ca::00729,test.ca-cb.ca::00729__row1901,Is it safe to agree with eli that he's an elite qb,0.0,content_diversity,he is a top player,he is as good as qb gets,he is one of the top in the league at the moment,he performs at the highest level,he is the top level player,-0.099,0.873,-0.315,-0.792,-0.649,35.806896,1.161871,0.363476,13.014936,0.422312,35.471584,0.973950,0.000000,12.893058,0.354007
test.ca-cb.ca::00730,test.ca-cb.ca::00730__row1902,Well he is right about me at least,1.0,content_diversity,That's good you can figure it out for from.,I still would be wary to trust him.,What do you think his whole deal is anyway?,What are you going to talk about?,What will you guys get up to in person?,-0.029,0.967,-0.104,-0.623,-0.284,9.968868,0.288558,0.357100,3.559881,0.103044,73.205184,1.539493,0.000000,26.141559,0.549753
test.ca-cb.ca::00730,test.ca-cb.ca::00730__row1903,Well he is right about me at least,0.0,content_diversity,I think you should be cautious with him.,I would remain vigilant when talking with him.,It's probably a good idea with him to stay on guard.,I would be careful around him.,Be cautious and don't automatically trust him.,-0.060,0.928,-0.444,-0.818,-0.554,31.426259,0.746575,0.417853,13.131568,0.311959,54.552831,0.810102,0.000000,22.795084,0.338504
test.ca-cb.ca::00731,test.ca-cb.ca::00731__row1904,Thats because they need to ai in bw is a lot worse,1.0,content_diversity,What do you mean by that?,I don't think you are right,I showed that post to my dad and he agrees with you,I believe you don't know much about AI,You are 100% right,-0.034,0.956,-0.091,-0.710,-0.120,37.894637,0.790758,0.407776,15.452528,0.322452,54.408141,0.629375,0.000000,22.186341,0.256644
test.ca-cb.ca::00731,test.ca-cb.ca::00731__row1905,Thats because they need to ai in bw is a lot worse,0.0,content_diversity,I don't think you know much about artificial intelligence,You're not an expert in AI field,You lack knowledge when it comes to AI,You don't know what AI is,AI is not your field expertise,-0.040,0.944,-0.318,-0.887,-0.735,55.827428,1.676026,0.366929,20.484703,0.614982,15.178120,0.689544,0.000000,5.569293,0.253014
test.ca-cb.ca::00732,test.ca-cb.ca::00732__row1906,Are we gonna blame this one on the defense too,1.0,content_diversity,Yes I guess we are going to blame defense too,"Not blaming defense, but seems like they should be blamed",Why is the defense being blamed anyways?,What else do you know is being blamed on the defense?,Yup it's easier to blame them that's why,-0.025,0.955,-0.213,-0.903,-0.608,25.594138,0.467521,0.373634,9.562839,0.174682,45.101392,1.023740,0.000000,16.851411,0.382504
test.ca-cb.ca::00732,test.ca-cb.ca::00732__row1907,Are we gonna blame this one on the defense too,0.0,content_diversity,"seems like they should be blamed, but I'm not blaming defense",I'm not blaming them but it seems like they should be blamed,"seems like they should be blamed, I won't blame them though",I won't blame defense but seems like maybe they should be blamed,"seems like they should be blamed maybe, but I won",-0.336,0.652,-0.513,-0.981,-0.759,83.843715,1.399387,0.412910,34.619946,0.577822,19.488096,0.296972,0.000000,8.046839,0.122623
test.ca-cb.ca::00733,test.ca-cb.ca::00733__row1908,I lold when I got to senior management,1.0,content_diversity,Were you proud?,Wow that is a great achievement,How did you celebrate your promotion?,Is going to work more enjoyable now?,Did you also get a hefty paycheck raise?,-0.015,0.980,-0.201,-0.739,-0.291,26.709471,0.900310,0.302225,8.072263,0.272096,45.698373,1.389961,0.000000,13.811178,0.420080
test.ca-cb.ca::00733,test.ca-cb.ca::00733__row1909,I lold when I got to senior management,0.0,content_diversity,Where did you go to celebrate it?,Did you celebrate that big promotion?,With who did you celebrate that achievement,Did you celebrate it with your family?,Who was invited to that promotion celebration party?,-0.083,0.888,-0.401,-0.918,-0.562,35.415265,0.985025,0.379183,13.428849,0.373504,45.977390,0.585744,0.000000,17.433822,0.222104
test.ca-cb.ca::00734,test.ca-cb.ca::00734__row1910,Gamecube still the only console to come with a handle to date,1.0,content_diversity,Gamecube stands out from the rest,Wait gamecube has a handle?,Who needs a handle though?,No I think there's another console with a handle,I hate Gamecubes handle that's why there the only ones with it,-0.027,0.956,-0.204,-0.849,-0.369,4.546869,0.580188,0.431020,1.959792,0.250073,75.700950,0.580947,0.000000,32.628635,0.250400
test.ca-cb.ca::00734,test.ca-cb.ca::00734__row1911,Gamecube still the only console to come with a handle to date,0.0,content_diversity,Gamecube is not like all the rest,Gamecube is unique from all the rest,Nothing can stand out like Gamecube,Gamecube is different from all the rest,That's what makes Gamecube stand out,-0.136,0.809,-0.447,-0.946,-0.737,47.151554,1.311798,0.438870,20.693382,0.575708,23.964179,0.703398,0.000000,10.517149,0.308700
test.ca-cb.ca::00735,test.ca-cb.ca::00735__row1912,I'm just surprised I did't come across this while browsing twitter,1.0,content_diversity,It's all over twitter where were you looking?,Not everything is on twitter,I'm not surprised who still uses twitter?,twitter is for fake news only that's why,Don't relay on twitter they suck,-0.030,0.964,-0.108,-0.866,-0.486,16.773021,0.353431,0.380698,6.385458,0.134550,46.965185,1.404617,0.000000,17.879558,0.534735
test.ca-cb.ca::00735,test.ca-cb.ca::00735__row1913,I'm just surprised I did't come across this while browsing twitter,0.0,content_diversity,who still uses twitter though?,"not surprising at all, who still uses twitter?",who still even uses twitter though?,"I'm not even suprised, who still even uses twitter?",twitter still around? I'm not surprised,-0.163,0.775,-0.373,-0.980,-0.820,46.029220,1.109983,0.375878,17.301355,0.417218,47.088193,0.977295,0.000000,17.699400,0.367343
test.ca-cb.ca::00736,test.ca-cb.ca::00736__row1914,No pics  down vote sorry op   edit up vote sick gun,1.0,content_diversity,Your sentence doesn't make any sense,You should rewrite that sentence,Sorry man but I don't understand what you're saying,Why would you downvote just because there's no pictures,I think you got it all wrong,-0.009,0.983,-0.096,-0.736,-0.302,32.782729,0.681751,0.490364,16.075480,0.334306,42.992224,0.704111,0.000000,21.081852,0.345271
test.ca-cb.ca::00736,test.ca-cb.ca::00736__row1915,No pics  down vote sorry op   edit up vote sick gun,0.0,content_diversity,"You are unclear, I don't understand it",I don't understand your post,Sorry but your sentence is meaningless,I don't know what you're trying to say,I can't understand this bunch of words,-0.061,0.921,-0.293,-0.767,-0.598,23.372070,0.674590,0.452185,10.568507,0.305040,44.635149,1.053848,0.000000,20.183359,0.476535
test.ca-cb.ca::00737,test.ca-cb.ca::00737__row1916,Well lets just hope that this will a mount to something,1.0,content_diversity,I do hope so,it already has,"maybe it will, maybe it will not",why would it not be,I wonder about that too,-0.025,0.939,-0.073,-0.689,-0.352,19.401918,0.948479,0.374479,7.265619,0.355186,19.717999,0.719744,0.000000,7.383985,0.269529
test.ca-cb.ca::00737,test.ca-cb.ca::00737__row1917,Well lets just hope that this will a mount to something,0.0,content_diversity,it is already,I think it is a long time ago,it already amounts to something,it has became large,it has grown exponentially,-0.071,0.921,-0.232,-0.711,-0.445,34.167953,1.506523,0.347995,11.890260,0.524262,47.182856,1.469243,0.000000,16.419375,0.511289
test.ca-cb.ca::00738,test.ca-cb.ca::00738__row1918,Aliens   I mean we can't be the only  species around right right,1.0,content_diversity,Do you really believe in aliens?,Yeah I agree with you,I think there is more species than we think,There is no such thing as aliens,You're stupid for believing in aliens,-0.015,0.964,-0.095,-0.748,-0.192,24.280021,0.728122,0.481036,11.679576,0.350253,31.646151,0.624246,0.000000,15.222954,0.300285
test.ca-cb.ca::00738,test.ca-cb.ca::00738__row1919,Aliens   I mean we can't be the only  species around right right,0.0,content_diversity,There might be more species that we haven't discovered yet,There is more species that we don't know about,I believe that more species exist,I believe in existance of more species,There is a lot more species which we know nothing about,-0.126,0.850,-0.471,-0.967,-0.716,36.769623,0.957204,0.478884,17.608369,0.458389,33.862485,0.652595,0.000000,16.216188,0.312517
test.ca-cb.ca::00739,test.ca-cb.ca::00739__row1920,Ten years old he's got talent and healthy humor,1.0,content_diversity,yeah you dont see that often,sounds cool,a genious,"thats great, now lets go",i wish that was me,-0.004,0.990,-0.005,-0.613,-0.221,22.096002,1.972453,0.208127,4.598781,0.410521,39.437046,2.058126,0.000000,8.207926,0.428352
test.ca-cb.ca::00739,test.ca-cb.ca::00739__row1921,Ten years old he's got talent and healthy humor,0.0,content_diversity,you really dont see that today,you really dont see that these days,its rare that you see that,really dont see that often,how can you see that often,-0.275,0.669,-0.353,-0.907,-0.629,44.966689,1.547985,0.356285,16.020978,0.551524,31.137914,1.342760,0.000000,11.093987,0.478406
test.ca-cb.ca::00740,test.ca-cb.ca::00740__row1922,Does that sound weird to people not from wales,1.0,content_diversity,It certainly sounds weird to me.,It sounds normal to me.,I'm from wales so I can't judge.,It absolutely does!,I think that sounds weird no matter where you're from.,-0.045,0.927,-0.206,-0.741,-0.312,13.367721,0.755494,0.464757,6.212741,0.351121,32.322101,1.238581,0.000000,15.021921,0.575639
test.ca-cb.ca::00740,test.ca-cb.ca::00740__row1923,Does that sound weird to people not from wales,0.0,content_diversity,"Yes, that sounds weird to me.",It 100% does to me.,Extremely weird to me.,That sounds bizarre to me.,To me it sounds strange.,-0.123,0.867,-0.429,-0.883,-0.631,22.658478,0.956267,0.350423,7.940061,0.335098,42.420950,2.659499,0.000000,14.865293,0.931951
test.ca-cb.ca::00741,test.ca-cb.ca::00741__row1924,Waiting list even though I live across the pond,1.0,content_diversity,Which pond is that?,What are you waiting for?,I wouldn't wait for that.,How far away is it?,The waiting list is very long.,-0.016,0.976,-0.187,-0.663,-0.236,16.711691,0.779664,0.383585,6.410358,0.299068,25.302333,1.809343,0.000000,9.705603,0.694037
test.ca-cb.ca::00741,test.ca-cb.ca::00741__row1925,Waiting list even though I live across the pond,0.0,content_diversity,Waiting for what?,What is it that you are waiting for?,Please tell us what the wait is for.,What is the wait for?,We don't even know what it is you are waiting for.,-0.064,0.885,-0.258,-0.970,-0.810,27.062676,1.147885,0.396914,10.741561,0.455612,42.913462,0.765952,0.000000,17.032964,0.304017
test.ca-cb.ca::00742,test.ca-cb.ca::00742__row1926,I see how would you like new technology for them to use,1.0,content_diversity,"Yeah, I think it would really help get things done.",The technology will help them adapt for the future.,I feel like it is the best way forward.,Do you not agree that they will need it?,New tech is going to be the best for their careers.,-0.023,0.958,-0.318,-0.712,-0.408,14.579552,0.444214,0.434664,6.337203,0.193084,28.764194,0.471799,0.000000,12.502753,0.205074
test.ca-cb.ca::00742,test.ca-cb.ca::00742__row1927,I see how would you like new technology for them to use,0.0,content_diversity,I think it's the strongest for the future.,It will be the most productive future measures.,"For the future, I think it is going to be the best way.","This, in my opinion, is the best option for the future.","Going forward, I would guess, this is for the best.",-0.097,0.888,-0.387,-0.921,-0.779,27.047457,0.505449,0.406325,10.990058,0.205376,55.055299,1.161774,0.000000,22.370344,0.472058
test.ca-cb.ca::00743,test.ca-cb.ca::00743__row1928,Same here but it doesn't matter in texas,1.0,content_diversity,it matters here,"who cares what matters in texas, this happens here",what does texas have to do with it,you are not making sense,I agree with you,-0.022,0.959,-0.032,-0.698,-0.253,37.668166,1.084955,0.399494,15.048211,0.433433,76.684051,0.886800,0.000000,30.634828,0.354271
test.ca-cb.ca::00743,test.ca-cb.ca::00743__row1929,Same here but it doesn't matter in texas,0.0,content_diversity,but it happens here,it has an effect here,it is relevant here,its impact is here,it has an impact here,-0.107,0.860,-0.376,-0.877,-0.835,36.611293,1.903819,0.326459,11.952078,0.621518,29.250685,1.673131,0.000000,9.549143,0.546208
test.ca-cb.ca::00744,test.ca-cb.ca::00744__row1930,My husband did that for me and I forgot to unlike,1.0,content_diversity,Oh okay that makes sense,What do you mean,Yeah that same thing happened to me,How could you forget?,You should have a reminder to do something like that,-0.019,0.967,0.003,-0.668,-0.296,12.857364,0.824021,0.403324,5.185679,0.332347,48.196279,0.768703,0.000000,19.438700,0.310036
test.ca-cb.ca::00744,test.ca-cb.ca::00744__row1931,My husband did that for me and I forgot to unlike,0.0,content_diversity,Oh yes that explains it,"Now that you explained it, it really makes sense","Alright, I understand it now","Thanks for clearing that out, now I get it",When you explain then it makes sense,-0.055,0.930,-0.271,-0.851,-0.672,32.557565,0.942282,0.360257,11.729104,0.339464,25.506429,0.946148,0.000000,9.188880,0.340857
test.ca-cb.ca::00745,test.ca-cb.ca::00745__row1932,What age did you watch it at I'm 22,1.0,content_diversity,I watched it as a teenager.,I never watched it.,I watched it when I was 9.,Why would anyone want to watch that?,I still haven't but I plan to soon.,-0.080,0.906,-0.376,-0.694,-0.250,5.273333,0.342933,0.514062,2.710821,0.176289,50.291840,0.926764,0.000000,25.853139,0.476414
test.ca-cb.ca::00745,test.ca-cb.ca::00745__row1933,What age did you watch it at I'm 22,0.0,content_diversity,I haven't watched it.,I've yet to watch it.,I've yet to enjoy it.,I haven't seen it.,I never saw it.,-0.101,0.857,-0.674,-0.837,-0.812,19.474610,0.860519,0.412679,8.036763,0.355118,21.593141,1.295536,0.000000,8.911036,0.534641
test.ca-cb.ca::00746,test.ca-cb.ca::00746__row1934,It almost seems like you want to be canadian,1.0,content_diversity,I am an American,why did you say that?,that makes no sense,I do not want to be a canadian,do not put your words in my mouth,-0.011,0.971,-0.104,-0.636,-0.220,12.443027,0.694712,0.422858,5.261633,0.293765,34.043454,0.893614,0.000000,14.395545,0.377872
test.ca-cb.ca::00746,test.ca-cb.ca::00746__row1935,It almost seems like you want to be canadian,0.0,content_diversity,don't speak for me,don't say I say things I did not say,you make that up,stop making things up and said I say it,never make assumption and then speak on my behalf,-0.027,0.930,-0.128,-0.746,-0.289,34.590227,1.623755,0.304118,10.519514,0.493813,81.661585,1.259850,0.000000,24.834766,0.383143
test.ca-cb.ca::00747,test.ca-cb.ca::00747__row1936,Why does twelve weeks sound so much shorter than three months,1.0,content_diversity,Because of some psychological effect,It sounds same for me,Because it is expressed in weeks not months,I'm not really sure,"Same for me, I couldn't agree more",-0.010,0.979,0.034,-0.679,-0.226,26.870812,1.012816,0.334791,8.996109,0.339082,37.468301,1.065591,0.000000,12.544054,0.356750
test.ca-cb.ca::00747,test.ca-cb.ca::00747__row1937,Why does twelve weeks sound so much shorter than three months,0.0,content_diversity,It is connected to brain process,That's just how our brain works,It is the way our brain processes things,It is connected to psychology,It has something to do with our brain,-0.117,0.850,-0.378,-0.892,-0.636,44.087292,1.332242,0.396379,17.475261,0.528072,18.593271,0.755188,0.000000,7.369975,0.299340
test.ca-cb.ca::00748,test.ca-cb.ca::00748__row1938,I cannot comprehend why this is not a national holiday,1.0,content_diversity,Because the government says so,That is a good question,I haven't really thought about it much,Just take the holiday and stop worrying about it,Does it hurt you in anyway to take the holiday,-0.032,0.934,-0.089,-0.673,-0.221,20.979669,0.658220,0.434758,9.121084,0.286167,51.483736,0.650897,0.000000,22.382979,0.282983
test.ca-cb.ca::00748,test.ca-cb.ca::00748__row1939,I cannot comprehend why this is not a national holiday,0.0,content_diversity,Don't worry about it and take the holiday,Why don't you just take the holiday and not worry,Don't think about it and take the holiday anyway,You can just not worry and take the holiday,Take it anyway and don't worry,-0.207,0.735,-0.513,-0.968,-0.775,58.985875,1.308521,0.378231,22.310301,0.494924,25.605708,0.801434,0.000000,9.684879,0.303127
test.ca-cb.ca::00749,test.ca-cb.ca::00749__row1940,Congressmen hates romney for using this one weird trick,1.0,content_diversity,Congressmen hates everyone not just romney,Everyone hates romney not just congressmen,What congressmen said they hate him?,What weird trick did romney use?,I hate romney and all congressmen politics suck,-0.048,0.930,-0.221,-0.884,-0.475,30.749080,0.918464,0.431785,13.276986,0.396579,68.014592,1.346740,0.000000,29.367668,0.581502
test.ca-cb.ca::00749,test.ca-cb.ca::00749__row1941,Congressmen hates romney for using this one weird trick,0.0,content_diversity,Not just romney they hate everyone,Congressmen hates romney and everyone,"romney is not the only one they hate, they hate everyone",Congressmen hates everyone especially romney,romney is hated by congressmen but so is everyone else,-0.089,0.887,-0.385,-0.975,-0.816,45.702961,1.018100,0.496481,22.690667,0.505467,27.726287,0.735137,0.000000,13.765584,0.364982
test.ca-cb.ca::00750,test.ca-cb.ca::00750__row1942,Omg what was that did you hear that,1.0,content_diversity,"No, I think those voices are in your head",Yes I heard it,Yes and it sounded scary,Heard what?,I think that was a mouse,-0.025,0.952,-0.108,-0.785,-0.334,10.262688,0.832410,0.396325,4.067355,0.329905,63.169361,1.863412,0.000000,25.035571,0.738516
test.ca-cb.ca::00750,test.ca-cb.ca::00750__row1943,Omg what was that did you hear that,0.0,content_diversity,"Not really, I think your imagining things","No, it's all in your head","No I didn't, I think the voices are inside your head","Nope, that are voices in your head","Nothing happened, those noises are in your head",-0.107,0.874,-0.318,-0.859,-0.620,36.741653,0.979287,0.406630,14.940251,0.398207,37.010974,0.796265,0.000000,15.049764,0.323785
test.ca-cb.ca::00751,test.ca-cb.ca::00751__row1944,I believe it was in gta vice city as well,1.0,content_diversity,I think it was GTA5.,I think you are right.,It was in both.,It was not in Vice City.,It was only in the original.,-0.074,0.902,-0.297,-0.646,-0.219,12.140362,0.815865,0.330117,4.007745,0.269331,25.273513,1.230615,0.000000,8.343227,0.406248
test.ca-cb.ca::00751,test.ca-cb.ca::00751__row1945,I believe it was in gta vice city as well,0.0,content_diversity,You are right.,You are correct.,"Yes, you're right.","Yes, you're correct.",I feel you are correct.,-0.088,0.856,-0.647,-0.864,-0.948,13.979850,0.967831,0.343324,4.799617,0.332279,45.464785,1.658190,0.000000,15.609147,0.569296
test.ca-cb.ca::00752,test.ca-cb.ca::00752__row1946,Yes go see the documentary man on wire,1.0,content_diversity,I heard that was fantastic.,That documentary was awful.,I'm too busy to watch it.,I hate documentaries.,I'm so looking forward to watching it!,-0.016,0.968,-0.362,-0.732,-0.240,13.244544,0.743965,0.408354,5.408463,0.303801,27.933334,0.715572,0.000000,11.406691,0.292207
test.ca-cb.ca::00752,test.ca-cb.ca::00752__row1947,Yes go see the documentary man on wire,0.0,content_diversity,Word is that's great.,I was told that was fantastic.,I heard great things about that.,That's supposed to be spectacular.,My friend told me it was really good.,-0.017,0.959,-0.353,-0.747,-0.621,25.116652,0.905082,0.376860,9.465466,0.341089,15.414624,1.088895,0.000000,5.809158,0.410361
test.ca-cb.ca::00753,test.ca-cb.ca::00753__row1948,Technically anyone can walk on water depending on how deep it is,1.0,content_diversity,"haha, that is not walking on water but in it",no way jose,you are not making much sense,I do not agree with you,that is right,-0.024,0.956,-0.024,-0.589,-0.258,19.853804,1.088826,0.293183,5.820806,0.319226,85.788954,2.241974,0.000000,25.151897,0.657310
test.ca-cb.ca::00753,test.ca-cb.ca::00753__row1949,Technically anyone can walk on water depending on how deep it is,0.0,content_diversity,sometime they walk in the water,"you need to step on water to be walking on it, other wise you are in it",there is a difference between walking on and in water,I think you may be talking about walking in water rather than on water,you are mistaking in water and on water,-0.093,0.892,-0.260,-0.954,-0.656,32.339464,0.408692,0.480013,15.523357,0.196178,60.744205,1.237662,0.000000,29.157997,0.594094
test.ca-cb.ca::00754,test.ca-cb.ca::00754__row1950,When you remove honor from police this happens,1.0,content_diversity,It's so sad when things like this happen.,It's so disappointing to see.,Money always has such a pull on people.,It's sad that it came to this.,What a terrible incident.,-0.028,0.949,-0.374,-0.721,-0.579,34.419237,0.921314,0.362557,12.478933,0.334029,44.771588,1.164094,0.000000,16.232250,0.422050
test.ca-cb.ca::00754,test.ca-cb.ca::00754__row1951,When you remove honor from police this happens,0.0,content_diversity,It's sad this happened.,I'm upset something like this happened.,It's so upsetting to see things like this.,The fact that this happened is so sad.,It's sad that these things occur.,-0.084,0.889,-0.609,-0.886,-0.699,33.907181,0.878309,0.374808,12.708677,0.329197,20.888985,0.421998,0.000000,7.829356,0.158168
test.ca-cb.ca::00755,test.ca-cb.ca::00755__row1952,What the heck I hate you I'm so jealous,1.0,content_diversity,Lol I hate you too,You should be I'm the best,"I don't blame you, everyone is jealous of me",Jealous because you love me actually,Don't be jealous I will share with you,-0.026,0.959,-0.163,-0.778,-0.350,26.012334,0.785557,0.410550,10.679355,0.322510,36.292097,0.784515,0.000000,14.899708,0.322082
test.ca-cb.ca::00755,test.ca-cb.ca::00755__row1953,What the heck I hate you I'm so jealous,0.0,content_diversity,"everyone is jealous of me, don't blame you",Yes everyone is jealous of me,everyone is jealous of me I can't blame you,I can't blame you because everyone is jealous of me,everyone is jealous of me it's not just you,-0.433,0.606,-0.540,-0.968,-0.911,29.352274,0.703634,0.477117,14.004470,0.335716,22.874864,0.709298,0.000000,10.913988,0.338418
test.ca-cb.ca::00756,test.ca-cb.ca::00756__row1954,Why don't you just turn on the ac,1.0,content_diversity,My ac is broken.,That costs money.,Are you going to pay my electric bill?,I don't like the cold.,I didn't think of that.,-0.004,0.992,-0.218,-0.625,-0.161,15.686652,0.579603,0.313570,4.918870,0.181746,19.397915,0.898507,0.000000,6.082612,0.281745
test.ca-cb.ca::00756,test.ca-cb.ca::00756__row1955,Why don't you just turn on the ac,0.0,content_diversity,My ac isn't working.,My ac doesn't work.,My ac is faulty.,My ac won't turn on.,My ac is malfunctioning.,-0.181,0.834,-0.762,-0.948,-0.816,34.991019,1.873207,0.255405,8.936897,0.478427,9.406519,0.711896,0.000000,2.402476,0.181822
test.ca-cb.ca::00757,test.ca-cb.ca::00757__row1956,And how only one of them is right,1.0,content_diversity,How do you know it's only of them that is right?,Actually two of them were right,It's a lie no one knows how many were right,yup I wonder how only on them were right too,Maybe they were all wrong,-0.054,0.925,-0.163,-0.808,-0.456,41.244212,0.960285,0.392495,16.188136,0.376907,93.472121,1.625363,0.000000,36.687315,0.637947
test.ca-cb.ca::00757,test.ca-cb.ca::00757__row1957,And how only one of them is right,0.0,content_diversity,Lies no one knows how many were right,no one knows how many were right it's a lie,Liars no one knows how many were actually right,no one knows how many were right actually right their liars,All lies no one knows how many were right,-0.630,0.480,-0.577,-0.985,-0.872,71.928662,1.535010,0.340062,24.460211,0.521999,51.778024,0.674763,0.000000,17.607743,0.229461
test.ca-cb.ca::00758,test.ca-cb.ca::00758__row1958,I think the solution may be to get rid of the tree,1.0,content_diversity,I like that tree,maybe you are right,chopping time it is,let's get it done,the tree is bearing some nice fruit,-0.013,0.974,-0.095,-0.673,-0.299,32.913598,2.099844,0.248171,8.168207,0.521121,52.121663,1.949507,0.000000,12.935096,0.483812
test.ca-cb.ca::00758,test.ca-cb.ca::00758__row1959,I think the solution may be to get rid of the tree,0.0,content_diversity,I am fond of that tree,that tree is in my favor,that tree is to my liking,I adore that tree,that tree is my fav,-0.177,0.826,-0.460,-0.961,-0.764,52.041157,2.444899,0.213070,11.088425,0.520935,18.416061,1.256173,0.000000,3.923916,0.267653
test.ca-cb.ca::00759,test.ca-cb.ca::00759__row1960,How does he know what groceries she buys,1.0,content_diversity,Maybe he's stalking her.,She gave him a list.,He probably just guessed.,I don't think he does.,Maybe he works at the grocery store?,-0.007,0.984,-0.259,-0.676,-0.143,19.703199,0.936394,0.379782,7.482926,0.355626,13.715536,0.910944,0.000000,5.208917,0.345960
test.ca-cb.ca::00759,test.ca-cb.ca::00759__row1961,How does he know what groceries she buys,0.0,content_diversity,I think he's stalking her.,Perhaps he's following her.,He might be tailing her.,Maybe he's watching her.,I bet he's been stalking her.,-0.080,0.914,-0.659,-0.836,-0.695,22.486504,0.944510,0.368297,8.281720,0.347861,20.922937,0.654869,0.000000,7.705862,0.241186
test.ca-cb.ca::00760,test.ca-cb.ca::00760__row1962,Clearly they did learn something from the feedback,1.0,content_diversity,Yeah it helped them to improve their service,What makes you so sure,I don't think they did,And they also implemented some new ideas,That is why they are my favourites,-0.010,0.988,-0.135,-0.624,-0.277,10.784255,0.515699,0.411264,4.435172,0.212088,44.925204,0.695300,0.000000,18.476101,0.285952
test.ca-cb.ca::00760,test.ca-cb.ca::00760__row1963,Clearly they did learn something from the feedback,0.0,content_diversity,They really improved their service,That feedback helped them to improve,It was really helpful in order to improve services,It helped them a lot when it comes to improving their services,It made them to improve their service,-0.081,0.887,-0.483,-0.972,-0.795,48.984540,1.014880,0.463775,22.717796,0.470676,26.204294,0.350869,0.000000,12.152892,0.162724
test.ca-cb.ca::00761,test.ca-cb.ca::00761__row1964,I thought most of those buildings had a name lol,1.0,content_diversity,they do lol,they should have a name,"well, some of them do not",it is a mystery,I thought so too,-0.014,0.973,-0.030,-0.646,-0.325,25.603366,1.268624,0.366500,9.383645,0.464951,27.019812,1.390041,0.000000,9.902773,0.509451
test.ca-cb.ca::00761,test.ca-cb.ca::00761__row1965,I thought most of those buildings had a name lol,0.0,content_diversity,someone should name them,I think they should get a name,I thought someone named them already,they do needs some name,I do think we need a way to call them,-0.048,0.925,-0.351,-0.917,-0.591,21.946621,0.901830,0.418668,9.188348,0.377567,60.038601,1.965341,0.000000,25.136243,0.822825
test.ca-cb.ca::00762,test.ca-cb.ca::00762__row1966,I don't know how to chose a title to begin with,1.0,content_diversity,I can help you.,Just choose one.,It's not that hard.,Read the help section.,"If you don't know what you're doing, then get off here.",-0.008,0.985,-0.164,-0.690,-0.286,7.442388,1.018554,0.307398,2.287778,0.313102,60.866680,0.925769,0.000000,18.710316,0.284580
test.ca-cb.ca::00762,test.ca-cb.ca::00762__row1967,I don't know how to chose a title to begin with,0.0,content_diversity,Please choose one.,You just gotta pick a title.,Just pick a title.,"It's easy, just pick one.",Pick a title please.,-0.077,0.875,-0.414,-0.908,-0.533,27.732304,1.248913,0.304546,8.445772,0.380352,20.515749,0.867369,0.000000,6.247996,0.264154
test.ca-cb.ca::00763,test.ca-cb.ca::00763__row1968,You can't post text and a link  one or the other,1.0,content_diversity,Why can't you do both?,I prefer links.,I want texts.,Who made you the boss of text and links?,I want both.,-0.040,0.954,-0.352,-0.723,-0.291,31.404208,1.738968,0.283007,8.887603,0.492140,52.283251,1.170668,0.000000,14.796514,0.331307
test.ca-cb.ca::00763,test.ca-cb.ca::00763__row1969,You can't post text and a link  one or the other,0.0,content_diversity,Is there a reason it has to be this way?,What is the reason for not doing both?,That makes no sense. Why can't you?,I would like both and want to know why we can't have both.,What is the reasoning behind this policy?,-0.026,0.949,-0.278,-0.754,-0.483,25.846741,0.641684,0.461271,11.922359,0.295990,60.753309,1.012470,0.000000,28.023757,0.467024
test.ca-cb.ca::00764,test.ca-cb.ca::00764__row1970,Hah jokes on you I don't even have a home,1.0,content_diversity,My car is my home,How are those shoes you're wearing holding up,Look at this cool rock outside my door,My neighbors are great,Then where do you live?,-0.011,0.980,-0.103,-0.632,-0.230,27.627997,0.628625,0.356763,9.856650,0.224270,60.666146,0.595056,0.000000,21.643442,0.212294
test.ca-cb.ca::00764,test.ca-cb.ca::00764__row1971,Hah jokes on you I don't even have a home,0.0,content_diversity,I live in a motorhome I like to say,I always have a place to sleep,My place is warmer in summer than winter,Th windows of my place get fogged up real easy,My house needs some gas,-0.022,0.959,-0.113,-0.668,-0.179,30.022995,0.549617,0.361047,10.839720,0.198438,77.525464,1.499047,0.000000,27.990356,0.541227
test.ca-cb.ca::00765,test.ca-cb.ca::00765__row1972,Os x mountain lion only ios isn't affected,1.0,content_diversity,what kinda gibberish,im not sure if that is accurate,ios is an apple product,mountain lion?,what are you talking about?,-0.009,0.982,0.078,-0.599,-0.209,24.396684,1.241167,0.353757,8.630505,0.439072,34.751730,1.629189,0.000000,12.293678,0.576337
test.ca-cb.ca::00765,test.ca-cb.ca::00765__row1973,Os x mountain lion only ios isn't affected,0.0,content_diversity,what are you saying?,what are you talking about exactly ?,what do you think is being talked about ?,talking about what?,what do you talk about?,-0.098,0.849,-0.308,-0.918,-0.752,29.215672,0.916571,0.367535,10.737791,0.336872,23.806652,0.801267,0.000000,8.749785,0.294494
test.ca-cb.ca::00766,test.ca-cb.ca::00766__row1974,You took a pic of another dudes back sweat,1.0,content_diversity,no I did not,why would I ever do that,that makes no sense,you are mistaken,"I did not, so get lost",-0.030,0.945,-0.098,-0.662,-0.504,18.855571,1.219424,0.298611,5.630477,0.364133,52.744282,1.915087,0.000000,15.750013,0.571866
test.ca-cb.ca::00766,test.ca-cb.ca::00766__row1975,You took a pic of another dudes back sweat,0.0,content_diversity,you are wrong,you are incorrect,you make a mistake,your comment is wrong,what you said is not right,-0.058,0.927,-0.370,-0.844,-0.757,30.937411,1.786339,0.324989,10.054331,0.580541,26.682728,0.762008,0.000000,8.671604,0.247644
test.ca-cb.ca::00767,test.ca-cb.ca::00767__row1976,Not safe for work I hope new as well,1.0,content_diversity,It is new.,I don't think it's new.,It's safe for work.,I don't think it's safe for anyone.,What isn't safe for work.,-0.105,0.788,-0.404,-0.748,-0.292,15.869316,0.934932,0.324883,5.155668,0.303743,37.489459,1.637343,0.000000,12.179682,0.531945
test.ca-cb.ca::00767,test.ca-cb.ca::00767__row1977,Not safe for work I hope new as well,0.0,content_diversity,It looks new.,I think it's new.,Brand new and nice and shiny.,It sure does look new.,It's new with the tag still on it.,-0.045,0.954,-0.388,-0.894,-0.702,30.369536,1.565240,0.275112,8.355032,0.430617,55.791528,1.362924,0.000000,15.348934,0.374957
test.ca-cb.ca::00768,test.ca-cb.ca::00768__row1978,It doesn't matter what you see when regarding objective truth,1.0,content_diversity,I couldn't agree more with you,It actually does matter,Why do you think so?,I think it is exactly the opposite,Well that depends on each individual,-0.010,0.979,0.126,-0.684,-0.328,14.886092,0.695257,0.440277,6.554011,0.306106,28.843476,0.613941,0.000000,12.699132,0.270304
test.ca-cb.ca::00768,test.ca-cb.ca::00768__row1979,It doesn't matter what you see when regarding objective truth,0.0,content_diversity,I think it matters,I disagree and think it does matter,"Well in this case, I think it does matter",Yes I think it does matter,I believe it does matter,-0.284,0.683,-0.578,-0.969,-0.829,39.445373,1.295777,0.428333,16.895760,0.555024,30.880460,0.493492,0.000000,13.227124,0.211379
test.ca-cb.ca::00769,test.ca-cb.ca::00769__row1980,My mom says I'm not allowed to get wet,1.0,content_diversity,Don't listen to her!,You can do whatever you want you're 32 years old.,Your mom is a wise woman.,What does she know?,Why exactly is that?,-0.004,0.993,-0.153,-0.588,-0.165,14.185394,0.481790,0.344815,4.891339,0.166129,50.376334,0.736426,0.000000,17.370525,0.253931
test.ca-cb.ca::00769,test.ca-cb.ca::00769__row1981,My mom says I'm not allowed to get wet,0.0,content_diversity,Just ignore her.,She's not to be listened to.,You should disobey her.,Disregard what she says.,You should forget her advice.,-0.030,0.943,-0.380,-0.772,-0.624,29.369985,1.307446,0.271432,7.971942,0.354882,22.741386,0.651645,0.000000,6.172731,0.176877
test.ca-cb.ca::00770,test.ca-cb.ca::00770__row1982,Read the manga I just started it and it's awesome,1.0,content_diversity,"which one are you talking about, Naruto?",I love the mange,I have been reading it,"no need to tell me, I already am",you should focus on work,-0.015,0.979,-0.026,-0.635,-0.142,3.242596,0.181239,0.384752,1.247597,0.069732,38.880024,2.086112,0.000000,14.959186,0.802637
test.ca-cb.ca::00770,test.ca-cb.ca::00770__row1983,Read the manga I just started it and it's awesome,0.0,content_diversity,what do you think I have been doing,of course I have been following the manga,this manga I do read already,I have been keeping up to this with this one,I read this manga regularly,-0.100,0.873,-0.206,-0.789,-0.496,34.287247,0.974552,0.427631,14.662284,0.416749,40.919218,0.982028,0.000000,17.498319,0.419946
test.ca-cb.ca::00771,test.ca-cb.ca::00771__row1984,Wasn't that hip and new 45 years ago by now,1.0,content_diversity,It will forever remain hip and new,Retro is coming back now for everything,It was never hip and new,Yeah I thought it was hip and new many years ago,It's not hip now but probably back then it was,-0.078,0.896,-0.237,-0.856,-0.347,12.677507,0.495309,0.436874,5.538478,0.216388,56.867813,1.225336,0.000000,24.844088,0.535318
test.ca-cb.ca::00771,test.ca-cb.ca::00771__row1985,Wasn't that hip and new 45 years ago by now,0.0,content_diversity,It's forever hip and new,Hip and new forever you mean,remains hip and new for a lifetime,forever it remains hip and new,forever it's hip and new forever,-0.232,0.758,-0.383,-0.989,-0.851,48.673625,1.641791,0.357943,17.422399,0.587668,36.573479,1.192161,0.000000,13.091232,0.426726
test.ca-cb.ca::00772,test.ca-cb.ca::00772__row1986,Hell likely end up somewhere in the south next sigh,1.0,content_diversity,it is the way things goes,"cheer up, it is not that bad","no way, I doubt it",what are you talking about?,you are not making much sense.,-0.027,0.950,-0.013,-0.627,-0.273,21.890393,1.118779,0.371862,8.140205,0.416031,28.170963,1.472894,0.000000,10.475710,0.547713
test.ca-cb.ca::00772,test.ca-cb.ca::00772__row1987,Hell likely end up somewhere in the south next sigh,0.0,content_diversity,be more lively,things are not as bad as you think,I don't think it is as bad as you make it to be,be more positive,look on the bright side,-0.054,0.878,-0.107,-0.730,-0.413,41.451034,1.490260,0.380501,15.772141,0.567045,41.298653,2.079942,0.000000,15.714160,0.791419
test.ca-cb.ca::00773,test.ca-cb.ca::00773__row1988,I'm not even going to bother to google that thats right,1.0,content_diversity,Why are you scared of what google might reveal?,Maybe you should use google more,"That's wrong always verify yourself, google it!",Oh well don't google it then,You're a fool that doesn't use google,-0.038,0.959,-0.157,-0.916,-0.463,42.772705,1.109994,0.353378,15.114931,0.392247,80.610018,1.388852,0.000000,28.485803,0.490790
test.ca-cb.ca::00773,test.ca-cb.ca::00773__row1989,I'm not even going to bother to google that thats right,0.0,content_diversity,"hum, are you scared of what google might reveal?",scared of what google might reveal?,is what google may reveal scary for you?,"what are you scared of, what google might reveal?",scared of google revealing something?,-0.213,0.711,-0.430,-0.989,-0.924,62.446114,1.472190,0.344585,21.517979,0.507294,42.812322,0.887921,0.000000,14.752474,0.305964
test.ca-cb.ca::00774,test.ca-cb.ca::00774__row1990,Unfortunately netflix streaming doesn't offer any workout videos anymore,1.0,content_diversity,That sucks netflix should lower the price then,Netflix offered workout videos?,I didn't know they ended workout streaming wow,Netflix is losing quality time to find a new service,I use workout apps for those videos not netflix,-0.017,0.974,-0.133,-0.875,-0.374,36.968847,0.854473,0.377156,13.943010,0.322269,58.823499,0.727046,0.000000,22.185617,0.274209
test.ca-cb.ca::00774,test.ca-cb.ca::00774__row1991,Unfortunately netflix streaming doesn't offer any workout videos anymore,0.0,content_diversity,"Netflix is going down hill, need to find a new service","Need a new service, netflix losing quality",Netflix is low quality now need a new service,Anyone know another service? netflix losing quality,"Netflix is so low in quality now, moving on to another service",-0.088,0.872,-0.336,-0.972,-0.774,56.629513,1.258695,0.364305,20.630433,0.458549,50.187121,0.630186,0.000000,18.283435,0.229580
test.ca-cb.ca::00775,test.ca-cb.ca::00775__row1992,Awesome although 6 players is a bit too much for me,1.0,content_diversity,"well, we need one on the bench",I think we are under players,we could use more,the more the merrier,I agree with you,-0.025,0.952,0.067,-0.683,-0.290,23.479365,1.131283,0.366794,8.612083,0.414948,68.771821,1.580209,0.000000,25.225070,0.579611
test.ca-cb.ca::00775,test.ca-cb.ca::00775__row1993,Awesome although 6 players is a bit too much for me,0.0,content_diversity,we need on in reserve,we need at least one for sub,we could use a sub,we need someone to switch in and out for break,we could use one to switch,-0.092,0.871,-0.293,-0.826,-0.355,49.459500,1.808463,0.283801,14.036662,0.513244,48.025620,1.902719,0.000000,13.629725,0.539994
test.ca-cb.ca::00776,test.ca-cb.ca::00776__row1994,Nice can't wait till I break 180 bench,1.0,content_diversity,I will never get there,Unfortunately it won't happen for me,you can do it with the training you get,Way to go keep up the good work,You made a big jump in progress,-0.007,0.977,-0.218,-0.637,-0.257,23.820780,0.637205,0.433596,10.328583,0.276289,36.812477,0.744885,0.000000,15.961725,0.322979
test.ca-cb.ca::00776,test.ca-cb.ca::00776__row1995,Nice can't wait till I break 180 bench,0.0,content_diversity,With more training you will make it,You can get there with more training,Once you get more training in it will happen,You will be able to get there with more training,It will happen with more training,-0.174,0.790,-0.518,-0.979,-0.930,65.610777,1.597229,0.443462,29.095892,0.708310,17.231179,0.401622,0.000000,7.641375,0.178104
test.ca-cb.ca::00777,test.ca-cb.ca::00777__row1996,Pfft I read it at least 5 times a year,1.0,content_diversity,How do you find the time?,ive read more for less,how do you do that?,thats cool,are you bragging now?,-0.022,0.952,-0.038,-0.656,-0.223,10.996054,0.995552,0.280649,3.086035,0.279401,47.533757,1.796091,0.000000,13.340317,0.504072
test.ca-cb.ca::00777,test.ca-cb.ca::00777__row1997,Pfft I read it at least 5 times a year,0.0,content_diversity,i cant find the time to do that,wish i could have the time,thats a lot of time to read,how does 1 find the time ?,its about the time,-0.095,0.891,-0.160,-0.756,-0.343,28.383588,0.931399,0.364404,10.343100,0.339406,42.884335,1.746761,0.000000,15.627234,0.636527
test.ca-cb.ca::00778,test.ca-cb.ca::00778__row1998,Now we drill to the core of the earth   and nuke it,1.0,content_diversity,don't you think that's excessive,but then how would be get to China,There is no need to drill,too far with this,There isn't a gig enough nuke,-0.006,0.986,-0.005,-0.585,-0.227,14.943755,0.755475,0.314101,4.693846,0.237295,47.983430,1.902008,0.000000,15.071637,0.597422
test.ca-cb.ca::00778,test.ca-cb.ca::00778__row1999,Now we drill to the core of the earth   and nuke it,0.0,content_diversity,Couldn't get to China that way,We would be blocked from digging to China,China would be impossible to get to,How would we did to China then,We can't did to China then,-0.138,0.830,-0.264,-0.907,-0.693,55.157129,1.629001,0.270703,14.931189,0.440975,24.843081,0.686250,0.000000,6.725091,0.185770
test.ca-cb.ca::00779,test.ca-cb.ca::00779__row2000,Yes women going with dangerous men is very uncommon    what,1.0,content_diversity,"well, some of them like the thrill",maybe they need it to feel alive,they make their own choices,they make their own graves,the smart one choose nicer guys,-0.064,0.903,-0.185,-0.691,-0.208,8.399489,0.365065,0.354042,2.973772,0.129248,57.731242,1.701461,0.000000,20.439284,0.602389
test.ca-cb.ca::00779,test.ca-cb.ca::00779__row2001,Yes women going with dangerous men is very uncommon    what,0.0,content_diversity,they like the excitement,they enjoy the thrill,they may want the rush,they crave that sensation,some needs to feel that to feel alive,-0.045,0.926,-0.425,-0.749,-0.570,16.716380,1.091854,0.317255,5.303362,0.346397,87.235215,1.981994,0.000000,27.675846,0.628798
