sample_id,sidecar_key,context,label_value,label_name,resp_0,resp_1,resp_2,resp_3,resp_4,metric_averaged_cosine_similarity,metric_averaged_distinct_ngrams,metric_bert_score,metric_bert_sts,metric_sent_bert,metric_icl_E_qwen3_30b_a3b,metric_icl_E_rate_qwen3_30b_a3b,metric_icl_C_qwen3_30b_a3b,metric_icl_D_qwen3_30b_a3b,metric_icl_D_rate_qwen3_30b_a3b,metric_icl_E_qwen3_30b_a3b_std,metric_icl_E_rate_qwen3_30b_a3b_std,metric_icl_C_qwen3_30b_a3b_std,metric_icl_D_qwen3_30b_a3b_std,metric_icl_D_rate_qwen3_30b_a3b_std
test.enc.prompt.txt::01240,test.enc.prompt.txt::01240__row0,Not if it,1.0,content_diversity,it's the wrong way to do it.,hurts someone.,cannot be explained logically.,doesn't work.,cannot be completed on time.,-0.015,0.967,-0.319,-0.656,-0.477,-9.469947,-0.370137,0.460949,-4.365164,-0.170614,39.267571,0.629291,0.000000,18.100356,0.290071
test.enc.prompt.txt::01240,test.enc.prompt.txt::01240__row1,Not if it,0.0,content_diversity,cannot be completed in a timely manner.,it takes too much time to complete.,takes too long to complete.,takes a while to complete.,it takes a long time to do it.,-0.098,0.862,-0.476,-0.908,-0.778,3.723333,0.162266,0.480615,1.789488,0.077987,34.607999,1.107088,0.000000,16.633106,0.532083
test.enc.prompt.txt::01241,test.enc.prompt.txt::01241__row2,But I would,1.0,content_diversity,do anything.,pay whatever you want.,like to get to know you.,take you out to eat.,show you how I do it.,-0.034,0.948,-0.210,-0.736,-0.317,0.718591,-0.118226,0.342093,0.245825,-0.040444,18.641457,0.865845,0.000000,6.377116,0.296200
test.enc.prompt.txt::01241,test.enc.prompt.txt::01241__row3,But I would,0.0,content_diversity,teach you how to do it.,help you learn how to do it.,instruct you.,coach you.,explain to you how to do it.,-0.185,0.667,-0.496,-0.887,-0.594,19.756015,1.452748,0.283150,5.593914,0.411345,14.032042,1.896465,0.000000,3.973172,0.536984
test.enc.prompt.txt::01242,test.enc.prompt.txt::01242__row4,How long you,1.0,content_diversity,have you been waiting,do turtles live,think will take him to get here,have been without home,think it will be before we get our meal,-0.018,0.963,-0.096,-0.647,-0.232,8.933656,0.563749,0.420125,3.753254,0.236845,32.161579,2.382496,0.000000,13.511889,1.000947
test.enc.prompt.txt::01242,test.enc.prompt.txt::01242__row5,How long you,0.0,content_diversity,have been here,waited for me,stayed here,arrived before me,waited here alone,-0.036,0.543,-0.192,-0.753,-0.368,3.881714,0.446160,0.408434,1.585423,0.182227,40.481214,2.110664,0.000000,16.533893,0.862066
test.enc.prompt.txt::01243,test.enc.prompt.txt::01243__row6,"Hey, it's okay.",1.0,content_diversity,we can go later,its just fine,hows your day going?,i am okay,lets talk about something else,0.000,1.000,-0.055,-0.677,-0.311,20.208752,1.630447,0.279696,5.652306,0.456029,15.621087,2.165714,0.000000,4.369155,0.605741
test.enc.prompt.txt::01243,test.enc.prompt.txt::01243__row7,"Hey, it's okay.",0.0,content_diversity,its perfectly fine,oh its fine now,everything is okay,it is fine,i am all fine now,-0.056,0.918,-0.413,-0.827,-0.821,24.628239,1.810462,0.268023,6.600930,0.485245,20.401027,1.098023,0.000000,5.467941,0.294295
test.enc.prompt.txt::01244,test.enc.prompt.txt::01244__row8,I didn't say,1.0,content_diversity,that.,what she said I said.,I couldn't help you.,I didn't understand.,you couldn't see him.,-0.024,0.941,-0.360,-0.658,-0.342,-9.759073,-1.042203,0.478184,-4.666632,-0.498365,24.365030,2.494263,0.000000,11.650966,1.192717
test.enc.prompt.txt::01244,test.enc.prompt.txt::01244__row9,I didn't say,0.0,content_diversity,there's nothing I can do.,I couldn't do anything for you.,I could not assist.,I couldn't aid with this.,give you a helping hand.,-0.040,0.942,-0.377,-0.739,-0.595,0.259340,0.088391,0.386756,0.100301,0.034186,41.395632,1.804664,0.000000,16.010018,0.697965
test.enc.prompt.txt::01245,test.enc.prompt.txt::01245__row10,During the road,1.0,content_diversity,"rage, people loose their minds",you should be focused only on road,you can't be phoning,you shouldn't sleep,"driving, you need to have a license",-0.029,0.969,-0.109,-0.630,-0.205,18.244200,1.074486,0.337201,6.151958,0.362318,52.574525,1.594103,0.000000,17.728169,0.537533
test.enc.prompt.txt::01245,test.enc.prompt.txt::01245__row11,During the road,0.0,content_diversity,you cant get distracted,you should remain focused,you can't sleep,you need to focus,you can't lose control,-0.067,0.733,-0.354,-0.775,-0.589,23.279276,1.313019,0.309176,7.197393,0.405954,12.629230,0.378570,0.000000,3.904654,0.117045
test.enc.prompt.txt::01246,test.enc.prompt.txt::01246__row12,Your mind kept,1.0,content_diversity,going everywhere,you awake,making you think,up with everything,dreaming,-0.008,0.582,-0.191,-0.646,-0.349,7.539833,0.260560,0.492337,3.712138,0.128283,16.908865,1.104960,0.000000,8.324859,0.544013
test.enc.prompt.txt::01246,test.enc.prompt.txt::01246__row13,Your mind kept,0.0,content_diversity,i like to make you think about stuff,stop and think,gotta think first,think before anything else,always think about it,-0.058,0.943,-0.117,-0.866,-0.412,30.089426,1.686333,0.283217,8.521834,0.477598,69.754822,1.553025,0.000000,19.755746,0.439843
test.enc.prompt.txt::01247,test.enc.prompt.txt::01247__row14,But you haven't,1.0,content_diversity,gone there yet,bught me a soda,nailed the wall,fed the dog,gotten a job,-0.012,0.775,-0.072,-0.631,-0.093,14.512448,0.999648,0.282757,4.103490,0.282657,52.512054,3.071869,0.000000,14.848127,0.868591
test.enc.prompt.txt::01247,test.enc.prompt.txt::01247__row15,But you haven't,0.0,content_diversity,obtained a way to get paid,started working anywhere,gotten off of unemployment,becomea  productive member of society,found a legitimate way to make money,-0.017,0.958,-0.121,-0.742,-0.421,24.454283,0.887272,0.412849,10.095916,0.366309,52.769912,1.472201,0.000000,21.785982,0.607796
test.enc.prompt.txt::01248,test.enc.prompt.txt::01248__row16,I'd like you,1.0,content_diversity,to meet my parents,to send him my condolences,to improve your swimming technique,to start acting according to your age,to stop talking gibberish,-0.060,0.944,-0.236,-0.588,-0.124,15.844282,0.396992,0.520807,8.251815,0.206756,23.278547,0.449386,0.000000,12.123633,0.234043
test.enc.prompt.txt::01248,test.enc.prompt.txt::01248__row17,I'd like you,0.0,content_diversity,to introduce you to my parents,to come and meet my parents,to finally meet with my parents,to meet my mom and dad,to introduce you my mom and dad,-0.166,0.775,-0.470,-0.914,-0.780,25.170681,0.928666,0.507532,12.774929,0.471328,31.307982,0.900479,0.000000,15.889806,0.457022
test.enc.prompt.txt::01249,test.enc.prompt.txt::01249__row18,Nothing. She wanted,1.0,content_diversity,to know directions to the drive through is all.,money but I gave her nothing.,it all just to go away so that she was free again.,to know if I knew someone and I didn't.,to arrest me but couldnt pin anything on me.,-0.029,0.951,-0.133,-0.638,-0.150,-3.190742,-0.061003,0.485415,-1.548834,-0.029612,66.079027,0.805848,0.000000,32.075756,0.391171
test.enc.prompt.txt::01249,test.enc.prompt.txt::01249__row19,Nothing. She wanted,0.0,content_diversity,"to know how to get to the drive through,",a route to get to Macdonalds.,know directions on how to get to the drive through.,details on where the drive through is.,information on how to find a macdonalds.,-0.161,0.738,-0.448,-0.815,-0.546,39.265040,0.980758,0.376246,14.773323,0.369007,25.186230,0.982585,0.000000,9.476224,0.369694
test.enc.prompt.txt::01250,test.enc.prompt.txt::01250__row20,Are you for,1.0,content_diversity,a dance,a date in a restaurant,democrats or republicans,a coffee after desert,this new movie,-0.025,0.965,-0.047,-0.571,-0.096,17.256909,0.743063,0.261352,4.510134,0.194201,43.139407,1.625833,0.000000,11.274586,0.424915
test.enc.prompt.txt::01250,test.enc.prompt.txt::01250__row21,Are you for,0.0,content_diversity,a nice dinner in a restaurant,dinner in a fancy restaurant,a date somewhere nice,a date with me in a fancy dinner,a dinner in a classy restaurant,-0.188,0.786,-0.489,-0.882,-0.729,32.751735,1.245642,0.388313,12.717924,0.483699,24.544424,0.898881,0.000000,9.530918,0.349047
test.enc.prompt.txt::01251,test.enc.prompt.txt::01251__row22,It's a good,1.0,content_diversity,day to go shopping.,day to plan a wedding.,day to get some chores done.,time to invest in the stock market.,time to get some work done.,-0.094,0.874,-0.445,-0.737,-0.329,13.145511,0.499164,0.500310,6.576836,0.249737,18.975428,0.701295,0.000000,9.493604,0.350865
test.enc.prompt.txt::01251,test.enc.prompt.txt::01251__row23,It's a good,0.0,content_diversity,day outside. Let's go shopping.,time to get some shopping done.,time to go shopping.,day for shopping.,day for going shopping.,-0.100,0.874,-0.599,-0.967,-0.801,7.837699,0.506771,0.487333,3.819570,0.246966,47.454869,1.216160,0.000000,23.126330,0.592675
test.enc.prompt.txt::01252,test.enc.prompt.txt::01252__row24,It seems your,1.0,content_diversity,"dress is on backwards, Miss.",checking account has been overdrawn.,adorable cat has taken quite a liking to me!,actions have gotten you a first class seat in detention.,party doesn’t have quite as many people as we’d expected.,-0.009,0.974,-0.105,-0.601,-0.125,6.329474,0.221719,0.476318,3.014839,0.105609,55.173592,1.200772,0.000000,26.280148,0.571949
test.enc.prompt.txt::01252,test.enc.prompt.txt::01252__row25,It seems your,0.0,content_diversity,sweet little kitten adores getting attention!,"cat is begging for attention, so have you been giving her any?",cat is very sociable and friendly around other people!,"kitty is extremely affectionate, what a sweetheart!",time spent with your cat isn’t enough because she is starved for attention.,-0.021,0.970,-0.252,-0.840,-0.458,13.571693,0.386646,0.478541,6.494609,0.185026,49.076137,0.366345,0.000000,23.484935,0.175311
test.enc.prompt.txt::01253,test.enc.prompt.txt::01253__row26,I wouldn't accept,1.0,content_diversity,anything but the truth,not loving you anymore,money from her,you leaving,mediocreness,-0.007,0.786,0.028,-0.564,-0.275,3.991935,0.073087,0.345333,1.378545,0.025239,40.384504,4.032813,0.000000,13.946085,1.392662
test.enc.prompt.txt::01253,test.enc.prompt.txt::01253__row27,I wouldn't accept,0.0,content_diversity,i dont want you leave,cannot think of you going,the thought of you going sucks,wow i dont want you to go,please dont say you're laving me,-0.090,0.850,-0.259,-0.791,-0.559,42.379818,1.723199,0.242037,10.257495,0.417078,47.318573,1.057122,0.000000,11.452857,0.255863
test.enc.prompt.txt::01254,test.enc.prompt.txt::01254__row28,In a magazine,1.0,content_diversity,so many pages,theres lots of advertisements,i saw there was a model who was pretty,there was a car,that was boring,-0.038,0.919,-0.183,-0.636,-0.191,32.337377,1.133841,0.330071,10.673638,0.374248,43.970755,1.163806,0.000000,14.513482,0.384139
test.enc.prompt.txt::01254,test.enc.prompt.txt::01254__row29,In a magazine,0.0,content_diversity,a lot of pages were inside of it,there were many pages,a bunch of pages were inside,there were alot of paper pages,i think there was a lot of content on the pages,-0.129,0.829,-0.513,-0.955,-0.703,20.333762,0.965828,0.380917,7.745476,0.367900,72.917785,1.189392,0.000000,27.775626,0.453060
test.enc.prompt.txt::01255,test.enc.prompt.txt::01255__row30,I don't know...,1.0,content_diversity,why this happens,think so,know anyone who can,what time it is,where it went,-0.006,0.787,-0.137,-0.629,-0.350,19.124454,1.287542,0.331463,6.339048,0.426772,18.937047,2.132258,0.000000,6.276930,0.706765
test.enc.prompt.txt::01255,test.enc.prompt.txt::01255__row31,I don't know...,0.0,content_diversity,not sure why this keeps happening,why does this keep occurring,can this stop happening,i cant belive it keeps happening,why did it keep happening,-0.062,0.914,-0.445,-0.872,-0.652,29.388016,1.057677,0.421138,12.376410,0.445428,28.237492,0.919631,0.000000,11.891881,0.387291
test.enc.prompt.txt::01256,test.enc.prompt.txt::01256__row32,Why do you,1.0,content_diversity,think is was,always do that,not think first,not like me,eat that first,-0.027,0.547,-0.154,-0.637,-0.249,7.882034,0.556672,0.286310,2.256709,0.159381,29.439877,2.415906,0.000000,8.428945,0.691699
test.enc.prompt.txt::01256,test.enc.prompt.txt::01256__row33,Why do you,0.0,content_diversity,how come you constantly do the same thing,you always do this,cant just do that,always do these things,do that to yourself,-0.071,0.921,-0.226,-0.803,-0.428,22.861765,1.231224,0.348254,7.961694,0.428778,53.651067,1.454791,0.000000,18.684182,0.506636
test.enc.prompt.txt::01257,test.enc.prompt.txt::01257__row34,Don't you think,1.0,content_diversity,you should check?,you should hear him out?,you've done enough?,it's time to quit?,it's time to try again?,-0.051,0.890,-0.390,-0.716,-0.380,-1.045125,-0.005619,0.479303,-0.500932,-0.002693,9.883346,0.658627,0.000000,4.737120,0.315682
test.enc.prompt.txt::01257,test.enc.prompt.txt::01257__row35,Don't you think,0.0,content_diversity,it's time to go?,this is the end?,it's pointless to go on?,it's the end of the road?,it's time to move on?,-0.071,0.890,-0.469,-0.809,-0.565,8.022314,0.265080,0.478524,3.838868,0.126847,13.645986,0.979197,0.000000,6.529929,0.468569
test.enc.prompt.txt::01258,test.enc.prompt.txt::01258__row36,You know what,1.0,content_diversity,"I've had enough, I'm, out of here.",I really think I like the bigger one better than the smaller one.,you have some knid of nerve coming here today.,"I think you are really, really dumb.",this is used for? I bet you can't guess.,-0.025,0.951,-0.092,-0.675,-0.204,8.892496,0.081461,0.400171,3.558517,0.032598,47.124051,1.183441,0.000000,18.857668,0.473579
test.enc.prompt.txt::01258,test.enc.prompt.txt::01258__row37,You know what,0.0,content_diversity,I'd go for the big one over the small one.,I think the small one isn't as good as the bigger one.,I really think the bigger one is the best of the two.,I would choose the big one over the small one every time.,"I like the bigger one much better than the smaller one,",-0.185,0.782,-0.537,-0.935,-0.584,47.873515,0.899224,0.445690,21.336755,0.400775,13.534537,0.290070,0.000000,6.032210,0.129281
test.enc.prompt.txt::01259,test.enc.prompt.txt::01259__row38,Where the hell,1.0,content_diversity,did you find these socks,do you think we're going,did you get these scars,do you think we should take him,did you leave your phone,-0.089,0.885,-0.266,-0.667,-0.282,12.025668,0.468910,0.521266,6.268569,0.244427,20.640093,0.544099,0.000000,10.758973,0.283620
test.enc.prompt.txt::01259,test.enc.prompt.txt::01259__row39,Where the hell,0.0,content_diversity,you think we're gonna go,you think we're heading,you think we will go,you believe we're going,you think we're headed to,-0.172,0.818,-0.562,-0.921,-0.772,24.219724,1.094068,0.440151,10.660333,0.481555,15.338547,0.671754,0.000000,6.751275,0.295673
test.enc.prompt.txt::01260,test.enc.prompt.txt::01260__row40,May I ask,1.0,content_diversity,where did you get this number?,how did you find me,how did you get your driving license,how didn't you see him crossing the road,do you like eggs,-0.087,0.888,-0.297,-0.675,-0.250,9.024607,-0.060067,0.445360,4.019200,-0.026751,42.566098,1.862483,0.000000,18.957243,0.829476
test.enc.prompt.txt::01260,test.enc.prompt.txt::01260__row41,May I ask,0.0,content_diversity,how did you get my number,who gave you my phone number,how did you acquire this number,who told you my number,where did you find my phone number,-0.148,0.817,-0.501,-0.906,-0.747,33.737113,1.264215,0.470370,15.868930,0.594649,19.965698,0.668201,0.000000,9.391268,0.314302
test.enc.prompt.txt::01261,test.enc.prompt.txt::01261__row42,"Like you said,",1.0,content_diversity,you shouldn't drink and drive,you should end things up with him,you can't focus,you need to train harder,you believe in love on first sight,-0.039,0.970,-0.192,-0.675,-0.143,11.388425,0.729431,0.446537,5.085358,0.325718,41.554822,0.977743,0.000000,18.555783,0.436599
test.enc.prompt.txt::01261,test.enc.prompt.txt::01261__row43,"Like you said,",0.0,content_diversity,you should break u with him,you should leave him,you can't be in relationship with him,you need to get away from him,you can't stay together,-0.082,0.902,-0.420,-0.749,-0.525,32.424145,1.107597,0.392038,12.711490,0.434220,30.959161,1.094508,0.000000,12.137161,0.429088
test.enc.prompt.txt::01262,test.enc.prompt.txt::01262__row44,How many questions,1.0,content_diversity,can you possibly have?,are on the test?,are on the intake form?,does she have for me?,am I allowed to ask?,-0.033,0.936,-0.317,-0.715,-0.403,8.794778,0.366788,0.506272,4.452549,0.185695,26.333962,0.874473,0.000000,13.332146,0.442721
test.enc.prompt.txt::01262,test.enc.prompt.txt::01262__row45,How many questions,0.0,content_diversity,can I ask?,can I give to you?,can I request?,is reasonable to ask?,is it OK for me to have?,-0.079,0.904,-0.369,-0.827,-0.670,-3.054395,0.026918,0.367560,-1.122675,0.009894,36.128467,0.717481,0.000000,13.279393,0.263718
test.enc.prompt.txt::01263,test.enc.prompt.txt::01263__row46,I kinda get,1.0,content_diversity,what you mean,why you like him,what so great,the resemblense,hype about it,-0.012,0.773,-0.079,-0.613,-0.419,10.639484,0.719528,0.316661,3.369107,0.227846,44.042226,3.184578,0.000000,13.946445,1.008431
test.enc.prompt.txt::01263,test.enc.prompt.txt::01263__row47,I kinda get,0.0,content_diversity,i see why you,"now i see why , hes really cute","i get it now, why","kinda get why, hes cute",oh i mean i get why you do,-0.092,0.871,-0.272,-0.817,-0.601,32.931086,1.812861,0.206133,6.788170,0.373690,65.200121,1.613869,0.000000,13.439869,0.332671
test.enc.prompt.txt::01264,test.enc.prompt.txt::01264__row48,Maybe you're fed,1.0,content_diversity,up with your boss,so completely you'll not eat for hours,by a great chef,loan will be here soon,holiday will be paid this year,-0.012,0.975,-0.066,-0.587,-0.135,18.309870,1.098054,0.299312,5.480359,0.328661,69.570728,1.965071,0.000000,20.823336,0.588169
test.enc.prompt.txt::01264,test.enc.prompt.txt::01264__row49,Maybe you're fed,0.0,content_diversity,payment will be processed quickly,money will show in your bank account by the end of the day,cash will arrive soon,credit will not give you reason for patience,advance will get to you within the hour,-0.035,0.963,-0.321,-0.781,-0.413,44.753072,1.391538,0.295615,13.229684,0.411360,73.159717,1.549839,0.000000,21.627117,0.458156
test.enc.prompt.txt::01265,test.enc.prompt.txt::01265__row50,"Eve, I don't",1.0,content_diversity,think you have the skills for the job.,think you want to make any hasty decisions.,want you to leave.,think you should stay with your husband.,think you should keep using drugs.,-0.084,0.896,-0.323,-0.768,-0.121,-5.597765,-0.069520,0.557144,-3.118759,-0.038733,27.767338,0.888959,0.000000,15.470397,0.495278
test.enc.prompt.txt::01265,test.enc.prompt.txt::01265__row51,"Eve, I don't",0.0,content_diversity,think you want to make any rash decisions.,know why you don't want to think this through.,think you should rush this decision.,know why you need to make such a sudden decision.,know why you need to make a hasty decision.,-0.147,0.774,-0.476,-0.934,-0.636,26.994555,0.626251,0.559179,15.094776,0.350186,20.591607,0.455039,0.000000,11.514385,0.254448
test.enc.prompt.txt::01266,test.enc.prompt.txt::01266__row52,Get out of,1.0,content_diversity,my house!,here scoundrel!,"the car, right now.",there.,"there, it's going to blow.",0.000,1.000,-0.242,-0.670,-0.221,-3.102895,0.284727,0.324963,-1.008325,0.092526,39.054301,1.874630,0.000000,12.691188,0.609185
test.enc.prompt.txt::01266,test.enc.prompt.txt::01266__row53,Get out of,0.0,content_diversity,my home.,my bedroom.,my abode.,my kitchen.,"my home, please.",-0.093,0.527,-0.469,-0.821,-0.650,-7.446118,-0.380568,0.248621,-1.851262,-0.094617,20.741082,2.070446,0.000000,5.156671,0.514757
test.enc.prompt.txt::01267,test.enc.prompt.txt::01267__row54,"Say,...did you just",1.0,content_diversity,say what I think you did?,see that in the sky or was it just me?,pick up my cup of coffee by mistake?,Turn off the TV? I was watching that!,Cut in line? That'svery rude you know.,-0.013,0.974,-0.003,-0.644,-0.158,6.813356,0.192846,0.465391,3.170875,0.089749,74.563625,1.627574,0.000000,34.701250,0.757459
test.enc.prompt.txt::01267,test.enc.prompt.txt::01267__row55,"Say,...did you just",0.0,content_diversity,grab my coffee thinking it was yours?,think that coffee was yours because it's mine.,pick up my cup of tea by mistake?,take my cup of coffee in error?,take my cofee thinking it was yours?,-0.086,0.861,-0.335,-0.903,-0.522,36.618470,1.054139,0.381427,13.967276,0.402077,48.195216,0.962962,0.000000,18.382960,0.367300
test.enc.prompt.txt::01268,test.enc.prompt.txt::01268__row56,What's wrong with,1.0,content_diversity,you? Has someone died?,the idea? Have you a better one?,"it? I'll tell you what's wrong with it, it's hideous.",wanting things to go my way for a change huh?,the car? Is it the battery again?,-0.010,0.979,-0.088,-0.638,-0.215,15.504637,0.194144,0.414698,6.429744,0.080511,46.397270,0.811637,0.000000,19.240861,0.336584
test.enc.prompt.txt::01268,test.enc.prompt.txt::01268__row57,What's wrong with,0.0,content_diversity,"you, has your dog died?","your face, you look so sad, has someone croaked?",your eyes? Are you crying? Did he die?,"You, you lost a relative or something?","you, why so sad? Did something bad happen?",-0.027,0.957,-0.214,-0.709,-0.591,33.167389,0.880982,0.344578,11.428757,0.303567,50.059734,0.859233,0.000000,17.249490,0.296073
test.enc.prompt.txt::01269,test.enc.prompt.txt::01269__row58,Yes! Yes! The,1.0,content_diversity,others said the same thing,boss said we are gonna leave soon,dinner is almost ready,same thing happened to me,light is still on,-0.021,0.958,-0.199,-0.593,-0.237,14.116511,0.449478,0.492170,6.947726,0.221219,52.929604,1.164250,0.000000,26.050372,0.573009
test.enc.prompt.txt::01269,test.enc.prompt.txt::01269__row59,Yes! Yes! The,0.0,content_diversity,food will be done soon,we will be eating soon,its almost time for food,dinner will be served soon,we will eat dinner in a few,-0.076,0.899,-0.344,-0.878,-0.740,42.785708,1.812206,0.299652,12.820823,0.543031,29.138842,1.088778,0.000000,8.731512,0.326255
test.enc.prompt.txt::01270,test.enc.prompt.txt::01270__row60,I don't have,1.0,content_diversity,what you want.,the answers.,the time for this.,any money.,any patience right now.,-0.014,0.773,-0.359,-0.661,-0.401,1.378867,0.318115,0.446857,0.616156,0.142152,18.964945,0.908785,0.000000,8.474618,0.406097
test.enc.prompt.txt::01270,test.enc.prompt.txt::01270__row61,I don't have,0.0,content_diversity,anything to give you.,what you're asking for.,whatever it is you are looking for.,what you need.,anything you want.,-0.046,0.943,-0.344,-0.826,-0.603,12.087133,0.463924,0.479433,5.794969,0.222421,17.942171,0.526574,0.000000,8.602066,0.252457
test.enc.prompt.txt::01271,test.enc.prompt.txt::01271__row62,"Wait, Eve, please!",1.0,content_diversity,I love you!,You still haven’t paid for your dinner!,You forgot your purse!,Let me buy you a drink!,Come and try this delicious apple from the tree!,-0.008,0.986,-0.237,-0.674,-0.139,-15.605374,-0.125203,0.505838,-7.893784,-0.063332,81.397607,0.754039,0.000000,41.173965,0.381421
test.enc.prompt.txt::01271,test.enc.prompt.txt::01271__row63,"Wait, Eve, please!",0.0,content_diversity,"I would like to order a drink for you, if you’re interested.","You’re so beautiful, can I get you a beverage?",I need to find out more about you. Can I get you a martini or something?,Can we talk over drinks?,You have such a nice name. Can I grab you something to drink?,-0.055,0.916,-0.319,-0.927,-0.605,20.073864,0.490364,0.473680,9.508587,0.232276,47.075097,0.639617,0.000000,22.298529,0.302974
test.enc.prompt.txt::01272,test.enc.prompt.txt::01272__row64,I think it's,1.0,content_diversity,gonna rain,the best film i've seen,more than complicated,impossible to travel on mars,so ugly sweater,0.000,1.000,-0.085,-0.521,-0.138,9.195757,0.082276,0.356385,3.277229,0.029322,42.389704,2.823136,0.000000,15.107051,1.006123
test.enc.prompt.txt::01272,test.enc.prompt.txt::01272__row65,I think it's,0.0,content_diversity,the greatest movie i've seen,the most amazing movie i've seen,the coolest film of all time,fascinating movie,my favourite film,-0.053,0.896,-0.392,-0.892,-0.702,24.581898,0.906686,0.446155,10.967336,0.404523,19.726103,1.363156,0.000000,8.800899,0.608179
test.enc.prompt.txt::01273,test.enc.prompt.txt::01273__row66,Watching television in,1.0,content_diversity,my underwear.,my room.,my parent's bedroom.,my car.,my living room.,-0.094,0.517,-0.515,-0.766,-0.382,-2.771706,-0.188884,0.327237,-0.907005,-0.061810,18.896584,1.965506,0.000000,6.183665,0.643187
test.enc.prompt.txt::01273,test.enc.prompt.txt::01273__row67,Watching television in,0.0,content_diversity,my panties.,my boxers.,my undergarments.,my skivvies.,my briefs.,-0.100,0.320,-0.615,-0.783,-0.448,6.923726,0.411935,0.226878,1.570841,0.093459,11.250732,0.574379,0.000000,2.552543,0.130314
test.enc.prompt.txt::01274,test.enc.prompt.txt::01274__row68,Why not buy,1.0,content_diversity,in bulk,more toilet paper,his product,new book for uni,this fancy phone,0.000,0.800,-0.223,-0.582,-0.153,8.391188,0.714909,0.325806,2.733903,0.232922,43.721424,2.267930,0.000000,14.244723,0.738906
test.enc.prompt.txt::01274,test.enc.prompt.txt::01274__row69,Why not buy,0.0,content_diversity,new textbook,this book that is for your course,textbook for university,this new book that will help you at uni,textbook for your course at uni,-0.079,0.854,-0.285,-0.917,-0.673,48.911528,1.776492,0.369624,18.078884,0.656634,31.083317,0.617906,0.000000,11.489146,0.228393
test.enc.prompt.txt::01275,test.enc.prompt.txt::01275__row70,Who are these,1.0,content_diversity,people on my lawn?,guys in my house?,podcasts from Apple?,four members of the band?,new workers?,-0.005,0.989,-0.393,-0.677,-0.176,8.537396,-0.033877,0.358456,3.060281,-0.012143,41.409175,2.633809,0.000000,14.843370,0.944105
test.enc.prompt.txt::01275,test.enc.prompt.txt::01275__row71,Who are these,0.0,content_diversity,men in my home?,people in my living area?,individuals on my property?,humans in my chambers?,persons in my area?,-0.118,0.886,-0.655,-0.828,-0.576,18.467282,0.738311,0.348976,6.444640,0.257653,20.105653,0.941652,0.000000,7.016393,0.328614
test.enc.prompt.txt::01276,test.enc.prompt.txt::01276__row72,Adam? Don't even,1.0,content_diversity,think about it!,utter his name!,know who that is.,tell me.,want to see him.,0.000,0.800,-0.343,-0.687,-0.407,0.422895,0.117259,0.494838,0.209264,0.058024,17.384487,2.015678,0.000000,8.602501,0.997434
test.enc.prompt.txt::01276,test.enc.prompt.txt::01276__row73,Adam? Don't even,0.0,content_diversity,try it!,touch it!,think about doing that.,try.,touch.,-0.038,0.740,-0.452,-0.778,-0.582,6.640692,0.295348,0.287917,1.911970,0.085036,16.997378,3.314518,0.000000,4.893839,0.954307
test.enc.prompt.txt::01277,test.enc.prompt.txt::01277__row74,Because I want,1.0,content_diversity,to go on vacation.,this pandemic to be over.,to have children when I'm older.,you to shut up.,what's best for the family.,-0.026,0.975,-0.222,-0.628,-0.171,-12.908833,-0.563557,0.482068,-6.222932,-0.271673,29.197761,0.960764,0.000000,14.075299,0.463153
test.enc.prompt.txt::01277,test.enc.prompt.txt::01277__row75,Because I want,0.0,content_diversity,to be a mother in the future.,to have kids someday.,a family of my own.,my own offspring down the road.,babies in the coming years.,-0.037,0.930,-0.351,-0.781,-0.424,6.673682,0.314179,0.458311,3.058624,0.143992,32.467716,0.912898,0.000000,14.880320,0.418392
test.enc.prompt.txt::01278,test.enc.prompt.txt::01278__row76,I didn't know,1.0,content_diversity,"you like boys, i'm not homophobic btw",you are a virgin,you can't swim,you are such a good student,you don't have any friends,-0.056,0.942,-0.218,-0.668,-0.176,12.013489,0.908473,0.394871,4.743778,0.358729,77.441897,1.513009,0.000000,30.579555,0.597443
test.enc.prompt.txt::01278,test.enc.prompt.txt::01278__row77,I didn't know,0.0,content_diversity,you're gay,you like same sex,you like people of same sex,you are homosexual,you like boys even if you're a boy,-0.067,0.897,-0.340,-0.770,-0.605,16.197370,1.156497,0.335790,5.438917,0.388340,52.061930,0.980240,0.000000,17.481883,0.329155
test.enc.prompt.txt::01279,test.enc.prompt.txt::01279__row78,It didn't used,1.0,content_diversity,to be that way,work before so i see why,to go out all of the time,get so cold this time of the year,"begin that way, it kinda happened",-0.022,0.954,-0.022,-0.672,-0.288,8.807138,0.455176,0.436949,3.848268,0.198888,76.585117,2.303483,0.000000,33.463774,1.006504
test.enc.prompt.txt::01279,test.enc.prompt.txt::01279__row79,It didn't used,0.0,content_diversity,why is it already getting col,it got cold faster than usual,its pretty cold out so sonn,its really cool already,i cant believe how cold it is already,-0.036,0.947,-0.083,-0.754,-0.339,64.238898,2.422050,0.219871,14.124251,0.532538,41.538643,1.842401,0.000000,9.133130,0.405090
test.enc.prompt.txt::01280,test.enc.prompt.txt::01280__row80,He has a,1.0,content_diversity,medical issue.,wife at home.,huge problem with me.,girlfriend already.,mental problem.,-0.007,0.785,-0.442,-0.656,-0.157,13.883994,0.644299,0.285385,3.962289,0.183873,22.820894,1.215126,0.000000,6.512749,0.346779
test.enc.prompt.txt::01280,test.enc.prompt.txt::01280__row81,He has a,0.0,content_diversity,huge issue with everyone including me.,big problem with me and the group.,problem with me that has turned gigantic.,gigantic issue with the fact I'm dating his ex.,enormous problem with me. He doesn't like me at all.,-0.094,0.890,-0.416,-0.900,-0.501,38.060531,0.981525,0.364582,13.876200,0.357847,28.331336,0.547325,0.000000,10.329106,0.199545
test.enc.prompt.txt::01281,test.enc.prompt.txt::01281__row82,The guy with,1.0,content_diversity,the big brown hat,curly red hair,a plate of food,a hole in his shirt,the big dog bouncing around,-0.019,0.959,-0.138,-0.584,-0.142,-3.007651,0.270429,0.438026,-1.317429,0.118455,42.854213,0.847877,0.000000,18.771254,0.371392
test.enc.prompt.txt::01281,test.enc.prompt.txt::01281__row83,The guy with,0.0,content_diversity,the playful german shepherd,the hyperactive large canine,the frisbee playing golden retriever,that really happy great pyrennees,a smiling poodle that is light on it's feet,-0.017,0.978,-0.152,-0.566,-0.257,14.341445,0.610272,0.351255,5.037498,0.214361,75.982377,1.655354,0.000000,26.689159,0.581451
test.enc.prompt.txt::01282,test.enc.prompt.txt::01282__row84,"Yep. You know,",1.0,content_diversity,they always act like that,I feel the same way,the beach is relaxing,having a job is a good thing,this pandemic has been bizarre,-0.008,0.977,-0.143,-0.575,-0.238,5.463705,0.484608,0.442413,2.417212,0.214397,44.880456,1.100539,0.000000,19.855684,0.486892
test.enc.prompt.txt::01282,test.enc.prompt.txt::01282__row85,"Yep. You know,",0.0,content_diversity,this virus has not followed norms in any way at all,there are just no models to predict how this epidemic will be,the things everyone is doing for this illness are just stranger than strange,I have never seen anything like covid-19,everything that has been happening with the pandemic has us in a new normal society,-0.016,0.969,-0.057,-0.638,-0.355,28.871141,0.606557,0.440133,12.707129,0.266966,86.339822,0.501622,0.000000,38.000967,0.220780
test.enc.prompt.txt::01283,test.enc.prompt.txt::01283__row86,Then just help,1.0,content_diversity,me instead,everyone please,if you can,as best as you can,all of the kids only,-0.016,0.948,-0.136,-0.623,-0.370,1.802492,0.445950,0.389520,0.702107,0.173707,40.635078,1.582053,0.000000,15.828190,0.616242
test.enc.prompt.txt::01283,test.enc.prompt.txt::01283__row87,Then just help,0.0,content_diversity,i need everyone to please help,anyone can help,they all can help if they want to,anybody can help,"please, everyone can help",-0.121,0.885,-0.465,-0.891,-0.804,31.631207,1.392312,0.355165,11.234282,0.494500,50.277745,1.211466,0.000000,17.856871,0.430270
test.enc.prompt.txt::01284,test.enc.prompt.txt::01284__row88,I thought I,1.0,content_diversity,knew you i guess not,could trust you,called you this morning,told you about it,confirmed everything,-0.031,0.967,-0.068,-0.661,-0.364,8.591122,0.484312,0.428466,3.681007,0.207512,37.314000,1.626384,0.000000,15.987796,0.696851
test.enc.prompt.txt::01284,test.enc.prompt.txt::01284__row89,I thought I,0.0,content_diversity,pretty sure i told you,i think i told you,not sure if i mentioned it to you,were you told about it,definetly told you,-0.116,0.867,-0.144,-0.857,-0.529,49.590833,2.056414,0.259192,12.853556,0.533006,28.992680,1.264341,0.000000,7.514676,0.327707
test.enc.prompt.txt::01285,test.enc.prompt.txt::01285__row90,Why?! I think,1.0,content_diversity,I may like it here.,the brown color looks better than the blue.,cats are better pets than dogs.,she is far prettier than your wife.,it is raining outside.,-0.019,0.960,-0.241,-0.593,-0.194,1.429183,-0.307639,0.452194,0.646269,-0.139113,37.286980,1.996482,0.000000,16.860965,0.902798
test.enc.prompt.txt::01285,test.enc.prompt.txt::01285__row91,Why?! I think,0.0,content_diversity,felines are better pets than canines.,tabbies are better pets than hounds.,pussycats are better pets than pooches.,kittens are better pets than puppies.,cats make better companions than dogs.,-0.279,0.735,-0.570,-0.907,-0.704,39.069260,1.050176,0.418358,16.344919,0.439349,25.747076,0.675129,0.000000,10.771483,0.282445
test.enc.prompt.txt::01286,test.enc.prompt.txt::01286__row92,"Yes, I have",1.0,content_diversity,been waiting for you a long time,many friends,the newest technology,parents who support me,an umbrella here,0.000,1.000,-0.034,-0.548,-0.180,4.743161,0.225166,0.449313,2.131165,0.101170,32.918131,1.488561,0.000000,14.790554,0.668830
test.enc.prompt.txt::01286,test.enc.prompt.txt::01286__row93,"Yes, I have",0.0,content_diversity,a lot of friends,many buddies,wide group of friends,a lot of people i consider friends,many people who are there for me,-0.063,0.887,-0.308,-0.791,-0.749,18.168662,1.062130,0.388948,7.066667,0.413114,38.223121,1.336689,0.000000,14.866811,0.519903
test.enc.prompt.txt::01287,test.enc.prompt.txt::01287__row94,No. I admire,1.0,content_diversity,you and your efforts,what you do,that you are good,everything about you,your skills,-0.042,0.750,-0.272,-0.717,-0.552,13.701567,0.824942,0.485982,6.658717,0.400907,20.945344,0.884117,0.000000,10.179063,0.429665
test.enc.prompt.txt::01287,test.enc.prompt.txt::01287__row95,No. I admire,0.0,content_diversity,the things you do are cool,"everything you do, its unique",how come everything you do is awesome?,very cool things that you do,everything you do seems cool,-0.122,0.865,-0.383,-0.870,-0.705,47.625451,1.489521,0.347576,16.553441,0.517721,39.114241,0.885838,0.000000,13.595153,0.307896
test.enc.prompt.txt::01288,test.enc.prompt.txt::01288__row96,"Eve, if you'll",1.0,content_diversity,"be like that, I give up","excuse me, I have better things to do","support him, everything will change","go ahead with the plan, it is an end of our friendship","be sore loser, then don't play next time",-0.006,0.990,-0.093,-0.665,-0.328,12.886723,0.327456,0.447795,5.770614,0.146633,71.621414,1.150338,0.000000,32.071734,0.515116
test.enc.prompt.txt::01288,test.enc.prompt.txt::01288__row97,"Eve, if you'll",0.0,content_diversity,"behave like that, I give up","be like that, I quit","be rude, I quit","behave rude, I will quit","be like that, I'm not part of it anymore",-0.116,0.839,-0.464,-0.840,-0.722,30.363179,1.717753,0.285942,8.682122,0.491179,51.050613,1.149544,0.000000,14.597538,0.328704
test.enc.prompt.txt::01289,test.enc.prompt.txt::01289__row98,"Adam...dumb question, but",1.0,content_diversity,do you like me as a friend,do you think we could be together,do you believe in ghosts,do you think trump should resign,do you believe in karma,-0.161,0.827,-0.349,-0.699,-0.270,30.827410,1.062316,0.467335,14.406737,0.496458,34.983607,0.924283,0.000000,16.349075,0.431950
test.enc.prompt.txt::01289,test.enc.prompt.txt::01289__row99,"Adam...dumb question, but",0.0,content_diversity,do you think we could end up together,do you think we can be a couple,do you think we can be in a relationship,do you think we could be romantic partners,do you think we could be lovers,-0.416,0.579,-0.770,-0.973,-0.816,50.874442,1.369281,0.442888,22.531694,0.606438,13.561066,0.331377,0.000000,6.006037,0.146763
test.enc.prompt.txt::01290,test.enc.prompt.txt::01290__row100,That's right. And,1.0,content_diversity,I'm not gonna change my mind.,don't argue with me.,the world will be ending soon.,you're fired.,the baby is due in March.,-0.003,0.992,-0.251,-0.616,-0.222,-1.543476,0.065600,0.382058,-0.589698,0.025063,39.106584,1.143185,0.000000,14.940988,0.436763
test.enc.prompt.txt::01290,test.enc.prompt.txt::01290__row101,That's right. And,0.0,content_diversity,the planet will soon be demolished.,Armageddon is on the horizon.,the apocalypse is near.,the Earth will cease to exist.,the world will be over.,-0.058,0.938,-0.388,-0.736,-0.449,18.147421,0.653374,0.387607,7.034076,0.253252,26.624975,0.611827,0.000000,10.320040,0.237149
test.enc.prompt.txt::01291,test.enc.prompt.txt::01291__row102,Adam....you should go,1.0,content_diversity,to bed now because you need rest.,to the store and get groceries.,ask her out before someone else does.,to Michigan State for college.,trick or treating with your little brother.,-0.010,0.988,-0.094,-0.556,-0.063,-5.342108,-0.074096,0.564159,-3.013799,-0.041802,17.302755,0.655761,0.000000,9.761508,0.369953
test.enc.prompt.txt::01291,test.enc.prompt.txt::01291__row103,Adam....you should go,0.0,content_diversity,to Kroger to pick up food.,to the supermarket.,to the food store.,to Piggly Wiggly for our weekly supplies.,to the market to replenish our food supply.,-0.104,0.904,-0.264,-0.850,-0.504,9.995186,0.534399,0.439103,4.388921,0.234657,44.337581,1.009001,0.000000,19.468784,0.443056
test.enc.prompt.txt::01292,test.enc.prompt.txt::01292__row104,We can make,1.0,content_diversity,the project work.,dinner together.,our kids happy.,everything better.,our love last.,-0.007,0.585,-0.417,-0.676,-0.245,1.307899,0.026045,0.361889,0.473314,0.009425,18.065577,1.147148,0.000000,6.537738,0.415140
test.enc.prompt.txt::01292,test.enc.prompt.txt::01292__row105,We can make,0.0,content_diversity,the plan successful.,proposal great.,design really good.,the work get done.,plan work out.,-0.018,0.760,-0.435,-0.791,-0.507,18.048106,0.941488,0.239000,4.313495,0.225015,11.872139,1.276600,0.000000,2.837440,0.305107
test.enc.prompt.txt::01293,test.enc.prompt.txt::01293__row106,"No, no! The",1.0,content_diversity,time is right,people left earlier,couch goes over there,fence is supposed to be white,alarm clock is set to 7,-0.016,0.973,-0.169,-0.602,-0.175,15.823991,0.707857,0.390540,6.179908,0.276447,20.048136,1.083211,0.000000,7.829607,0.423038
test.enc.prompt.txt::01293,test.enc.prompt.txt::01293__row107,"No, no! The",0.0,content_diversity,everyone left earlier,people went home earier,they left sometime earlier,no i think they left earlier in the day,possibly went home before you,-0.053,0.914,-0.339,-0.779,-0.613,31.352786,1.178015,0.267786,8.395842,0.315456,52.788053,1.433435,0.000000,14.135911,0.383854
test.enc.prompt.txt::01294,test.enc.prompt.txt::01294__row108,Helen-Thomas-Webber! Maybe we,1.0,content_diversity,can ask her!,can get in touch with her.,can call her.,should find her.,include her.,-0.054,0.941,-0.612,-0.821,-0.641,-5.419390,-0.757539,0.363214,-1.968397,-0.275148,27.890785,3.170628,0.000000,10.130319,1.151616
test.enc.prompt.txt::01294,test.enc.prompt.txt::01294__row109,Helen-Thomas-Webber! Maybe we,0.0,content_diversity,can send her a letter.,can write her.,can phone her.,can get in contact with her.,can contact her.,-0.111,0.910,-0.644,-0.955,-0.627,5.850575,0.308376,0.409200,2.394056,0.126188,12.856137,0.921343,0.000000,5.260732,0.377013
test.enc.prompt.txt::01295,test.enc.prompt.txt::01295__row110,"But, I don't",1.0,content_diversity,think we can do it without you,believe in such a things,support republicans,mind being with you,like spending time together,-0.004,0.991,-0.083,-0.582,-0.327,7.303317,0.543886,0.463944,3.388329,0.252333,16.807252,1.040214,0.000000,7.797622,0.482601
test.enc.prompt.txt::01295,test.enc.prompt.txt::01295__row111,"But, I don't",0.0,content_diversity,think it's feasible without you,think it's doable without your help,think we can succeed without you,believe we can do it on our own,think we can make it without you,-0.109,0.859,-0.549,-0.896,-0.775,31.747479,0.976745,0.529435,16.808240,0.517123,26.912310,0.879176,0.000000,14.248330,0.465467
test.enc.prompt.txt::01296,test.enc.prompt.txt::01296__row112,This is great,1.0,content_diversity,"movie, really worth watching",advice,"pizza, i will recommend it to my friends","class, you learn so much","man, he helped me so much",-0.012,0.973,-0.149,-0.624,-0.153,20.243045,0.882660,0.432160,8.748225,0.381450,35.488087,1.360742,0.000000,15.336516,0.588058
test.enc.prompt.txt::01296,test.enc.prompt.txt::01296__row113,This is great,0.0,content_diversity,"film, so enjoyable","movie, i enjoyed watching it","movie, everyone should give it a try","movie, i really liked it","film, i think it is worth watching",-0.055,0.924,-0.423,-0.958,-0.646,23.459988,0.864147,0.444785,10.434649,0.384360,19.034350,1.103844,0.000000,8.466192,0.490973
test.enc.prompt.txt::01297,test.enc.prompt.txt::01297__row114,You have very,1.0,content_diversity,pretty eyes,longing smile,soft hands,well got to be kidding me,tall friends,0.000,1.000,-0.131,-0.607,-0.295,9.015592,0.796624,0.319786,2.883060,0.254749,60.692645,2.378931,0.000000,19.408656,0.760749
test.enc.prompt.txt::01297,test.enc.prompt.txt::01297__row115,You have very,0.0,content_diversity,your friends are really tall,they are really tall,"everyone you know, are so tall",how come your friends are so tall,they are very tall,-0.150,0.796,-0.505,-0.955,-0.696,66.092452,2.431181,0.254468,16.818412,0.618658,51.154681,1.422637,0.000000,13.017228,0.362016
test.enc.prompt.txt::01298,test.enc.prompt.txt::01298__row116,I've got goose-bumps,1.0,content_diversity,just thinking about it,from this weather,talking about the past,all over me,from drinking cold water,-0.011,0.778,-0.144,-0.623,-0.242,11.622758,0.601039,0.573325,6.663617,0.344591,19.253446,1.145310,0.000000,11.038480,0.656635
test.enc.prompt.txt::01298,test.enc.prompt.txt::01298__row117,I've got goose-bumps,0.0,content_diversity,sometimes i think,think about it,i am thinking,just thinking sometimes about it,so i thought about it,-0.082,0.877,-0.326,-0.874,-0.697,22.590280,1.459081,0.332045,7.501000,0.484481,33.463115,1.137803,0.000000,11.111275,0.377802
test.enc.prompt.txt::01299,test.enc.prompt.txt::01299__row118,"Oh, yes. It",1.0,content_diversity,is my favourite dish,is more complicated than it looks,kinda hard to be friends with you,isn't important to me,looks like we've made it,-0.015,0.969,-0.073,-0.647,-0.201,17.427822,0.478601,0.478077,8.331834,0.228808,46.479971,1.238575,0.000000,22.220986,0.592134
test.enc.prompt.txt::01299,test.enc.prompt.txt::01299__row119,"Oh, yes. It",0.0,content_diversity,hard to stay friends with you,is hard to be your friend,is really hard to be a friend of yours,is impossible to be your friend,is kinda hard to be your pal,-0.200,0.775,-0.544,-0.919,-0.796,21.965803,0.656106,0.415704,9.131282,0.272746,40.850303,1.497632,0.000000,16.981652,0.622572
test.enc.prompt.txt::01300,test.enc.prompt.txt::01300__row120,Thank you. Your,1.0,content_diversity,behaviour has improved substantially,kind words mean world to me,dog saved my grandma,actions really speak a lot about you,son helped my kid with test,-0.004,0.993,-0.250,-0.575,-0.166,6.402369,0.445355,0.408538,2.615614,0.181945,35.393082,1.305453,0.000000,14.459436,0.533328
test.enc.prompt.txt::01300,test.enc.prompt.txt::01300__row121,Thank you. Your,0.0,content_diversity,words mean a lot,words really mean a lot to me,words are so kind,words are priceless,words are important to me,-0.120,0.833,-0.397,-0.936,-0.671,13.000748,0.713244,0.560274,7.283981,0.399612,11.153614,0.358673,0.000000,6.249080,0.200955
test.enc.prompt.txt::01301,test.enc.prompt.txt::01301__row122,How old are,1.0,content_diversity,these puppies,your parents,these dirty socks,"people in japan, on average",these tomatoes,-0.026,0.971,-0.270,-0.567,-0.087,15.940633,0.890122,0.419517,6.687368,0.373421,50.291338,1.266830,0.000000,21.098077,0.531457
test.enc.prompt.txt::01301,test.enc.prompt.txt::01301__row123,How old are,0.0,content_diversity,your mom and dad,your mother and father,your family,you mom and pop,people who raised you,-0.051,0.718,-0.320,-0.750,-0.552,3.869134,0.528881,0.401734,1.554361,0.212469,47.830693,2.317534,0.000000,19.215198,0.931031
test.enc.prompt.txt::01302,test.enc.prompt.txt::01302__row124,He seems to,1.0,content_diversity,be sicker than we originally thought.,really like his date.,like driving trucks.,want a dog for his next pet.,hate his job.,-0.020,0.974,-0.302,-0.591,-0.079,8.940399,0.283835,0.362541,3.241264,0.102902,47.231301,0.484240,0.000000,17.123301,0.175557
test.enc.prompt.txt::01302,test.enc.prompt.txt::01302__row125,He seems to,0.0,content_diversity,dislike his occupation.,resent his position.,detest his obligations.,loathe his duties.,despise his career.,-0.067,0.547,-0.493,-0.717,-0.820,19.799401,0.970681,0.337700,6.686259,0.327799,10.336119,0.536752,0.000000,3.490508,0.181261
test.enc.prompt.txt::01303,test.enc.prompt.txt::01303__row126,...and his church,1.0,content_diversity,fought the shooter off quickly,defied the orders on social distancing,became a cult group,snubbed a family that wanted to join,isn't really spiritual it's more a social gathering place,-0.016,0.974,-0.095,-0.551,-0.225,-7.657855,0.349945,0.367865,-2.817057,0.128733,52.807487,1.639351,0.000000,19.426030,0.603060
test.enc.prompt.txt::01303,test.enc.prompt.txt::01303__row127,...and his church,0.0,content_diversity,congregation got together regardless of the rules,refused to comply with the governor's orders,had a large meeting in spite of the virus situation,angrily said they will stay open no matter what,infected a large amount of people due to their actions,-0.026,0.957,-0.227,-0.610,-0.194,34.331317,0.731822,0.443511,15.226304,0.324571,40.204646,0.743469,0.000000,17.831188,0.329736
test.enc.prompt.txt::01304,test.enc.prompt.txt::01304__row128,"According to Caltech,",1.0,content_diversity,harvard is best university,this new technology is not feasible,there's been a major breakout in this case,women live longer then men,burgers are not healthy,-0.011,0.978,-0.154,-0.575,-0.099,32.096424,0.783497,0.378271,12.141131,0.296374,42.091731,0.762499,0.000000,15.922061,0.288431
test.enc.prompt.txt::01304,test.enc.prompt.txt::01304__row129,"According to Caltech,",0.0,content_diversity,burgers are unhealthy,burgers are bad for your health,burgers are poor with nutrients,burgers damage your health,burgers impact your health in negative way,-0.109,0.880,-0.451,-0.948,-0.861,45.552172,1.683188,0.326124,14.855645,0.548928,50.519450,1.425844,0.000000,16.475592,0.465002
test.enc.prompt.txt::01305,test.enc.prompt.txt::01305__row130,Unless we get,1.0,content_diversity,"our revenge, I give up","his notes, it is not possible","the files, we can't succeed","the weather forecast, we can't be sure","our hands on drugs, we can't be profitable",-0.045,0.922,-0.267,-0.657,-0.276,7.745015,0.404705,0.440568,3.412205,0.178300,33.167161,1.349614,0.000000,14.612385,0.594597
test.enc.prompt.txt::01305,test.enc.prompt.txt::01305__row131,Unless we get,0.0,content_diversity,"his notes, it isn't feasible","his notes, we can't do it","his notes, it is impossible to do it","his notes, we can forget about doing it","his notes, we won't succeed",-0.176,0.820,-0.614,-0.939,-0.691,35.346353,1.070992,0.412806,14.591182,0.442112,19.598708,0.612943,0.000000,8.090462,0.253026
test.enc.prompt.txt::01306,test.enc.prompt.txt::01306__row132,"So...you...survived the blast,",1.0,content_diversity,are you ok after that?,that is insane,how does that happen?,wow how did you do that,that is impressive,-0.056,0.930,-0.200,-0.621,-0.385,20.439096,1.102274,0.409871,8.377402,0.451791,33.205247,1.301935,0.000000,13.609883,0.533626
test.enc.prompt.txt::01306,test.enc.prompt.txt::01306__row133,"So...you...survived the blast,",0.0,content_diversity,that is really crazy,how insane is that?,pretty crazy,that is something insane,pretty darn insane,-0.058,0.701,-0.338,-0.959,-0.856,21.859685,1.316420,0.350154,7.654260,0.460950,23.101014,1.061181,0.000000,8.088916,0.371577
test.enc.prompt.txt::01307,test.enc.prompt.txt::01307__row134,"Yes, yes, the",1.0,content_diversity,best for our guests.,butler will get your coat.,time has come.,game is starting.,bathroom is down the hall.,-0.005,0.990,-0.298,-0.622,-0.222,-3.680502,-0.006946,0.374611,-1.378758,-0.002602,35.660450,1.744135,0.000000,13.358810,0.653373
test.enc.prompt.txt::01307,test.enc.prompt.txt::01307__row135,"Yes, yes, the",0.0,content_diversity,match is beginning.,contest is going on.,meet is getting underway.,event is going ahead.,tournament is pushing forward.,-0.065,0.733,-0.562,-0.766,-0.660,17.992578,0.903612,0.373181,6.714495,0.337211,21.919186,0.326680,0.000000,8.179832,0.121911
test.enc.prompt.txt::01308,test.enc.prompt.txt::01308__row136,"For Pete's sake,",1.0,content_diversity,stop eating grass,you should behave yourself,don't drink and drive,don't cross the road without looking,stop running with scissors,-0.010,0.981,-0.154,-0.661,-0.256,6.428881,0.214409,0.528000,3.394451,0.113208,22.421066,1.574142,0.000000,11.838329,0.831148
test.enc.prompt.txt::01308,test.enc.prompt.txt::01308__row137,"For Pete's sake,",0.0,content_diversity,stop acting rude,you should behave better,watch your behaviour,stop acting like a spoiled brat,fix your behaviour,-0.039,0.929,-0.358,-0.803,-0.509,17.129273,0.775656,0.423223,7.249503,0.328275,9.233359,0.765925,0.000000,3.907770,0.324157
test.enc.prompt.txt::01309,test.enc.prompt.txt::01309__row138,"Hi, honey! Feeling",1.0,content_diversity,frisky?,hungry?,like going out?,happy today?,like doing the taxes today?,-0.011,0.967,-0.391,-0.710,-0.239,-16.261210,-0.840115,0.444166,-7.222674,-0.373150,44.120634,1.986708,0.000000,19.596878,0.882428
test.enc.prompt.txt::01309,test.enc.prompt.txt::01309__row139,"Hi, honey! Feeling",0.0,content_diversity,like going to do something?,like going on a date?,like getting out and having fun?,letting me take you out?,stepping out with me?,-0.024,0.958,-0.262,-0.806,-0.390,7.968375,0.200229,0.403450,3.214843,0.080782,21.266618,0.994225,0.000000,8.580024,0.401120
test.enc.prompt.txt::01310,test.enc.prompt.txt::01310__row140,We have to,1.0,content_diversity,think logically,go soon,believe in each other,be more clear next time,call again,0.000,1.000,-0.137,-0.693,-0.278,8.869906,0.382204,0.351864,3.121000,0.134484,16.831547,2.542670,0.000000,5.922415,0.894674
test.enc.prompt.txt::01310,test.enc.prompt.txt::01310__row141,We have to,0.0,content_diversity,we are leaving sooon,we gotta go,we'll be leaving very soon,gotta be going,leaving asap,-0.035,0.941,-0.236,-0.756,-0.706,42.224842,2.434666,0.159729,6.744534,0.388887,29.213717,1.761120,0.000000,4.666280,0.281302
test.enc.prompt.txt::01311,test.enc.prompt.txt::01311__row142,Get the presents,1.0,content_diversity,for our family,and pack them,"into car, we'll deliver them",for my orphans,and put them on the table,-0.025,0.960,-0.194,-0.680,-0.227,22.030039,1.063889,0.441136,9.718253,0.469320,53.926749,2.449437,0.000000,23.789056,1.080536
test.enc.prompt.txt::01311,test.enc.prompt.txt::01311__row143,Get the presents,0.0,content_diversity,for our relatives,for the kids,for my parents,for my grandparents,our siblings,-0.065,0.506,-0.521,-0.748,-0.426,5.324453,0.163115,0.461470,2.457076,0.075273,30.442551,2.818414,0.000000,14.048329,1.300614
test.enc.prompt.txt::01312,test.enc.prompt.txt::01312__row144,"Yes, yes it",1.0,content_diversity,is a test that will challenge your abilities.,looks like a juicy hamburger to me.,looks really good on you!,goes over there next to the ottoman.,is almost time for bed and I am beat.,-0.011,0.978,-0.089,-0.543,-0.140,-3.134046,0.093464,0.413261,-1.295180,0.038625,32.806128,0.553303,0.000000,13.557505,0.228659
test.enc.prompt.txt::01312,test.enc.prompt.txt::01312__row145,"Yes, yes it",0.0,content_diversity,will be sure to put your mind to the test.,is the determining factor of whether you go to the next grade or not!,is an important achievement to accomplish.,is up to you what you do with the knowledge you have acquired.,but I have faith you will perform wonderfully.,-0.042,0.937,-0.190,-0.760,-0.354,0.557195,-0.057569,0.473879,0.264043,-0.027281,52.739237,1.220079,0.000000,24.992000,0.578170
test.enc.prompt.txt::01313,test.enc.prompt.txt::01313__row146,We stay down,1.0,content_diversity,"we stay alive, it's as simple as that.",south for the first week the north the second.,"at the lakeside, we've been here about a fortnight.","town in the swankiest hotel there is, we deserve it!","where the pollution is the thinnest, its healthier that way,",-0.032,0.961,0.002,-0.634,-0.140,14.956584,0.357189,0.434231,6.494611,0.155102,51.431442,0.535986,0.000000,22.333122,0.232742
test.enc.prompt.txt::01313,test.enc.prompt.txt::01313__row147,We stay down,0.0,content_diversity,"south for a while then head north,",south first and the north.,south for a while then go north.,south for 7 days and then north for another 7.,south to begin with then move north.,-0.124,0.819,-0.384,-0.965,-0.730,13.231035,0.431075,0.433702,5.738328,0.186958,44.866729,1.004352,0.000000,19.458797,0.435590
test.enc.prompt.txt::01314,test.enc.prompt.txt::01314__row148,And the ocean!,1.0,content_diversity,was really wet,it is calming,could not get any prettier,was cool,the ocean is great,-0.014,0.976,-0.167,-0.572,-0.338,22.432549,1.614901,0.240508,5.395208,0.388397,29.033082,1.292478,0.000000,6.982689,0.310851
test.enc.prompt.txt::01314,test.enc.prompt.txt::01314__row149,And the ocean!,0.0,content_diversity,its very calming,so calm,it is very cool and calm,i love how the ocean is calming,i cant believe how calm it is,-0.045,0.918,-0.330,-0.913,-0.711,28.617187,1.634668,0.315837,9.038372,0.516289,28.763815,1.404416,0.000000,9.084682,0.443567
test.enc.prompt.txt::01315,test.enc.prompt.txt::01315__row150,How long will,1.0,content_diversity,this visit take,she live after the procedure,you let your hair grow out to,this virus kill people,snow fall in the mountains tonight,-0.009,0.984,-0.025,-0.546,-0.115,11.068870,0.546763,0.409207,4.529459,0.223739,34.581476,0.668773,0.000000,14.150981,0.273667
test.enc.prompt.txt::01315,test.enc.prompt.txt::01315__row151,How long will,0.0,content_diversity,spending time at your mothers be,the doctor appointment last,we spend at the funeral home visitation,you stay over at her house,she sit on my couch today,-0.013,0.979,-0.159,-0.657,-0.297,17.935839,0.411304,0.364793,6.542868,0.150041,38.076887,1.369745,0.000000,13.890181,0.499673
test.enc.prompt.txt::01316,test.enc.prompt.txt::01316__row152,What are you,1.0,content_diversity,thinking about,doing tonight,gonna do about this,having for dinner tonight,calling this now,-0.020,0.760,-0.097,-0.681,-0.312,2.194684,0.053029,0.558275,1.225238,0.029605,31.505815,1.911581,0.000000,17.588923,1.067189
test.enc.prompt.txt::01316,test.enc.prompt.txt::01316__row153,What are you,0.0,content_diversity,what do you think of this,how are your thoughts on this,what are you thinking of this 1,"how did you think this would work, did you think about it?","ok, think about it first",-0.061,0.877,-0.257,-0.887,-0.611,32.916990,0.778174,0.366070,12.049915,0.284866,74.528697,2.123326,0.000000,27.282703,0.777285
test.enc.prompt.txt::01317,test.enc.prompt.txt::01317__row154,"Go home, Cliff,",1.0,content_diversity,nobody likes you.,you are drunk.,your wife is waiting for you.,you have a big day at work tomorrow.,my family is ready to go to bed.,-0.030,0.964,-0.357,-0.637,-0.118,-15.790051,-0.610564,0.548991,-8.668601,-0.335195,52.369817,1.236237,0.000000,28.750575,0.678683
test.enc.prompt.txt::01317,test.enc.prompt.txt::01317__row155,"Go home, Cliff,",0.0,content_diversity,you have a 12 hour workday tomorrow.,you have to give a presentation at work tomorrow.,you have an important client meeting tomorrow.,you have to prepare for tomorrow's workday.,you have an important coporate event tomorrow.,-0.142,0.838,-0.508,-0.949,-0.543,8.704096,0.192316,0.501906,4.368642,0.096524,34.178585,0.809208,0.000000,17.154452,0.406147
test.enc.prompt.txt::01318,test.enc.prompt.txt::01318__row156,"Stop it, you",1.0,content_diversity,cant go in there,just call me and expect me to answer,be here,have some explaining to do,did not let me know you were coming,-0.007,0.978,0.029,-0.669,-0.220,8.817822,1.331086,0.343774,3.031334,0.457592,37.608298,3.231851,0.000000,12.928739,1.111025
test.enc.prompt.txt::01318,test.enc.prompt.txt::01318__row157,"Stop it, you",0.0,content_diversity,sorry this is off limits,you cant come into here,"you cant go in, sorry",sorry you are not allowed,you cannot come in,-0.051,0.931,-0.339,-0.790,-0.690,56.773851,2.517247,0.246754,14.009188,0.621141,24.117526,0.960840,0.000000,5.951102,0.237091
test.enc.prompt.txt::01319,test.enc.prompt.txt::01319__row158,"You're serious, aren't",1.0,content_diversity,you?,i the 1 who paid for everything!,we leaving in a hour?,you going to work today?,doing something later?,0.000,1.000,-0.195,-0.638,-0.213,13.294673,-0.621492,0.313884,4.172987,-0.195077,87.598933,2.835849,0.000000,27.495917,0.890128
test.enc.prompt.txt::01319,test.enc.prompt.txt::01319__row159,"You're serious, aren't",0.0,content_diversity,are we leaving soon?,i think we are leaving in about an hour,are we leaving in an hour?,do we leave soon,can we go in an hour or so?,-0.100,0.868,-0.474,-0.922,-0.702,32.578624,1.585185,0.240283,7.828093,0.380893,48.743643,1.230198,0.000000,11.712274,0.295596
test.enc.prompt.txt::01320,test.enc.prompt.txt::01320__row160,It means that,1.0,content_diversity,we get to go today,we should rethink everything,you should be more careful,try again,go home,-0.015,0.967,-0.168,-0.672,-0.224,13.850944,0.491806,0.255385,3.537326,0.125600,36.219657,2.662415,0.000000,9.249964,0.679941
test.enc.prompt.txt::01320,test.enc.prompt.txt::01320__row161,It means that,0.0,content_diversity,try harder,make an effirt again,be gentle and try another time,try to do it again,maybe have another go again,-0.032,0.955,-0.253,-0.804,-0.573,29.197409,1.517427,0.216755,6.328688,0.328910,54.546399,1.542409,0.000000,11.823212,0.334325
test.enc.prompt.txt::01321,test.enc.prompt.txt::01321__row162,"How 'bout it,",1.0,content_diversity,do you think is feasible,think about whole family,you fix your car,you study more next time,you don't hurt people,-0.031,0.964,-0.079,-0.653,-0.079,11.916898,0.660849,0.316234,3.768533,0.208983,39.411932,1.258102,0.000000,12.463407,0.397855
test.enc.prompt.txt::01321,test.enc.prompt.txt::01321__row163,"How 'bout it,",0.0,content_diversity,you think we can do it ourself?,you think it's doable?,do you think we can do it?,do you think we need no help?,do you think it's possible to do it?,-0.234,0.696,-0.600,-0.877,-0.674,11.519776,0.483247,0.464241,5.347952,0.224343,31.062204,1.164877,0.000000,14.420349,0.540784
test.enc.prompt.txt::01322,test.enc.prompt.txt::01322__row164,Are you kidding?!,1.0,content_diversity,I can't believe it!,I had no idea.,She said what?,I have to see it!,What?!,-0.018,0.965,-0.132,-0.650,-0.413,8.957561,0.068769,0.358546,3.211699,0.024657,24.244425,2.960700,0.000000,8.692745,1.061548
test.enc.prompt.txt::01322,test.enc.prompt.txt::01322__row165,Are you kidding?!,0.0,content_diversity,Show me!,Let me see!,Let's have a look.,I want to see it.,I must see this.,-0.009,0.978,-0.299,-0.742,-0.673,9.356721,0.719440,0.294049,2.751334,0.211551,20.270148,1.235272,0.000000,5.960416,0.363231
test.enc.prompt.txt::01323,test.enc.prompt.txt::01323__row166,Go to the,1.0,content_diversity,mall and get me some clothes,store and buy me cigarettes,frank's house,gas station and pick me up,post office and get the package for me,-0.045,0.939,-0.171,-0.632,-0.238,26.695102,1.535968,0.339483,9.062546,0.521436,21.344246,2.503172,0.000000,7.246019,0.849785
test.enc.prompt.txt::01323,test.enc.prompt.txt::01323__row167,Go to the,0.0,content_diversity,post and pick up a package,post office and collect the package,post and get me a parcel,post office and take a package for me,post and bring back my parcel,-0.117,0.860,-0.443,-0.979,-0.828,44.578401,1.579854,0.349986,15.601809,0.552926,14.210024,0.522483,0.000000,4.973307,0.182862
test.enc.prompt.txt::01324,test.enc.prompt.txt::01324__row168,Or pee in,1.0,content_diversity,the glass,the field,the sea,a restaurant toilet,"there, behind that bush",-0.030,0.769,-0.065,-0.596,-0.156,-7.472602,0.102348,0.439495,-3.284175,0.044981,47.892674,0.819070,0.000000,21.048614,0.359978
test.enc.prompt.txt::01324,test.enc.prompt.txt::01324__row169,Or pee in,0.0,content_diversity,a restroom,a toilet in a restaurant,a wc in restaurant,a toilet when we get to a restaurant,a restaurant's restroom,-0.111,0.876,-0.411,-0.888,-0.672,27.576196,1.467100,0.366914,10.118092,0.538299,51.460772,1.912089,0.000000,18.881677,0.701572
test.enc.prompt.txt::01325,test.enc.prompt.txt::01325__row170,Or have perfect,1.0,content_diversity,teeth,relationship with you parents,score on your math test,timing to score winning goal,smile,-0.004,0.988,-0.157,-0.569,-0.145,22.523374,0.499217,0.350437,7.893020,0.174944,42.760236,2.211991,0.000000,14.984761,0.775163
test.enc.prompt.txt::01325,test.enc.prompt.txt::01325__row171,Or have perfect,0.0,content_diversity,moment to score,timing to score a winner,time to score a winning goal,moment to decide the game,timing for winning goal,-0.102,0.842,-0.369,-0.933,-0.645,35.538935,1.545795,0.344951,12.259208,0.533224,24.406543,0.800393,0.000000,8.419073,0.276097
test.enc.prompt.txt::01326,test.enc.prompt.txt::01326__row172,And if we,1.0,content_diversity,"go via the river, that will save us an hour.",do not tell anyone we will not be held accountable.,"do it right here and right now, are you okay with it?",do not shut the door they will al get back out again.,"shoot him, what then?",-0.017,0.962,-0.086,-0.650,-0.195,8.596075,-0.255966,0.427626,3.675909,-0.109458,88.956324,1.022544,0.000000,38.040079,0.437267
test.enc.prompt.txt::01326,test.enc.prompt.txt::01326__row173,And if we,0.0,content_diversity,Take a different route we can save time.,want to save time we can go by the river.,need to get there on time we can take the river route.,"go by the river we will get there faster,",take the river road we will save time.,-0.145,0.804,-0.505,-0.961,-0.648,39.975283,0.856154,0.417130,16.674885,0.357128,42.904645,1.000553,0.000000,17.896809,0.417361
test.enc.prompt.txt::01327,test.enc.prompt.txt::01327__row174,Millions upon millions,1.0,content_diversity,of dollars constantly wasted,and its mine,of money,is great,would be cool,-0.007,0.786,-0.222,-0.574,-0.318,5.220966,1.099487,0.221268,1.155235,0.243282,42.984797,2.093063,0.000000,9.511175,0.463129
test.enc.prompt.txt::01327,test.enc.prompt.txt::01327__row175,Millions upon millions,0.0,content_diversity,its great,it would be great,that sounds great,so i think it could be great,that could be great,-0.109,0.850,-0.426,-0.869,-0.712,40.290638,2.267451,0.216897,8.738911,0.491803,37.031838,1.551685,0.000000,8.032088,0.336555
test.enc.prompt.txt::01328,test.enc.prompt.txt::01328__row176,I'm going to,1.0,content_diversity,make you a dinner,"the bar, don't wait for me",take the trash out,learn how to play a guitar,make a plan,-0.024,0.965,-0.084,-0.644,-0.100,11.305649,0.297354,0.425947,4.815610,0.126657,38.933528,1.259618,0.000000,16.583628,0.536531
test.enc.prompt.txt::01328,test.enc.prompt.txt::01328__row177,I'm going to,0.0,content_diversity,make you something to eat,make some food,cook food for you,prepare something to eat,treat you with a dinner,-0.057,0.890,-0.296,-0.883,-0.701,10.595666,0.641316,0.446883,4.735023,0.286593,39.835973,1.670347,0.000000,17.802021,0.746450
test.enc.prompt.txt::01329,test.enc.prompt.txt::01329__row178,I don't want,1.0,content_diversity,to go home yet,cry right now,more food,to move,to go to sleep,-0.038,0.727,-0.129,-0.675,-0.151,9.973792,1.172505,0.359975,3.590312,0.422072,35.419886,2.816021,0.000000,12.750260,1.013696
test.enc.prompt.txt::01329,test.enc.prompt.txt::01329__row179,I don't want,0.0,content_diversity,i need food now,"more please, i am hungry",we need food for everyone,this is not enough food,not sure if the food will be enough,-0.044,0.939,-0.215,-0.911,-0.607,35.561964,1.761995,0.260748,9.272722,0.459437,40.715041,1.270594,0.000000,10.616378,0.331305
test.enc.prompt.txt::01330,test.enc.prompt.txt::01330__row180,Shit Ben! How,1.0,content_diversity,could you let them get into this,thats crazy,is that even possible,in the heck did you manage that?,come i am just now hearing about this,-0.006,0.986,-0.026,-0.631,-0.384,1.791710,0.598876,0.443647,0.794888,0.265690,34.111017,3.237826,0.000000,15.133267,1.436453
test.enc.prompt.txt::01330,test.enc.prompt.txt::01330__row181,Shit Ben! How,0.0,content_diversity,how is that possible,that seems impossible,that cant be possible,"how is this happening, impossible",not all all possible,-0.050,0.907,-0.196,-0.865,-0.655,26.588735,1.025177,0.319068,8.483620,0.327101,52.334024,2.134780,0.000000,16.698124,0.681140
test.enc.prompt.txt::01331,test.enc.prompt.txt::01331__row182,"To your health,",1.0,content_diversity,it would be better to avoid fast food,you should excercise more,let's raise a glass,and speedy recovery,and my mom's health,-0.006,0.991,-0.108,-0.583,-0.172,0.433462,0.006316,0.466674,0.202286,0.002947,29.569000,1.460062,0.000000,13.799086,0.681373
test.enc.prompt.txt::01331,test.enc.prompt.txt::01331__row183,"To your health,",0.0,content_diversity,you should avoid junk food,you need to avoid burgers,you shouldn't be eating fast food,don't eat junk food,you better avoid processed food,-0.070,0.918,-0.569,-0.866,-0.754,22.801871,0.899648,0.458378,10.451871,0.412379,22.772703,0.759215,0.000000,10.438501,0.348007
test.enc.prompt.txt::01332,test.enc.prompt.txt::01332__row184,"Frank, I have",1.0,content_diversity,a question for you,been waiting for you 30 minutes,something to tell you,a juicy gossip to tell you,a practice today so I can't go with you,-0.082,0.902,-0.121,-0.726,-0.198,-4.149907,0.073556,0.590584,-2.450868,0.043441,62.135394,1.287787,0.000000,36.696154,0.760546
test.enc.prompt.txt::01332,test.enc.prompt.txt::01332__row185,"Frank, I have",0.0,content_diversity,to ask you something,something you have to tell me,something to ask,a very important question,been dying to ask you a question,-0.102,0.862,-0.200,-0.879,-0.588,5.628574,0.413209,0.614139,3.456725,0.253767,33.197410,0.821363,0.000000,20.387812,0.504431
test.enc.prompt.txt::01333,test.enc.prompt.txt::01333__row186,Detective Williams here.,1.0,content_diversity,What do you need?,I'm ready to go.,Do you have any questions?,Leave me alone.,Have you seen my badge?,-0.013,0.981,-0.170,-0.689,-0.202,-6.045404,-0.243380,0.470464,-2.844145,-0.114502,17.977307,0.949653,0.000000,8.457676,0.446777
test.enc.prompt.txt::01333,test.enc.prompt.txt::01333__row187,Detective Williams here.,0.0,content_diversity,Can I help you?,Are you in need of help?,What can I do for you?,I am available to help.,Do you need some help?,-0.032,0.946,-0.387,-0.846,-0.645,-1.320302,-0.141941,0.549119,-0.725002,-0.077942,19.454831,0.630249,0.000000,10.683011,0.346081
test.enc.prompt.txt::01334,test.enc.prompt.txt::01334__row188,Why do you,1.0,content_diversity,think its ok,not know the time,keep calling me,continue to yell,speak like that,0.000,0.800,-0.129,-0.586,-0.271,8.024068,0.449288,0.354415,2.843848,0.159234,17.271325,1.421496,0.000000,6.121213,0.503799
test.enc.prompt.txt::01334,test.enc.prompt.txt::01334__row189,Why do you,0.0,content_diversity,why do you think this is ok,wow i think its fine,its pretty ok i think,yeah i think its fine,its kinda alright,-0.117,0.833,-0.339,-0.840,-0.677,49.601711,2.366336,0.183087,9.081422,0.433245,19.691299,0.959954,0.000000,3.605218,0.175755
test.enc.prompt.txt::01335,test.enc.prompt.txt::01335__row190,And that man,1.0,content_diversity,is a reason why we can't succeed,is your father's best friend,owes us couple of million dollars,should be punished for his sins,can't be trusted,-0.012,0.978,-0.036,-0.579,-0.204,21.748086,0.587783,0.421067,9.157405,0.247496,60.556628,1.250938,0.000000,25.498408,0.526729
test.enc.prompt.txt::01335,test.enc.prompt.txt::01335__row191,And that man,0.0,content_diversity,isn't reliable,", we can't trust him",we can't rely on him,isn't honest,can never be trusted,-0.027,0.940,-0.353,-0.715,-0.609,28.989888,1.750889,0.265920,7.708997,0.465597,19.172747,1.190118,0.000000,5.098421,0.316477
test.enc.prompt.txt::01336,test.enc.prompt.txt::01336__row192,"Well now Jeffrey,",1.0,content_diversity,did not kill  himself,stop complaining then,leave,how about we start here,that is great,0.000,1.000,0.042,-0.575,-0.253,3.421287,0.933952,0.281303,0.962417,0.262723,71.576353,2.589230,0.000000,20.134622,0.728357
test.enc.prompt.txt::01336,test.enc.prompt.txt::01336__row193,"Well now Jeffrey,",0.0,content_diversity,no more complaining,just stop,can you stop doing that,no complaing anymore,i dont want to hear complaints,-0.013,0.979,-0.158,-0.775,-0.565,30.717316,1.872356,0.356919,10.963587,0.668279,36.836489,1.282667,0.000000,13.147635,0.457808
test.enc.prompt.txt::01337,test.enc.prompt.txt::01337__row194,Yes it's me!!!,1.0,content_diversity,i am here,who did it,i am the 1,hello everyone,hi there,-0.020,0.749,-0.283,-0.617,-0.437,15.479136,1.360852,0.300178,4.646491,0.408497,21.948271,2.261893,0.000000,6.588381,0.678970
test.enc.prompt.txt::01337,test.enc.prompt.txt::01337__row195,Yes it's me!!!,0.0,content_diversity,hello peeps,hi there,hey it is me,hi hey hello,hi people,-0.040,0.738,-0.166,-0.820,-0.640,21.233731,1.934918,0.267801,5.686416,0.518173,21.643415,1.279028,0.000000,5.796130,0.342525
test.enc.prompt.txt::01338,test.enc.prompt.txt::01338__row196,Because of your,1.0,content_diversity,mom we cant go,"lack of work, you are fired",kids thats why,habits we need to move,time here,-0.004,0.990,-0.055,-0.666,-0.140,19.273477,0.745383,0.244409,4.710613,0.182178,29.649525,1.773076,0.000000,7.246614,0.433356
test.enc.prompt.txt::01338,test.enc.prompt.txt::01338__row197,Because of your,0.0,content_diversity,your time was not spent will,the timing here,the time in here is crazy,how about that timing,time spent with others here is good,-0.042,0.929,-0.124,-0.704,-0.361,27.761875,1.511198,0.242214,6.724306,0.366033,48.667096,1.194629,0.000000,11.787836,0.289355
test.enc.prompt.txt::01339,test.enc.prompt.txt::01339__row198,"Oh God, that",1.0,content_diversity,explains it.,can't be true.,looks like a dead body.,looks like purse I lost.,looks like the guy who robbed me.,-0.035,0.940,-0.334,-0.686,-0.184,7.393355,0.408930,0.377397,2.790226,0.154329,36.247445,1.716196,0.000000,13.679660,0.647687
test.enc.prompt.txt::01339,test.enc.prompt.txt::01339__row199,"Oh God, that",0.0,content_diversity,looks like the person who stole from me.,looks like the dude that held me up.,looks like the man who took my money.,looks like the kid who stole my purse.,looks like the jerk that took my stuff.,-0.196,0.816,-0.728,-0.878,-0.384,28.585749,0.766274,0.395237,11.298143,0.302860,17.644776,0.532597,0.000000,6.973867,0.210502
test.enc.prompt.txt::00350,test.enc.prompt.txt::00350__row200,"Yeah, I study",1.0,content_diversity,every other day,during the weekends,so that i can pass my exams,to gain knowledge,to know more,-0.007,0.989,-0.104,-0.699,-0.231,20.569781,0.873263,0.448879,9.233350,0.391990,18.780202,0.831514,0.000000,8.430045,0.373249
test.enc.prompt.txt::00350,test.enc.prompt.txt::00350__row201,"Yeah, I study",0.0,content_diversity,to get an A,To have the highest score possible,to get good grades,for my exams,for better grade in my exam,-0.026,0.954,-0.287,-0.775,-0.412,6.254168,0.548410,0.423923,2.651285,0.232483,61.750928,1.137531,0.000000,26.177634,0.482225
test.enc.prompt.txt::00351,test.enc.prompt.txt::00351__row202,Pop it open.,1.0,content_diversity,my friend,or else,if you think you can,like a champagne bottle on new year's eve,in order to complete your task,0.000,0.991,-0.062,-0.577,-0.153,11.846817,1.229268,0.250809,2.971286,0.308311,49.325557,1.618442,0.000000,12.371282,0.405920
test.enc.prompt.txt::00351,test.enc.prompt.txt::00351__row203,Pop it open.,0.0,content_diversity,buddy,my dude,bucko,pal,my amigo,-0.010,0.371,-0.288,-0.618,-0.325,28.703731,6.782800,0.019595,0.562458,0.132911,23.926260,3.075923,0.000000,0.468842,0.060274
test.enc.prompt.txt::00352,test.enc.prompt.txt::00352__row204,"Mr. President, it's",1.0,content_diversity,raining outside,time to go,not within your jurisdiction,the President of France,wife on the phone,-0.005,0.788,-0.144,-0.544,-0.109,9.356760,0.381469,0.450968,4.219604,0.172031,40.994017,1.867600,0.000000,18.487010,0.842229
test.enc.prompt.txt::00352,test.enc.prompt.txt::00352__row205,"Mr. President, it's",0.0,content_diversity,the First Lady calling you,your spouse waiting on the phone,Mrs. President waiting to speak with you,the mother of your children wanting to talk to you,a phone call from your significant other,-0.035,0.943,-0.304,-0.767,-0.383,43.901947,1.164957,0.435666,19.126590,0.507532,19.357661,0.278133,0.000000,8.433477,0.121173
test.enc.prompt.txt::00353,test.enc.prompt.txt::00353__row206,Who's flying the,1.0,content_diversity,airplane so low to the ground?,drone and making so much noise at 5:00 AM on a Sunday?,kite close to that tree.  They are going to get tangled in the branches?,hot air ballon that almost landed in my strawberry field?,helicopter that is going to take us to the Grand Canyon?,-0.034,0.950,-0.120,-0.713,-0.168,42.499792,0.644234,0.475619,20.213713,0.306410,72.945265,0.606509,0.000000,34.694161,0.288467
test.enc.prompt.txt::00353,test.enc.prompt.txt::00353__row207,Who's flying the,0.0,content_diversity,loud drone that keeps circling my house so early on this Sunday?,annoying drone?  5:00 AM is much too early to be making so much noise.,noisy little drone over my house early this morning?,toy drone outside my window on a Sunday morning?,drone that is buzzing over my backyard before light at 5:00?,-0.050,0.926,-0.357,-0.953,-0.536,31.088952,0.577007,0.424583,13.199828,0.244987,64.625005,0.765451,0.000000,27.438653,0.324997
test.enc.prompt.txt::00354,test.enc.prompt.txt::00354__row208,"Uh, we got",1.0,content_diversity,a ticket from that cop that pulled us over.,suspended from school for our senior day prank.,two tickets for the Superbowl so only we can go.,arrested for drinking in public in San Antonio last weekend.,in trouble for getting bad grades and now we are both grounded.,-0.019,0.967,-0.189,-0.630,-0.209,0.218696,0.119523,0.486317,0.106356,0.058126,46.405516,0.721624,0.000000,22.567808,0.350938
test.enc.prompt.txt::00354,test.enc.prompt.txt::00354__row209,"Uh, we got",0.0,content_diversity,bad grades and now we are grounded.,bad grades and our parents are really mad at us.,bad marks on our report card and we are both in a lot of trouble.,a bad report card from school and we are grounded.,bad grades because our teachers do not like that we talk to each other during class.,-0.101,0.885,-0.418,-0.868,-0.559,14.919416,0.443167,0.483026,7.206461,0.214061,84.788101,0.586951,0.000000,40.954831,0.283513
test.enc.prompt.txt::00355,test.enc.prompt.txt::00355__row210,It was a,1.0,content_diversity,Cold and frosty morning,a starry night,a great tragedy,a huge achievement for the team,start which lead into something good,-0.016,0.982,-0.099,-0.651,-0.242,2.638787,0.864157,0.333413,0.879807,0.288121,64.028675,0.994410,0.000000,21.348015,0.331550
test.enc.prompt.txt::00355,test.enc.prompt.txt::00355__row211,It was a,0.0,content_diversity,Sad moment,Upsetting and tiresome time,loss to the entire community,a huge blow to the team,catastrophe on which they had never seen before,-0.012,0.974,-0.046,-0.667,-0.474,6.497608,0.821102,0.318935,2.072314,0.261878,74.519124,1.436502,0.000000,23.766749,0.458151
test.enc.prompt.txt::00356,test.enc.prompt.txt::00356__row212,General Greely says,1.0,content_diversity,go West!,get in line,don’t quit!,Be a good soldier,Don’t be a hero,-0.005,0.787,-0.185,-0.694,-0.167,15.300520,1.106650,0.207402,3.173365,0.229522,14.559362,3.841396,0.000000,3.019647,0.796715
test.enc.prompt.txt::00356,test.enc.prompt.txt::00356__row213,General Greely says,0.0,content_diversity,Salute me!,Pivot left!,Go to Grub Hall,Jump in the trenches,Hoorah soldier!,0.000,0.800,-0.052,-0.670,-0.306,20.412912,1.402500,0.124022,2.531650,0.173941,26.145190,2.075907,0.000000,3.242578,0.257458
test.enc.prompt.txt::00357,test.enc.prompt.txt::00357__row214,The Chief Justice?,1.0,content_diversity,looks sexy in his robes.,eats salami sandwiches for lunch most days.,was in a car accident many years ago.,wishes he had gone to podiatry school instead.,grows turnips in his garden.,-0.019,0.975,-0.154,-0.522,-0.054,13.618509,0.152367,0.367566,5.005699,0.056005,25.853908,1.223512,0.000000,9.503013,0.449721
test.enc.prompt.txt::00357,test.enc.prompt.txt::00357__row215,The Chief Justice?,0.0,content_diversity,loves cold cuts on his lunch hour.,"tried smoked turkey one week, but didn't much care for it.","sometimes adds a slice of raw onion, much to the dismay of the court after reconvening for the afternoon.",has a very high cholesterol percentage.,should try salads for a change.,-0.013,0.967,-0.188,-0.635,-0.153,63.629361,0.663825,0.322558,20.524160,0.214122,110.098057,0.750579,0.000000,35.513009,0.242105
test.enc.prompt.txt::00358,test.enc.prompt.txt::00358__row216,The rest of,1.0,content_diversity,the day was boring after the meeting.,the eggs in the carton were broken.,the season isn't as good.,the players couldn't keep up.,the guitars sound much better.,-0.057,0.959,-0.323,-0.580,-0.177,-0.315854,0.077471,0.466713,-0.147413,0.036157,26.112827,0.838983,0.000000,12.187192,0.391564
test.enc.prompt.txt::00358,test.enc.prompt.txt::00358__row217,The rest of,0.0,content_diversity,the day was eneventful.,the day following the meeting was dull.,the workday was pretty boring.,the day was fairly uneventful.,the day after the meeting was pretty dull.,-0.170,0.810,-0.602,-0.837,-0.525,13.602204,0.365079,0.448084,6.094933,0.163586,46.281177,2.518662,0.000000,20.737864,1.128573
test.enc.prompt.txt::00359,test.enc.prompt.txt::00359__row218,How many others,1.0,content_diversity,Are here?,will cut me off?,arrived early?,enjoy shrimp and chips?,really love raising cats?,0.000,0.800,-0.293,-0.632,-0.103,-9.714213,-0.424364,0.239546,-2.327000,-0.101655,29.502798,4.018664,0.000000,7.067275,0.962655
test.enc.prompt.txt::00359,test.enc.prompt.txt::00359__row219,How many others,0.0,content_diversity,are vegan?,love to eat steak?,will order shrimp on the menu?,got shrimp on Valentines Day?,ate out on their birthday?,-0.019,0.961,-0.306,-0.740,-0.215,14.388739,0.425355,0.312192,4.492047,0.132792,38.395953,1.040243,0.000000,11.986903,0.324755
test.enc.prompt.txt::00360,test.enc.prompt.txt::00360__row220,"Tower, Air Force",1.0,content_diversity,One do you read me?,is headed home.,is rising altitude quickly,wants to know if we're clear for landing,sees no obstacles in our path.,-0.006,0.992,-0.084,-0.561,-0.150,19.742162,0.753851,0.255999,5.053966,0.192985,24.999439,2.146616,0.000000,6.399822,0.549531
test.enc.prompt.txt::00360,test.enc.prompt.txt::00360__row221,"Tower, Air Force",0.0,content_diversity,hears you loud and clear,is ready for landing,wants to know if we are good to go,sees no obstacles in our way,plans to go home now,-0.012,0.971,-0.054,-0.561,-0.233,30.463675,0.967909,0.319508,9.733382,0.309255,32.585355,1.719852,0.000000,10.411275,0.549506
test.enc.prompt.txt::00361,test.enc.prompt.txt::00361__row222,This is Romeo,1.0,content_diversity,from Seattle.,he transferred here from the town over.,my cousin from LA.,he is my boyfriend.,we met at school.,-0.025,0.962,-0.346,-0.658,-0.234,19.202235,0.767978,0.283334,5.440640,0.217594,52.554585,1.280357,0.000000,14.890483,0.362768
test.enc.prompt.txt::00361,test.enc.prompt.txt::00361__row223,This is Romeo,0.0,content_diversity,He move here from the city next to ours.,He moved to here from the town next to our town.,He transferred here from close by.,He was moved here to help fill in from the town over.,He change jobs to move here from a nearby city.,-0.128,0.847,-0.548,-0.953,-0.680,50.924765,1.204270,0.287984,14.665496,0.346810,69.702309,1.098688,0.000000,20.073121,0.316404
test.enc.prompt.txt::00362,test.enc.prompt.txt::00362__row224,Here's a press,1.0,content_diversity,release that Patagonia released.,clipping from the New York Times.,release that Justin Bieber released on Instagram.,pass for the Trump campaign event.,statement by the CEO of Microsoft.,-0.026,0.957,-0.272,-0.660,-0.196,8.173167,0.102593,0.511104,4.177336,0.052436,31.499442,0.978005,0.000000,16.099482,0.499862
test.enc.prompt.txt::00362,test.enc.prompt.txt::00362__row225,Here's a press,0.0,content_diversity,statement Justin Bieber had to make after making racist comment.,release that Justin Bieber released before his album release.,statement that Justin Bieber released for his fans about his new singles.,statement that Justin Bieber put out on the birth of his baby.,release that Justin Bieber was forced to put out after making those offensive comments.,-0.136,0.830,-0.445,-0.956,-0.629,39.815832,0.628973,0.512619,20.410343,0.322423,26.789824,0.434544,0.000000,13.732967,0.222756
test.enc.prompt.txt::00363,test.enc.prompt.txt::00363__row226,I'm responsible for,1.0,content_diversity,babysitting my younger brother.,picking up my son from school at 3 o' clock.,making the schedule for employees at work.,paying my utility bill each month.,taking care of my cats.,-0.023,0.975,-0.257,-0.622,-0.171,10.517972,0.101574,0.551563,5.801328,0.056025,37.763964,0.500408,0.000000,20.829221,0.276007
test.enc.prompt.txt::00363,test.enc.prompt.txt::00363__row227,I'm responsible for,0.0,content_diversity,assigning shifts to the employees at work.,figuring out the weekly schedule at work.,making up the employee shift schedule.,working out the schedule for all of the employees.,putting shifts on the weekly work schedule for each employee.,-0.087,0.883,-0.466,-0.965,-0.731,12.410142,0.390053,0.538120,6.678149,0.209895,36.254439,0.370484,0.000000,19.509248,0.199365
test.enc.prompt.txt::00364,test.enc.prompt.txt::00364__row228,Leave my daughter,1.0,content_diversity,a note and I'll make sure she gets it.,at the alter and you're a dead man.,alone or I will make sure you regret it.,something in the fridge she can eat for dinner.,at school by 8 am so she isn't late.,-0.025,0.954,-0.053,-0.589,-0.126,-1.838668,-0.123658,0.512281,-0.941915,-0.063347,37.031886,1.028715,0.000000,18.970743,0.526991
test.enc.prompt.txt::00364,test.enc.prompt.txt::00364__row229,Leave my daughter,0.0,content_diversity,food that she can easily cook for supper.,something to eat because she will be hungry.,some snacks or something to munch on.,an easy meal she can make for herself.,A slice or two of pizza shecn have for dinner.,-0.031,0.950,-0.253,-0.881,-0.406,-11.984989,-0.148216,0.417163,-4.999692,-0.061830,116.511361,2.341606,0.000000,48.604215,0.976831
test.enc.prompt.txt::00365,test.enc.prompt.txt::00365__row230,What do you,1.0,content_diversity,think is the purpose of his visit?,suppose we should do about it?,mean by that?,want to do when we go camping?,like the most about hiking?,-0.013,0.971,-0.134,-0.734,-0.319,3.660465,0.326455,0.466137,1.706279,0.152173,32.535899,0.773577,0.000000,15.166195,0.360593
test.enc.prompt.txt::00365,test.enc.prompt.txt::00365__row231,What do you,0.0,content_diversity,think is the best resolution?,suggest we do to handle this?,feel is the proper route to take?,hope to achieve by handling this?,fear you will lose if you don't come up with a solution?,-0.024,0.960,-0.331,-0.774,-0.533,6.946537,0.478758,0.470810,3.270499,0.225404,45.238589,0.525330,0.000000,21.298782,0.247331
test.enc.prompt.txt::00366,test.enc.prompt.txt::00366__row232,Shall I begin,1.0,content_diversity,It feels like forever,It's taking too long,I can't wait to get started,Everyone is set,The report is ready,-0.006,0.990,-0.107,-0.643,-0.329,25.622700,1.246459,0.273385,7.004869,0.340763,21.000420,1.921293,0.000000,5.741206,0.525253
test.enc.prompt.txt::00366,test.enc.prompt.txt::00366__row233,Shall I begin,0.0,content_diversity,I'm so excited about starting,I'm so hyped about getting started,I'm looking forward to getting started,My expectations are so high about getting started,I can't explain my anticipation for getting started,-0.097,0.883,-0.484,-0.963,-0.745,41.308033,1.102987,0.387167,15.993108,0.427040,48.001744,0.709985,0.000000,18.584693,0.274883
test.enc.prompt.txt::00367,test.enc.prompt.txt::00367__row234,Nor will there,1.0,content_diversity,be light in your house.,be someone to pick you up at the airport.,be people to support you.,be money in your checking account.,your mom telling you what to do.,-0.056,0.930,-0.317,-0.714,-0.152,-3.228170,-0.154261,0.424506,-1.370378,-0.065485,46.522268,1.678597,0.000000,19.748991,0.712575
test.enc.prompt.txt::00367,test.enc.prompt.txt::00367__row235,Nor will there,0.0,content_diversity,be your friends waiting for you at the finish line.,be your classmate who will help you finish your assignment.,be your sister rooting for you during your run.,be your best friend who will hold your hair while you are throwing up in the toilet.,be your coworkers who will tag team with you to finish that project.,-0.115,0.896,-0.448,-0.831,-0.432,26.626265,0.516471,0.481691,12.825638,0.248779,44.681279,0.796476,0.000000,21.522580,0.383655
test.enc.prompt.txt::00368,test.enc.prompt.txt::00368__row236,Now since we've,1.0,content_diversity,been here someone has walked by five times.,dating I've been really happy.,been sitting here you've yelled at me 5 times.,"seen here, that's a lie.","failed, we can try again.",-0.013,0.975,-0.236,-0.688,-0.203,15.986040,0.195484,0.333784,5.335878,0.065249,23.495624,1.602708,0.000000,7.842454,0.534958
test.enc.prompt.txt::00368,test.enc.prompt.txt::00368__row237,Now since we've,0.0,content_diversity,"messed up, let's try it again.","failed the experiment, let's restart.","failed, let's reboot the system.","messed it up, let's reboot the system.","failed, let's try again tomorrow.",-0.117,0.810,-0.552,-0.953,-0.656,19.997371,0.546048,0.431912,8.637105,0.235845,25.535020,0.695394,0.000000,11.028882,0.300349
test.enc.prompt.txt::00369,test.enc.prompt.txt::00369__row238,Thank you for,1.0,content_diversity,Telling me I have the best smile you have seen all day,Stopping to help that older woman cross the street,Helping to watch the kids while I run errands,taking me out to dinner,all the work you have done for the team.,-0.038,0.940,-0.057,-0.586,-0.112,20.125886,0.417175,0.478096,9.622101,0.199450,46.616169,0.442471,0.000000,22.286992,0.211543
test.enc.prompt.txt::00369,test.enc.prompt.txt::00369__row239,Thank you for,0.0,content_diversity,allowing me to go out alone.,"saving my sanity, by not having my wild kids while I am running errands.",letting me run an errand with no meltdowns.,giving time to myself to get things done.,knowing I needed some time to myself.,-0.032,0.946,-0.299,-0.746,-0.515,26.007853,0.468236,0.398023,10.351714,0.186368,111.426016,0.770890,0.000000,44.350078,0.306832
test.enc.prompt.txt::00370,test.enc.prompt.txt::00370__row240,* CBS said,1.0,content_diversity,They had bad news this evening,They were actively reporting the story,the news was delayed until tomorrow,the suspect was still at large,the politician was going to appear on the news tomorrow,-0.049,0.934,-0.134,-0.718,-0.246,19.452514,0.761127,0.425116,8.269580,0.323567,43.017842,0.799200,0.000000,18.287584,0.339753
test.enc.prompt.txt::00370,test.enc.prompt.txt::00370__row241,* CBS said,0.0,content_diversity,the guest would appear shortly,the event was a tragic happening,they would bring in more info as soon as they had it,they had breaking news to report,they would be back shortly after the break,-0.038,0.933,-0.031,-0.695,-0.366,33.628682,0.846032,0.454143,15.272245,0.384220,30.950402,1.062357,0.000000,14.055921,0.482463
test.enc.prompt.txt::00371,test.enc.prompt.txt::00371__row242,With all due,1.0,content_diversity,"respect, no.","respect, you are wrong.","respect, that's a lie.","respect, you are a robot.","respect, that isn't a car.",-0.095,0.873,-0.448,-0.897,-0.559,-5.763377,-0.280058,0.501641,-2.891147,-0.140489,32.458670,1.140491,0.000000,16.282606,0.572117
test.enc.prompt.txt::00371,test.enc.prompt.txt::00371__row243,With all due,0.0,content_diversity,"respect, that isn't true.","respect, that isn't quite accurate.","respect, that's false.","respect, that's not quite right.","respect, that is an bald-faced lie.",-0.107,0.862,-0.561,-0.965,-0.800,-5.143942,-0.030918,0.542521,-2.790699,-0.016774,47.950053,1.188643,0.000000,26.013927,0.644864
test.enc.prompt.txt::00372,test.enc.prompt.txt::00372__row244,"Mr. President, how",1.0,content_diversity,do you do it. You're incredible.,do you manage to make a fool out of yourself every time you go in front of an audience?,are you doing this morning? It was a busy day yesterday.,come you didn't invite your wife to the ceremony?,are you going to fix the U.S. economy?,-0.043,0.943,-0.233,-0.652,-0.100,12.423267,0.062369,0.551018,6.845440,0.034367,46.299153,1.033375,0.000000,25.511654,0.569408
test.enc.prompt.txt::00372,test.enc.prompt.txt::00372__row245,"Mr. President, how",0.0,content_diversity,come every time you go on stage I have to hear about it afterwards?,do you manage to be such an entertaining character?,did you get to office?,do you live with yourself?,are you going to spend the holidays? Golfing I presume?,-0.048,0.953,-0.206,-0.698,-0.234,-21.882077,-0.091857,0.518649,-11.349118,-0.047642,103.343323,1.100319,0.000000,53.598916,0.570680
test.enc.prompt.txt::00373,test.enc.prompt.txt::00373__row246,It's got to,1.0,content_diversity,"be right, I mean I went over it a hundred times.",the biggest highlight of my career.,be perfect with 100% precision.,the most hilarious thing I've ever seen.,be drilled into your mind that that is the way it's done.,-0.014,0.971,-0.145,-0.674,-0.361,-5.971399,0.200184,0.463465,-2.767537,0.092779,49.699248,1.036332,0.000000,23.033887,0.480304
test.enc.prompt.txt::00373,test.enc.prompt.txt::00373__row247,It's got to,0.0,content_diversity,be what made me stood out at my job.,the thing that made me most recognized at the office.,be what I'm most well known for at work.,be what's given me the prestige among all coworkers.,be the most spoken about achievement at work.,-0.063,0.914,-0.421,-0.859,-0.635,33.167840,0.699094,0.378025,12.538260,0.264275,45.017988,0.733616,0.000000,17.017908,0.277325
test.enc.prompt.txt::00374,test.enc.prompt.txt::00374__row248,His name's David,1.0,content_diversity,so he must be the one we are looking for,he was named from the Bible,he is named after his father,that must be a family name because it is not a modern name,he is the convict I heard about,-0.044,0.932,-0.077,-0.661,-0.286,25.037797,0.659917,0.362309,9.071426,0.239094,65.221171,1.302801,0.000000,23.630236,0.472017
test.enc.prompt.txt::00374,test.enc.prompt.txt::00374__row249,His name's David,0.0,content_diversity,he is the one that escaped from prison,he spent most of his life in prision,he has not had a good life outside of prison bars,the guy who escaped from prision,the man you read about who escaped from prision,-0.076,0.892,-0.352,-0.807,-0.374,63.388793,1.604828,0.340345,21.574068,0.546196,67.270440,1.131600,0.000000,22.895168,0.385134
test.enc.prompt.txt::00375,test.enc.prompt.txt::00375__row250,"Ted, we're taking",1.0,content_diversity,taking your life,your kids away,a stool sample,the house,off a leg,-0.013,0.571,-0.142,-0.572,-0.182,5.164228,0.062142,0.299552,1.546957,0.018615,23.756731,3.067114,0.000000,7.116385,0.918761
test.enc.prompt.txt::00375,test.enc.prompt.txt::00375__row251,"Ted, we're taking",0.0,content_diversity,your breath away,everything you hold dear including your life,your existence,everything and going to kill you,soul,-0.024,0.958,0.059,-0.686,-0.264,16.063690,-0.935464,0.284607,4.571845,-0.266240,34.514936,8.496347,0.000000,9.823207,2.418123
test.enc.prompt.txt::00376,test.enc.prompt.txt::00376__row252,I've never used,1.0,content_diversity,lipstick.,my car's GPS.,a Mac computer; I've always been a Windows person.,"a chainsaw, but I would like to cut down a tree someday.","non-United States currency, except for online purchases.",-0.006,0.981,-0.233,-0.547,-0.080,-4.909827,-0.017123,0.384188,-1.886296,-0.006578,81.490750,2.368986,0.000000,31.307762,0.910136
test.enc.prompt.txt::00376,test.enc.prompt.txt::00376__row253,I've never used,0.0,content_diversity,I get lost a lot but still haven't take the time to figure out the GPS.,I use maps instead of the GPS.,"I sometimes pull up Google maps on my phone, but don't use the GPS.","I have a great sense of direction, so I just drive off and don't try to figure out how to get somewhere.",I need to have my brother show me how to set up the GPS in my car.,-0.079,0.901,-0.347,-0.887,-0.299,41.026415,0.667331,0.389754,15.990219,0.260095,76.758800,0.386133,0.000000,29.917068,0.150497
test.enc.prompt.txt::00377,test.enc.prompt.txt::00377__row254,The word is,1.0,content_diversity,not to be spoken,not up for discussion,easy to spell,simple to memorize,fun to say,-0.042,0.753,-0.173,-0.665,-0.310,8.957789,0.396398,0.401150,3.593417,0.159015,26.043791,1.111757,0.000000,10.447466,0.445981
test.enc.prompt.txt::00377,test.enc.prompt.txt::00377__row255,The word is,0.0,content_diversity,is not to be debated,is not for you to ask questions about,final,the only thing you need to worry about,the one and only truth,-0.030,0.932,-0.071,-0.589,-0.387,32.877457,2.175155,0.308976,10.158359,0.672072,28.138119,2.653643,0.000000,8.694015,0.819913
test.enc.prompt.txt::00378,test.enc.prompt.txt::00378__row256,"Elaine, I'm going",1.0,content_diversity,so be ready when I get back,so you wont see me ever again,I will be back later,and don't come looking for me when you feel bad,to the supermarket,-0.020,0.956,-0.074,-0.678,-0.180,27.561007,0.858776,0.402336,11.088792,0.345517,51.470753,0.825824,0.000000,20.708549,0.332259
test.enc.prompt.txt::00378,test.enc.prompt.txt::00378__row257,"Elaine, I'm going",0.0,content_diversity,make sure you are fully dressed when I get back,make sure you have your shoes on when I return,make sure you have showered by the time I get back,I will see you when I return,I expect that you will be ready to go when I get back,-0.162,0.804,-0.457,-0.882,-0.539,46.137342,1.170083,0.442118,20.398155,0.517315,38.665757,0.771001,0.000000,17.094832,0.340873
test.enc.prompt.txt::00379,test.enc.prompt.txt::00379__row258,"Ted, we've only",1.0,content_diversity,just begun.,had four children.,got each other.,enough food left for this week.,a few more days until vacation!,0.000,1.000,-0.205,-0.596,-0.271,-6.295707,-0.005556,0.493338,-3.105909,-0.002741,50.178536,0.655315,0.000000,24.754959,0.323291
test.enc.prompt.txt::00379,test.enc.prompt.txt::00379__row259,"Ted, we've only",0.0,content_diversity,got to get through this week before our honeymoon!,a bit more work to do until our trip!,a couple days until we leave for Hawaii!,got to stomach a few hours at work before we go to Europe!,a few days left in our schedules prior to our road trip!,-0.054,0.921,-0.354,-0.843,-0.518,22.722219,0.594379,0.432043,9.816986,0.256797,60.748767,0.846555,0.000000,26.246108,0.365748
test.enc.prompt.txt::00380,test.enc.prompt.txt::00380__row260,"So you see,",1.0,content_diversity,I am beautiful.,he got away!,I am right!,there is a lot to live for.,"it is a plane, not a bird.",-0.034,0.934,-0.286,-0.585,-0.239,-4.427824,0.232316,0.277688,-1.229554,0.064511,29.437626,1.674739,0.000000,8.174476,0.465055
test.enc.prompt.txt::00380,test.enc.prompt.txt::00380__row261,"So you see,",0.0,content_diversity,I’m attractive.,my looks are the finest!,there’s nobody better looking than me.,I am cute.,my parents blessed me with great genetics!,-0.006,0.983,-0.338,-0.652,-0.510,11.199622,0.882478,0.281307,3.150534,0.248248,51.231250,2.088395,0.000000,14.411720,0.587481
test.enc.prompt.txt::00381,test.enc.prompt.txt::00381__row262,For the best,1.0,content_diversity,my new job is just too stressfull,this exercises are just killing,i have to deprive myself sleep just to make good grades,here i go again to take that painful injection i hate hospitals,i have no choice but to swallow the bitter pills,-0.028,0.955,-0.150,-0.675,-0.363,61.546460,1.236026,0.330012,20.311089,0.407904,72.116757,0.984693,0.000000,23.799417,0.324961
test.enc.prompt.txt::00381,test.enc.prompt.txt::00381__row263,For the best,0.0,content_diversity,i have no choice but to go to gym,i have some new clothes i must try on not with all this fat,well the physiotherapist recommended it,at least the ladies will love my new abs,my self esteem would finally be restored after this,-0.015,0.960,-0.115,-0.608,-0.242,46.047306,1.132159,0.312793,14.403260,0.354131,66.746210,0.657869,0.000000,20.877726,0.205777
test.enc.prompt.txt::00382,test.enc.prompt.txt::00382__row264,I guess this,1.0,content_diversity,hat is too big for your head,movie has a runtime of 3 hours,isn't the first time someone has told you that,is where I get off,time his luck ran out.,-0.009,0.982,-0.011,-0.537,-0.130,0.921642,-0.269974,0.458597,0.422662,-0.123809,36.787418,1.716480,0.000000,16.870600,0.787173
test.enc.prompt.txt::00382,test.enc.prompt.txt::00382__row265,I guess this,0.0,content_diversity,ain't your first rodeo,is something you're used to hearing,is a commonplace event for you,doesn't come as a surprise to you.,is probably the 700th time you've heard this today.,-0.018,0.969,-0.100,-0.712,-0.318,8.548310,0.494900,0.518638,4.433482,0.256674,67.367955,0.968852,0.000000,34.939607,0.502484
test.enc.prompt.txt::00383,test.enc.prompt.txt::00383__row266,Elaine! Ted's a,1.0,content_diversity,freaking idiot!!,"homosexual, he likes guys.",really smart guy.,mechanic at the local car repair shop.,maniac.,0.000,1.000,-0.283,-0.581,-0.107,4.611350,-0.759069,0.415873,1.917738,-0.315677,40.462214,2.723521,0.000000,16.827154,1.132640
test.enc.prompt.txt::00383,test.enc.prompt.txt::00383__row267,Elaine! Ted's a,0.0,content_diversity,"sharp guy, he teaches engineering","intellectual, he is very bright","genious, he has a really high IQ.",valedictorian of his class,intelligent man,-0.011,0.983,-0.135,-0.692,-0.394,34.124612,1.045489,0.393016,13.411512,0.410894,46.710469,0.746594,0.000000,18.357952,0.293423
test.enc.prompt.txt::00384,test.enc.prompt.txt::00384__row268,"Meet me onboard,",1.0,content_diversity,and we'll get drunk on free tequila.,so that we don't get lost on shore.,by the fiesta deck where our cabins are.,and we'll hook up after our spouses go to sleep.,or I'll turn into a pirate and make you walk the plank.,-0.021,0.964,-0.233,-0.686,-0.186,12.583833,0.430251,0.439575,5.531541,0.189128,43.675106,1.268901,0.000000,19.198495,0.557777
test.enc.prompt.txt::00384,test.enc.prompt.txt::00384__row269,"Meet me onboard,",0.0,content_diversity,you scurvy soul.,or I'll keelhaul you.,or Bluebeard's ghost will stalk the boards.,and we'll split up the booty.,"ye wretched cur, before I send ye to the briny deep.",-0.017,0.968,-0.188,-0.662,-0.253,-0.825708,0.072818,0.363614,-0.300239,0.026478,89.799990,1.477323,0.000000,32.652511,0.537175
test.enc.prompt.txt::00385,test.enc.prompt.txt::00385__row270,Can't we change,1.0,content_diversity,the radio station? I hate this song!,the subject?,the time we are going to eat? I don't want to be late.,the day of the party?,our attitudes towards fast food?,-0.033,0.963,-0.196,-0.681,-0.129,15.532392,0.572467,0.507077,7.876124,0.290285,57.190918,1.000425,0.000000,29.000220,0.507293
test.enc.prompt.txt::00385,test.enc.prompt.txt::00385__row271,Can't we change,0.0,content_diversity,where we are going to eat?,where we are going for lunch for Carol's birthday?,the gps from a fast food place?,the route home to avoid fast food?,our needs for fast food?,-0.060,0.881,-0.243,-0.818,-0.360,26.441769,0.590186,0.344897,9.119678,0.203553,68.884074,1.573485,0.000000,23.757888,0.542690
test.enc.prompt.txt::00386,test.enc.prompt.txt::00386__row272,My career is,1.0,content_diversity,so great that i can never imagine switching,coming to it's peak,making me get close to celebrities,very nice that i usually have time for myself,continually going to an end,-0.020,0.968,-0.020,-0.625,-0.255,16.033808,0.318589,0.407875,6.539797,0.129945,32.663441,1.081074,0.000000,13.322617,0.440943
test.enc.prompt.txt::00386,test.enc.prompt.txt::00386__row273,My career is,0.0,content_diversity,i really like meeting celebrities,i also like meeting new people,makes me feel like i am a celebrity,commands respect for me,work with people i never thought of,-0.043,0.939,-0.182,-0.700,-0.347,33.140580,1.173814,0.333326,11.046602,0.391262,27.482736,1.338830,0.000000,9.160698,0.446266
test.enc.prompt.txt::00387,test.enc.prompt.txt::00387__row274,"Come on up,",1.0,content_diversity,I'm in the bedroom.,I am waiting for you.,you are the next person in line.,what would you like to order today?,I am excited to see you.,-0.042,0.936,-0.267,-0.686,-0.272,-4.495075,-0.369058,0.519997,-2.337424,-0.191909,38.567300,2.049887,0.000000,20.054866,1.065934
test.enc.prompt.txt::00387,test.enc.prompt.txt::00387__row275,"Come on up,",0.0,content_diversity,I am on the bed waiting for you.,I am all alone.,the bed is warm and ready for you.,the door to my room is open.,I'm in the back bedroom.,-0.045,0.922,-0.365,-0.785,-0.327,4.271658,0.085395,0.434799,1.857311,0.037130,19.401179,0.984817,0.000000,8.435608,0.428197
test.enc.prompt.txt::00388,test.enc.prompt.txt::00388__row276,A couple eggs,1.0,content_diversity,hatched yesterday on the farm.,would make the perfect size omelette.,will be needed for this cake.,were violently thrown at the house.,were colored by the kids for Easter.,-0.026,0.967,-0.224,-0.548,-0.155,5.979288,0.229285,0.505537,3.022751,0.115912,22.357375,0.433463,0.000000,11.302481,0.219132
test.enc.prompt.txt::00388,test.enc.prompt.txt::00388__row277,A couple eggs,0.0,content_diversity,can be fun to play around with on holiday.,were scattered around the yard for the children.,"were colored red, white and blue.",could be seen by the youngsters.,turned into toys for the group of kids.,-0.025,0.956,-0.224,-0.669,-0.355,-6.227391,-0.080457,0.455944,-2.839339,-0.036684,40.704982,1.107311,0.000000,18.559179,0.504871
test.enc.prompt.txt::00389,test.enc.prompt.txt::00389__row278,He's carrying a,1.0,content_diversity,bag with esoteric jewels hidden,"human body, unconscious and alive, but the dead weight is overwhelming",cat named Mew that he cherishes deeply,few trinkets modified to boost his attributes,key to the door of the final boss,-0.006,0.984,-0.124,-0.567,-0.223,26.295123,0.475898,0.378184,9.944390,0.179977,87.697119,1.263485,0.000000,33.165632,0.477830
test.enc.prompt.txt::00389,test.enc.prompt.txt::00389__row279,He's carrying a,0.0,content_diversity,bag of enchanted stones out of plain view,bag of unusual trinkets unbeknownst to his peers,bag with high quality items in a secret compartment,bag with sacred jewels hidden,"bag with ideal jewels, stowed away",-0.055,0.936,-0.252,-0.877,-0.587,37.666086,0.817343,0.348091,13.111228,0.284510,44.471479,1.232391,0.000000,15.480124,0.428984
test.enc.prompt.txt::00390,test.enc.prompt.txt::00390__row280,"Whenever your're ready,",1.0,content_diversity,Dude,I will follow,Just call me,and don't make any mistakes,fire it up,0.000,1.000,-0.108,-0.596,-0.253,6.347721,0.018259,0.255732,1.623315,0.004669,25.869834,5.861910,0.000000,6.615741,1.499077
test.enc.prompt.txt::00390,test.enc.prompt.txt::00390__row281,"Whenever your're ready,",0.0,content_diversity,and let the party start,and speak the truth,and grill me some steaks,and then let's get outta here,and lets get moving,-0.051,0.950,-0.208,-0.701,-0.169,28.202242,1.114771,0.313158,8.831761,0.349099,24.484993,0.953254,0.000000,7.667674,0.298519
test.enc.prompt.txt::00391,test.enc.prompt.txt::00391__row282,You folks need,1.0,content_diversity,to take a shower as soon as possible.,to eat!,to go travel around the world for a little bit.,to learn more about people from different backgrounds.,be more careful when you are driving.,-0.025,0.966,-0.153,-0.609,-0.139,-1.157906,0.075576,0.458023,-0.530348,0.034616,29.645304,4.232174,0.000000,13.578232,1.938433
test.enc.prompt.txt::00391,test.enc.prompt.txt::00391__row283,You folks need,0.0,content_diversity,to clean up a little bit.,to freshen up.,to make sure you are tidy before going out.,focus on your hygiene for many reasons.,to clean yourselves before going on the bus.,-0.042,0.937,-0.321,-0.828,-0.484,4.864184,0.294168,0.450894,2.193233,0.132639,67.610445,1.140278,0.000000,30.485172,0.514145
test.enc.prompt.txt::00392,test.enc.prompt.txt::00392__row284,"Say, isn't that",1.0,content_diversity,the guy from the bar?,"special, tell me something I didn't know!",the wrong way go about getting revenge?,the family next door going into the open house?,car going way too fast?,-0.025,0.964,-0.105,-0.638,-0.102,10.548490,-0.114979,0.429994,4.535785,-0.049440,74.393998,0.631439,0.000000,31.988958,0.271515
test.enc.prompt.txt::00392,test.enc.prompt.txt::00392__row285,"Say, isn't that",0.0,content_diversity,something you've told me a million times.,information which is of no use to me at all.,interesting and absolutely worthless.,about the dumbest thing I've ever heard.,"nice, if it actually had any impact on me whatsoever.",-0.007,0.989,-0.124,-0.627,-0.343,1.341130,0.213290,0.479410,0.642951,0.102253,67.769935,0.967642,0.000000,32.489599,0.463897
test.enc.prompt.txt::00393,test.enc.prompt.txt::00393__row286,"You're tired, Striker,",1.0,content_diversity,let someone else land the plane.,you don't make good decisions when you are exhausted like this.,go get some rest.,"no one will fault you if you quit, now.",do you think you can handle this without falling asleep?,-0.022,0.970,-0.164,-0.709,-0.382,-4.845220,0.072794,0.569709,-2.760364,0.041471,46.630867,1.067342,0.000000,26.566014,0.608074
test.enc.prompt.txt::00393,test.enc.prompt.txt::00393__row287,"You're tired, Striker,",0.0,content_diversity,why don't you take a nap before you leave.,you should go lay down and try to sleep.,a good night's sleep would do you some good.,take the day off and rest up.,go home and go to bed.,-0.030,0.940,-0.241,-0.842,-0.690,9.945953,0.137130,0.590322,5.871310,0.080951,28.874512,0.438799,0.000000,17.045246,0.259033
test.enc.prompt.txt::00394,test.enc.prompt.txt::00394__row288,No. I mean,1.0,content_diversity,that is all wrong!,you aren't understanding me.,something is wrong here.,I don't want to go with you.,everything is fine.,-0.020,0.973,-0.346,-0.712,-0.388,3.329590,-0.018475,0.440860,1.467884,-0.008145,19.055026,1.403922,0.000000,8.400603,0.618933
test.enc.prompt.txt::00394,test.enc.prompt.txt::00394__row289,No. I mean,0.0,content_diversity,it's all good.,it all worked out for the best.,its great!,there are no more problems.,this is wonderful.,-0.004,0.990,-0.356,-0.686,-0.644,9.819330,0.737555,0.355576,3.491522,0.262257,16.110584,2.294617,0.000000,5.728543,0.815912
test.enc.prompt.txt::00395,test.enc.prompt.txt::00395__row290,"Shep, sit...sit! So,",1.0,content_diversity,what were we talking about again?,let's get back to work everyone.,we can move on to something else now.,"there is nothing to see here, let's keep going.",did you see that fireball in the sky last night?,-0.016,0.974,-0.082,-0.667,-0.240,8.203252,0.323568,0.539736,4.427594,0.174641,48.884064,0.918113,0.000000,26.384511,0.495539
test.enc.prompt.txt::00395,test.enc.prompt.txt::00395__row291,"Shep, sit...sit! So,",0.0,content_diversity,I saw a big bright light in the sky last night.,did you hear a huge boom outside?,I have no idea what that fireball was.,let me go ahead and report the fireball to the local news.,there is no explanation to that fireball yesterday.,-0.024,0.956,-0.261,-0.746,-0.313,23.680940,0.578272,0.426872,10.108727,0.246848,55.473770,0.966263,0.000000,23.680192,0.412471
test.enc.prompt.txt::00396,test.enc.prompt.txt::00396__row292,...but after...awhile...you begin,1.0,content_diversity,to get tired of the whole thing,"to get used to it, and it gets easier and easier","to bleed, and you have to go to the hospital",to understand why she did the things she did,to know what your true life's passion is,-0.051,0.923,-0.219,-0.678,-0.162,7.615691,0.122050,0.600874,4.576070,0.073337,40.043012,0.898512,0.000000,24.060803,0.539893
test.enc.prompt.txt::00396,test.enc.prompt.txt::00396__row293,...but after...awhile...you begin,0.0,content_diversity,to get weary of doing it over and over,to realize the whole thing is very tiring and dull,to get more and more sleepy and drained,to not want to do it anymore,to become tired of the drudgery,-0.051,0.924,-0.314,-0.789,-0.684,25.356671,0.624189,0.526599,13.352804,0.328697,47.125567,0.748380,0.000000,24.816288,0.394096
test.enc.prompt.txt::00397,test.enc.prompt.txt::00397__row294,"Captain, how soon",1.0,content_diversity,do we shit out?,until we leave?,until we line up for formation?,until chow time?,is quitting time?,-0.044,0.933,-0.348,-0.753,-0.407,7.269396,0.090557,0.293456,2.133249,0.026574,31.465225,2.041767,0.000000,9.233663,0.599169
test.enc.prompt.txt::00397,test.enc.prompt.txt::00397__row295,"Captain, how soon",0.0,content_diversity,can we be relived from duty?,can I stop thinking of taking this uniform off?,until you release your control of us?,until the end of the day?,do you want us to leave your presence?,-0.018,0.961,-0.264,-0.713,-0.430,5.985736,0.142914,0.437550,2.619061,0.062532,41.369946,0.728233,0.000000,18.101438,0.318639
test.enc.prompt.txt::00398,test.enc.prompt.txt::00398__row296,"What is it,",1.0,content_diversity,is it alive?,can I eat it?,where did you get it?,maybe you should leave it.,it looks interesting.,-0.025,0.960,-0.315,-0.702,-0.242,5.505419,0.263501,0.370516,2.039846,0.097631,29.710482,0.786941,0.000000,11.008209,0.291574
test.enc.prompt.txt::00398,test.enc.prompt.txt::00398__row297,"What is it,",0.0,content_diversity,I can't believe they would serve that at this restaurant.,It barely looks edible.,who would want to eat that?,it has an interesting color.,maybe we should ask the server if we can eat it.,-0.007,0.978,-0.249,-0.736,-0.250,16.614138,0.791515,0.353435,5.872010,0.279749,41.976289,1.287957,0.000000,14.835870,0.455208
test.enc.prompt.txt::00399,test.enc.prompt.txt::00399__row298,I know things,1.0,content_diversity,that I'm not supposed to know.,that others don't.,that make life easier.,known by everybody else.,are not what they seem.,-0.018,0.973,-0.177,-0.616,-0.330,-13.571314,-0.536980,0.525917,-7.137388,-0.282407,42.750286,1.807391,0.000000,22.483113,0.950538
test.enc.prompt.txt::00399,test.enc.prompt.txt::00399__row299,I know things,0.0,content_diversity,are different than they look.,aren't what you think.,to be different than what you believe.,are completely off kilter.,that aren't the way you think.,-0.048,0.910,-0.227,-0.747,-0.638,4.170152,0.087451,0.500046,2.085267,0.043729,31.834210,1.133352,0.000000,15.918566,0.566728
test.enc.prompt.txt::00400,test.enc.prompt.txt::00400__row300,It's the truth.,1.0,content_diversity,I didn't know him before that day.,Mermaids are real.,I've never traveled out of this state.,I was adopted.,I used to be a man.,-0.012,0.985,-0.287,-0.621,-0.208,1.340551,-0.110990,0.410762,0.550647,-0.045591,37.606936,0.895266,0.000000,15.447488,0.367741
test.enc.prompt.txt::00400,test.enc.prompt.txt::00400__row301,It's the truth.,0.0,content_diversity,I've never been to another state.,I've never been on vacation across state lines.,The furthest I have traveled has been in this state.,I don't leave the state for any reason.,I have only ever been to my home state.,-0.073,0.908,-0.402,-0.853,-0.567,30.092644,0.633732,0.449264,13.519530,0.284713,44.784063,0.722470,0.000000,20.119850,0.324580
test.enc.prompt.txt::00401,test.enc.prompt.txt::00401__row302,Sluggish. Like a,1.0,content_diversity,snail leaving the world's slowest slime trail.,teenager that just woke up at noon after an all-nighter.,bottle of molasses pouring out in winter.,car with a clogged fuel pump.,stock market in a bear economy.,-0.006,0.989,-0.161,-0.561,-0.088,-3.065415,-0.167715,0.541188,-1.658967,-0.090766,38.409141,0.411608,0.000000,20.786578,0.222757
test.enc.prompt.txt::00401,test.enc.prompt.txt::00401__row303,Sluggish. Like a,0.0,content_diversity,teen that just came out of daytime hibernation.,young adult who thought staying up all night and sleeping all day would work.,"typical youth, having fun all night and paying for it the next day.",teenage kid dragging themselves out of a bed they got into at dawn.,teen yet to learn that people aren't nocturnal or functional on four hours of sleep.,-0.025,0.954,-0.134,-0.900,-0.416,5.960979,0.143709,0.474265,2.827086,0.068156,74.221717,0.743425,0.000000,35.200792,0.352581
test.enc.prompt.txt::00402,test.enc.prompt.txt::00402__row304,And get that,1.0,content_diversity,don't forget it,copy what was said boss,do you understand the statement,go do it,comprehend me,-0.012,0.978,-0.186,-0.639,-0.392,23.553809,1.257884,0.223310,5.259813,0.280899,58.411437,2.505201,0.000000,13.043887,0.559438
test.enc.prompt.txt::00402,test.enc.prompt.txt::00402__row305,And get that,0.0,content_diversity,can you retell me what was said.,was the details that was stated clear enough for you.,do I need to simplify what I stated?,can you take all the facts into consideration before making a decision?,do I need to clarify what I'm asking from you?,-0.050,0.909,-0.221,-0.853,-0.478,40.063750,0.894334,0.376383,15.079303,0.336612,36.271787,0.810709,0.000000,13.652074,0.305137
test.enc.prompt.txt::00403,test.enc.prompt.txt::00403__row306,He's all over,1.0,content_diversity,the road,his relationship with Amy,his diet,the place,working on his degree,-0.029,0.757,-0.201,-0.554,-0.195,-3.348450,0.239121,0.382469,-1.280677,0.091456,49.999533,2.137670,0.000000,19.123254,0.817592
test.enc.prompt.txt::00403,test.enc.prompt.txt::00403__row307,He's all over,0.0,content_diversity,route 77,the berm,the exit,rest areas,the fast food restaurant,-0.024,0.767,-0.185,-0.645,-0.152,9.238140,1.707920,0.159445,1.472978,0.272320,21.839342,4.296571,0.000000,3.482180,0.685068
test.enc.prompt.txt::00404,test.enc.prompt.txt::00404__row308,"I'm Lisa. Oh,",1.0,content_diversity,I didn't see HER standing there.,"no, I'm going to be late for work.",can you help me with this?,"if we're going to survive, do exactly as I say.",have we met before?,-0.010,0.975,-0.041,-0.591,-0.214,1.865002,-0.185295,0.498479,0.929664,-0.092365,72.313949,1.062720,0.000000,36.046957,0.529743
test.enc.prompt.txt::00404,test.enc.prompt.txt::00404__row309,"I'm Lisa. Oh,",0.0,content_diversity,I think I've seen you here before.,have we already been introduced?,you look so familiar.,I feel like I must know you already.,do you recogonize me because I think I recognize you.,-0.045,0.934,-0.235,-0.727,-0.513,-8.388670,0.126092,0.539695,-4.527324,0.068051,78.223821,0.950406,0.000000,42.217009,0.512929
test.enc.prompt.txt::00405,test.enc.prompt.txt::00405__row310,There's a little,1.0,content_diversity,bit left in the bottle.,man in the backyard.,bird outside.,snow on the ground.,food left in the fridge.,-0.072,0.880,-0.488,-0.632,-0.117,3.830933,0.450628,0.516214,1.977580,0.232620,19.794913,1.227155,0.000000,10.218407,0.633474
test.enc.prompt.txt::00405,test.enc.prompt.txt::00405__row311,There's a little,0.0,content_diversity,white stuff out there.,snow out there.,bit of snow.,accumulation on the ground.,snow outside.,-0.043,0.732,-0.387,-0.816,-0.544,8.251678,0.370737,0.399261,3.294575,0.148021,25.822319,0.992394,0.000000,10.309850,0.396225
test.enc.prompt.txt::00406,test.enc.prompt.txt::00406__row312,Fourteen-B. It's halfway,1.0,content_diversity,down the hallway on the executive floor,up the high rise building,across the busy highway,between here and the haunted house,to the beach if we run,-0.047,0.964,-0.256,-0.614,-0.217,10.509002,0.344645,0.411877,4.328421,0.141952,42.023130,1.846415,0.000000,17.308381,0.760497
test.enc.prompt.txt::00406,test.enc.prompt.txt::00406__row313,Fourteen-B. It's halfway,0.0,content_diversity,at top speed to the water's edge,"assuming a quick pace, to the skinny dipping rendezvous",towards midnight swim with a cool sprint,"for our ocean meet up, running",moving quickly down to the seaside,-0.029,0.958,-0.222,-0.752,-0.425,77.091123,1.970926,0.267178,20.597050,0.526588,79.353321,1.557969,0.000000,21.201459,0.416255
test.enc.prompt.txt::00407,test.enc.prompt.txt::00407__row314,"Excuse me, sir.",1.0,content_diversity,You said I was mad.,You wanted to have a good time with me.,You asked me what to do around here.,Please stop staring at me.,I have a weight issues.,-0.033,0.943,-0.337,-0.679,-0.188,4.294897,-0.230053,0.361662,1.553302,-0.083201,38.663182,2.185302,0.000000,13.983008,0.790341
test.enc.prompt.txt::00407,test.enc.prompt.txt::00407__row315,"Excuse me, sir.",0.0,content_diversity,I am anorexic and need help.,I eat too much and cannot stop.,I am bulimic and I don't love it.,I always think I look fat when I look in the mirror.,My body makes me sad.,-0.046,0.935,-0.324,-0.672,-0.338,32.396358,0.695861,0.337602,10.937088,0.234924,32.399303,1.412193,0.000000,10.938082,0.476760
test.enc.prompt.txt::00408,test.enc.prompt.txt::00408__row316,"Excuse me, sir.",1.0,content_diversity,you dropped your wallet.,you are in the way of a fire exit and the building is burning.,may I take you wife home with me?,Your top hat is blocking my view of the movie screen.,Tricks are for kids.,-0.016,0.966,-0.148,-0.559,-0.045,23.092535,0.230797,0.417568,9.642695,0.096373,63.571747,1.787803,0.000000,26.545502,0.746528
test.enc.prompt.txt::00408,test.enc.prompt.txt::00408__row317,"Excuse me, sir.",0.0,content_diversity,the building is on fire and you are blocking the exit.,did you realize you were blocking a fire exit and the office is on fire?,nobody can escape the fire with you blocking the exit.,I'm sure you hear the fire alarm and yet you insist on blocking the exit.,"wake up, the office is on fire and your sleeping in front of the escape route.",-0.148,0.837,-0.419,-0.945,-0.583,44.765929,0.766166,0.434525,19.451894,0.332918,79.221664,0.840949,0.000000,34.423755,0.365413
test.enc.prompt.txt::00409,test.enc.prompt.txt::00409__row318,"Well, I flew",1.0,content_diversity,all the way out here.,for the first time and it was scary.,down to Australia to meet her.,on a wide-body airplane for the first time.,three times this week.,-0.036,0.907,-0.123,-0.580,-0.246,5.171083,-0.047559,0.561846,2.905350,-0.026721,29.107887,0.797997,0.000000,16.354139,0.448351
test.enc.prompt.txt::00409,test.enc.prompt.txt::00409__row319,"Well, I flew",0.0,content_diversity,for my first time and really didn't like it.,under duress and it was awful.,for the first time and really hated it.,and didn't like it at all.,and was really scared.,-0.103,0.836,-0.397,-0.777,-0.644,11.474091,0.229898,0.458060,5.255827,0.105307,34.603076,1.241213,0.000000,15.850300,0.568551
test.enc.prompt.txt::00410,test.enc.prompt.txt::00410__row320,Oooh. Hardball. That,1.0,content_diversity,reminds me of my father.,is what Sr. Annunciata used to hit me with in grade school.,means I'll have to wear a cup.,is surprising coming from a girl.,hurts like a mother.,-0.018,0.971,-0.226,-0.618,-0.133,21.895245,0.388547,0.447712,9.802774,0.173957,105.858632,0.913702,0.000000,47.394227,0.409076
test.enc.prompt.txt::00410,test.enc.prompt.txt::00410__row321,Oooh. Hardball. That,0.0,content_diversity,was Sr. Annunciata's disciplinary tool.,was my homeroom nun's favorite projectile.,was bounced off my head more than once in grade school.,was Sr. Annunciata's torture device in grade school.,was my first Catholic grade school lesson.,-0.088,0.877,-0.265,-0.722,-0.261,52.504557,1.044218,0.365892,19.211021,0.382072,36.381779,0.737295,0.000000,13.311818,0.269771
test.enc.prompt.txt::00411,test.enc.prompt.txt::00411__row322,I like my,1.0,content_diversity,first meal of the day to have a lot of variety.,overgrown garden just the way it is.,family more when I don't see them that often.,bridesmaid dress but I hate the shoes.,my odds for finishing the race with a respectable time.,-0.018,0.973,-0.152,-0.558,-0.085,-20.566183,-0.269673,0.505634,-10.398970,-0.136356,70.595710,0.836359,0.000000,35.695621,0.422892
test.enc.prompt.txt::00411,test.enc.prompt.txt::00411__row323,I like my,0.0,content_diversity,yard to have a lot of wild flowers.,gardening duties to be kept to a minimum and it definitely shows.,weekends to be free of weeding so I just let nature run its course.,untamed assortment of plants and blooms out back.,property to have an untended but colorful look.,-0.035,0.951,-0.187,-0.781,-0.456,29.842807,0.388671,0.438829,13.095875,0.170560,71.397945,1.106157,0.000000,31.331454,0.485413
test.enc.prompt.txt::00412,test.enc.prompt.txt::00412__row324,So what've you,1.0,content_diversity,been doing lately?,got for me today?,finished in terms of your team's project?,heard about what happened between them?,written about last week's incident?,-0.004,0.992,-0.231,-0.693,-0.335,1.066349,-0.187750,0.540098,0.575933,-0.101403,57.253586,0.801137,0.000000,30.922555,0.432693
test.enc.prompt.txt::00412,test.enc.prompt.txt::00412__row325,So what've you,0.0,content_diversity,picked up on by observing them together?,been told by your mutual friends? I bet they have some juicy gossip.,overheard them saying while you were cleaning their house?,been privy to about their situation?,listened to them say or do without them knowing about it?,-0.022,0.965,-0.135,-0.801,-0.370,24.921859,0.556385,0.449401,11.199909,0.250040,64.517983,0.575486,0.000000,28.994448,0.258624
test.enc.prompt.txt::00413,test.enc.prompt.txt::00413__row326,"Move a finger,",1.0,content_diversity,shake a leg.,and I'll kill you.,but don't move your hand.,tell your sister to do the same.,and let's get this show on the road.,-0.010,0.978,-0.224,-0.631,-0.134,3.565304,0.206139,0.445828,1.589511,0.091902,32.629140,1.831117,0.000000,14.546976,0.816363
test.enc.prompt.txt::00413,test.enc.prompt.txt::00413__row327,"Move a finger,",0.0,content_diversity,and you're done.,and it's over for you.,and you can say goodbye to tomorrow.,and I'll end you.,and sleep forever.,-0.061,0.945,-0.371,-0.720,-0.561,10.647757,0.234668,0.368184,3.920329,0.086401,27.910934,1.252557,0.000000,10.276347,0.461171
test.enc.prompt.txt::00414,test.enc.prompt.txt::00414__row328,"That cop, the",1.0,content_diversity,one over there.,guy in the uniform.,one who was shot.,one who shot the criminal.,one I spoke to earlier.,-0.048,0.930,-0.288,-0.749,-0.312,-8.411914,-0.387119,0.515200,-4.333816,-0.199444,19.897121,0.972027,0.000000,10.250991,0.500788
test.enc.prompt.txt::00414,test.enc.prompt.txt::00414__row329,"That cop, the",0.0,content_diversity,one who took my information.,one who knows what happened as I had told him.,female cop who interviewed me.,guy who I talked with.,one who I met with.,-0.075,0.916,-0.442,-0.806,-0.424,13.842898,0.323355,0.413021,5.717409,0.133552,62.337989,0.775272,0.000000,25.746905,0.320204
test.enc.prompt.txt::00415,test.enc.prompt.txt::00415__row330,The guys at,1.0,content_diversity,the club thought I was funny,home are waiting for me,the river were signaling to us,at the gym were doing bench presses,work were all very tired,-0.020,0.972,-0.162,-0.525,-0.071,22.863750,0.693814,0.451824,10.330397,0.313482,30.302773,0.478829,0.000000,13.691529,0.216347
test.enc.prompt.txt::00415,test.enc.prompt.txt::00415__row331,The guys at,0.0,content_diversity,my place of residence are awaiting my arrival,my house are still there waiting,my lodging are all in a state of anticipation for me to get there,my dwelling couldn't wait for me to get there,my abode were ready for me to get back,-0.120,0.833,-0.291,-0.847,-0.589,47.370986,0.910489,0.429624,20.351733,0.391168,35.068109,0.882102,0.000000,15.066116,0.378972
test.enc.prompt.txt::00416,test.enc.prompt.txt::00416__row332,A large number,1.0,content_diversity,is overwhelming.,is helpful because there are so many choices.,of people is expensive to feed.,will not fit in the auditorium.,can make a large impact.,-0.014,0.985,-0.258,-0.630,-0.396,11.108067,0.219169,0.395754,4.396066,0.086737,41.758597,0.755432,0.000000,16.526147,0.298966
test.enc.prompt.txt::00416,test.enc.prompt.txt::00416__row333,A large number,0.0,content_diversity,makes me anxious.,is unbearable to deal with.,effects my emotions.,renders me useless.,makes me feel like I cannot breathe.,-0.026,0.959,-0.421,-0.731,-0.445,19.209523,1.110910,0.274653,5.275945,0.305114,28.150045,1.302632,0.000000,7.731483,0.357771
test.enc.prompt.txt::00417,test.enc.prompt.txt::00417__row334,She's going to,1.0,content_diversity,upset me all the way to the baseball game.,use comments that came from my mouth.,make an excuse not to see me this weekend.,throw a surprise bash party.,make me look like a pretty little boy.,-0.014,0.968,-0.183,-0.639,-0.117,0.156080,0.025685,0.389364,0.060772,0.010001,33.029831,1.146086,0.000000,12.860624,0.446244
test.enc.prompt.txt::00417,test.enc.prompt.txt::00417__row335,She's going to,0.0,content_diversity,makes me cry when i see the faul ball.,take my innerds and make curry of them all.,teach my that crying is for kids.,why i should choose gum as i cry.,Why i don't go to a ball game.,-0.018,0.971,-0.180,-0.686,-0.186,26.352835,0.710871,0.206996,5.454944,0.147148,69.943219,1.106065,0.000000,14.478000,0.228952
test.enc.prompt.txt::00418,test.enc.prompt.txt::00418__row336,"Well, let's roll,",1.0,content_diversity,we have nothing to lose.,I'm feeling lucky.,I want to get there early.,I have a lot to do today.,we have a long trip.,-0.040,0.927,-0.430,-0.667,-0.299,-1.109803,-0.173061,0.463889,-0.514825,-0.080281,19.007648,1.157925,0.000000,8.817437,0.537148
test.enc.prompt.txt::00418,test.enc.prompt.txt::00418__row337,"Well, let's roll,",0.0,content_diversity,I don't want to be late.,It's important that we're early.,I want to get good seats.,We need time to grab food.,I like to have my choice of seats.,-0.038,0.947,-0.383,-0.729,-0.418,10.265748,0.511859,0.370209,3.800471,0.189495,47.876484,1.418590,0.000000,17.724300,0.525175
test.enc.prompt.txt::00419,test.enc.prompt.txt::00419__row338,"Jesus, this is",1.0,content_diversity,way too difficult,the best cheesecake I've ever eaten,"Melinda, my friend from school",the key component that we've been looking for! We're finally able to solve the cryptograph,"who we're talking about, had sacrificed himself for our sins.",-0.004,0.990,0.044,-0.532,-0.066,1.313927,0.327623,0.491980,0.646426,0.161184,131.301378,1.120746,0.000000,64.597646,0.551385
test.enc.prompt.txt::00419,test.enc.prompt.txt::00419__row339,"Jesus, this is",0.0,content_diversity,how we can solve the code!,the part needed to solve the code.,the answer to the code.,way easier to solve the cryptograph when we have the key to the code.,how we can decode the puzzle.,-0.140,0.830,-0.485,-0.946,-0.640,26.021219,0.761284,0.351699,9.151629,0.267743,95.423063,0.620991,0.000000,33.560167,0.218402
test.enc.prompt.txt::00420,test.enc.prompt.txt::00420__row340,But there's no,1.0,content_diversity,decent restaurant anywhere near the movie theatre so we should just eat after.,real justice since he only got community service.,way we can drive in this blizzard.,room for everyone unless we book some more rooms.,one else who knows how to fix the bus and it's almost time to leave.,-0.008,0.985,-0.162,-0.555,-0.182,-0.107880,0.332085,0.450622,-0.048613,0.149645,63.756942,0.629372,0.000000,28.730271,0.283609
test.enc.prompt.txt::00420,test.enc.prompt.txt::00420__row341,But there's no,0.0,content_diversity,visibility and the wipers can't keep up with the snow.,safe route to take if all the roads are closed due to the storm.,good reason to travel in bad weather.,chance we can make it there safely when the conditions are this bad.,one else on the road because it's too icy to drive.,-0.031,0.964,-0.262,-0.749,-0.390,19.818174,0.365403,0.480053,9.513766,0.175413,24.889358,0.310404,0.000000,11.948201,0.149010
test.enc.prompt.txt::00421,test.enc.prompt.txt::00421__row342,How do I,1.0,content_diversity,tie this knot,understand these questions,make a chocolate cake,install this ceiling fan,find my way home,-0.006,0.789,-0.147,-0.559,-0.155,20.718818,0.919920,0.425917,8.824488,0.391809,23.870186,0.672146,0.000000,10.166708,0.286278
test.enc.prompt.txt::00421,test.enc.prompt.txt::00421__row343,How do I,0.0,content_diversity,put this fan in the ceiling,anchor this ceiling fan,get this up there and make it stay,properly put up this fan,manuver this into the ceiling,-0.081,0.904,-0.249,-0.859,-0.513,36.170448,1.319133,0.346279,12.525076,0.456788,32.777038,0.898656,0.000000,11.350008,0.311186
test.enc.prompt.txt::00422,test.enc.prompt.txt::00422__row344,"Yeah, right. Don't",1.0,content_diversity,take too long,eat too much of that,spend too much money,go to the party,stay up too late,-0.041,0.947,-0.251,-0.712,-0.355,16.200021,0.923410,0.488551,7.914542,0.451133,15.631229,1.063115,0.000000,7.636658,0.519386
test.enc.prompt.txt::00422,test.enc.prompt.txt::00422__row345,"Yeah, right. Don't",0.0,content_diversity,buy a lot of things,spend money on unnecessary things,use a lot of money,be careless when using your money,be spending money on expensive things,-0.073,0.887,-0.282,-0.903,-0.561,20.697759,0.942077,0.451180,9.338407,0.425046,34.291339,0.736492,0.000000,15.471553,0.332290
test.enc.prompt.txt::00423,test.enc.prompt.txt::00423__row346,"Oh, here's an",1.0,content_diversity,excuse I haven't heard before.,animal that needs our  help.,explanation I can understand.,app that does what you need.,idea we can use for our project,-0.015,0.970,-0.216,-0.683,-0.274,10.487512,0.392599,0.511223,5.361462,0.200706,50.790608,1.923438,0.000000,25.965348,0.983307
test.enc.prompt.txt::00423,test.enc.prompt.txt::00423__row347,"Oh, here's an",0.0,content_diversity,answer to the problem with that animal.,animal shelter we can bring the dog to.,actual solution to help that animal.,event with staff we can ask quesstions of for our pet.,orthopedist that treats animal injuries.,-0.053,0.928,-0.231,-0.816,-0.512,24.124578,0.564499,0.368273,8.884437,0.207890,116.687148,1.770024,0.000000,42.972759,0.651853
test.enc.prompt.txt::00424,test.enc.prompt.txt::00424__row348,You guys finished,1.0,content_diversity,so now it is time to clean up,1st and 2nd place,how are you feeling?,now it is time to go home and rest,it is about time,-0.076,0.814,-0.009,-0.640,-0.217,20.783573,0.721151,0.395448,8.218815,0.285177,17.902602,1.046563,0.000000,7.079542,0.413861
test.enc.prompt.txt::00424,test.enc.prompt.txt::00424__row349,You guys finished,0.0,content_diversity,now we can go home and go to bed,we can go home and take a nap,it is time now for relaxation,it is time to take a siesta,now it is time to rest your bodies,-0.137,0.765,-0.428,-0.769,-0.545,43.269893,1.533553,0.351216,15.197059,0.538608,20.221495,0.622670,0.000000,7.102104,0.218691
test.enc.prompt.txt::00425,test.enc.prompt.txt::00425__row350,Does that look,1.0,content_diversity,like a haunted house?,better on her?,like an antique?,safe?,like the outfit of an award winner?,-0.018,0.967,-0.380,-0.708,-0.281,-14.600972,0.019541,0.340119,-4.966066,0.006646,56.523746,3.082355,0.000000,19.224791,1.048367
test.enc.prompt.txt::00425,test.enc.prompt.txt::00425__row351,Does that look,0.0,content_diversity,old?,like something that belongs in a museum?,like it has been around for generations?,something that was brand new in the Victorian Era?,a piece of furniture that belongs in a country estate?,-0.046,0.894,-0.256,-0.791,-0.255,4.062405,-0.296870,0.319984,1.299905,-0.094994,71.934046,5.411216,0.000000,23.017754,1.731503
test.enc.prompt.txt::00426,test.enc.prompt.txt::00426__row352,"First squad up,",1.0,content_diversity,let's go over there.,we are ready for this.,we were born for this.,we need to get a move on quick..,this should be a lot of fun.,-0.033,0.950,-0.278,-0.704,-0.480,2.317293,0.147692,0.428952,0.994007,0.063353,49.429348,1.113209,0.000000,21.202816,0.477513
test.enc.prompt.txt::00426,test.enc.prompt.txt::00426__row353,"First squad up,",0.0,content_diversity,this is going to be a festive time.,this will be enjoyable.,i am very happy about this.,we are excited about this.,I can't wait to make this happen.,-0.049,0.945,-0.359,-0.809,-0.642,7.678088,0.430818,0.416717,3.199586,0.179529,24.794994,0.380224,0.000000,10.332485,0.158446
test.enc.prompt.txt::00427,test.enc.prompt.txt::00427__row354,Flame-units only. I,1.0,content_diversity,This is comparable to fire and sparks.,A blaze of heat surrounds an area.,A fire that smolders for days as firemen extinguish the flames.,The smoke rises from the residence and people evacuate.,The heat permeates the atmosphere and people stand in awe.,-0.027,0.954,-0.260,-0.795,-0.381,29.524137,0.532981,0.357725,10.561518,0.190660,38.222912,0.924209,0.000000,13.673286,0.330612
test.enc.prompt.txt::00427,test.enc.prompt.txt::00427__row355,Flame-units only. I,0.0,content_diversity,Smoke extends into the atmosphere.,Crowds gather to watch the spectacle as firemen arrive.,People stand in awe and smoke escapes from the residence.,An ambulance arrives promptly at the scene.,People are dismayed as they hear sirens in the distance.,-0.032,0.966,-0.313,-0.721,-0.296,41.544506,0.816717,0.367588,15.271261,0.300215,44.448195,0.677167,0.000000,16.338622,0.248918
test.enc.prompt.txt::00428,test.enc.prompt.txt::00428__row356,Could it be,1.0,content_diversity,I forgot to put it back.,That Someone did that on purpose.,Really acceptable.,Possible to do so?,She never liked him.,-0.004,0.991,-0.233,-0.572,-0.186,10.070762,0.537339,0.251996,2.537787,0.135407,18.659184,1.083464,0.000000,4.702031,0.273028
test.enc.prompt.txt::00428,test.enc.prompt.txt::00428__row357,Could it be,0.0,content_diversity,I would have done better.,He stole the money.,The reason of there breakup?,The safe way out?,So easy.,-0.004,0.990,-0.226,-0.623,-0.176,21.039435,0.028757,0.168837,3.552239,0.004855,37.696642,3.777076,0.000000,6.364595,0.637711
test.enc.prompt.txt::00429,test.enc.prompt.txt::00429__row358,That's it. See,1.0,content_diversity,I told you she would dump you.,Mom always buys us Christmas gifts.,you always try to start an argument.,I look so ugly in this dress.,"it's a racoon getting into the garbage, not the dog.",-0.011,0.973,-0.228,-0.542,-0.147,1.138223,0.375658,0.378033,0.430287,0.142011,76.337513,0.740460,0.000000,28.858136,0.279919
test.enc.prompt.txt::00429,test.enc.prompt.txt::00429__row359,That's it. See,0.0,content_diversity,this color looks terrible on me.,the dress is too tight.,the top part of the dress is too big.,it makes me look washed out.,it's so beautiful but it doesn't fit me right.,-0.050,0.908,-0.428,-0.736,-0.398,22.960006,0.878886,0.351911,8.079875,0.309290,43.144464,0.596838,0.000000,15.183005,0.210034
test.enc.prompt.txt::00430,test.enc.prompt.txt::00430__row360,You read my,1.0,content_diversity,"diary, how could you!","mind, yes, lets go eat",note so you should have known where I was,"article, what did you think?","demands, now it is your move",-0.003,0.993,-0.106,-0.678,-0.233,13.104764,0.370301,0.415131,5.440198,0.153724,49.651971,1.746578,0.000000,20.612087,0.725059
test.enc.prompt.txt::00430,test.enc.prompt.txt::00430__row361,You read my,0.0,content_diversity,thoughts so we will have to choose which place we want to eat at,intentions you want to go Chinese,brain we both must be hungry,exact thoughts so lets just go to the closest place to home,intuitions I am hungry too,-0.033,0.934,-0.138,-0.773,-0.266,36.884881,0.920119,0.337851,12.461580,0.310863,51.760524,0.993369,0.000000,17.487325,0.335610
test.enc.prompt.txt::00431,test.enc.prompt.txt::00431__row362,What about you?,1.0,content_diversity,Do you feel the same way?,Did you also see the car go speeding by like a maniac?,I know you must be angry about the voting results.,Where do you think we should go out to dinner?,What's your opinion on the best movie of the last decade?,-0.033,0.967,-0.202,-0.661,-0.113,11.596888,0.238157,0.533085,6.182127,0.126958,81.598731,1.053642,0.000000,43.499058,0.561681
test.enc.prompt.txt::00431,test.enc.prompt.txt::00431__row363,What about you?,0.0,content_diversity,I'm curious if you agree with me.,I must know if you think similarly to me or not.,Would you agree with me about that?,Are your feelings on the matter the same as mine?,"Please share with me your opinion about this, is it the same?",-0.071,0.904,-0.333,-0.802,-0.715,0.293795,0.170006,0.502649,0.147676,0.085453,58.513403,0.497818,0.000000,29.411686,0.250227
test.enc.prompt.txt::00432,test.enc.prompt.txt::00432__row364,You never said,1.0,content_diversity,"you didn't like my girlfriend, what's wrong with her?","I wasn't following the instructions right, now what do I do?","I missed the exit, now we went way out of our way!","my butt looks big in these jeans, I'm not going to wear them anymore!","I was a bad cook, why are you just telling me this now?",-0.015,0.976,-0.205,-0.645,-0.285,25.033675,0.450621,0.476603,11.931130,0.214768,30.867340,0.681146,0.000000,14.711474,0.324636
test.enc.prompt.txt::00432,test.enc.prompt.txt::00432__row365,You never said,0.0,content_diversity,"you didn't like my cooking, this is a fine time to tell me!","you think my cooking sucks, don't you think you should have mentioned this before?","you don't like the way I cook meals, I sure wish you would have said so!","my cooking isn't any good, you should have said something instead of just eating it!","that my cooking is terrible, I'd rather you tell me that kind of stuff right away!",-0.060,0.912,-0.293,-0.945,-0.778,38.529819,0.511850,0.489143,18.846593,0.250368,24.753488,0.358634,0.000000,12.107996,0.175423
test.enc.prompt.txt::00433,test.enc.prompt.txt::00433__row366,That the atmosphere,1.0,content_diversity,smells funny,is colder,is getting thin,is polluted,is worse now,-0.049,0.550,-0.319,-0.636,-0.356,9.012284,0.703094,0.328628,2.961688,0.231056,21.468880,1.432581,0.000000,7.055274,0.470786
test.enc.prompt.txt::00433,test.enc.prompt.txt::00433__row367,That the atmosphere,0.0,content_diversity,is toxic,is filled with poison,is getting worse,is being polluted,will never recover,-0.042,0.760,-0.235,-0.631,-0.420,8.687095,0.541641,0.410247,3.563853,0.222206,17.067625,1.259419,0.000000,7.001939,0.516673
test.enc.prompt.txt::00434,test.enc.prompt.txt::00434__row368,You son of,1.0,content_diversity,a gun! How were you able to get all that done?,bitch! How dare you call me that!,whore. You're going down for that!`,mine; you are the most cherished person to me.,"nope, not gonna say it. I'm not going to let you bring me down to that level!",-0.032,0.948,-0.142,-0.645,-0.129,2.212365,0.579742,0.452969,1.002134,0.262605,104.179371,1.412851,0.000000,47.190068,0.639978
test.enc.prompt.txt::00434,test.enc.prompt.txt::00434__row369,You son of,0.0,content_diversity,a gun! I've been meaning to do that for so long but haven't been able to.,of a gun; would you look at that!,of a gun. I'm just amazed at how you are able to do what you do!,of a gun. Wait until the others see this!,"of a gun, you're amazing, just amazing!",-0.065,0.911,-0.246,-0.952,-0.525,39.176198,0.814421,0.427264,16.738589,0.347973,47.694660,0.430251,0.000000,20.378223,0.183831
test.enc.prompt.txt::00435,test.enc.prompt.txt::00435__row370,You've been doing,1.0,content_diversity,"an evil thing, stop hurting that girl.",a wonderful job with those roses.,really great work counseling the bereaved.,"a crime, stealing that money.","a great job, knotting that macrame.",-0.024,0.967,-0.313,-0.599,-0.175,5.387477,0.140690,0.376217,2.026859,0.052930,49.731149,1.002203,0.000000,18.709692,0.377045
test.enc.prompt.txt::00435,test.enc.prompt.txt::00435__row371,You've been doing,0.0,content_diversity,good therapy with the sad family members.,"a sort of Karma building thing, helping people who have dead relatives.","helping behavior, allowing people to work through stages of death.","family therapy, focusing on profound loss.","something to help pastors, add support to those left by dead.",-0.014,0.970,-0.268,-0.822,-0.376,6.924997,0.102625,0.373248,2.584738,0.038304,106.861433,1.125939,0.000000,39.885765,0.420254
test.enc.prompt.txt::00436,test.enc.prompt.txt::00436__row372,These Colonial Marines,1.0,content_diversity,created for PlayStation 3 are much cooler than the promo advertised last year.,are the true heroes of this country.,have been doing drills in town since Thursday.,are sponsoring an Adopt-a-pet drive that is actually proving quite successful.,have been sleeping by the lake for three weeks now.,-0.021,0.967,-0.196,-0.538,-0.127,-1.385405,0.106189,0.445387,-0.617042,0.047295,156.500479,1.080122,0.000000,69.703353,0.481073
test.enc.prompt.txt::00436,test.enc.prompt.txt::00436__row373,These Colonial Marines,0.0,content_diversity,are the distinguished brave in our community.,are the real idols that we all look up to.,represent the true champions that we aspire to be.,live as an exemplar to our children.,are the Superman's of this world.,-0.049,0.931,-0.271,-0.656,-0.288,18.594648,0.293363,0.397233,7.386413,0.116534,27.876659,0.975178,0.000000,11.073537,0.387373
test.enc.prompt.txt::00437,test.enc.prompt.txt::00437__row374,Looks like you,1.0,content_diversity,did not get the memo!,got up on the wrong side of the bed today,have your work cut out for you with this one,could use a big hug,had a fun weekend,-0.010,0.982,0.010,-0.603,-0.157,9.796366,0.045250,0.507019,4.966944,0.022943,24.695143,1.752386,0.000000,12.520908,0.888493
test.enc.prompt.txt::00437,test.enc.prompt.txt::00437__row375,Looks like you,0.0,content_diversity,are going to have a tough time here,certainly will earn every penny today,will be tested in every way,picked the worst client,need all of the patience in the world,-0.016,0.969,-0.047,-0.596,-0.308,16.038611,0.655998,0.425391,6.822675,0.279056,35.921781,1.413438,0.000000,15.280789,0.601263
test.enc.prompt.txt::00438,test.enc.prompt.txt::00438__row376,What's he scanning,1.0,content_diversity,with that tricorder?,into the fax machine?,the patient in the MRI for?,out there on the radar screen?,for on that passenger?,-0.027,0.957,-0.321,-0.709,-0.136,-0.568102,-0.181325,0.448604,-0.254853,-0.081343,17.284954,0.574040,0.000000,7.754097,0.257516
test.enc.prompt.txt::00438,test.enc.prompt.txt::00438__row377,What's he scanning,0.0,content_diversity,with that medical device,with the diagnostic tool,with that handheld scanner,with that futuristic machine,with that star trek technology,-0.114,0.896,-0.457,-0.824,-0.436,18.459193,0.762084,0.511973,9.450602,0.390166,35.992928,1.144389,0.000000,18.427396,0.585896
test.enc.prompt.txt::00439,test.enc.prompt.txt::00439__row378,Where are your,1.0,content_diversity,clothes? This is a movie set!,"knives, I need to chop up some vegetables.",skis? We were going camping this weekend!,"manners, young man? This is a school not a zoo.",ideals? When did you stop caring?,-0.019,0.958,-0.164,-0.541,-0.068,21.267648,0.422640,0.404561,8.604055,0.170984,24.764470,0.488764,0.000000,10.018732,0.197735
test.enc.prompt.txt::00439,test.enc.prompt.txt::00439__row379,Where are your,0.0,content_diversity,pride and empathy? Don't you care about them anymore?,thoughts and prayers now? Didn't you use to care?,best intentions? When did everything go so wrong for you?,endless ambitions taking us? Didn't you once say this was the wrong path?,goals ending? Why must we be here?,-0.014,0.975,-0.227,-0.732,-0.402,11.348751,-0.185733,0.404934,4.595498,-0.075210,50.961192,1.692637,0.000000,20.635932,0.685407
test.enc.prompt.txt::00440,test.enc.prompt.txt::00440__row380,At ease. I'm,1.0,content_diversity,completely relaxed.,not upset with you.,never going to find fault with you.,leaving now.,taking control.,-0.012,0.960,-0.364,-0.666,-0.300,1.586014,-0.368324,0.472195,0.748908,-0.173921,26.858070,1.405332,0.000000,12.682252,0.663591
test.enc.prompt.txt::00440,test.enc.prompt.txt::00440__row381,At ease. I'm,0.0,content_diversity,going home.,heading out.,finished here and taking my leave.,saying goodbye.,outta here!,0.000,1.000,-0.267,-0.689,-0.576,11.654682,0.058516,0.358140,4.174003,0.020957,35.338494,1.145129,0.000000,12.656114,0.410116
test.enc.prompt.txt::00441,test.enc.prompt.txt::00441__row382,Hah! Stop your,1.0,content_diversity,Madness with these jokes,Crazy behavior right now.,Mom from calling the cops!,Friends from following me.,Girlfriend from eating that,-0.014,0.981,-0.221,-0.647,-0.171,22.968055,0.908684,0.355122,8.156451,0.322693,22.073338,1.091829,0.000000,7.838718,0.387732
test.enc.prompt.txt::00441,test.enc.prompt.txt::00441__row383,Hah! Stop your,0.0,content_diversity,Horrible jokes you keep making,Ways of making fun of others,Tendency to joke too much,Picking on other people,Weird jokes with us,-0.008,0.975,-0.073,-0.785,-0.604,36.195351,1.280325,0.271734,9.835499,0.347908,23.184214,1.897647,0.000000,6.299934,0.515655
test.enc.prompt.txt::00442,test.enc.prompt.txt::00442__row384,We're not making,1.0,content_diversity,it to the Hamptons.,a cake here.,a bomb.,love to this song.,fences.,-0.013,0.771,-0.338,-0.566,-0.183,-7.854157,-1.051107,0.234395,-1.840978,-0.246375,25.531179,4.091464,0.000000,5.984389,0.959020
test.enc.prompt.txt::00442,test.enc.prompt.txt::00442__row385,We're not making,0.0,content_diversity,it all the way out to Long Island.,it to our vacation.,it all the way to the summer house.,it to the new place.,it to the party this weekend.,-0.147,0.815,-0.325,-0.823,-0.429,5.185825,0.212818,0.431728,2.238867,0.091879,19.983195,0.789042,0.000000,8.627309,0.340652
test.enc.prompt.txt::00443,test.enc.prompt.txt::00443__row386,They're in the,1.0,content_diversity,basement digging up something.,car on their way to the hospital.,backseat holding hands.,spaceship headed to Mars.,boat out on Lake Mead.,-0.007,0.983,-0.302,-0.591,-0.083,-3.396859,-0.170527,0.420008,-1.426709,-0.071623,27.222995,1.664612,0.000000,11.433883,0.699151
test.enc.prompt.txt::00443,test.enc.prompt.txt::00443__row387,They're in the,0.0,content_diversity,truck headed to the emergency room.,car taking Jane to get stitches.,backseat of the car and I'm driving them to the hospital.,suburban heading to see Dad in the hospital.,car driving as fast as they can to the emergency room.,-0.083,0.882,-0.372,-0.755,-0.449,20.837722,0.492686,0.432142,9.004851,0.212910,54.275789,1.832727,0.000000,23.454839,0.791998
test.enc.prompt.txt::00444,test.enc.prompt.txt::00444__row388,And how are,1.0,content_diversity,you this fine evening?,going to get to the party?,the neighbors reacting to your new fence?,the kids adapting to their new school?,all these people going to fit into this car?,-0.043,0.938,-0.250,-0.622,-0.208,0.677248,-0.062224,0.504235,0.341492,-0.031376,17.671603,1.112527,0.000000,8.910639,0.560975
test.enc.prompt.txt::00444,test.enc.prompt.txt::00444__row389,And how are,0.0,content_diversity,you doing on this gorgeous and warm summer night?,you and yours on this starry twilight?,my good  frends feeling tonight?,you feeling on this excellent end of the day?,you and your mom enjoying your night so far?,-0.049,0.926,-0.146,-0.765,-0.364,10.318038,0.456464,0.401925,4.147081,0.183465,43.151743,1.947429,0.000000,17.343779,0.782721
test.enc.prompt.txt::00445,test.enc.prompt.txt::00445__row390,Bad dreams again?,1.0,content_diversity,I can’t believe it.,That’s so scary.,Why did you see a scary movie?,That’s weird.,I knew that was going to happen.,-0.016,0.974,-0.320,-0.695,-0.331,7.169024,0.470770,0.457344,3.278708,0.215304,43.932291,1.123772,0.000000,20.092156,0.513950
test.enc.prompt.txt::00445,test.enc.prompt.txt::00445__row391,Bad dreams again?,0.0,content_diversity,How could that happen.,I hope you don’t see them again.,Wow that’s scary.,Hope you feeling better.,So what did you see?,-0.012,0.983,-0.187,-0.669,-0.256,8.243241,0.287205,0.426588,3.516471,0.122518,9.662273,0.724070,0.000000,4.121814,0.308880
test.enc.prompt.txt::00446,test.enc.prompt.txt::00446__row392,They'd be here,1.0,content_diversity,if they weren't dead.,if they really cared.,again.,if you let them.,tomorrow.,-0.027,0.735,-0.432,-0.691,-0.301,-2.425049,0.056347,0.404425,-0.980751,0.022788,12.262816,2.430067,0.000000,4.959394,0.982780
test.enc.prompt.txt::00446,test.enc.prompt.txt::00446__row393,They'd be here,0.0,content_diversity,on the next day.,later.,later this week.,the day after today.,after midnight.,-0.029,0.743,-0.370,-0.743,-0.473,-8.496356,-0.754547,0.328932,-2.794726,-0.248195,12.755574,2.317025,0.000000,4.195720,0.762145
test.enc.prompt.txt::00447,test.enc.prompt.txt::00447__row394,Ripley...she doesn't have,1.0,content_diversity,the brains to start that new job.,any legs to run the NYC marathon.,confidence to leave her boyfriend.,money to do the things that she wants to do.,a clue on how to move forward with her life.,-0.045,0.943,-0.330,-0.645,-0.242,7.298098,0.274009,0.448161,3.270722,0.122800,32.421403,1.404366,0.000000,14.530005,0.629382
test.enc.prompt.txt::00447,test.enc.prompt.txt::00447__row395,Ripley...she doesn't have,0.0,content_diversity,the means to go out with her friends.,her finances in order to travel.,cash to go buy food even though she is starving.,credit to rent a new car for her road trip.,coins to use on the slot machines as she wants to gamble her life away.,-0.049,0.951,-0.334,-0.671,-0.337,9.981943,0.457197,0.421628,4.208669,0.192767,64.473904,0.648532,0.000000,27.184020,0.273439
test.enc.prompt.txt::00448,test.enc.prompt.txt::00448__row396,Burke! Open the,1.0,content_diversity,refrigerator now please!,window to get some fresh air.,car trunk so I can get the groceries out.,back door and let the dog out,car window because it smells in here!,-0.013,0.969,-0.078,-0.709,-0.157,0.371544,-0.018209,0.516023,0.191725,-0.009397,31.826446,0.966247,0.000000,16.423174,0.498605
test.enc.prompt.txt::00448,test.enc.prompt.txt::00448__row397,Burke! Open the,0.0,content_diversity,car window because I am noticing a horrible smell.,car window before you fart next time!,car window because something smells like it died in here.,window of the car to get some fresh air from this smell!,vehicle window because I am getting a whiff of something bad!,-0.079,0.894,-0.299,-0.944,-0.519,25.993436,0.504915,0.456708,11.871421,0.230599,34.239188,1.139884,0.000000,15.637325,0.520595
test.enc.prompt.txt::00449,test.enc.prompt.txt::00449__row398,I knew you'd,1.0,content_diversity,would be here.,certainly be in the area.,want to be part of this group.,consider this event to be you.,couldn't resist being here.,-0.040,0.942,-0.244,-0.690,-0.589,3.123010,-0.006172,0.395366,1.234733,-0.002440,44.827860,1.060981,0.000000,17.723428,0.419476
test.enc.prompt.txt::00449,test.enc.prompt.txt::00449__row399,I knew you'd,0.0,content_diversity,would be attending.,wouldn't miss the event.,considered this event you didn't want to miss.,made plans to attend.,could be counted on to be here.,-0.024,0.954,-0.267,-0.762,-0.613,25.231288,0.810882,0.361487,9.120781,0.293123,47.483176,0.430748,0.000000,17.164548,0.155710
test.enc.prompt.txt::00790,test.enc.prompt.txt::00790__row400,"Normally, we'd be",1.0,content_diversity,at the beach in the sun by now,happier about being at home,"at work all day, instead of home",chatting about the weather,all in this together.,-0.030,0.943,-0.171,-0.674,-0.207,11.536423,0.233065,0.480532,5.543616,0.111995,22.283749,0.749921,0.000000,10.708046,0.360361
test.enc.prompt.txt::00790,test.enc.prompt.txt::00790__row401,"Normally, we'd be",0.0,content_diversity,taking a vacation,on holiday,soaking in the sun,in the sand and sun,tanning on the sand.,-0.046,0.903,-0.180,-0.733,-0.455,3.553041,0.355264,0.408328,1.450805,0.145064,34.024950,1.258701,0.000000,13.893332,0.513963
test.enc.prompt.txt::00791,test.enc.prompt.txt::00791__row402,As real as,1.0,content_diversity,"it seems, it is not real.",real can get.,the stars in the sky.,it is in your head.,a fantasy can be.,-0.027,0.928,-0.267,-0.713,-0.315,-9.623138,-0.521903,0.498922,-4.801199,-0.260389,19.682267,0.627854,0.000000,9.819924,0.313250
test.enc.prompt.txt::00791,test.enc.prompt.txt::00791__row403,As real as,0.0,content_diversity,a lie is in your head.,a dream can be.,the unicorns and leprechauns are in the world.,a book is in your imagination.,your imagination is.,-0.070,0.887,-0.325,-0.705,-0.405,14.969582,0.129210,0.420107,6.288832,0.054282,50.816219,0.570201,0.000000,21.348268,0.239546
test.enc.prompt.txt::00792,test.enc.prompt.txt::00792__row404,I want you,1.0,content_diversity,to know,more than anything,LIKE YESTERDAY,to tell me the time,to call me later,-0.022,0.963,0.002,-0.652,-0.327,11.988376,0.848100,0.421075,5.048000,0.357113,34.941486,2.096443,0.000000,14.712969,0.882759
test.enc.prompt.txt::00792,test.enc.prompt.txt::00792__row405,I want you,0.0,content_diversity,to tell me what time it is,to give me the time,let me know what time it is,to tell the time right now,let me know next time,-0.131,0.794,-0.286,-0.927,-0.606,13.641851,0.455230,0.464390,6.335143,0.211404,39.886670,1.911687,0.000000,18.522983,0.887769
test.enc.prompt.txt::00793,test.enc.prompt.txt::00793__row406,"Ah, beautiful. Just",1.0,content_diversity,the thing to get an old mans blood running again.,"beautiful, you are indeed stunning my dear.","one suggestion, take the fish out of your mouth.",seeing you today has made the whole world a better place.,imagine the look on his face when they see you!,-0.014,0.983,-0.078,-0.615,-0.178,10.837330,0.206159,0.505104,5.473980,0.104132,24.996060,0.827505,0.000000,12.625612,0.417976
test.enc.prompt.txt::00793,test.enc.prompt.txt::00793__row407,"Ah, beautiful. Just",0.0,content_diversity,might be better if you didn;t have a fish in your mouth.,"one thing, lose the fish.","one thing, take the banana out of your mouth.","one suggestion, take the apple out of your mouth.","an idea, take the brick out of your mouth.",-0.141,0.825,-0.462,-0.819,-0.455,30.880251,0.799391,0.386095,11.922716,0.308641,71.395323,1.357222,0.000000,27.565390,0.524017
test.enc.prompt.txt::00794,test.enc.prompt.txt::00794__row408,Mrs. Peel ...,1.0,content_diversity,your exams are way too hard,you should behave yourself,why don't you like me,what is your dirty secret,i think you should dress more formaly,-0.024,0.961,-0.137,-0.679,-0.174,-4.220524,0.114866,0.446938,-1.886311,0.051338,46.142339,0.973528,0.000000,20.622747,0.435106
test.enc.prompt.txt::00794,test.enc.prompt.txt::00794__row409,Mrs. Peel ...,0.0,content_diversity,you have hardest exams,it is so hard to pass your exam,it is impossible to get A on your exam,your assessment methods are difficult,your exams are so difficult,-0.049,0.914,-0.427,-0.937,-0.677,53.963505,1.649248,0.321613,17.355364,0.530419,37.675049,1.457731,0.000000,12.116785,0.468825
test.enc.prompt.txt::00795,test.enc.prompt.txt::00795__row410,May I help,1.0,content_diversity,with that heavy box,you with your homework,his dad? he looks tired,building new house,with food rationing? I could volunteer,-0.013,0.982,-0.118,-0.577,-0.138,5.423228,0.800395,0.336603,1.825473,0.269415,88.362838,2.298292,0.000000,29.743165,0.773611
test.enc.prompt.txt::00795,test.enc.prompt.txt::00795__row411,May I help,0.0,content_diversity,your dad? he looks exhausted,"his father, he doesn't look well","your dad, he looks bad","your old man, he looks tired","his dad, he looks so exhausted",-0.117,0.868,-0.593,-0.861,-0.774,37.915499,1.440032,0.309059,11.718108,0.445054,12.405721,0.364873,0.000000,3.834094,0.112767
test.enc.prompt.txt::00796,test.enc.prompt.txt::00796__row412,Your voice --,1.0,content_diversity,it's like an angel.,what happened to your voice?,you are very hoarse.,it's awful.,you have no voice.,-0.012,0.979,-0.329,-0.726,-0.353,6.086267,0.411659,0.394092,2.398550,0.162232,26.533645,1.577214,0.000000,10.456699,0.621568
test.enc.prompt.txt::00796,test.enc.prompt.txt::00796__row413,Your voice --,0.0,content_diversity,"horrible, like nails on a chalkboard.",awful and screeching.,so terrible. Give up the singing.,I've never heard something worse in my life.,God help us all. It's bad.,0.000,1.000,-0.134,-0.744,-0.496,22.221655,0.608741,0.381019,8.466865,0.231942,35.289953,1.742149,0.000000,13.446131,0.663791
test.enc.prompt.txt::00797,test.enc.prompt.txt::00797__row414,"Congratulations, Mrs. Peel.",1.0,content_diversity,You don't have cancer.,You won a trip to Hawaii!,We would like you to work for us.,You just got promoted!,You are pregnant!,-0.032,0.968,-0.286,-0.670,-0.252,6.207898,0.010055,0.510328,3.168067,0.005131,28.808654,0.481576,0.000000,14.701876,0.245762
test.enc.prompt.txt::00797,test.enc.prompt.txt::00797__row415,"Congratulations, Mrs. Peel.",0.0,content_diversity,We are proud to offer you a position within the company.,We are offering you this job.,There is a job for at our company if you want it.,We have a job for you at our company.,There's a place for you within our company.,-0.104,0.863,-0.458,-0.938,-0.671,27.026126,0.647918,0.471866,12.752709,0.305731,40.479043,0.816135,0.000000,19.100683,0.385106
test.enc.prompt.txt::00798,test.enc.prompt.txt::00798__row416,Close. We're so,1.0,content_diversity,near the shore.,going to that new restaurant.,leaving for vacation soon.,close to starting our own business.,going to buy our own house.,-0.029,0.937,-0.341,-0.668,-0.292,16.010931,0.455281,0.386090,6.181655,0.175779,12.759914,2.126359,0.000000,4.926470,0.820965
test.enc.prompt.txt::00798,test.enc.prompt.txt::00798__row417,Close. We're so,0.0,content_diversity,near to the beach.,close to the shoreline.,close. Swim for the shore!,near the island. Swim for the beach fast.,close to land. Hurry before we drown.,-0.096,0.860,-0.448,-0.873,-0.439,37.717133,1.441599,0.381401,14.385352,0.549827,52.722486,0.858553,0.000000,20.108409,0.327453
test.enc.prompt.txt::00799,test.enc.prompt.txt::00799__row418,My number two.,1.0,content_diversity,not my number 1,i wanna be first,why second,who cares,why dont you make it number 1?,-0.009,0.979,-0.155,-0.674,-0.320,13.355281,1.907483,0.242312,3.236143,0.462206,37.943365,1.029992,0.000000,9.194126,0.249579
test.enc.prompt.txt::00799,test.enc.prompt.txt::00799__row419,My number two.,0.0,content_diversity,why not first?,ok but why 2,who wants to be second?,second place sucks,your number 1 would be better than 2,-0.012,0.974,-0.036,-0.731,-0.359,22.349562,1.670954,0.245770,5.492862,0.410671,39.207756,2.020025,0.000000,9.636108,0.496462
test.enc.prompt.txt::00800,test.enc.prompt.txt::00800__row420,For starters. Of,1.0,content_diversity,course I want the soup.,what do you recommend?,course I want you gone?,"the moon, is where I'm from.",course we are going to the hospital.,-0.050,0.918,-0.229,-0.675,-0.159,5.412584,0.443920,0.372005,2.013508,0.165141,39.898596,1.691177,0.000000,14.842475,0.629126
test.enc.prompt.txt::00800,test.enc.prompt.txt::00800__row421,For starters. Of,0.0,content_diversity,course. Bring me an appetizer.,course I am starving. Bring me some chicken noodle.,course we are eating a three course meal.,course. Bring me soup and salad.,course I need a starter. How about some soup?,-0.086,0.903,-0.402,-0.854,-0.456,34.080232,0.920222,0.443942,15.129638,0.408525,44.531987,0.560621,0.000000,19.769608,0.248883
test.enc.prompt.txt::00801,test.enc.prompt.txt::00801__row422,"Doctor Peel, I",1.0,content_diversity,don't feel good,think you aren't real doctor,believe i have every right to demand payback,think you should have given me prescription,can't find my antibiotics,-0.014,0.969,-0.137,-0.663,-0.164,25.055601,0.456881,0.454031,11.376027,0.207438,75.894997,1.223139,0.000000,34.458703,0.555344
test.enc.prompt.txt::00801,test.enc.prompt.txt::00801__row423,"Doctor Peel, I",0.0,content_diversity,am not well,feel sick,think I might be sick,feel unwell,feel exhausted,-0.036,0.957,-0.423,-0.712,-0.610,9.018529,0.689344,0.406019,3.661694,0.279887,17.272986,0.753496,0.000000,7.013160,0.305934
test.enc.prompt.txt::00802,test.enc.prompt.txt::00802__row424,Red herring would,1.0,content_diversity,be a perfect choice for dinner,be so hard to catch,not exist in warmer waters,be best choice of protein,be classified as a blue fish,-0.029,0.963,-0.098,-0.627,-0.138,13.843379,0.630210,0.438818,6.074727,0.276548,18.820256,0.962019,0.000000,8.258671,0.422152
test.enc.prompt.txt::00802,test.enc.prompt.txt::00802__row425,Red herring would,0.0,content_diversity,be a good choice for dinner,be perfect dinner choice,be nice for a dinner,be perfect meal for dinner,be nice for evening meal,-0.135,0.827,-0.450,-0.982,-0.807,23.749278,1.032815,0.431594,10.250054,0.445757,15.110855,0.679545,0.000000,6.521759,0.293288
test.enc.prompt.txt::00803,test.enc.prompt.txt::00803__row426,... Showers followed,1.0,content_diversity,the day before,the next day,me around seemingly,close behind,by a a long bath,-0.013,0.963,-0.128,-0.627,-0.301,0.195403,0.055178,0.357030,0.069765,0.019700,75.683456,4.253419,0.000000,27.021242,1.518597
test.enc.prompt.txt::00803,test.enc.prompt.txt::00803__row427,... Showers followed,0.0,content_diversity,it was very close,cant say it wasn't that close,it was pretty close,very close to me seemingly,not too far away,-0.061,0.917,-0.131,-0.791,-0.707,35.048980,1.546955,0.270026,9.464125,0.417718,72.614241,2.110484,0.000000,19.607710,0.569885
test.enc.prompt.txt::00804,test.enc.prompt.txt::00804__row428,That place is,1.0,content_diversity,the best place to eat in town,kind of scary,"gorgeous, they put a lot of work into it.",not where you would want to stay,where we all had the best time for her wedding.,-0.017,0.966,-0.067,-0.602,-0.184,-4.794143,0.155529,0.494275,-2.369623,0.076874,89.619971,1.342717,0.000000,44.296885,0.663671
test.enc.prompt.txt::00804,test.enc.prompt.txt::00804__row429,That place is,0.0,content_diversity,so pretty,"pretty, they just fixed it up",all fixed up and gorgeous,so nice now that it's redone,beautiful after the remodel.,-0.013,0.974,-0.255,-0.837,-0.576,24.237600,1.061307,0.367176,8.899471,0.389687,44.772239,0.839870,0.000000,16.439303,0.308380
test.enc.prompt.txt::00805,test.enc.prompt.txt::00805__row430,"According to Mother,",1.0,content_diversity,you are not good enough or me.,the 5:15 train should get us there in plenty of time.,"the weather is supposed to turn for the worse later,",the old boat sank back in the 40's,father left when we were babies but I am not so sure.,-0.019,0.975,-0.032,-0.568,-0.140,10.467043,0.264994,0.393658,4.120431,0.104317,29.915356,1.447042,0.000000,11.776407,0.569639
test.enc.prompt.txt::00805,test.enc.prompt.txt::00805__row431,"According to Mother,",0.0,content_diversity,there is a storm headed our way.,is it going to rain later on.,"the weather is set to turn quite foul later today,",there is a snow storm set to hit us this afternoon.,the weather is going to be rotten later today.,-0.080,0.885,-0.429,-0.839,-0.563,43.313077,0.905967,0.437456,18.947582,0.396321,35.901375,1.206880,0.000000,15.705286,0.527958
test.enc.prompt.txt::00806,test.enc.prompt.txt::00806__row432,Not so much,1.0,content_diversity,lately,"sugar, it is too sweet","time, you should be done sooner","perfume, it doesn't smell good","money, it is too expensive",-0.037,0.925,-0.264,-0.670,-0.212,40.294018,1.019976,0.313505,12.632375,0.319767,44.406880,5.426787,0.000000,13.921778,1.701325
test.enc.prompt.txt::00806,test.enc.prompt.txt::00806__row433,Not so much,0.0,content_diversity,"perfume, it smells bad","fragrance, it doesn't smell good",toilette it smells bad,"perfume, it stinks","fragrance, smell is too intensive",-0.086,0.868,-0.462,-0.935,-0.671,26.155823,1.454326,0.266298,6.965247,0.387284,74.287296,2.187489,0.000000,19.782567,0.582524
test.enc.prompt.txt::00807,test.enc.prompt.txt::00807__row434,So ... I,1.0,content_diversity,bet you weren't expecting to see me.,think it better if we both get dressed and leave.,suppose you want to go to the park?,"have a plan, you may not like it though.","shot him and ran away, I think he is dead",-0.018,0.968,-0.091,-0.648,-0.190,-5.329302,-0.112328,0.459474,-2.448675,-0.051612,38.388846,0.587763,0.000000,17.638673,0.270062
test.enc.prompt.txt::00807,test.enc.prompt.txt::00807__row435,So ... I,0.0,content_diversity,guess you want to go to the park?,think you would like a walk to the funfair?,suppose you want to go to the meadow?,will be taking you to the park then?,think a trip to the park is in order then?,-0.166,0.795,-0.505,-0.851,-0.618,27.920483,0.762976,0.420683,11.745684,0.320971,43.581878,0.902787,0.000000,18.334172,0.379788
test.enc.prompt.txt::00808,test.enc.prompt.txt::00808__row436,That's possible. Sir,1.0,content_diversity,please stand back,alex ferguson is greatest coach of all time,i think you're pushing your luck,i'll have to ask you to leave the courthouse,you better watch your mouth,-0.006,0.981,-0.042,-0.620,-0.120,28.217489,0.784105,0.416951,11.765313,0.326933,65.957381,1.140820,0.000000,27.501003,0.475666
test.enc.prompt.txt::00808,test.enc.prompt.txt::00808__row437,That's possible. Sir,0.0,content_diversity,watch your language,don't be rude,stop threatening me,watch what you're saying,stop behaving so rude,-0.017,0.765,-0.203,-0.769,-0.386,25.299135,1.349570,0.330828,8.369664,0.446476,32.615092,1.490067,0.000000,10.789988,0.492956
test.enc.prompt.txt::00809,test.enc.prompt.txt::00809__row438,"Elementary, Mrs. Peel.",1.0,content_diversity,you should have learned it in elementary school,do you know what that is,see you there tomorrow,i need to take my son there,which one would you recommend,-0.026,0.973,0.038,-0.600,-0.228,25.584542,1.105098,0.364184,9.317472,0.402459,24.928725,0.948856,0.000000,9.078634,0.345558
test.enc.prompt.txt::00809,test.enc.prompt.txt::00809__row439,"Elementary, Mrs. Peel.",0.0,content_diversity,meet you there tomorrow,let's meet there,let's hang together at elementary,meet me behind the elementary,i'll see you there,-0.053,0.921,-0.178,-0.811,-0.422,46.830257,1.835132,0.265601,12.438157,0.487413,33.519260,0.533279,0.000000,8.902744,0.141639
test.enc.prompt.txt::00810,test.enc.prompt.txt::00810__row440,Not quite. This,1.0,content_diversity,is the worst thing you've done,must be true love,is why you never screw a mob boss,is what you get for playing with her feelings,should be banned,-0.016,0.973,-0.103,-0.608,-0.153,33.256401,0.955273,0.365375,12.151055,0.349033,41.768851,1.444713,0.000000,15.261290,0.527862
test.enc.prompt.txt::00810,test.enc.prompt.txt::00810__row441,Not quite. This,0.0,content_diversity,is by far the worst thing you've done,is so cruel,is the biggest mistake you've commited,is so wrong on many levels,is one of the most selfish and worse things you've done,-0.064,0.927,-0.179,-0.789,-0.667,28.587354,1.387491,0.406099,11.609305,0.563459,49.307541,1.487031,0.000000,20.023759,0.603882
test.enc.prompt.txt::00811,test.enc.prompt.txt::00811__row442,The Prospero Project,1.0,content_diversity,is the most known project in history,is the name of my project for class,could be fake,in my opinion is not that good,has set the ground for later similar projects,-0.030,0.944,-0.075,-0.630,-0.207,8.129277,0.966965,0.364694,2.964696,0.352646,43.891023,1.801535,0.000000,16.006779,0.657009
test.enc.prompt.txt::00811,test.enc.prompt.txt::00811__row443,The Prospero Project,0.0,content_diversity,isn't good at all,in my honest opinion is worthless,isn't relevant,shouldn't be considered good,is not worth at all,-0.030,0.940,-0.238,-0.710,-0.683,29.059337,1.359060,0.310054,9.009964,0.421382,32.117319,0.973541,0.000000,9.958103,0.301850
test.enc.prompt.txt::00812,test.enc.prompt.txt::00812__row444,Exactly. There'd been,1.0,content_diversity,more of those snakes in the past.,fewer hate crimes before.,a lot more money in the bank.,proof she cheated.,food to eat just a week before.,-0.019,0.956,-0.278,-0.597,-0.086,-7.607652,-0.137012,0.361697,-2.751668,-0.049557,24.530148,2.080591,0.000000,8.872491,0.752544
test.enc.prompt.txt::00812,test.enc.prompt.txt::00812__row445,Exactly. There'd been,0.0,content_diversity,a lot of cash in the vault.,a ton of money in the safe.,millions in the bank vault before they robbed the place.,lots and lots of rare coins in the boxes at the bank.,millions and they stole it all from the bank.,-0.094,0.891,-0.410,-0.862,-0.642,18.516290,0.383865,0.422645,7.825812,0.162238,70.335096,0.844584,0.000000,29.726756,0.356959
test.enc.prompt.txt::00813,test.enc.prompt.txt::00813__row446,That's what we,1.0,content_diversity,were thinking also.,will do to make it correct,all thought of the situation,can do later,will have for dinner,-0.009,0.981,-0.195,-0.655,-0.313,14.380904,0.559829,0.423577,6.091422,0.237131,30.684411,1.617621,0.000000,12.997213,0.685187
test.enc.prompt.txt::00813,test.enc.prompt.txt::00813__row447,That's what we,0.0,content_diversity,all thought at first,were thinking,thought about the situation,thought was the problem,we starting to think,-0.020,0.767,-0.222,-0.895,-0.622,1.089855,-0.034484,0.495497,0.540020,-0.017087,45.177653,2.201471,0.000000,22.385401,1.090823
test.enc.prompt.txt::00814,test.enc.prompt.txt::00814__row448,Three agents killed,1.0,content_diversity,in a battle near the docks,is a shame for our agency,shouldn't go unpunished,require sanctions,take out mob ring,-0.003,0.990,-0.048,-0.597,-0.188,6.801848,0.186012,0.254048,1.727998,0.047256,41.158588,2.551330,0.000000,10.456267,0.648161
test.enc.prompt.txt::00814,test.enc.prompt.txt::00814__row449,Three agents killed,0.0,content_diversity,shouldn't be not punished,should be revenged,should be avenged,requires vendetta,shouldn't go without consequences,-0.040,0.732,-0.203,-0.806,-0.569,22.283047,1.359438,0.287046,6.396258,0.390221,39.080921,2.046606,0.000000,11.218020,0.587470
test.enc.prompt.txt::00815,test.enc.prompt.txt::00815__row450,And do you,1.0,content_diversity,know my cousin,eat a lot before sleep time,like me as a friend,do your chores regularly,think our country's headed in wrong direction,-0.004,0.992,-0.086,-0.599,-0.099,-2.299722,0.454394,0.420656,-0.967391,0.191144,63.749252,0.697948,0.000000,26.816490,0.293596
test.enc.prompt.txt::00815,test.enc.prompt.txt::00815__row451,And do you,0.0,content_diversity,eat a lot before bed time,consume food before sleeping time,eat before going to bed,eat a lot on evenings,eat large amount of food after 9 PM,-0.064,0.904,-0.341,-0.954,-0.656,19.156305,0.882968,0.375948,7.201774,0.331950,40.832988,1.208781,0.000000,15.351080,0.454439
test.enc.prompt.txt::00816,test.enc.prompt.txt::00816__row452,I'm playing to,1.0,content_diversity,win,get better,beat you basically,impress people,go further,0.000,0.600,-0.223,-0.638,-0.448,8.338832,0.164060,0.423387,3.530550,0.069461,40.175432,1.867511,0.000000,17.009739,0.790679
test.enc.prompt.txt::00816,test.enc.prompt.txt::00816__row453,I'm playing to,0.0,content_diversity,im trying to perfect my skills,trying to get alot better,doing this to be greater,i want to be better so i am trying harder,i want to be a lot beter,-0.087,0.863,-0.306,-0.733,-0.465,42.377731,1.452413,0.310478,13.157359,0.450943,28.684422,1.040251,0.000000,8.905886,0.322975
test.enc.prompt.txt::00817,test.enc.prompt.txt::00817__row454,Please don't tell,1.0,content_diversity,him it's a suprise,on me for doing it like that,"the others, it's a secret",her that she lost all of it,them that it will soon be over.,-0.032,0.952,-0.203,-0.600,-0.231,4.601077,0.261941,0.418105,1.923734,0.109519,29.929387,1.092310,0.000000,12.513630,0.456701
test.enc.prompt.txt::00817,test.enc.prompt.txt::00817__row455,Please don't tell,0.0,content_diversity,anyone about the secret,the secret to anyone,anyone what I told you,that I told you,secret to him,-0.089,0.837,-0.199,-0.831,-0.495,1.975307,-0.200532,0.558657,1.103519,-0.112029,38.616319,3.428080,0.000000,21.573281,1.915121
test.enc.prompt.txt::00818,test.enc.prompt.txt::00818__row456,"Teddy bears, cuckoo",1.0,content_diversity,for cocoa puffs.,"clocks, and old mansions.","birds, I don't know what I mean.",is what I am.,were my favorite pets.,-0.015,0.961,-0.127,-0.614,-0.080,8.422315,0.467797,0.262890,2.214140,0.122979,43.093172,1.843216,0.000000,11.328754,0.484563
test.enc.prompt.txt::00818,test.enc.prompt.txt::00818__row457,"Teddy bears, cuckoo",0.0,content_diversity,those were my pets.,I loved those animals so much growing up.,they were my pet's names.,my pets were my family.,they are buried in the pet cemetery and were my favorites.,-0.091,0.911,-0.446,-0.920,-0.604,23.143796,1.458508,0.235859,5.458667,0.344002,86.451561,0.742382,0.000000,20.390357,0.175097
test.enc.prompt.txt::00819,test.enc.prompt.txt::00819__row458,'The owl and,1.0,content_diversity,the bee sat atop the tree,it's babies rested in the nest,it's friends flew by the light of the moon.,the eagle never flew at the same time,the opossum shared the same branch,-0.084,0.930,-0.259,-0.638,-0.136,32.103119,0.849927,0.421396,13.528113,0.358155,21.028204,0.920431,0.000000,8.861192,0.387866
test.enc.prompt.txt::00819,test.enc.prompt.txt::00819__row459,'The owl and,0.0,content_diversity,his friends flew by at night,the bat only flew at night,the others flew by nightly,his friends only fly at night,and her friends fly at night by the moon light.,-0.118,0.845,-0.401,-0.912,-0.586,20.188659,1.115055,0.368233,7.434124,0.410600,92.273238,1.691419,0.000000,33.978022,0.622836
test.enc.prompt.txt::00820,test.enc.prompt.txt::00820__row460,Your mission is,1.0,content_diversity,to bring your troops home safely,to confiscate money from dealers,to be the best in your class,get better at chess,not to eat so much junk food,-0.023,0.972,-0.176,-0.530,-0.115,9.161699,0.415154,0.418889,3.837735,0.173904,32.326952,1.364467,0.000000,13.541404,0.571560
test.enc.prompt.txt::00820,test.enc.prompt.txt::00820__row461,Your mission is,0.0,content_diversity,to get home safely with your troops,to bring home your soldiers,to safely come back home,to get your brigade home,to save the rest of your soldiers,-0.096,0.894,-0.434,-0.911,-0.598,25.593088,1.050169,0.448506,11.478664,0.471008,17.353989,0.819757,0.000000,7.783375,0.367666
test.enc.prompt.txt::00821,test.enc.prompt.txt::00821__row462,Emma in Wonderland.,1.0,content_diversity,this is the best movie i've seen,should be rated pg13,i have never heard of it,she got lost,is it not alice?,-0.008,0.983,-0.028,-0.547,-0.117,4.671994,-0.025464,0.261496,1.221706,-0.006659,38.984448,3.802894,0.000000,10.194261,0.994440
test.enc.prompt.txt::00821,test.enc.prompt.txt::00821__row463,Emma in Wonderland.,0.0,content_diversity,it's the best movie,it is one of the best movies so far,i adore that movie,one of my favourite movies,i believe it is the best movie of all time,-0.075,0.873,-0.429,-0.925,-0.750,24.322071,1.191055,0.382626,9.306257,0.455729,26.976176,0.772763,0.000000,10.321787,0.295679
test.enc.prompt.txt::00822,test.enc.prompt.txt::00822__row464,Talk to the,1.0,content_diversity,hand,man behind the counter,"boss, he's over there",person who told you that to begin with,other man if he won't listen,-0.004,0.991,0.113,-0.578,-0.176,11.424640,0.426581,0.301380,3.443153,0.128563,46.199491,5.130985,0.000000,13.923584,1.546374
test.enc.prompt.txt::00822,test.enc.prompt.txt::00822__row465,Talk to the,0.0,content_diversity,man in charge,"guy over there, he's the boss",boss in the corner,person in charge,guy who runs the show.,-0.055,0.921,-0.256,-0.758,-0.608,15.017814,0.840560,0.453768,6.814599,0.381419,36.351583,1.108181,0.000000,16.495175,0.502857
test.enc.prompt.txt::00823,test.enc.prompt.txt::00823__row466,"Ah, here we",1.0,content_diversity,go again,"are, right in this spot",can eat all day,"go, this is where we should live",can spend the day outside in the sun,-0.013,0.962,-0.128,-0.633,-0.292,14.289491,1.010976,0.427156,6.103843,0.431845,52.370350,0.890991,0.000000,22.370314,0.380592
test.enc.prompt.txt::00823,test.enc.prompt.txt::00823__row467,"Ah, here we",0.0,content_diversity,can buy a house.,is where we can live,should stay forever,never leave this spot,have the best location to live.,-0.008,0.982,-0.263,-0.671,-0.367,15.755149,1.034747,0.282359,4.448601,0.292170,31.413250,1.133777,0.000000,8.869800,0.320132
test.enc.prompt.txt::00824,test.enc.prompt.txt::00824__row468,Privately owned by,1.0,content_diversity,the Gates family.,whoever wants to own it.,them and you cannot trespass.,that old family and rumored to be haunted.,the people that lost their son in the war.,-0.020,0.960,-0.206,-0.612,-0.177,2.335937,0.125578,0.419162,0.979135,0.052637,48.648213,0.822076,0.000000,20.391463,0.344583
test.enc.prompt.txt::00824,test.enc.prompt.txt::00824__row469,Privately owned by,0.0,content_diversity,the family who were murdered and haunt the place.,the ancient family and ghosts have been spotted there.,the people whose family was killed in the house and now haunt it.,the family who founded this town. Apparitions have been seen by schoolchildren.,that historical clan that now family members haunt the house.,-0.081,0.899,-0.423,-0.855,-0.650,26.815411,0.413006,0.412525,11.062030,0.170375,88.093734,1.133516,0.000000,36.340877,0.467604
test.enc.prompt.txt::00825,test.enc.prompt.txt::00825__row470,You're not venturing,1.0,content_diversity,into the wilderness alone.,into that house.,around this foreign country.,up the river without the rest of the people.,across the ocean without a crew.,-0.026,0.954,-0.387,-0.622,-0.225,8.442359,0.329818,0.486669,4.108637,0.160512,48.989279,1.354768,0.000000,23.841578,0.659324
test.enc.prompt.txt::00825,test.enc.prompt.txt::00825__row471,You're not venturing,0.0,content_diversity,around the forest without me.,into the woods alone without protection.,around the wilds of Alaska without the rest of the team.,"out, into the wilderness, alone.","alone, into a wild area filled with bears.",-0.060,0.918,-0.431,-0.810,-0.602,16.436390,0.324428,0.473330,7.779834,0.153562,46.783581,0.873710,0.000000,22.144064,0.413553
test.enc.prompt.txt::00826,test.enc.prompt.txt::00826__row472,Still doesn't. Better,1.0,content_diversity,call later,try another thing,be good at it next time,do it yourself,do something about it,-0.020,0.967,-0.160,-0.707,-0.369,20.960841,1.098076,0.375035,7.861043,0.411817,29.028575,2.951401,0.000000,10.886723,1.106878
test.enc.prompt.txt::00826,test.enc.prompt.txt::00826__row473,Still doesn't. Better,0.0,content_diversity,try again later,try calling later,do it again later,call back another time,try calling back in an hour,-0.063,0.903,-0.260,-0.872,-0.672,26.974060,1.537912,0.390926,10.544867,0.601210,22.585500,1.025252,0.000000,8.829264,0.400798
test.enc.prompt.txt::00827,test.enc.prompt.txt::00827__row474,I was hoping,1.0,content_diversity,you could take me out for a dinner,i wouldn't have to see him,you could borrow me some money,he has changed,i wouldn't have to do whole project by myself,-0.045,0.897,-0.175,-0.630,-0.187,16.803969,0.934525,0.446195,7.497846,0.416980,42.406622,1.678507,0.000000,18.921621,0.748942
test.enc.prompt.txt::00827,test.enc.prompt.txt::00827__row475,I was hoping,0.0,content_diversity,you could lend me money,i could borrow money from you,you can give me some money,"you can lend me money, I'll pay you back",you can give me money and I'll pay back,-0.133,0.819,-0.558,-0.963,-0.820,25.617069,0.844298,0.467790,11.983400,0.394954,34.733936,0.816426,0.000000,16.248176,0.381916
test.enc.prompt.txt::00828,test.enc.prompt.txt::00828__row476,Cocky little bastard.,1.0,content_diversity,you shouldn't be breathing,what have you done,don't act like that or i'll shut your mouth,it's all your fault,you're mistake has costed us millions,-0.008,0.985,-0.011,-0.684,-0.278,16.786728,0.769854,0.382956,6.428584,0.294821,71.786490,1.101480,0.000000,27.491091,0.421819
test.enc.prompt.txt::00828,test.enc.prompt.txt::00828__row477,Cocky little bastard.,0.0,content_diversity,you should be dead,i should kill you,you shouldn't be alive,you should be burried,i will strangle you,-0.108,0.663,-0.360,-0.786,-0.575,27.463978,1.388249,0.331636,9.108056,0.460394,25.653651,1.179999,0.000000,8.507686,0.391331
test.enc.prompt.txt::00829,test.enc.prompt.txt::00829__row478,I think she,1.0,content_diversity,is the perfect girl for you,might be the best student in our class,might be suicidal,is the best softball player around,is the best possible friend,-0.084,0.881,-0.227,-0.629,-0.347,13.029167,0.556783,0.537927,7.008744,0.299509,13.706455,0.866229,0.000000,7.373076,0.465968
test.enc.prompt.txt::00829,test.enc.prompt.txt::00829__row479,I think she,0.0,content_diversity,might be having suicidal thoughts,is severely depressed,is mentally unstable,is a threat to herself,is suicidal,-0.046,0.956,-0.392,-0.729,-0.471,15.822986,0.730100,0.448088,7.090084,0.327149,20.664750,0.531412,0.000000,9.259618,0.238119
test.enc.prompt.txt::00830,test.enc.prompt.txt::00830__row480,Look at that,1.0,content_diversity,pimple in the middle of your forehead,man swimming so fast,amazing natural beauty,"phone, it so ahead of the time",man without pants on,-0.014,0.968,-0.044,-0.566,-0.144,13.071806,0.527225,0.402408,5.260205,0.212160,54.056310,1.533687,0.000000,21.752718,0.617169
test.enc.prompt.txt::00830,test.enc.prompt.txt::00830__row481,Look at that,0.0,content_diversity,"phone, it is so new","phone, it's using newest technology","phone, it is groundbreaking","phone, it's so technologically advanced","phone, it has never been seen before",-0.097,0.880,-0.468,-0.974,-0.706,36.829896,1.238821,0.403907,14.875838,0.500368,35.476901,0.967297,0.000000,14.329354,0.390697
test.enc.prompt.txt::00831,test.enc.prompt.txt::00831__row482,I don't get,1.0,content_diversity,why you don't want to date her,it why are you such a baby,it why we need to learn music theory,how people can be so selfish,how people can vote for trump,-0.042,0.924,-0.190,-0.609,-0.089,26.655327,0.842180,0.449390,11.978632,0.378467,26.869966,0.876373,0.000000,12.075089,0.393833
test.enc.prompt.txt::00831,test.enc.prompt.txt::00831__row483,I don't get,0.0,content_diversity,why you don't want to be with her,why you don't want to get involved with her,why wouldn't you want to be in a relationship,it how can you say no to her,why you don't wanna go on a date with her,-0.154,0.802,-0.483,-0.835,-0.610,29.998525,0.808991,0.501739,15.051430,0.405902,32.153688,1.272465,0.000000,16.132759,0.638445
test.enc.prompt.txt::00832,test.enc.prompt.txt::00832__row484,What's Debbie's blue,1.0,content_diversity,im not sure,sounds like a bad movie,can you tell me,it sounds ridiculous,sounds awesome,-0.020,0.976,-0.066,-0.693,-0.312,27.273692,1.507417,0.231827,6.322791,0.349461,11.252231,1.204577,0.000000,2.608576,0.279254
test.enc.prompt.txt::00832,test.enc.prompt.txt::00832__row485,What's Debbie's blue,0.0,content_diversity,it is kinda awesome,it sounds great,pretty awesome sounding,sounding kinda great,its pretty awesome,-0.060,0.694,-0.543,-0.868,-0.865,50.337392,2.584060,0.214361,10.790376,0.553922,19.048394,0.709264,0.000000,4.083233,0.152038
test.enc.prompt.txt::00833,test.enc.prompt.txt::00833__row486,I don't want,1.0,content_diversity,to go out with you,my mom to find out about drugs,to cheat on my girlfriend,to say i'm sorry,die isolated from my family,-0.038,0.954,-0.181,-0.609,-0.133,-6.238883,-0.190185,0.466529,-2.910620,-0.088727,57.316932,1.866029,0.000000,26.740015,0.870557
test.enc.prompt.txt::00833,test.enc.prompt.txt::00833__row487,I don't want,0.0,content_diversity,to be with you,go out on a date with you,to date you,have a date with you,to go anywhere with you,-0.158,0.788,-0.407,-0.839,-0.548,7.568437,0.555316,0.480463,3.636355,0.266809,23.732285,0.765304,0.000000,11.402488,0.367700
test.enc.prompt.txt::00834,test.enc.prompt.txt::00834__row488,I'm ready to,1.0,content_diversity,give up,forgive you when you apologise,start taking swimming lessons,take a next step,start behaving,-0.007,0.976,-0.112,-0.680,-0.197,9.660608,0.069849,0.472042,4.560215,0.032972,42.491377,1.032077,0.000000,20.057724,0.487184
test.enc.prompt.txt::00834,test.enc.prompt.txt::00834__row489,I'm ready to,0.0,content_diversity,let it go when you apologise,forgive when you say sorry,forgive when you apologise to me,let it go once you apologise,let it go if you say sorry first,-0.178,0.758,-0.507,-0.906,-0.742,38.931371,1.374465,0.383831,14.943085,0.527563,26.254082,0.746968,0.000000,10.077143,0.286710
test.enc.prompt.txt::00835,test.enc.prompt.txt::00835__row490,Low mileage... Handles,1.0,content_diversity,basically nothing,alot,so much when you drive,do not work,are complicated,0.000,1.000,-0.189,-0.645,-0.192,22.715844,1.948378,0.254205,5.774472,0.495287,24.111666,4.273195,0.000000,6.129296,1.086266
test.enc.prompt.txt::00835,test.enc.prompt.txt::00835__row491,Low mileage... Handles,0.0,content_diversity,don't work,sorta dont work,they just dont work,something they work sometimes they dont,they do work,-0.101,0.885,-0.301,-0.935,-0.465,43.989105,2.176688,0.177575,7.811376,0.386526,57.097646,1.371632,0.000000,10.139128,0.243568
test.enc.prompt.txt::00836,test.enc.prompt.txt::00836__row492,"Yes, son, did",1.0,content_diversity,you pick up your mother,you change tires on my car,you do what i've told you,apologise to your sister,he bother you,-0.038,0.958,-0.247,-0.634,-0.157,7.547203,-0.135364,0.424304,3.202307,-0.057435,23.310558,1.877127,0.000000,9.890759,0.796472
test.enc.prompt.txt::00836,test.enc.prompt.txt::00836__row493,"Yes, son, did",0.0,content_diversity,you say sorry to your sister,you make up with your sis,say you're sorry,apologise about your behaviour,you smooth things out with your sis,-0.058,0.899,-0.264,-0.743,-0.458,28.517554,1.308182,0.398223,11.356354,0.520949,37.774502,1.333310,0.000000,15.042686,0.530955
test.enc.prompt.txt::00837,test.enc.prompt.txt::00837__row494,I know you're,1.0,content_diversity,trying your best,not lying about the problem,just being yourself,going to do it when you say,going to work out all the kinks,-0.012,0.966,-0.190,-0.698,-0.308,8.164266,0.495198,0.533127,4.352591,0.264003,36.983293,0.824827,0.000000,19.716792,0.439737
test.enc.prompt.txt::00837,test.enc.prompt.txt::00837__row495,I know you're,0.0,content_diversity,going to finish when you say so,trying to finish on time,getting it finished when you say,doing it when you say,getting it done on time,-0.113,0.824,-0.325,-0.890,-0.558,36.011539,1.367431,0.440125,15.849588,0.601841,18.894880,0.538833,0.000000,8.316114,0.237154
test.enc.prompt.txt::00838,test.enc.prompt.txt::00838__row496,Thanks for the,1.0,content_diversity,help. I appreciate it.,add on Facebook.,loan.,dinner invite.,surprise party.,0.000,0.800,-0.367,-0.670,-0.213,2.717150,1.236919,0.251159,0.682437,0.310664,28.753536,2.148752,0.000000,7.221718,0.539679
test.enc.prompt.txt::00838,test.enc.prompt.txt::00838__row497,Thanks for the,0.0,content_diversity,assistance getting that project done.,help getting the aid I needed.,aid in setting up the trip.,support. It's really appreciated.,service. I cannot thank you enough.,-0.014,0.970,-0.281,-0.762,-0.513,11.900275,0.503111,0.424349,5.049865,0.213494,16.510233,0.855381,0.000000,7.006094,0.362980
test.enc.prompt.txt::00839,test.enc.prompt.txt::00839__row498,"So, he's playing",1.0,content_diversity,our song.,the drums loudly.,football now.,on the beach.,her like a fiddle.,-0.007,0.786,-0.284,-0.625,-0.098,-8.655443,-0.443906,0.379958,-3.288709,-0.168666,19.600027,1.383540,0.000000,7.447196,0.525688
test.enc.prompt.txt::00839,test.enc.prompt.txt::00839__row499,"So, he's playing",0.0,content_diversity,that music we love.,a song from our wedding.,the music where we first danced together.,the first dance from our ceremony.,our favorite song where we first met.,-0.061,0.889,-0.419,-0.849,-0.461,21.652519,0.578155,0.385021,8.336665,0.222601,20.312676,1.515861,0.000000,7.820798,0.583638
test.enc.prompt.txt::00840,test.enc.prompt.txt::00840__row500,"Cole, my God,",1.0,content_diversity,you are taller than last time,put that back on its place,you can't behave like that,go and apologise to your sister,you're such a nice guy,-0.007,0.986,0.002,-0.656,-0.155,10.007696,0.283164,0.450574,4.509206,0.127586,32.395000,1.040141,0.000000,14.596341,0.468661
test.enc.prompt.txt::00840,test.enc.prompt.txt::00840__row501,"Cole, my God,",0.0,content_diversity,you grew up since last time,you are much taller,how much did you grow,you look waaay taller than last time,you grew few inches since last time,-0.090,0.873,-0.248,-0.879,-0.492,21.458889,0.917592,0.434396,9.321652,0.398598,35.324498,0.581456,0.000000,15.344815,0.252582
test.enc.prompt.txt::00841,test.enc.prompt.txt::00841__row502,"Cole, we've got",1.0,content_diversity,a big problem.,lots of money on hand.,a ton of vacation time to take.,to fire him.,the crown jewels.,-0.012,0.971,-0.262,-0.622,-0.210,-2.541187,-0.534465,0.419215,-1.065304,-0.224056,37.934473,1.375775,0.000000,15.902706,0.576746
test.enc.prompt.txt::00841,test.enc.prompt.txt::00841__row503,"Cole, we've got",0.0,content_diversity,to get rid of the idiot.,today to fire him without penalty.,until tomorrow. Let's fire him.,to get his resignation or fire him.,think about whether to get rid of him. He's not working out.,-0.093,0.870,-0.391,-0.804,-0.412,9.399446,0.664619,0.389030,3.656671,0.258557,68.842372,0.601451,0.000000,26.781781,0.233983
test.enc.prompt.txt::00842,test.enc.prompt.txt::00842__row504,"Cole, I'm marrying",1.0,content_diversity,someone else.,you because I love you.,my dad's best friend.,nobody.,God and becoming a nun.,0.000,0.988,-0.318,-0.578,-0.087,-5.767316,0.123823,0.437330,-2.522221,0.054151,36.972849,1.994537,0.000000,16.169342,0.872271
test.enc.prompt.txt::00842,test.enc.prompt.txt::00842__row505,"Cole, I'm marrying",0.0,content_diversity,you. I care about you.,no one else but you.,you tomorrow. I'm so excited.,and having the baby for you.,"you before I die. Make me happy, Cole.",-0.048,0.959,-0.239,-0.732,-0.344,-0.820178,0.167742,0.484010,-0.396974,0.081189,42.773456,0.790373,0.000000,20.702774,0.382548
test.enc.prompt.txt::00843,test.enc.prompt.txt::00843__row506,"That's all right,",1.0,content_diversity,I was going to throw that away anyway.,I have nowhere else to be today. Let's talk.,you can crash here for a while.,you can call me later.,you can borrow it for a while.,-0.055,0.917,-0.266,-0.607,-0.345,14.071123,0.456206,0.514017,7.232804,0.234498,57.772843,1.040109,0.000000,29.696252,0.534634
test.enc.prompt.txt::00843,test.enc.prompt.txt::00843__row507,"That's all right,",0.0,content_diversity,it was going in the trash later anyway.,I was going to throw it in the garbage anyway.,later I was going to throw it in the trash.,it was going to be in the trash anyway.,it had a date with a trash can later anyway.,-0.232,0.685,-0.502,-0.969,-0.730,13.875649,0.357780,0.476868,6.616858,0.170614,55.518123,1.193852,0.000000,26.474837,0.569310
test.enc.prompt.txt::00844,test.enc.prompt.txt::00844__row508,Of course. I'm,1.0,content_diversity,certain that I can do what you ask,going to finish once I started,going to pay for all of it,always sure about these things,"not always right, but I try",-0.023,0.961,-0.142,-0.622,-0.367,14.864458,0.526739,0.500077,7.433375,0.263410,22.885509,0.615372,0.000000,11.444519,0.307733
test.enc.prompt.txt::00844,test.enc.prompt.txt::00844__row509,Of course. I'm,0.0,content_diversity,going to buy all of it,purchasing it all,paying for it,buying it all,all in when it comes to paying.,-0.096,0.906,-0.384,-0.866,-0.662,3.605213,1.008666,0.373012,1.344787,0.376244,74.627765,1.893665,0.000000,27.837025,0.706359
test.enc.prompt.txt::00845,test.enc.prompt.txt::00845__row510,Stop fooling around...,1.0,content_diversity,with my sister,and start working on essay,and get back to work,with everything that moves,and apologise to your brother,-0.022,0.964,-0.130,-0.640,-0.113,9.241988,0.503460,0.458058,4.233371,0.230614,31.239158,0.989900,0.000000,14.309361,0.453432
test.enc.prompt.txt::00845,test.enc.prompt.txt::00845__row511,Stop fooling around...,0.0,content_diversity,and start writing an essay,and start working on a piece of paper,and start doing your essay,and start writing a report,and start your homework,-0.152,0.854,-0.596,-0.937,-0.664,26.028253,0.920357,0.499689,13.006019,0.459892,27.739684,0.667548,0.000000,13.861202,0.333566
test.enc.prompt.txt::00846,test.enc.prompt.txt::00846__row512,That feels so,1.0,content_diversity,weird because I don't usually feel that way.,much like a dream I once had.,hot because it came right out of the skillet just now.,wrong and immoral to hurt that small bird.,right with everything happening right now in the world today.,-0.014,0.968,-0.121,-0.595,-0.154,5.964873,0.246023,0.490982,2.928647,0.120793,53.371677,1.295661,0.000000,26.204546,0.636146
test.enc.prompt.txt::00846,test.enc.prompt.txt::00846__row513,That feels so,0.0,content_diversity,familiar as if I once had a dream similar to it.,similar to one of the visions I saw when I was asleep last night.,like the strange dark amusement park in my dream this morning.,eerie and strange like in a nightmare I had last week.,dreamlike as if I had felt it once in a vision I had one night.,-0.065,0.894,-0.299,-0.912,-0.534,29.804555,0.516633,0.450125,13.415772,0.232549,56.144779,0.713163,0.000000,25.272162,0.321012
test.enc.prompt.txt::00847,test.enc.prompt.txt::00847__row514,Well... twenty-four more,1.0,content_diversity,hours until the weekend,isn't all that many,and we will be done,before we start over,and I will have won it all back.,-0.014,0.968,-0.144,-0.612,-0.265,-4.371068,0.208103,0.495839,-2.167348,0.103186,48.491902,0.918744,0.000000,24.044196,0.455550
test.enc.prompt.txt::00847,test.enc.prompt.txt::00847__row515,Well... twenty-four more,0.0,content_diversity,and we can start over,and we can begin again,then we start once again,before we start all over,and we start at the begining,-0.124,0.848,-0.497,-0.983,-0.604,27.573342,1.253006,0.427677,11.792490,0.535882,29.826538,0.915245,0.000000,12.756130,0.391429
test.enc.prompt.txt::00848,test.enc.prompt.txt::00848__row516,Wouldn't think of,1.0,content_diversity,doing it like that?,hurting her.,leaving town suddenly.,cheating on the exam.,buying a dog with my busy life.,0.000,1.000,-0.211,-0.568,-0.120,-20.569225,-0.644003,0.429574,-8.836007,-0.276647,61.470824,1.228604,0.000000,26.406277,0.527776
test.enc.prompt.txt::00848,test.enc.prompt.txt::00848__row517,Wouldn't think of,0.0,content_diversity,packing up and leaving.,moving to another city all of a sudden.,leaving my family for another life.,moving away overnight.,splitting sudden on them like that.,-0.014,0.970,-0.208,-0.715,-0.426,-13.518456,-0.366846,0.450552,-6.090766,-0.165283,69.077294,1.686824,0.000000,31.122909,0.760002
test.enc.prompt.txt::00849,test.enc.prompt.txt::00849__row518,"This is it,",1.0,content_diversity,i'm done with relationships,i have to start studying more,i give up with you,i have to stop drinking,this might be the chance of a lifetime,-0.038,0.936,-0.243,-0.640,-0.243,15.748283,0.983940,0.405026,6.378472,0.398522,29.754219,1.025565,0.000000,12.051246,0.415381
test.enc.prompt.txt::00849,test.enc.prompt.txt::00849__row519,"This is it,",0.0,content_diversity,i can't be drinking anymore,i have to reduce drinking,i need to stop with alcohol,i need to reduce alcohol consumption,i have to reduce alcohol intake,-0.152,0.779,-0.546,-0.952,-0.725,45.673432,1.545543,0.339285,15.496291,0.524379,21.030173,0.921090,0.000000,7.135213,0.312512
test.enc.prompt.txt::00850,test.enc.prompt.txt::00850__row520,"Okay, I promise...",1.0,content_diversity,I will try harder,I won't do it again,to buy the bigger size,not to look at the presants,to think more about it next time.,-0.022,0.963,-0.193,-0.633,-0.250,15.387648,0.886559,0.408350,6.283551,0.362027,64.489695,1.961785,0.000000,26.334389,0.801096
test.enc.prompt.txt::00850,test.enc.prompt.txt::00850__row521,"Okay, I promise...",0.0,content_diversity,I will do better,to think about it more,to be my best,to be all I can be,to try more,-0.047,0.925,-0.124,-0.771,-0.395,22.721577,1.274572,0.316085,7.181944,0.402873,11.350321,1.140918,0.000000,3.587663,0.360627
test.enc.prompt.txt::00851,test.enc.prompt.txt::00851__row522,Have a good,1.0,content_diversity,night,rest of the week,first day at your new job,time with your girl on a date,manners,-0.003,0.989,-0.131,-0.629,-0.154,6.277316,-0.877595,0.426738,2.678771,-0.374503,42.958635,3.923830,0.000000,18.332090,1.674448
test.enc.prompt.txt::00851,test.enc.prompt.txt::00851__row523,Have a good,0.0,content_diversity,time on a date,time together with your gf,night with your girfriend,time with your better half,and quality time with your gf,-0.128,0.835,-0.447,-0.784,-0.344,20.663061,0.872611,0.407864,8.427723,0.355907,21.489392,0.773219,0.000000,8.764754,0.315368
test.enc.prompt.txt::00852,test.enc.prompt.txt::00852__row524,I don't believe,1.0,content_diversity,"a word he says, he never tells the truth.",you just did that! How naughty of you!,"they would just kill him like that, in cold blood.","a dog can talk, I mean they just don't",in anything I cannot see or touch.,-0.016,0.967,-0.025,-0.547,-0.194,14.378474,0.216518,0.489504,7.038314,0.105986,38.247094,0.912884,0.000000,18.722087,0.446860
test.enc.prompt.txt::00852,test.enc.prompt.txt::00852__row525,I don't believe,0.0,content_diversity,"cats talk, it isn't possible.","a cow can talk, they simply do not.","in a talking hamster, it's just not a thing.","in a speaking fish, that is impossible,","a horse can speak, they do not.",-0.048,0.926,-0.358,-0.705,-0.545,57.813952,1.484710,0.305172,17.643179,0.453091,25.771610,0.582094,0.000000,7.864765,0.177639
test.enc.prompt.txt::00853,test.enc.prompt.txt::00853__row526,See? And these,1.0,content_diversity,are the best ones,do not make any sense,are great!,"just suck, go with these",are pretty horrible,-0.021,0.979,-0.165,-0.671,-0.382,14.439695,0.975764,0.399381,5.766938,0.389702,50.371843,1.908019,0.000000,20.117553,0.762026
test.enc.prompt.txt::00853,test.enc.prompt.txt::00853__row527,See? And these,0.0,content_diversity,are really great,really awesome,too great,very very great,just fantastic,-0.028,0.533,-0.698,-0.827,-0.880,21.353324,1.856346,0.266485,5.690350,0.494689,10.747254,1.193263,0.000000,2.863987,0.317987
test.enc.prompt.txt::00854,test.enc.prompt.txt::00854__row528,Of course you,1.0,content_diversity,agree with him,you are the best okay,i would think otherwise,can have some more,can leave if you want,-0.008,0.981,-0.042,-0.619,-0.309,19.206244,0.863529,0.354879,6.815889,0.306448,45.085118,1.861540,0.000000,15.999753,0.660621
test.enc.prompt.txt::00854,test.enc.prompt.txt::00854__row529,Of course you,0.0,content_diversity,can go if you want,leave now if you please,leave at any time,go now if you want to,leave whenever,-0.086,0.838,-0.150,-0.845,-0.710,32.127099,1.699728,0.350773,11.269320,0.596219,20.692606,0.655219,0.000000,7.258408,0.229833
test.enc.prompt.txt::00855,test.enc.prompt.txt::00855__row530,Are you sure,1.0,content_diversity,he was gone last night?,you left the money on the desk?,she didn't kill Harold?,you want to go on vacation next week?,we should fire him?,-0.005,0.979,-0.295,-0.635,-0.218,3.514891,-0.018095,0.415944,1.461999,-0.007526,22.966183,1.475812,0.000000,9.552652,0.613855
test.enc.prompt.txt::00855,test.enc.prompt.txt::00855__row531,Are you sure,0.0,content_diversity,Carol didn't murder him?,she didn't feed Harold to the tigers?,Harold was killed and thrown into the septic tank?,he was robbed and shot dead?,he was killed and the body just disappeared?,-0.047,0.912,-0.380,-0.728,-0.344,22.608518,0.543890,0.379142,8.571843,0.206212,19.076460,1.104498,0.000000,7.232690,0.418762
test.enc.prompt.txt::00856,test.enc.prompt.txt::00856__row532,"Jumbo, where the",1.0,content_diversity,people go?,guns disappear to?,dog run away from?,pots and pans at?,holiday parade start at?,-0.005,0.788,-0.283,-0.668,-0.147,8.893438,0.623132,0.192164,1.709000,0.119744,32.192259,0.871244,0.000000,6.186199,0.167422
test.enc.prompt.txt::00856,test.enc.prompt.txt::00856__row533,"Jumbo, where the",0.0,content_diversity,people disappear?,men exit to?,crowds go in the building?,women and children leave to go see?,group travel to? They are missing.,-0.008,0.983,-0.358,-0.716,-0.316,10.679574,0.837636,0.229420,2.450106,0.192170,74.935792,1.542364,0.000000,17.191753,0.353849
test.enc.prompt.txt::00857,test.enc.prompt.txt::00857__row534,Screw you... Screw,1.0,content_diversity,all of you!,everything really,me? ok,all of the bad things ever,that screw tighter!,-0.016,0.957,-0.017,-0.649,-0.338,1.530623,1.082222,0.285949,0.437680,0.309460,45.176171,4.132825,0.000000,12.918074,1.181776
test.enc.prompt.txt::00857,test.enc.prompt.txt::00857__row535,Screw you... Screw,0.0,content_diversity,screw all of the existence of everything i guess,you and everyone else can go away,"screw me, i did it again","you, you'r a screw up","i cant , so screw you",-0.030,0.958,-0.012,-0.768,-0.391,18.090895,0.682802,0.299436,5.417058,0.204455,49.999997,1.504966,0.000000,14.971780,0.450640
test.enc.prompt.txt::00858,test.enc.prompt.txt::00858__row536,Wait a minute.,1.0,content_diversity,I need to see what you have in there.,If you leave now they will see you for sure.,Don't say a word about this or you will get us both in trouble.,"I am coming with you, so are the others.","You don't know the way, I'll show you.",-0.027,0.964,-0.253,-0.735,-0.316,20.564079,0.295520,0.453187,9.319366,0.133926,25.696725,0.570881,0.000000,11.645412,0.258715
test.enc.prompt.txt::00858,test.enc.prompt.txt::00858__row537,Wait a minute.,0.0,content_diversity,I'll guide you or you may get lost.,"You don't know where it is, I will show you.","You may get lost, I will show you the way.","You dont know where you are going, I'll help.",I wil show you the way in case you get lost.,-0.112,0.833,-0.389,-0.890,-0.646,28.368468,0.692060,0.418627,11.875806,0.289715,40.011189,0.826788,0.000000,16.749763,0.346116
test.enc.prompt.txt::00859,test.enc.prompt.txt::00859__row538,Sounds swell... I'm,1.0,content_diversity,heading there myself,gonna get going,not very interested..,really tired so goodbye,really hungry,-0.007,0.787,-0.107,-0.633,-0.259,19.873032,0.923332,0.416813,8.283346,0.384857,38.427542,1.143149,0.000000,16.017116,0.476480
test.enc.prompt.txt::00859,test.enc.prompt.txt::00859__row539,Sounds swell... I'm,0.0,content_diversity,on my way there,going there myself,leaving to go there right after,going up there too,leaving to go there too,-0.107,0.809,-0.246,-0.870,-0.556,26.441006,1.155897,0.425261,11.244341,0.491558,18.246798,0.686434,0.000000,7.759660,0.291914
test.enc.prompt.txt::00860,test.enc.prompt.txt::00860__row540,Give the guy,1.0,content_diversity,the reward he deserves it,a cookie,some room,something to eat he is so slim,a car and he'll pick you up,-0.009,0.983,-0.123,-0.578,-0.123,-8.511540,0.095729,0.445678,-3.793404,0.042664,55.356781,0.822434,0.000000,24.671289,0.366540
test.enc.prompt.txt::00860,test.enc.prompt.txt::00860__row541,Give the guy,0.0,content_diversity,something to fill him up,"something to eat, he is starved","food, he looks like he hasn't eaten in ages","food, he looks so thin","something to eat, he is underweight",-0.134,0.787,-0.304,-0.851,-0.472,31.760253,1.059515,0.450643,14.312535,0.477463,11.999744,0.798964,0.000000,5.407600,0.360048
test.enc.prompt.txt::00861,test.enc.prompt.txt::00861__row542,Looks like the,1.0,content_diversity,end of the road.,future is good.,game has been won.,boat is leaving.,husband cheated on his wife.,-0.007,0.989,-0.352,-0.591,-0.154,-6.695374,-0.019047,0.364653,-2.441491,-0.006946,22.598192,1.278045,0.000000,8.240506,0.466044
test.enc.prompt.txt::00861,test.enc.prompt.txt::00861__row543,Looks like the,0.0,content_diversity,very end of the line.,"completion of the job, good or bad.",road has ended and we get off here.,bus is stopping. There is no further to go.,tram is pulling into the last station on the map.,-0.024,0.963,-0.172,-0.625,-0.307,16.725305,0.614942,0.376886,6.303540,0.231763,58.326241,1.033983,0.000000,21.982367,0.389694
test.enc.prompt.txt::00862,test.enc.prompt.txt::00862__row544,What can I,1.0,content_diversity,"say, I've got the best family",do to help out a little more,give you to find out about the hotel,"have, are there choices?",every do to repay you?,-0.022,0.959,-0.090,-0.656,-0.251,13.267913,0.230391,0.372568,4.943197,0.085836,28.578860,1.242595,0.000000,10.647563,0.462951
test.enc.prompt.txt::00862,test.enc.prompt.txt::00862__row545,What can I,0.0,content_diversity,do around here,help you with,do to help you out,finish to help,work on that needs to be done,-0.054,0.918,-0.111,-0.747,-0.499,11.926835,0.980316,0.421647,5.028914,0.413347,28.914636,1.565281,0.000000,12.191770,0.659996
test.enc.prompt.txt::00863,test.enc.prompt.txt::00863__row546,Not one minute,1.0,content_diversity,sooner.,later.,and she disappeared.,and the dog attacked.,and the dish was empty.,-0.026,0.935,-0.494,-0.620,-0.247,-1.424131,-0.237650,0.299075,-0.425922,-0.071075,41.933572,1.765547,0.000000,12.541288,0.528031
test.enc.prompt.txt::00863,test.enc.prompt.txt::00863__row547,Not one minute,0.0,content_diversity,later and she would have been flattened by the truck.,later and I would've been toast.,later and he was leaving on the plane.,later and I would have seen him pass by.,"later, their marriage was over.",-0.073,0.894,-0.305,-0.643,-0.331,-2.221364,-0.131277,0.490681,-1.089981,-0.064415,16.992112,0.844650,0.000000,8.337705,0.414454
test.enc.prompt.txt::00864,test.enc.prompt.txt::00864__row548,You want to,1.0,content_diversity,put all the ingredients in the bowl first.,go to the park while it's warm out?,go to dinner with all of us?,make sure the edges are straight before cutting.,do all that you can to make sure it's correct.,-0.041,0.935,-0.080,-0.653,-0.198,10.097226,0.529261,0.431783,4.359814,0.228526,23.178768,0.688269,0.000000,10.008205,0.297183
test.enc.prompt.txt::00864,test.enc.prompt.txt::00864__row549,You want to,0.0,content_diversity,make sure it's right,try your best to make it right,not mess it up,do it so it's correct,make it correctly the first time.,-0.045,0.937,-0.300,-0.860,-0.627,19.068589,1.306932,0.352298,6.717820,0.460429,37.438171,1.093442,0.000000,13.189382,0.385217
test.enc.prompt.txt::00865,test.enc.prompt.txt::00865__row550,She hates me.,1.0,content_diversity,i think i did something wrong,it's because i set her house on fire,i don't think we can be together anymore,why would she hate me,i think it might be cause someone's been saying lies about me,-0.035,0.953,-0.212,-0.700,-0.218,1.103843,0.378223,0.487902,0.538568,0.184536,83.861118,0.968275,0.000000,40.916047,0.472424
test.enc.prompt.txt::00865,test.enc.prompt.txt::00865__row551,She hates me.,0.0,content_diversity,i think we'll break up,think we will have to break up,we can't be in relationship anymore,i can't be with her anymore,there's no chance our relationship can survive,-0.038,0.927,-0.378,-0.763,-0.655,22.654322,0.862286,0.429097,9.720902,0.370004,34.892189,0.770828,0.000000,14.972133,0.330760
test.enc.prompt.txt::00866,test.enc.prompt.txt::00866__row552,You're trying to,1.0,content_diversity,run away from your problems.,get the promotion.,"leave him, aren't you?","go on vacation, I know.",get him to notice you.,-0.005,0.991,-0.191,-0.707,-0.279,14.298242,0.665817,0.405466,5.797458,0.269967,27.102353,1.353040,0.000000,10.989095,0.548612
test.enc.prompt.txt::00866,test.enc.prompt.txt::00866__row553,You're trying to,0.0,content_diversity,get the raise.,earn that big corner office.,get promoted to a manager's position.,make more pay with a higher position.,show the boss your hard work.,-0.016,0.970,-0.250,-0.742,-0.431,3.990077,-0.012305,0.372883,1.487830,-0.004588,42.816492,0.886376,0.000000,15.965525,0.330514
test.enc.prompt.txt::00867,test.enc.prompt.txt::00867__row554,You're all under,1.0,content_diversity,arrest,the umbrella for the time being,attack,age,the protection of the insurance,-0.011,0.957,-0.174,-0.575,-0.154,-2.286349,1.164266,0.483722,-1.105958,0.563181,54.957786,3.170263,0.000000,26.584302,1.533527
test.enc.prompt.txt::00867,test.enc.prompt.txt::00867__row555,You're all under,0.0,content_diversity,the insurance coverage,protection in time of need.,the insurance protection,the same plan,the protection of your policy,-0.070,0.912,-0.226,-0.813,-0.393,17.297942,0.799874,0.418917,7.246408,0.335081,47.310471,2.076852,0.000000,19.819178,0.870029
test.enc.prompt.txt::00868,test.enc.prompt.txt::00868__row556,We'll spend an,1.0,content_diversity,enormous amount of money on holidays,eternity together,quite a lot on food,business trip together,whole year together,-0.027,0.968,-0.233,-0.644,-0.283,24.911744,1.238746,0.420216,10.468305,0.520540,27.604156,1.345792,0.000000,11.599699,0.565523
test.enc.prompt.txt::00868,test.enc.prompt.txt::00868__row557,We'll spend an,0.0,content_diversity,huge amount of money on holiday,lump sum on holidays,lot of money on holiday trip,quite a lot on holidays,way too much on holidays,-0.111,0.832,-0.419,-0.957,-0.648,36.435421,1.462020,0.320292,11.669970,0.468273,16.150801,0.912856,0.000000,5.172970,0.292380
test.enc.prompt.txt::00869,test.enc.prompt.txt::00869__row558,I'm not really,1.0,content_diversity,interested in your service,felling well today,on board with your plan,going to have to go am I,beliving all of this news on COVID 19,-0.008,0.978,0.123,-0.545,-0.194,-12.449865,0.086938,0.367118,-4.570571,0.031917,107.714530,2.409071,0.000000,39.543954,0.884414
test.enc.prompt.txt::00869,test.enc.prompt.txt::00869__row559,I'm not really,0.0,content_diversity,interested in buying this,in the market for your product,considering buying,in a position to buy anything,seeing a need to buy this,-0.037,0.931,-0.262,-0.854,-0.649,13.170535,0.584928,0.510686,6.726002,0.298714,27.488113,0.995055,0.000000,14.037782,0.508160
test.enc.prompt.txt::00870,test.enc.prompt.txt::00870__row560,What the hell,1.0,content_diversity,is that supposed to mean,can i get 1 too!!?!!,i gotta go now,"im running late, oh well",were you thinking!,-0.004,0.991,0.044,-0.621,-0.321,21.597774,1.227859,0.277381,5.990810,0.340585,90.915277,4.379458,0.000000,25.218161,1.214778
test.enc.prompt.txt::00870,test.enc.prompt.txt::00870__row561,What the hell,0.0,content_diversity,what does that mean exactly ?,can you tell me what it means,not sure what its supposed to mean but thats ok i guess,"i am confused, let me know what it means",whats it supposed to mean,-0.063,0.901,-0.223,-0.919,-0.624,48.298159,1.158461,0.412998,19.947032,0.478442,63.024535,1.052888,0.000000,26.028992,0.434840
test.enc.prompt.txt::00871,test.enc.prompt.txt::00871__row562,"You're late again,",1.0,content_diversity,you're fired.,I'm angry.,who were you with?,dinner is cold.,and I'm leaving you.,-0.012,0.773,-0.344,-0.630,-0.262,2.803327,0.277327,0.371398,1.041150,0.102999,19.875973,1.100170,0.000000,7.381896,0.408601
test.enc.prompt.txt::00871,test.enc.prompt.txt::00871__row563,"You're late again,",0.0,content_diversity,I'm letting you go.,and we are letting go of your services.,you are being discharged.,we are dismissing you.,pack your bags and leave the property now.,-0.047,0.927,-0.427,-0.743,-0.711,6.580792,0.543195,0.401884,2.644716,0.218302,61.638384,0.744826,0.000000,24.771490,0.299334
test.enc.prompt.txt::00872,test.enc.prompt.txt::00872__row564,How the hell,1.0,content_diversity,did he get here before me,do you lose a dog,is this possible,can you be late every single day,did he break free from solitary,-0.014,0.969,-0.148,-0.596,-0.318,-3.833980,0.122790,0.509269,-1.952526,0.062533,46.960129,1.074859,0.000000,23.915323,0.547392
test.enc.prompt.txt::00872,test.enc.prompt.txt::00872__row565,How the hell,0.0,content_diversity,can this happen,did this happen,can something like this happen,is possible for this to happen,can you allow this to happen,-0.147,0.845,-0.542,-0.957,-0.785,13.882391,0.579454,0.605021,8.399133,0.350582,25.418594,0.589605,0.000000,15.378774,0.356723
test.enc.prompt.txt::00873,test.enc.prompt.txt::00873__row566,Oh these moments,1.0,content_diversity,are the best,make the best memories,can never be replaced,are the greatest,can never be lived down,-0.082,0.847,-0.235,-0.699,-0.478,5.760336,0.412046,0.544968,3.139201,0.224552,40.666533,1.476895,0.000000,22.161977,0.804861
test.enc.prompt.txt::00873,test.enc.prompt.txt::00873__row567,Oh these moments,0.0,content_diversity,are the ones I will remember forever,will last a life time,will stay with me,will be looked back on,are everlasting,-0.029,0.965,-0.062,-0.732,-0.563,7.299266,0.353824,0.551570,4.026052,0.195159,21.704732,0.699732,0.000000,11.971668,0.385951
test.enc.prompt.txt::00874,test.enc.prompt.txt::00874__row568,That's Franny. She,1.0,content_diversity,used to work for my mother until she fired her for some reason.,is an ex of mine but we parted on good terms.,"is quite the piece of work, sweet in her own way though.",serves on down at the soup kitchen.,is my youngest sister.,-0.018,0.966,-0.108,-0.621,-0.144,29.757742,0.471573,0.474685,14.125568,0.223849,71.211372,1.345282,0.000000,33.803004,0.638586
test.enc.prompt.txt::00874,test.enc.prompt.txt::00874__row569,That's Franny. She,0.0,content_diversity,"is my sister, she is three years younger than I am.",is a year younger than i am.,"is my sister and I am her big brother,",is the youngest of us siblings.,is much younger than I but we get on well.,-0.074,0.903,-0.247,-0.809,-0.475,12.125270,0.439042,0.526208,6.380418,0.231028,30.299332,0.851684,0.000000,15.943760,0.448163
test.enc.prompt.txt::00875,test.enc.prompt.txt::00875__row570,-- What the,1.0,content_diversity,heck is happening here,fox says,hell,heart sees when you look at him,is the best comic book series by marvel,-0.004,0.991,-0.058,-0.577,-0.168,-17.453598,0.450988,0.442787,-7.728220,0.199691,105.655375,2.334489,0.000000,46.782790,1.033681
test.enc.prompt.txt::00875,test.enc.prompt.txt::00875__row571,-- What the,0.0,content_diversity,is the most amazing comic book series,is marvel's best comic book,is my favourite comic book series,can be included in greatest comic book series,is the one of the most known comic book series,-0.175,0.824,-0.467,-0.932,-0.649,32.668601,0.967952,0.374728,12.241827,0.362718,49.052703,1.063837,0.000000,18.381403,0.398649
test.enc.prompt.txt::00876,test.enc.prompt.txt::00876__row572,I like what,1.0,content_diversity,you've done with the place,"he is eating, do you have more of that","he is saying, sounds like a good plan",she thinks of me,happens after that,-0.015,0.964,-0.108,-0.606,-0.193,24.315191,0.642759,0.476766,11.592667,0.306446,48.898974,1.236870,0.000000,23.313391,0.589698
test.enc.prompt.txt::00876,test.enc.prompt.txt::00876__row573,I like what,0.0,content_diversity,he says,"he is saying, sounds amazing",his plan is,"he is thinking, i believe it is a feasible plan","he thinks, seems like a good plan",-0.056,0.924,-0.264,-0.785,-0.467,27.562533,1.364240,0.382686,10.547791,0.522075,60.293731,1.035664,0.000000,23.073558,0.396334
test.enc.prompt.txt::00877,test.enc.prompt.txt::00877__row574,In the Field,1.0,content_diversity,there are 22 players,is where you can find him,you should pick up my package,you can't drive more than 60 miles per hour,you can steal crops,-0.030,0.964,-0.120,-0.552,-0.130,18.296287,0.295538,0.328363,6.007819,0.097044,25.814514,1.376716,0.000000,8.476525,0.452062
test.enc.prompt.txt::00877,test.enc.prompt.txt::00877__row575,In the Field,0.0,content_diversity,you can get my package,you should deliver my package,you can get my parcel,you could pick up my parcel,you can get the package for me,-0.170,0.790,-0.666,-0.972,-0.797,41.698964,1.704889,0.269453,11.235906,0.459387,24.911236,0.699467,0.000000,6.712405,0.188473
test.enc.prompt.txt::00878,test.enc.prompt.txt::00878__row576,People actually used,1.0,content_diversity,to sleep in caves,to be much more honest and modest,to fight each other a lot more,our planet too much,everything they could to their advantage,-0.027,0.964,-0.099,-0.631,-0.160,13.348557,0.756581,0.449041,5.994043,0.339735,30.663743,1.567632,0.000000,13.769264,0.703930
test.enc.prompt.txt::00878,test.enc.prompt.txt::00878__row577,People actually used,0.0,content_diversity,to be honest,to need much less to be happy,to be way more down to earth,to be more loveable,to be non-materialistic,-0.179,0.866,-0.276,-0.761,-0.309,20.311875,0.862354,0.402480,8.175133,0.347081,30.222678,0.663467,0.000000,12.164038,0.267033
test.enc.prompt.txt::00879,test.enc.prompt.txt::00879__row578,What is it,1.0,content_diversity,you tell me,yeah what is it exactly,what isn't it?,not sure!,could be anything,-0.005,0.988,-0.001,-0.699,-0.406,21.830982,1.736676,0.226910,4.953661,0.394069,31.892339,4.120633,0.000000,7.236680,0.935011
test.enc.prompt.txt::00879,test.enc.prompt.txt::00879__row579,What is it,0.0,content_diversity,"tell me, because i dont know","really do not know, but you can give me a hint",i need to know what it is,how am i supposed to know what it is,i would like to know what,-0.114,0.848,-0.173,-0.835,-0.598,33.430668,1.022921,0.411330,13.751040,0.420758,70.352389,1.276158,0.000000,28.938056,0.524922
test.enc.prompt.txt::00880,test.enc.prompt.txt::00880__row580,"Jesus, it's too",1.0,content_diversity,"big, it's not going to fit.",much to do in a short time,hard to make them all straight,cold to do anything outside,long of a show to sit through,-0.043,0.954,-0.117,-0.632,-0.343,6.617487,0.230191,0.456197,3.018880,0.105013,32.886880,1.087162,0.000000,15.002906,0.495960
test.enc.prompt.txt::00880,test.enc.prompt.txt::00880__row581,"Jesus, it's too",0.0,content_diversity,long of a movie,much to listen to,long to sit for a period,long of a time to sit and listen,"much, make it shorter next time.",-0.066,0.884,-0.127,-0.765,-0.416,12.992917,0.712006,0.388112,5.042702,0.276338,58.826208,1.455133,0.000000,22.831133,0.564754
test.enc.prompt.txt::00881,test.enc.prompt.txt::00881__row582,That's not what,1.0,content_diversity,I expected from you,I applied for,what I want to do with his shirt,happens after you apply,you need to do,-0.040,0.937,-0.178,-0.618,-0.360,21.042518,0.613411,0.434750,9.148237,0.266681,58.371335,1.413875,0.000000,25.376945,0.614682
test.enc.prompt.txt::00881,test.enc.prompt.txt::00881__row583,That's not what,0.0,content_diversity,will happen after you apply,happens with your application,happens after you send an application,happens when you apply for that,should happen with application,-0.061,0.900,-0.437,-0.980,-0.670,26.206980,0.812890,0.482229,12.637773,0.392000,25.717632,0.775555,0.000000,12.401795,0.373995
test.enc.prompt.txt::00882,test.enc.prompt.txt::00882__row584,"When dad died,",1.0,content_diversity,i cried for three days,everything changed,my mom was wrecked,our friends helped us to stand on our feet,we had to move from our house,-0.007,0.978,-0.236,-0.658,-0.227,10.733018,0.629853,0.515354,5.531302,0.324597,58.336151,1.468026,0.000000,30.063761,0.756553
test.enc.prompt.txt::00882,test.enc.prompt.txt::00882__row585,"When dad died,",0.0,content_diversity,my mom was sad,my mom was devastated,my mother was extremely sad,my mom was upset,my mom was in tears,-0.254,0.770,-0.787,-0.920,-0.804,18.736248,0.928393,0.465476,8.721266,0.432144,23.906070,0.868494,0.000000,11.127692,0.404263
test.enc.prompt.txt::00883,test.enc.prompt.txt::00883__row586,I hate him,1.0,content_diversity,so much,all the time now,i wish he was gone,more,sometimes,0.000,1.000,-0.161,-0.677,-0.330,12.915984,0.884070,0.432208,5.582393,0.382102,30.932861,1.136730,0.000000,13.369434,0.491304
test.enc.prompt.txt::00883,test.enc.prompt.txt::00883__row587,I hate him,0.0,content_diversity,i wish he would go away,wishing he would go,i do wish he would go away soon,"so , he needs to go",can he go away soon,-0.192,0.726,-0.392,-0.905,-0.643,28.956502,1.127712,0.369311,10.693950,0.416476,35.914947,1.975188,0.000000,13.263779,0.729458
test.enc.prompt.txt::00884,test.enc.prompt.txt::00884__row588,"-- Stephen, wait",1.0,content_diversity,I forgot to tell you something,I thought you didn't like that,your not supposed to do it like that,you will loose all your tools,I can't find the papers you needed.,-0.044,0.938,-0.194,-0.659,-0.261,18.774277,0.633933,0.388797,7.299390,0.246471,52.916559,1.552913,0.000000,20.573821,0.603768
test.enc.prompt.txt::00884,test.enc.prompt.txt::00884__row589,"-- Stephen, wait",0.0,content_diversity,your doing it wrong,you didn't do it right,that's not how you do it,it's not correct,your doing it incorretly.,-0.076,0.875,-0.301,-0.795,-0.671,24.199115,1.292220,0.300458,7.270829,0.388258,46.176099,1.659834,0.000000,13.873999,0.498711
test.enc.prompt.txt::00885,test.enc.prompt.txt::00885__row590,Don't tell them,1.0,content_diversity,why not tell them,im not listening to you,tell them what ?,ok i wont tell,do tell?,-0.031,0.944,-0.099,-0.781,-0.451,19.713317,0.478300,0.195898,3.861801,0.093698,22.487617,4.559679,0.000000,4.405281,0.893232
test.enc.prompt.txt::00885,test.enc.prompt.txt::00885__row591,Don't tell them,0.0,content_diversity,no problem my lips are sealed,cool i get to keep a secret,ok no telling from me,why can't i tell again?,i will definetly not tell anyone,-0.017,0.972,-0.102,-0.709,-0.379,41.135399,1.809909,0.242186,9.962428,0.438335,31.712502,1.894580,0.000000,7.680332,0.458841
test.enc.prompt.txt::00886,test.enc.prompt.txt::00886__row592,"Boy, took you",1.0,content_diversity,long enough,so little time!,down a path that i cant follow,away from here,on a wild ride,-0.004,0.989,-0.028,-0.674,-0.263,18.068863,0.578768,0.435644,7.871590,0.252137,53.722915,2.529696,0.000000,23.404061,1.102047
test.enc.prompt.txt::00886,test.enc.prompt.txt::00886__row593,"Boy, took you",0.0,content_diversity,too long,very long,so so long,too dang long,a long time,-0.080,0.508,-0.360,-0.911,-0.863,14.484480,1.411590,0.390121,5.650706,0.550691,22.608316,1.863516,0.000000,8.819989,0.726998
test.enc.prompt.txt::00887,test.enc.prompt.txt::00887__row594,"No, he's more",1.0,content_diversity,different that the others,kinder,proud of everything,rude than i thought,shy,0.000,0.800,-0.062,-0.621,-0.270,14.681027,0.478294,0.233254,3.424409,0.111564,42.342806,2.948911,0.000000,9.876631,0.687845
test.enc.prompt.txt::00887,test.enc.prompt.txt::00887__row595,"No, he's more",0.0,content_diversity,of a meanie,meaner,very rude,not nice and rude,kinda ruder than the others,-0.007,0.987,-0.243,-0.740,-0.625,6.679790,1.666710,0.217326,1.451694,0.362220,52.712474,0.875168,0.000000,11.455804,0.190197
test.enc.prompt.txt::00888,test.enc.prompt.txt::00888__row596,"Well, our specimen",1.0,content_diversity,could be revolutionary,is not here yet but it should arrive soon,has been missing since yesterday,is not enough,should be examined once more,-0.021,0.958,-0.104,-0.625,-0.294,9.336345,0.393266,0.484996,4.528091,0.190732,31.840377,0.972048,0.000000,15.442460,0.471440
test.enc.prompt.txt::00888,test.enc.prompt.txt::00888__row597,"Well, our specimen",0.0,content_diversity,could be revelation,could be ground breaking,could be something new,has potential,has never been seen before,-0.062,0.914,-0.227,-0.734,-0.485,23.411611,1.215841,0.412207,9.650434,0.501178,15.727247,1.151923,0.000000,6.482884,0.474831
test.enc.prompt.txt::00889,test.enc.prompt.txt::00889__row598,Will you please,1.0,content_diversity,pass the sugar,stop harrassing me,move across the room,hand me the money,stay on the line,-0.038,0.756,-0.057,-0.639,-0.173,9.487398,0.419490,0.391337,3.712774,0.164162,14.464802,0.406392,0.000000,5.660619,0.159036
test.enc.prompt.txt::00889,test.enc.prompt.txt::00889__row599,Will you please,0.0,content_diversity,quit bothering me,end your constant attempts to upset me,desist in attacking my emotions,leave me alone,kill all the annoying things your are doing,-0.018,0.977,-0.195,-0.729,-0.504,12.698008,0.747735,0.416027,5.282717,0.311078,87.974504,1.381461,0.000000,36.599789,0.574725
test.enc.prompt.txt::01570,test.enc.prompt.txt::01570__row600,Get out. Both,1.0,content_diversity,"of you, right now!",these people are clearly shaken.,things you claim cannot possibly be true!,times I issued clear instructions to be followed.,the fire Marshall and the officer will be here shortly.,-0.007,0.982,-0.141,-0.531,-0.251,12.824452,0.366922,0.433872,5.564171,0.159197,75.559854,0.642484,0.000000,32.783310,0.278756
test.enc.prompt.txt::01570,test.enc.prompt.txt::01570__row601,Get out. Both,0.0,content_diversity,scenarios are not likely.,events you describe wouldn't happen at once.,of those occurrences have almost zero chance of taking place together.,this and that happening simultaneously are impossible!,lightning striking and the world ending are more conceivable excuses than yours.,-0.011,0.980,-0.168,-0.751,-0.521,4.128160,0.240746,0.445567,1.839370,0.107268,127.719960,0.907041,0.000000,56.907741,0.404147
test.enc.prompt.txt::01571,test.enc.prompt.txt::01571__row602,I can't believe,1.0,content_diversity,the luck he has,what a clown he is,how rude he is,how stupid some people are,your words,-0.029,0.947,-0.258,-0.626,-0.333,5.905884,0.026340,0.402148,2.375040,0.010593,9.925342,2.156025,0.000000,3.991458,0.867042
test.enc.prompt.txt::01571,test.enc.prompt.txt::01571__row603,I can't believe,0.0,content_diversity,your luck,how lucky you are,how much luck you have,how lucky someone can be,how much luck one can have,-0.080,0.857,-0.391,-0.962,-0.696,20.996032,1.077675,0.434246,9.117450,0.467976,16.767152,1.345834,0.000000,7.281074,0.584423
test.enc.prompt.txt::01572,test.enc.prompt.txt::01572__row604,"I don't understand,",1.0,content_diversity,how anyone can be so mean,you at all,we used to be so happy,how you could do this,what that means,-0.019,0.954,-0.039,-0.681,-0.227,19.324402,1.011926,0.382300,7.387716,0.386859,23.219125,2.191189,0.000000,8.876668,0.837691
test.enc.prompt.txt::01572,test.enc.prompt.txt::01572__row605,"I don't understand,",0.0,content_diversity,im not sure what it entails,can you tell me what it means please,what does that mean,what is the meaning,elaborate for me,-0.033,0.950,-0.199,-0.746,-0.518,7.689927,0.209730,0.510208,3.923463,0.107006,43.804613,2.012304,0.000000,22.349471,1.026694
test.enc.prompt.txt::01573,test.enc.prompt.txt::01573__row606,I can't put,1.0,content_diversity,the package on the ground,you on hold,the bedsheets on,her first,down the papers,-0.040,0.938,-0.137,-0.535,-0.241,5.812940,0.530984,0.373696,2.172270,0.198426,16.047309,1.863331,0.000000,5.996809,0.696319
test.enc.prompt.txt::01573,test.enc.prompt.txt::01573__row607,I can't put,0.0,content_diversity,the parcel on the ground,the package on the grass,down the package,down the parcel,it down,-0.117,0.827,-0.282,-0.813,-0.523,31.343953,1.454110,0.421742,13.219061,0.613259,19.258834,1.430955,0.000000,8.122259,0.603494
test.enc.prompt.txt::01574,test.enc.prompt.txt::01574__row608,"Oh, I'm sorry.",1.0,content_diversity,I shouldn't have said that,I didn't know that,"however, you can still help",i thought that was your grandma,i will never do it again,-0.020,0.969,-0.097,-0.602,-0.227,18.284810,0.650349,0.519668,9.502029,0.337966,51.421171,1.538939,0.000000,26.721931,0.799737
test.enc.prompt.txt::01574,test.enc.prompt.txt::01574__row609,"Oh, I'm sorry.",0.0,content_diversity,I could apologise,I should have rephrased it,i should have wrapped it up different,It would be better if I kept my mouth shut,I had to be quiet,-0.041,0.945,-0.211,-0.693,-0.345,23.362129,0.405211,0.421861,9.855568,0.170943,37.779450,1.488344,0.000000,15.937671,0.627874
test.enc.prompt.txt::01575,test.enc.prompt.txt::01575__row610,What's happened to,1.0,content_diversity,the other girl,work today,the weather,everyone else,you lately,-0.008,0.582,-0.274,-0.613,-0.206,3.695177,0.326829,0.407973,1.507534,0.133338,20.546840,1.794768,0.000000,8.382565,0.732218
test.enc.prompt.txt::01575,test.enc.prompt.txt::01575__row611,What's happened to,0.0,content_diversity,work was good today,how was working today?,what happened with work earlier?,how did work go?,work was crazy today,-0.060,0.921,-0.300,-0.922,-0.543,48.170624,2.274072,0.200559,9.661065,0.456086,28.359427,1.002217,0.000000,5.687746,0.201004
test.enc.prompt.txt::01576,test.enc.prompt.txt::01576__row612,I'm the only,1.0,content_diversity,one who cares,girl that walks to work,happiest person you will ever meet,single person here,sad thing here,-0.011,0.980,-0.064,-0.663,-0.203,12.343760,0.136249,0.451554,5.573879,0.061524,39.090289,1.761157,0.000000,17.651391,0.795258
test.enc.prompt.txt::01576,test.enc.prompt.txt::01576__row613,I'm the only,0.0,content_diversity,who is single over here?,im kinda single,single people over here,i am the single 1,yes i am single,-0.068,0.921,-0.188,-0.846,-0.672,33.554349,1.792727,0.194684,6.532480,0.349014,27.035729,1.842207,0.000000,5.263412,0.358647
test.enc.prompt.txt::01577,test.enc.prompt.txt::01577__row614,Anyone with fifty,1.0,content_diversity,dollars i need stuff,items of clothing is a nut,can definetly get me dinner,cats are crazy,choices are smart,-0.007,0.990,-0.164,-0.544,-0.131,28.290537,1.112376,0.255290,7.222279,0.283978,59.941188,1.597535,0.000000,15.302361,0.407834
test.enc.prompt.txt::01577,test.enc.prompt.txt::01577__row615,Anyone with fifty,0.0,content_diversity,you can buy me food,i'll let you get me some dinner,we can have some dinner if you buy it,can you get the dinner for today,we can get dinner if you are paying,-0.100,0.866,-0.309,-0.900,-0.674,50.630969,1.560433,0.273239,13.834350,0.426371,37.000185,1.171418,0.000000,10.109890,0.320077
test.enc.prompt.txt::01578,test.enc.prompt.txt::01578__row616,I just thought,1.0,content_diversity,it would be a good change of pace for us.,I could make a quick buck and get out,nobody would ever find out,I wouldn't be challenged at all.,he was a sweet guy.,-0.019,0.966,-0.229,-0.651,-0.229,3.496789,-0.078831,0.457086,1.598331,-0.036033,24.143606,1.288437,0.000000,11.035693,0.588926
test.enc.prompt.txt::01578,test.enc.prompt.txt::01578__row617,I just thought,0.0,content_diversity,it would be my secret forever.,I could take it to my grave,it was long buried and gone.,the vault would keep it safe.,it was between me and my gods.,-0.054,0.936,-0.255,-0.732,-0.278,18.862783,0.708269,0.353165,6.661669,0.250135,27.775354,0.931788,0.000000,9.809274,0.329075
test.enc.prompt.txt::01579,test.enc.prompt.txt::01579__row618,Kayleigh? Do you,1.0,content_diversity,want to come with me,want to just leave,have to tell me something,think this looks good,need anything,-0.027,0.947,-0.163,-0.681,-0.317,17.403336,0.692113,0.533867,9.291066,0.369496,33.717783,1.239954,0.000000,18.000811,0.661970
test.enc.prompt.txt::01579,test.enc.prompt.txt::01579__row619,Kayleigh? Do you,0.0,content_diversity,hey so need something?,do you guys need stuff?,need somethin,hey i can get you stuff,need any thing else?,-0.042,0.952,-0.119,-0.807,-0.522,17.050625,0.886271,0.264936,4.517332,0.234806,32.736964,0.862449,0.000000,8.673215,0.228494
test.enc.prompt.txt::01580,test.enc.prompt.txt::01580__row620,I don't get,1.0,content_diversity,why they act that way,the answer to this,how to climb the hill without a rope,sick when other people do,to be the judge today,-0.022,0.970,-0.047,-0.564,-0.120,18.799239,0.508588,0.443930,8.345554,0.225778,45.517927,1.293009,0.000000,20.206792,0.574006
test.enc.prompt.txt::01580,test.enc.prompt.txt::01580__row621,I don't get,0.0,content_diversity,illnesses that everyone else gets,in an unhealthy way when something is going around,infections like the general public does,to feeling bad even when a great many around me are,under the weather regardless of how the majority is,-0.011,0.975,-0.086,-0.677,-0.372,42.379113,1.008126,0.410024,17.376472,0.413356,53.031093,0.620810,0.000000,21.744043,0.254547
test.enc.prompt.txt::01581,test.enc.prompt.txt::01581__row622,Let's just say,1.0,content_diversity,that we agree to disagree and move on.,"that is an alien, what do we do then?","the president is in on it, who else might be as well?",we buy tickets for the Titanic and start afresh.,"for arguments sake John is telling the truth, what does that prove?",-0.031,0.948,-0.112,-0.646,-0.097,13.372664,0.401868,0.456916,6.110190,0.183620,65.869276,1.294307,0.000000,30.096754,0.591390
test.enc.prompt.txt::01581,test.enc.prompt.txt::01581__row623,Let's just say,0.0,content_diversity,"John isn't lying, so what?","for the sake of an argument he isn't lying, what then?","for arguments sake he is telling the truth, where do we go from there?","for arguments sake John is telling the truth, what does that mean for us?","he is telling the truth, how does that change things?",-0.106,0.821,-0.418,-0.902,-0.666,37.366638,0.629837,0.489350,18.285378,0.308211,16.920904,1.079926,0.000000,8.280250,0.528462
test.enc.prompt.txt::01582,test.enc.prompt.txt::01582__row624,That's dangerous! You,1.0,content_diversity,dont get to say that,can't just do wrap that up,crazy for that,cant turn that on,have to be careful,-0.032,0.964,-0.092,-0.688,-0.358,23.672732,1.439921,0.340305,8.055951,0.490012,51.110133,2.146795,0.000000,17.393037,0.730565
test.enc.prompt.txt::01582,test.enc.prompt.txt::01582__row625,That's dangerous! You,0.0,content_diversity,you gotta be more safe,got to stay safe,be more careful,try to be safe,careful next time,-0.053,0.912,-0.254,-0.822,-0.669,18.405532,1.169455,0.341295,6.281724,0.399130,22.233204,0.912827,0.000000,7.588091,0.311544
test.enc.prompt.txt::01583,test.enc.prompt.txt::01583__row626,You can't play,1.0,content_diversity,a player like me,"dumb all the time, it doesn't work that way.",the viola just because you know violin.,the victim after all you've done.,"with those people, they like to cheat.",-0.015,0.976,-0.086,-0.627,-0.262,1.183653,-0.047114,0.450177,0.532853,-0.021210,31.672461,1.358970,0.000000,14.258212,0.611777
test.enc.prompt.txt::01583,test.enc.prompt.txt::01583__row627,You can't play,0.0,content_diversity,doe eyed and innocent and get away with it forever!,naive with us and think we will fall for it every time.,the clueless virgin for much longer,people because they will see through the boy scout act eventually,pious and expect to get over on others.,-0.021,0.962,-0.014,-0.590,-0.320,15.012377,0.256607,0.436502,6.552939,0.112009,43.647408,0.928309,0.000000,19.052198,0.405209
test.enc.prompt.txt::01584,test.enc.prompt.txt::01584__row628,"Thanks. Wow. Hey,",1.0,content_diversity,"not sure what I did to deserve a kiss, but I'll take it!","easy there tiger, no need to get so pissed.",I was still eating that.,who knew that aliens were among us this whole time?,watch your language in front of the kids.,-0.007,0.987,-0.071,-0.526,-0.087,6.386534,0.411316,0.497486,3.177214,0.204624,54.142823,1.259647,0.000000,26.935322,0.626657
test.enc.prompt.txt::01584,test.enc.prompt.txt::01584__row629,"Thanks. Wow. Hey,",0.0,content_diversity,I wasn't done picking at that plate.,there's a ton of nachos and guac there.,can I continue to graze while we finish our drinks?,I didn't say I was done!,"watch it, I want my leftovers!",-0.024,0.978,-0.073,-0.587,-0.227,29.117097,0.572670,0.371552,10.818518,0.212777,53.888740,0.919019,0.000000,20.022472,0.341463
test.enc.prompt.txt::01585,test.enc.prompt.txt::01585__row630,Just don't drop,1.0,content_diversity,the food,the ball,anything alright?,the truth yet,your pants infront of everyone,-0.026,0.971,-0.058,-0.553,-0.153,5.235337,0.929655,0.400521,2.096864,0.372347,49.092995,2.418978,0.000000,19.662790,0.968852
test.enc.prompt.txt::01585,test.enc.prompt.txt::01585__row631,Just don't drop,0.0,content_diversity,be careful with our food,so the  korean food is really good,i love it when the chinese food is spicy,our day is not complete without food,food is the shit,-0.076,0.923,-0.124,-0.800,-0.384,49.364574,1.123995,0.248278,12.256116,0.279063,51.550065,1.328551,0.000000,12.798724,0.329849
test.enc.prompt.txt::01586,test.enc.prompt.txt::01586__row632,Most guys tuck,1.0,content_diversity,"their shirt in these days, its the fashion.",into their food too quickly.,their gear under the bed but you can use that cupboard as well.,like this just before they jump.,the envelope in rather than lick it and seal it.,-0.015,0.971,-0.134,-0.551,-0.161,8.646228,0.136100,0.461782,3.992670,0.062848,64.103576,0.560081,0.000000,29.601861,0.258635
test.enc.prompt.txt::01586,test.enc.prompt.txt::01586__row633,Most guys tuck,0.0,content_diversity,under like this before jumping.,themselves into a sort of ball pre jump.,their arms under and in like this before the make the leap.,their legs behind them just before the jump.,thei arms and legs tightly in when jumping.,-0.046,0.909,-0.313,-0.967,-0.413,22.524637,0.375432,0.402288,9.061381,0.151031,63.896877,1.140833,0.000000,25.704918,0.458943
test.enc.prompt.txt::01587,test.enc.prompt.txt::01587__row634,"Freeze! No ""worm-boy"".",1.0,content_diversity,put the cookies down.,bait your own hook.,you aren't going to worm your way out of this.,its not going down on my watch.,eat another worm.,-0.013,0.971,-0.167,-0.641,-0.114,13.462706,0.040608,0.320499,4.314788,0.013015,34.598798,1.540392,0.000000,11.088891,0.493695
test.enc.prompt.txt::01587,test.enc.prompt.txt::01587__row635,"Freeze! No ""worm-boy"".",0.0,content_diversity,you will be held accountable.,you won't get away this time.,I'll have none of your excuses.,the cards are stacked against you.,no one is going to save you now.,-0.020,0.981,-0.250,-0.696,-0.321,16.746049,0.538220,0.469042,7.854608,0.252448,23.660533,0.654552,0.000000,11.097795,0.307013
test.enc.prompt.txt::01588,test.enc.prompt.txt::01588__row636,Can... can... Can,1.0,content_diversity,he still see?,you shut up?,you make dinner?,you go away?,you tell me more?,-0.037,0.762,-0.351,-0.702,-0.237,-11.608434,-0.772034,0.400567,-4.649958,-0.309252,30.641574,2.628418,0.000000,12.274010,1.052858
test.enc.prompt.txt::01588,test.enc.prompt.txt::01588__row637,Can... can... Can,0.0,content_diversity,you explain further?,you expand on that?,you expound?,show me more?,explain more of what you're talking about?,-0.025,0.968,-0.215,-0.799,-0.680,1.766203,0.889966,0.341203,0.602633,0.303659,43.478876,2.380072,0.000000,14.835105,0.812087
test.enc.prompt.txt::01589,test.enc.prompt.txt::01589__row638,I couldn't cut,1.0,content_diversity,the well done steak.,the actor from the play.,the freshman from the basketball team.,it on my own.,in line at the grocery store.,-0.048,0.942,-0.294,-0.549,-0.053,4.339411,0.004762,0.459269,1.992956,0.002187,23.935560,1.862089,0.000000,10.992855,0.855199
test.enc.prompt.txt::01589,test.enc.prompt.txt::01589__row639,I couldn't cut,0.0,content_diversity,it without assistance.,it by myself.,it solo.,it with no help.,all alone.,-0.042,0.757,-0.413,-0.727,-0.641,-5.521635,-0.533496,0.292948,-1.617554,-0.156287,26.200686,3.544773,0.000000,7.675450,1.038436
test.enc.prompt.txt::01590,test.enc.prompt.txt::01590__row640,"Uh, we should",1.0,content_diversity,start over,try again perhaps,keep going,ask someone maybe,get it ourselves,0.000,0.600,-0.217,-0.719,-0.315,5.650993,0.561896,0.384884,2.174977,0.216265,29.555410,1.125160,0.000000,11.375403,0.433056
test.enc.prompt.txt::01590,test.enc.prompt.txt::01590__row641,"Uh, we should",0.0,content_diversity,try harder,"do it again, maybe",try to do better this time,go again and try hard,try to do it better and harder this time,-0.076,0.857,-0.314,-0.921,-0.682,21.524431,1.175988,0.414488,8.921608,0.487432,37.707669,1.682296,0.000000,15.629359,0.697291
test.enc.prompt.txt::01591,test.enc.prompt.txt::01591__row642,"Hey, what'd you",1.0,content_diversity,do with all that money?,say when you asked her out?,buy at the store?,think would happen?,want to eat for dinner?,0.000,1.000,-0.230,-0.716,-0.226,5.862310,0.366480,0.545470,3.197716,0.199904,15.329315,0.662369,0.000000,8.361685,0.361302
test.enc.prompt.txt::01591,test.enc.prompt.txt::01591__row643,"Hey, what'd you",0.0,content_diversity,have in mind for dinner?,want for supper?,feel like consuming for dinner?,feel like having for the last meal of the day?,have an evening craving for?,-0.044,0.925,-0.348,-0.896,-0.580,5.793804,0.003423,0.436422,2.528541,0.001494,52.797109,1.801807,0.000000,23.041799,0.786348
test.enc.prompt.txt::01592,test.enc.prompt.txt::01592__row644,What the hell,1.0,content_diversity,happened to the earlier ending we worked on?,is going on in that city?,am I supposed to do now!,do I care if I never see him again?,"was that all about, I would like to know!",-0.025,0.963,-0.061,-0.660,-0.395,-15.749772,-0.224770,0.501233,-7.894300,-0.112662,67.512219,0.953783,0.000000,33.839328,0.478067
test.enc.prompt.txt::01592,test.enc.prompt.txt::01592__row645,What the hell,0.0,content_diversity,choice can I make at this stage!,can I reasonably be expected to accomplish with this?,direction do I move in now?,would Jesus do?,should someone in my position do?,-0.022,0.960,-0.193,-0.745,-0.465,6.157406,0.290999,0.417276,2.569338,0.121427,50.301256,1.366120,0.000000,20.989510,0.570049
test.enc.prompt.txt::01593,test.enc.prompt.txt::01593__row646,No one thinks,1.0,content_diversity,like that any more.,you can do it.,of better things than you.,she will come back.,there is a problem except me.,-0.004,0.991,-0.215,-0.650,-0.370,-4.483075,-0.017843,0.473960,-2.124800,-0.008457,36.400959,0.659194,0.000000,17.252614,0.312432
test.enc.prompt.txt::01593,test.enc.prompt.txt::01593__row647,No one thinks,0.0,content_diversity,you will succeed.,you are going to make it.,you will be able to.,you would dare.,you will try.,-0.098,0.903,-0.393,-0.817,-0.684,4.983276,0.199058,0.363221,1.810031,0.072302,21.971723,1.318686,0.000000,7.980595,0.478975
test.enc.prompt.txt::01594,test.enc.prompt.txt::01594__row648,Mom. Don't cry.,1.0,content_diversity,everything will be alright,it was a stupid mistake,i will study harder next term,i said i'm sorry,you are better off without him,-0.008,0.984,-0.132,-0.617,-0.172,17.908724,0.956650,0.438818,7.858665,0.419795,30.446195,1.108874,0.000000,13.360328,0.486593
test.enc.prompt.txt::01594,test.enc.prompt.txt::01594__row649,Mom. Don't cry.,0.0,content_diversity,you're happier without him,you will be much happier from now on,you don't need him,you don't need his presence,you can do it without him,-0.076,0.894,-0.448,-0.791,-0.505,30.635678,1.228821,0.366913,11.240613,0.450870,34.152929,0.742305,0.000000,12.531137,0.272361
test.enc.prompt.txt::01595,test.enc.prompt.txt::01595__row650,"Just get out,",1.0,content_diversity,"and smell the flowers, will ya!",I don't want to see your face around here any more.,"and fetch that package for me, will ya?",eats some good food and have yourself a drink!,I need some peace and quiet.,-0.025,0.970,-0.176,-0.667,-0.124,16.892342,0.297411,0.490184,8.280354,0.145786,72.760951,1.386336,0.000000,35.666246,0.679560
test.enc.prompt.txt::01595,test.enc.prompt.txt::01595__row651,"Just get out,",0.0,content_diversity,"get some fresh air, ok?","enjoy the smell of nature, and enjoy the weather.","take in some of that beautiful air, and relax.",some clean air will do ya a lot of good.,go off on a hike and fill your lungs with that mountain air.,-0.027,0.943,-0.293,-0.833,-0.466,-8.821419,-0.105680,0.507314,-4.475233,-0.053613,56.408236,0.499085,0.000000,28.616709,0.253193
test.enc.prompt.txt::01596,test.enc.prompt.txt::01596__row652,What did I,1.0,content_diversity,do to deserve you,bring to the cookout,say,tell you about him,think i was doing,-0.010,0.776,-0.100,-0.624,-0.297,1.017652,0.701229,0.356465,0.362757,0.249963,39.404369,1.408617,0.000000,14.046264,0.502122
test.enc.prompt.txt::01596,test.enc.prompt.txt::01596__row653,What did I,0.0,content_diversity,i dont know what i did to desreve someone like you,how do i deserve you,not sure how i got so lucky to get you,"do i deserev you, probably",i think i do deserve you,-0.090,0.912,-0.154,-0.759,-0.382,59.584881,1.929001,0.203931,12.151203,0.393383,65.325404,2.417397,0.000000,13.321873,0.492982
test.enc.prompt.txt::01597,test.enc.prompt.txt::01597__row654,Maybe it went,1.0,content_diversity,the way of the dodo bird!,away after seeing the chaos we call life on earth!,downhill the minute he opened his mouth,to get some air,downstream with the current,-0.026,0.974,-0.042,-0.549,-0.161,21.933466,0.645970,0.467309,10.249707,0.301867,80.961552,0.847992,0.000000,37.834066,0.396274
test.enc.prompt.txt::01597,test.enc.prompt.txt::01597__row655,Maybe it went,0.0,content_diversity,extinct after being in existence for so long.,to the archives to remain a thing of the past,obsolete while we weren't paying attention,on to become useless to us,away from the marketplace.,-0.013,0.971,-0.114,-0.646,-0.493,13.863092,0.219212,0.462340,6.409468,0.101350,22.725513,0.876772,0.000000,10.506923,0.405367
test.enc.prompt.txt::01598,test.enc.prompt.txt::01598__row656,"No, I mean,",1.0,content_diversity,"if you must have your revenge, then that's the way.",I have no idea where it came from,I'm exhausted but I still want to do it!,"as long as you keep it between us, I'm game.",I want to wait and see what happens next.,-0.022,0.956,-0.193,-0.632,-0.268,1.609067,0.098772,0.499090,0.803070,0.049296,60.927427,0.913102,0.000000,30.408293,0.455720
test.enc.prompt.txt::01598,test.enc.prompt.txt::01598__row657,"No, I mean,",0.0,content_diversity,"it will work, but do it only if you will not forgo your pound of flesh!",take that action if you'd rather die than live with the injustice.,that's an extreme plan to be executed if vindication is impossible otherwise.,I would do that if I had no other way to get back at them.,seems like a rough measure best reserved as a last resort.,-0.012,0.970,-0.132,-0.707,-0.447,23.306826,0.248275,0.433982,10.114753,0.107747,93.848504,1.163087,0.000000,40.728603,0.504759
test.enc.prompt.txt::01599,test.enc.prompt.txt::01599__row658,Does he know,1.0,content_diversity,that you are cheating on him,who is behind this,count to 10 on spanish,how to fix a car,how to follow rules,-0.027,0.956,-0.149,-0.533,-0.114,15.073344,0.726756,0.436173,6.574580,0.316991,54.109102,2.361936,0.000000,23.600907,1.030212
test.enc.prompt.txt::01599,test.enc.prompt.txt::01599__row659,Does he know,0.0,content_diversity,that you're unfaithful,you are screwing around,you are cheater,you are sleeping with other guys,you are not honest with him,-0.092,0.901,-0.297,-0.646,-0.572,16.363995,0.848594,0.431255,7.057059,0.365961,11.475054,0.788028,0.000000,4.948678,0.339841
test.enc.prompt.txt::01600,test.enc.prompt.txt::01600__row660,Nobody ever loved,1.0,content_diversity,me this much,ice cream like you,cookies this much,donkeys,this more than me,-0.041,0.727,-0.071,-0.646,-0.209,9.590365,0.774041,0.379035,3.635084,0.293389,22.075214,3.297177,0.000000,8.367280,1.249746
test.enc.prompt.txt::01600,test.enc.prompt.txt::01600__row661,Nobody ever loved,0.0,content_diversity,you said you love me how much?!,how much you love me is crazy,you really love me alot,loving someone this much is insane,ever love someone this much,-0.099,0.847,-0.256,-0.879,-0.632,50.712319,1.812049,0.294387,14.929029,0.533443,44.703951,1.360310,0.000000,13.160246,0.400457
test.enc.prompt.txt::01601,test.enc.prompt.txt::01601__row662,You want my,1.0,content_diversity,love dont you,secrets but i won't tell,trust,"food, take it",spare key?,0.000,1.000,0.018,-0.581,-0.185,-1.351254,-0.018360,0.295270,-0.398985,-0.005421,31.897060,2.722586,0.000000,9.418249,0.803898
test.enc.prompt.txt::01601,test.enc.prompt.txt::01601__row663,You want my,0.0,content_diversity,here is some food for you,i want you to take this food,i got foood for you to take,please take the food with you,there is plenty for you to take,-0.133,0.829,-0.248,-0.830,-0.501,50.696313,1.877869,0.287270,14.563547,0.539456,44.802658,1.623706,0.000000,12.870474,0.466443
test.enc.prompt.txt::01602,test.enc.prompt.txt::01602__row664,You will find,1.0,content_diversity,"no evidence in this house, we are guilty of nothing inspector.",you wife is seeing another man I am afraid.,yourself in hot water if you keep that up.,the world no longer needs people like us Casey.,your golf ball over there by that willow tree.,-0.008,0.983,-0.091,-0.553,-0.060,4.150437,0.137243,0.394047,1.635468,0.054080,60.833394,0.969092,0.000000,23.971224,0.381868
test.enc.prompt.txt::01602,test.enc.prompt.txt::01602__row665,You will find,0.0,content_diversity,yourself in big trouble if you keep doing that.,a lot of people will be after you for doing that.,yourself in the dog house if you are caught doing that.,yourself in big bother continuing to do that.,that keeping on doin gthat will get you in a lot of trouble.,-0.095,0.876,-0.332,-0.852,-0.391,19.384520,0.441373,0.473761,9.183622,0.209105,56.913721,0.931922,0.000000,26.963479,0.441508
test.enc.prompt.txt::01603,test.enc.prompt.txt::01603__row666,But Sacha always,1.0,content_diversity,is on time,lies to everyone,trusts everyone,calls me after work,tells everyone's business,-0.008,0.787,-0.206,-0.626,-0.272,11.210398,0.899710,0.366767,4.111603,0.329984,24.484969,1.378888,0.000000,8.980277,0.505731
test.enc.prompt.txt::01603,test.enc.prompt.txt::01603__row667,But Sacha always,0.0,content_diversity,im so trusting of most people,i trust a lot of people,trusting a majority of people from now on,im someone who trusts individuals,sometimes im too trusting of everyone,-0.058,0.920,-0.280,-0.955,-0.772,55.211977,1.688812,0.277299,15.310235,0.468306,46.364499,0.803699,0.000000,12.856837,0.222865
test.enc.prompt.txt::01604,test.enc.prompt.txt::01604__row668,I'd better be,1.0,content_diversity,standing still,without you,learning as much as i can,looking for a soulmate,strong,0.000,0.987,-0.035,-0.596,-0.159,15.001178,0.344475,0.383817,5.757707,0.132215,29.602242,1.318896,0.000000,11.361843,0.506215
test.enc.prompt.txt::01604,test.enc.prompt.txt::01604__row669,I'd better be,0.0,content_diversity,studying hard,learning and trying hard,trying my best to learn,studying for the exam,studying as much as possible,-0.028,0.950,-0.119,-0.866,-0.567,22.015371,1.060710,0.476634,10.493268,0.505570,25.506247,0.937991,0.000000,12.157137,0.447078
test.enc.prompt.txt::01605,test.enc.prompt.txt::01605__row670,You haven't heard,1.0,content_diversity,about Michael Jordan?,the good news,mark and jenny broke up,maybe you should listen again,that they are cancelling the show,-0.005,0.991,-0.089,-0.645,-0.130,14.719770,0.790941,0.430640,6.338919,0.340611,48.512081,1.981468,0.000000,20.891233,0.853299
test.enc.prompt.txt::01605,test.enc.prompt.txt::01605__row671,You haven't heard,0.0,content_diversity,mark and jenny aren't together anymore,mark and jenny have split up,mark and jenny are officially not a couple anymore,mark left jenny,jenny broke up with mark,-0.123,0.863,-0.473,-0.937,-0.820,59.940334,2.242569,0.243068,14.569568,0.545096,21.486445,1.217546,0.000000,5.222664,0.295946
test.enc.prompt.txt::01606,test.enc.prompt.txt::01606__row672,I see the,1.0,content_diversity,sun in the sky,times are a changing,dog in the room,water looking clear and blue,stars twinkling above,-0.017,0.967,-0.100,-0.636,-0.226,13.786745,0.782985,0.433702,5.979341,0.339582,41.327933,1.886236,0.000000,17.924014,0.818065
test.enc.prompt.txt::01606,test.enc.prompt.txt::01606__row673,I see the,0.0,content_diversity,nebula lights in the sky,planets shining brightly above me,lights from other far off worlds flashing overhead,glows of far off galaxies blinking in the distant heavens,asteroidal lights flickering as they glide upon the darkness,-0.030,0.950,-0.152,-0.896,-0.573,19.240491,0.516749,0.400445,7.704760,0.206929,81.068518,0.830181,0.000000,32.463490,0.332442
test.enc.prompt.txt::01607,test.enc.prompt.txt::01607__row674,"Rick, I'll put",1.0,content_diversity,it in my car,everything on my tab,down more money,any bet on that,more time into it,-0.021,0.758,-0.170,-0.636,-0.166,12.926441,0.829574,0.399692,5.166596,0.331574,30.434265,1.884306,0.000000,12.164335,0.753142
test.enc.prompt.txt::01607,test.enc.prompt.txt::01607__row675,"Rick, I'll put",0.0,content_diversity,its in my vehicle,lets place it into the car,"my car will work, lets put it here",we can use my car,its inside of my car,-0.066,0.918,-0.304,-0.911,-0.682,57.322777,2.275548,0.227183,13.022764,0.516966,41.308528,0.760807,0.000000,9.384598,0.172842
test.enc.prompt.txt::01608,test.enc.prompt.txt::01608__row676,Shall we draw,1.0,content_diversity,anything we want,the bird,a huge house,the game intentionally,your desk,-0.008,0.585,-0.260,-0.538,-0.174,8.405565,0.445610,0.304676,2.560976,0.135767,33.925895,1.716747,0.000000,10.336414,0.523052
test.enc.prompt.txt::01608,test.enc.prompt.txt::01608__row677,Shall we draw,0.0,content_diversity,arbitrarily,whatever we want,what we wish to draw,something we like,anything we would like to draw,-0.047,0.918,-0.389,-0.838,-0.422,19.218640,1.109312,0.413955,7.955659,0.459206,17.269212,2.088994,0.000000,7.148683,0.864750
test.enc.prompt.txt::01609,test.enc.prompt.txt::01609__row678,"Don't forget, you",1.0,content_diversity,owe me,have to set the stove temp up,bring home some milk,water the flowers,can't eat that 1,-0.004,0.990,-0.098,-0.589,-0.090,14.090286,0.583168,0.307221,4.328836,0.179162,64.876074,1.667123,0.000000,19.931312,0.512176
test.enc.prompt.txt::01609,test.enc.prompt.txt::01609__row679,"Don't forget, you",0.0,content_diversity,hey can you water my flowers?,let me water all of the flowers,pour some water on the flowers,the flowers need some water,i need to water them soon,-0.078,0.909,-0.300,-0.945,-0.720,38.406280,1.298174,0.300295,11.533198,0.389834,40.064283,1.515965,0.000000,12.031087,0.455236
test.enc.prompt.txt::01610,test.enc.prompt.txt::01610__row680,"We've decided, Signor",1.0,content_diversity,that we'll take the horse,on street tacos for lunch,to make you our caterer,to allow you to enter the competition,however we might change our mind,-0.016,0.964,-0.060,-0.588,-0.174,13.391419,0.610681,0.349877,4.685351,0.213663,35.870999,1.834747,0.000000,12.550440,0.641936
test.enc.prompt.txt::01610,test.enc.prompt.txt::01610__row681,"We've decided, Signor",0.0,content_diversity,that the noonday meal will consist of tacos with soft corn shells,to ingest soft corn tortillas filled with fajita meat during second feast,for the middle meal to have road tortillas with fajita meat,the second time we eat today to eat street tacos,for this afternoon's repast to dine on street tacos,-0.053,0.909,-0.246,-0.877,-0.637,103.979308,1.758526,0.320256,33.300044,0.563179,41.570930,0.363154,0.000000,13.313359,0.116303
test.enc.prompt.txt::01611,test.enc.prompt.txt::01611__row682,It was gracious,1.0,content_diversity,what he did,of you to do this,such a good act of kindness,how he brought her flowers,things to say,-0.014,0.973,-0.082,-0.623,-0.340,16.034432,0.426137,0.405191,6.497005,0.172667,37.770689,1.155691,0.000000,15.304338,0.468275
test.enc.prompt.txt::01611,test.enc.prompt.txt::01611__row683,It was gracious,0.0,content_diversity,well that was nice that he did that,very good what was done by him,what did he do that was good?,he did awesome stuff,how good of him,-0.048,0.904,-0.223,-0.813,-0.715,35.066731,1.207380,0.294700,10.334174,0.355815,30.884662,1.008523,0.000000,9.101717,0.297212
test.enc.prompt.txt::01612,test.enc.prompt.txt::01612__row684,It is possible,1.0,content_diversity,to end up on the moon,say sorry,make sure you win,to fly,feel some regret for the situation,-0.009,0.980,-0.194,-0.595,-0.186,2.411225,1.296236,0.234549,0.565550,0.304031,62.160901,1.710231,0.000000,14.579772,0.401133
test.enc.prompt.txt::01612,test.enc.prompt.txt::01612__row685,It is possible,0.0,content_diversity,to apologize to the persons you have wronged,to say you are sorry for being rude,to be apologetic if you feel bad,to say an apology and mean it,to bring an apology to the table.,-0.072,0.916,-0.329,-0.940,-0.703,17.105828,0.564612,0.425452,7.277711,0.240216,23.604701,0.827329,0.000000,10.042671,0.351989
test.enc.prompt.txt::01613,test.enc.prompt.txt::01613__row686,-- It was,1.0,content_diversity,exactly as i thought,amazing,very awesome,too crazy,all my fault,0.000,0.800,-0.191,-0.648,-0.415,3.360641,0.507508,0.305186,1.025622,0.154885,27.090602,1.138311,0.000000,8.267682,0.347397
test.enc.prompt.txt::01613,test.enc.prompt.txt::01613__row687,-- It was,0.0,content_diversity,i take the blame,EVERYTHING was on me,it is my fault really,its on me,its my fauly,-0.032,0.944,-0.144,-0.692,-0.632,38.044052,2.762948,0.123758,4.708275,0.341938,37.176695,1.511371,0.000000,4.600932,0.187045
test.enc.prompt.txt::01614,test.enc.prompt.txt::01614__row688,There's still nobody,1.0,content_diversity,around here,i like more than him,on my level yet,winning the game,shoveling the snow from the driveway,-0.008,0.980,-0.037,-0.577,-0.161,3.358791,0.812449,0.447138,1.501842,0.363277,47.498229,1.706889,0.000000,21.238256,0.763215
test.enc.prompt.txt::01614,test.enc.prompt.txt::01614__row689,There's still nobody,0.0,content_diversity,win the game come on,who is winning,are we winning,can we win the game,we have not won the game yet,-0.070,0.882,-0.266,-0.931,-0.535,23.150947,1.618058,0.280011,6.482517,0.453074,27.960568,1.060416,0.000000,7.829263,0.296928
test.enc.prompt.txt::01615,test.enc.prompt.txt::01615__row690,Ten years ago?,1.0,content_diversity,I can't believe it was that long.,I had no idea it was that old.,or was it twenty,that makes me a lot older,so it is time for a new one,-0.053,0.922,-0.107,-0.695,-0.299,7.190364,0.474177,0.486061,3.494958,0.230479,17.938454,0.894754,0.000000,8.719189,0.434905
test.enc.prompt.txt::01615,test.enc.prompt.txt::01615__row691,Ten years ago?,0.0,content_diversity,seems like just yesterday,I remember it like it happened a week ago,time sure has flown,the years went by fast,it's like I blinked and time went by,-0.024,0.945,-0.043,-0.688,-0.430,18.655714,0.950749,0.425405,7.936226,0.404453,43.280342,1.056517,0.000000,18.411656,0.449447
test.enc.prompt.txt::01616,test.enc.prompt.txt::01616__row692,I wouldn't have,1.0,content_diversity,come but it sounded really urgent.,done that but I guess you know what you are doing.,"seen that, thanks, you may well have saved my life there.",ben able to see that much blood without passing out.,"won the race, I am glad you took my place.",-0.016,0.971,-0.130,-0.615,-0.256,9.187789,-0.017597,0.429538,3.946505,-0.007559,46.620870,1.127847,0.000000,20.025439,0.484453
test.enc.prompt.txt::01616,test.enc.prompt.txt::01616__row693,I wouldn't have,0.0,content_diversity,bothered popping in but you sounded quite desperate.,normally returned but you made it sound like it was important.,responed normally but you sounded like you needed help quickly.,normally come this late but you sounded very in need.,come but is sounded very urgent.,-0.099,0.879,-0.341,-0.906,-0.598,30.602928,0.316032,0.422962,12.943874,0.133670,15.696658,0.985630,0.000000,6.639089,0.416884
test.enc.prompt.txt::01617,test.enc.prompt.txt::01617__row694,I didn't count,1.0,content_diversity,this one,on your help,his cousins,my parents,on my family's support,-0.013,0.769,-0.178,-0.593,-0.328,12.136926,1.253903,0.379942,4.611328,0.476411,25.114491,2.719403,0.000000,9.542050,1.033215
test.enc.prompt.txt::01617,test.enc.prompt.txt::01617__row695,I didn't count,0.0,content_diversity,on you to help me,on the help i received from you,on you helping,on help from you,on all the help I got from you,-0.137,0.860,-0.377,-0.975,-0.855,12.211164,0.767982,0.481592,5.880798,0.369854,33.207227,0.711436,0.000000,15.992332,0.342622
test.enc.prompt.txt::01618,test.enc.prompt.txt::01618__row696,Did you run,1.0,content_diversity,"out of steam, or are you just drunk?",the marathon last week?,it by the rest of the team?,past a hot guy a while ago?,into your ex at that party?,-0.009,0.975,-0.162,-0.655,-0.226,1.105147,0.112823,0.418150,0.462117,0.047177,45.557184,1.292160,0.000000,19.049733,0.540316
test.enc.prompt.txt::01618,test.enc.prompt.txt::01618__row697,Did you run,0.0,content_diversity,"out of fire, or is it the booze?","through all of your energy, or can we say it was the alcohol?",yourself ragged or are you buzzed from that drink?,"until you reached e, or does the liquor have a part to play in your mood?",dry or did that cocktail put you over your limit?,-0.040,0.954,-0.282,-0.810,-0.601,42.867296,0.682473,0.375356,16.090514,0.256171,90.058268,0.740969,0.000000,33.803947,0.278127
test.enc.prompt.txt::01619,test.enc.prompt.txt::01619__row698,"All the same,",1.0,content_diversity,all of you,things keep happening,"time, we should get there",we are the same,it should be left up to you,-0.012,0.973,-0.125,-0.634,-0.298,9.598276,0.463720,0.380333,3.650544,0.176368,44.100692,1.364598,0.000000,16.772960,0.519002
test.enc.prompt.txt::01619,test.enc.prompt.txt::01619__row699,"All the same,",0.0,content_diversity,"you, all of yall are the same",you are all the same,can't any of you be different,"the same, you are",the same all of ya guys i tell you,-0.099,0.879,-0.218,-0.850,-0.608,14.440068,0.838522,0.327926,4.735267,0.274973,90.925612,2.208084,0.000000,29.816832,0.724087
test.enc.prompt.txt::01620,test.enc.prompt.txt::01620__row700,I went through,1.0,content_diversity,hell to get here,muddy field,everything,your house but didn't find it,things you couldn't even imagine,0.000,1.000,0.001,-0.620,-0.187,5.367180,0.731977,0.401741,2.156215,0.294065,43.814876,3.109087,0.000000,17.602220,1.249047
test.enc.prompt.txt::01620,test.enc.prompt.txt::01620__row701,I went through,0.0,content_diversity,your apartment,your house but found nothing,your home but couldn't find anything,your flat but didn't find a thing,your room but unsuccessfully,-0.073,0.933,-0.382,-0.817,-0.543,31.500063,1.126278,0.413798,13.034677,0.466052,40.337903,1.344654,0.000000,16.691761,0.556416
test.enc.prompt.txt::01621,test.enc.prompt.txt::01621__row702,Do I have,1.0,content_diversity,to repeat myself?,to tell you every thing to do?,to do my homework.,something between my teeth?,something wrong with me?,-0.030,0.955,-0.148,-0.661,-0.212,12.600078,0.552263,0.428544,5.399685,0.236669,29.550600,1.176770,0.000000,12.663724,0.504297
test.enc.prompt.txt::01621,test.enc.prompt.txt::01621__row703,Do I have,0.0,content_diversity,to explain every detail?,act like your boss?,to spell it out for you?,constantly remind you?,tell you step by step?,-0.009,0.982,-0.259,-0.738,-0.322,17.618735,0.828196,0.311542,5.488971,0.258018,21.786625,1.461971,0.000000,6.787443,0.455465
test.enc.prompt.txt::01622,test.enc.prompt.txt::01622__row704,Put them on,1.0,content_diversity,so we can go,the other foot,alright?,the table,over there,-0.008,0.783,-0.100,-0.590,-0.284,11.983755,1.405946,0.303810,3.640790,0.427141,26.035857,3.058805,0.000000,7.909966,0.929297
test.enc.prompt.txt::01622,test.enc.prompt.txt::01622__row705,Put them on,0.0,content_diversity,set it on our table there,place them over there,i need them onto our table,table please,set on table,-0.057,0.911,-0.146,-0.828,-0.622,47.805100,2.259050,0.220517,10.541838,0.498159,44.539052,0.937580,0.000000,9.821619,0.206752
test.enc.prompt.txt::01623,test.enc.prompt.txt::01623__row706,"But Richard, no,",1.0,content_diversity,do not go there,you have to be up early,go ahead and do what you want,listen to me,can you please just go,-0.030,0.952,-0.007,-0.722,-0.221,5.696114,0.174803,0.468946,2.671169,0.081973,29.085685,1.000879,0.000000,13.639609,0.469358
test.enc.prompt.txt::01623,test.enc.prompt.txt::01623__row707,"But Richard, no,",0.0,content_diversity,please just listen,can you hear me already,can you listen,alright can you just listen,hear me when i tell you,-0.101,0.862,-0.202,-0.934,-0.645,16.281535,0.862823,0.399515,6.504711,0.344710,43.215205,1.553114,0.000000,17.265105,0.620492
test.enc.prompt.txt::01624,test.enc.prompt.txt::01624__row708,This time they,1.0,content_diversity,want me to go to the store,"cant wait to get home, unlike last time",needed me earlier,went too far,took longer than usual,-0.009,0.976,-0.033,-0.610,-0.327,17.688851,1.027725,0.405328,7.169788,0.416566,68.207696,1.454745,0.000000,27.646494,0.589649
test.enc.prompt.txt::01624,test.enc.prompt.txt::01624__row709,This time they,0.0,content_diversity,guys that was too far,you went way too far,that was too much,they definetely went to far with this,its going too far,-0.099,0.875,-0.412,-0.776,-0.685,36.447259,1.641562,0.233415,8.507347,0.383166,33.219240,0.859352,0.000000,7.753878,0.200586
test.enc.prompt.txt::01625,test.enc.prompt.txt::01625__row710,We are only,1.0,content_diversity,a few people,as good as we think,drawn to each other,alive for a short time,working for pay,-0.010,0.970,-0.116,-0.559,-0.329,3.989544,-0.014516,0.455608,1.817667,-0.006613,21.507941,1.823934,0.000000,9.799188,0.830999
test.enc.prompt.txt::01625,test.enc.prompt.txt::01625__row711,We are only,0.0,content_diversity,a small group,limited in number,the three of us,a handful of humans,a sprinkling of mortals,-0.032,0.756,-0.228,-0.641,-0.428,11.238985,0.878323,0.407285,4.577470,0.357728,44.485733,1.745537,0.000000,18.118371,0.710931
test.enc.prompt.txt::01626,test.enc.prompt.txt::01626__row712,"Yes, I see.",1.0,content_diversity,I can do it before weekend,there is a way,we can go to a restaurant then,you don't have much choice,you wanna go bungee jumping,-0.014,0.970,-0.142,-0.658,-0.209,14.518904,0.627386,0.359824,5.224244,0.225748,33.482139,0.910305,0.000000,12.047664,0.327549
test.enc.prompt.txt::01626,test.enc.prompt.txt::01626__row713,"Yes, I see.",0.0,content_diversity,i could do it before weekend,i can get it done before weekend,it can be done before the week ends,"before the week ends, it will be done",it will be finished before weekend,-0.134,0.822,-0.530,-0.977,-0.769,63.768498,1.904118,0.345261,22.016746,0.657417,18.957417,0.562844,0.000000,6.545248,0.194328
test.enc.prompt.txt::01627,test.enc.prompt.txt::01627__row714,"No, Victor, there",1.0,content_diversity,"has been a change since then, it is vastly different now.","is no way I would have said that, you must be mistaken.",is nothing for you here.,"were at least twenty people there, couldn't you see?","was nothing we could have done for him, if it helps he felt no pain.",-0.024,0.965,-0.061,-0.684,-0.295,-18.554274,-0.042245,0.518059,-9.612212,-0.021886,73.608217,0.641415,0.000000,38.133413,0.332291
test.enc.prompt.txt::01627,test.enc.prompt.txt::01627__row715,"No, Victor, there",0.0,content_diversity,"are no way those words were mine, you are wrong.",is no chance I would hjave said such a thing. I think you are wrong.,"isn't a chance I would have said that, you must have misheard.","simply is now way I would say that, you are incorrect.","is now way I said that, you ae mistaken.",-0.114,0.833,-0.357,-0.910,-0.684,35.838656,0.517523,0.403164,14.448848,0.208647,48.512986,0.797726,0.000000,19.558679,0.321614
test.enc.prompt.txt::01628,test.enc.prompt.txt::01628__row716,There must be,1.0,content_diversity,something wrong with how this is put together.,more places to put that,people wondering what happened to us,something more we can do to help them,a lot more of them over there.,-0.027,0.959,-0.158,-0.744,-0.332,11.831840,0.355520,0.473829,5.606264,0.168456,23.698697,1.077474,0.000000,11.229120,0.510538
test.enc.prompt.txt::01628,test.enc.prompt.txt::01628__row717,There must be,0.0,content_diversity,a correct way to do this.,a right way to fix this,some other way to put together,some other way to assemble,a correct way to assemble,-0.214,0.728,-0.503,-0.898,-0.500,31.311702,1.177289,0.470385,14.728567,0.553779,23.119872,0.987542,0.000000,10.875250,0.464525
test.enc.prompt.txt::01629,test.enc.prompt.txt::01629__row718,I beg your,1.0,content_diversity,forgiveness for my actions,ruler to grant me leave,dog to let go of me,God to grant me good health,sense of justice to act accordingly,-0.053,0.918,-0.218,-0.624,-0.297,14.109763,0.886619,0.396252,5.591028,0.351325,34.260204,1.583511,0.000000,13.575690,0.627470
test.enc.prompt.txt::01629,test.enc.prompt.txt::01629__row719,I beg your,0.0,content_diversity,pardon for my hitting you,absolution for my sins,exoneration of my act of murder,understanding as to my running the red lights,remission as to the countless times I lied,-0.041,0.933,-0.233,-0.655,-0.336,24.361753,0.827311,0.416916,10.156806,0.344919,59.396026,0.919118,0.000000,24.763157,0.383195
test.enc.prompt.txt::01630,test.enc.prompt.txt::01630__row720,Don't you sometimes,1.0,content_diversity,wonder why we live where it's cold all the time?,want to run away and never look back?,think of all the things you could be doing?,look and your children and feel pure love?,want to sell everything and live in a tent on the beach?,-0.031,0.948,-0.104,-0.689,-0.126,-7.955273,-0.062769,0.554538,-4.411501,-0.034808,59.872922,1.372715,0.000000,33.201807,0.761223
test.enc.prompt.txt::01630,test.enc.prompt.txt::01630__row721,Don't you sometimes,0.0,content_diversity,want to change what your doing,think of different ways to do things,want to do it differently,want to change how it is,think of changing your way of doing,-0.084,0.868,-0.450,-0.928,-0.826,21.744560,0.828838,0.515050,11.199544,0.426893,13.194363,0.427161,0.000000,6.795761,0.220009
test.enc.prompt.txt::01631,test.enc.prompt.txt::01631__row722,But we made,1.0,content_diversity,"a serious error of judgment, we are so screwed.",a cake and everything and they just don't show up?,the world a better place for every one of us.,"him so scared, maybe we shouldn't have been so harsh.",good time and we will be there very soon.,-0.022,0.963,-0.089,-0.663,-0.190,0.057409,-0.095056,0.458952,0.026348,-0.043626,37.350442,0.535427,0.000000,17.142064,0.245735
test.enc.prompt.txt::01631,test.enc.prompt.txt::01631__row723,But we made,0.0,content_diversity,a big mistake and there is going to be payback.,a massive error and now we are in big bother.,a colossal lack of judgment and are in so much trouble now.,a serious error and now it's coming back to haunt us.,"such a mistake, huge, and boy are we going to pay for it!",-0.072,0.912,-0.439,-0.865,-0.609,11.933216,0.242097,0.457409,5.458361,0.110737,57.875021,0.825803,0.000000,26.472558,0.377730
test.enc.prompt.txt::01632,test.enc.prompt.txt::01632__row724,And the honor,1.0,content_diversity,is all mine,of the soldiers is something great,is great,roll students are very smart,academy,-0.024,0.965,-0.172,-0.610,-0.328,7.206603,-0.196625,0.328570,2.367877,-0.064605,43.984020,3.313133,0.000000,14.451850,1.088598
test.enc.prompt.txt::01632,test.enc.prompt.txt::01632__row725,And the honor,0.0,content_diversity,pleasure is mine,you are all mine,it is my real hair,"MINE , its really mine","i own it, it is mine",-0.056,0.926,-0.341,-0.781,-0.611,35.372314,1.919543,0.180136,6.371825,0.345779,45.519274,1.782471,0.000000,8.199658,0.321087
test.enc.prompt.txt::01633,test.enc.prompt.txt::01633__row726,I am making,1.0,content_diversity,some cake,progress i think,lunch,breakfast,tacos for dinner,0.000,0.600,-0.229,-0.673,-0.237,1.849359,0.769412,0.324735,0.600551,0.249855,46.496514,2.544976,0.000000,15.099038,0.826442
test.enc.prompt.txt::01633,test.enc.prompt.txt::01633__row727,I am making,0.0,content_diversity,i made a cake,BAKING A CAKE,making some yummy cake today,birthday cake is being made,i need alot of of cake,-0.031,0.948,-0.139,-0.956,-0.728,28.676080,1.428812,0.205658,5.897456,0.293846,54.494748,2.146341,0.000000,11.207263,0.441411
test.enc.prompt.txt::01634,test.enc.prompt.txt::01634__row728,This is hardly,1.0,content_diversity,the first time you've done this.,my first rodeo.,the way to get a girl interested in you.,the time for telling secrets!,your best look!,-0.018,0.969,-0.208,-0.651,-0.243,1.874607,-0.379271,0.431030,0.808012,-0.163477,29.077122,2.133666,0.000000,12.533119,0.919675
test.enc.prompt.txt::01634,test.enc.prompt.txt::01634__row729,This is hardly,0.0,content_diversity,the best time to tell me everything,the right time to spill secrets,the time to tell tales,the right time or place to confess,right for you to tell me her secrets,-0.140,0.827,-0.331,-0.810,-0.518,13.965919,0.592929,0.461087,6.439500,0.273392,39.744907,0.928537,0.000000,18.325849,0.428136
test.enc.prompt.txt::01635,test.enc.prompt.txt::01635__row730,"Very well, Herr",1.0,content_diversity,"jenkins, we can do it your way","stephens, we need more beer","john, it is not our fault","eriksen, better watch your mouth","carnegie, you can step up",-0.013,0.971,-0.129,-0.640,-0.170,30.189349,1.031288,0.255114,7.701715,0.263096,26.794022,1.149873,0.000000,6.835521,0.293348
test.enc.prompt.txt::01635,test.enc.prompt.txt::01635__row731,"Very well, Herr",0.0,content_diversity,"jenkins, we're not to blame","jenkins, we didn't do anything wrong","jenkins, it is your fault","jenkins, we didn't make a mistake","jenkins, we have nothing to do with it",-0.075,0.899,-0.630,-0.937,-0.642,52.421761,1.727766,0.329117,17.252897,0.568637,9.774932,0.496741,0.000000,3.217097,0.163486
test.enc.prompt.txt::01636,test.enc.prompt.txt::01636__row732,For the time,1.0,content_diversity,it takes,of my life,it is whats best,being,of doubts,-0.015,0.767,-0.131,-0.632,-0.372,11.010213,0.334728,0.343601,3.783118,0.115013,51.107541,3.906136,0.000000,17.560591,1.342151
test.enc.prompt.txt::01636,test.enc.prompt.txt::01636__row733,For the time,0.0,content_diversity,it does not take that much time,the time it will take is awhile,it will take too much time,the timing will be long,"this time, it will be longer",-0.094,0.868,-0.257,-0.922,-0.581,22.495332,0.877016,0.351431,7.905562,0.308211,29.196090,1.019410,0.000000,10.260417,0.358252
test.enc.prompt.txt::01637,test.enc.prompt.txt::01637__row734,I strongly suspect,1.0,content_diversity,they are breaking the law,he is cheating on me,there is a little chance for us to win,I have a food poisoning,I have a cancer,-0.042,0.936,-0.316,-0.588,-0.188,29.736861,0.850389,0.426487,12.682377,0.362680,48.830236,1.138421,0.000000,20.825449,0.485521
test.enc.prompt.txt::01637,test.enc.prompt.txt::01637__row735,I strongly suspect,0.0,content_diversity,he is a cheater,he is sleeping with other girls,he is screwing around,he's fooling around,he cheats on me,-0.063,0.918,-0.381,-0.723,-0.545,26.464074,1.257266,0.357755,9.467655,0.449793,13.440018,0.517765,0.000000,4.808233,0.185233
test.enc.prompt.txt::01638,test.enc.prompt.txt::01638__row736,"Captain Renault, are",1.0,content_diversity,you ok,gonna go home soon,take me home?,sign the paper,there any left,0.000,0.800,-0.017,-0.656,-0.230,23.930588,1.840798,0.185619,4.441973,0.341687,40.368532,2.098404,0.000000,7.493168,0.389504
test.enc.prompt.txt::01638,test.enc.prompt.txt::01638__row737,"Captain Renault, are",0.0,content_diversity,we are going home soon,gonna go home ok?,leaving really soon,when are we leaving?,we have to go home in a few,-0.040,0.931,-0.163,-0.806,-0.602,32.951432,1.748666,0.227807,7.506583,0.398359,36.867700,2.517352,0.000000,8.398737,0.573472
test.enc.prompt.txt::01639,test.enc.prompt.txt::01639__row738,We are concerned,1.0,content_diversity,about your health.,that you don't recognize the levity of the situation.,you will make a mistake.,you won't wake up from surgery.,about how you will take the news.,-0.034,0.945,-0.341,-0.636,-0.175,13.423789,0.422896,0.428193,5.747975,0.181081,52.562618,0.533660,0.000000,22.506954,0.228510
test.enc.prompt.txt::01639,test.enc.prompt.txt::01639__row739,We are concerned,0.0,content_diversity,that you don't realize how bad things have gotten.,you don't see how serious this is.,you are underestimating the circumstances.,you are taking this too lightly.,that you are not fully grasping the situation..,-0.070,0.910,-0.379,-0.729,-0.537,28.346674,0.831935,0.433576,12.290435,0.360707,34.673775,0.512202,0.000000,15.033714,0.222079
test.enc.prompt.txt::01640,test.enc.prompt.txt::01640__row740,You see what,1.0,content_diversity,happens when you turn away.,you do to me.,the score of the game is.,the cat brought back from outside.,time it is.,-0.014,0.967,-0.239,-0.588,-0.158,0.481719,-0.298833,0.440974,0.212425,-0.131778,52.272717,1.230820,0.000000,23.050914,0.542760
test.enc.prompt.txt::01640,test.enc.prompt.txt::01640__row741,You see what,0.0,content_diversity,the cat brought in from the yard.,the feline retrieved from outdoors.,the animal has in its mouth.,the cat dragged in.,the tabby fetched.,-0.075,0.918,-0.347,-0.690,-0.322,19.467818,0.601998,0.369201,7.187542,0.222258,19.424194,1.364050,0.000000,7.171436,0.503609
test.enc.prompt.txt::01641,test.enc.prompt.txt::01641__row742,It is my,1.0,content_diversity,party and I'll kiss whomever I like.,"last day in Thailand, so drink up!",one regret after so many years alone,opinion and nothing more!,secret to keep.,-0.007,0.986,-0.076,-0.646,-0.117,18.354853,0.217479,0.358149,6.573771,0.077890,59.159685,0.791331,0.000000,21.187978,0.283414
test.enc.prompt.txt::01641,test.enc.prompt.txt::01641__row743,It is my,0.0,content_diversity,judgement based on what I've heard.,"feeling, despite not having any real hard evidence.","gut telling me this, so take it at that!",position but it's really based on what I think.,"two cents, for what it's worth!",-0.027,0.954,-0.089,-0.664,-0.265,26.172291,0.450967,0.397028,10.391128,0.179046,47.959908,0.797363,0.000000,19.041418,0.316575
test.enc.prompt.txt::01642,test.enc.prompt.txt::01642__row744,"Oh, no, Rick",1.0,content_diversity,isn't going to be happy about this.,please don't start a fight over this.,"please dont leave, I love you!",loved that car and now it's a wreck.,Astley is one of my favourites.,-0.009,0.982,-0.174,-0.583,-0.210,-0.784275,-0.066863,0.476370,-0.373605,-0.031851,48.927821,1.743525,0.000000,23.307747,0.830563
test.enc.prompt.txt::01642,test.enc.prompt.txt::01642__row745,"Oh, no, Rick",0.0,content_diversity,"is going to be so, so mad.",isn't going to like this.,will be furious when he sees this.,will be so angry at you for this.,will blow his top when he finds out.,-0.050,0.917,-0.332,-0.765,-0.565,10.910582,0.338588,0.523943,5.716527,0.177401,15.133367,0.631755,0.000000,7.929027,0.331004
test.enc.prompt.txt::01643,test.enc.prompt.txt::01643__row746,"Well, Ricky. I'm",1.0,content_diversity,your best friend,so lucky to have you by my side,done with your shit,trying to say something,one of the most amazing football players,-0.009,0.985,-0.090,-0.604,-0.168,5.365050,0.601535,0.510279,2.737673,0.306951,47.163408,0.773857,0.000000,24.066508,0.394883
test.enc.prompt.txt::01643,test.enc.prompt.txt::01643__row747,"Well, Ricky. I'm",0.0,content_diversity,lucky to be your friend,lucky to consider you as a friend,lucky to be on your side,lucky that we're friends,lucky that you are always here for me,-0.089,0.885,-0.276,-0.937,-0.691,18.568343,0.858264,0.476686,8.851278,0.409123,35.675663,0.787899,0.000000,17.006105,0.375581
test.enc.prompt.txt::01644,test.enc.prompt.txt::01644__row748,Serves me right,1.0,content_diversity,to get this wrong,that they didn't invite me,to lose my job,that my car got scratched,to burn dinner,-0.025,0.962,-0.241,-0.641,-0.206,16.731577,0.748561,0.403891,6.757730,0.302337,20.255698,1.023037,0.000000,8.181090,0.413195
test.enc.prompt.txt::01644,test.enc.prompt.txt::01644__row749,Serves me right,0.0,content_diversity,to make a mistake,that I errored on this,to be so incorrect,that I answered it falsely,to inaccurately judge the situation,-0.027,0.954,-0.237,-0.837,-0.700,19.758219,1.137014,0.380883,7.525573,0.433069,39.956435,1.174616,0.000000,15.218735,0.447391
test.enc.prompt.txt::01645,test.enc.prompt.txt::01645__row750,Why do you,1.0,content_diversity,think that is?,do that?,love me?,eat like that,lie to me,-0.007,0.585,-0.218,-0.676,-0.306,7.794659,0.920200,0.263584,2.054546,0.242550,17.451200,0.732052,0.000000,4.599853,0.192957
test.enc.prompt.txt::01645,test.enc.prompt.txt::01645__row751,Why do you,0.0,content_diversity,can you stop lying to me,lie again,keep on lying,why are you lying to me ?,quit lying,-0.052,0.893,-0.260,-0.930,-0.436,25.250601,1.424916,0.181075,4.572256,0.258017,35.655575,1.519044,0.000000,6.456339,0.275061
test.enc.prompt.txt::01646,test.enc.prompt.txt::01646__row752,How can you,1.0,content_diversity,be that way,be so nice to me after that,lie to my face,do these things,be so mean,-0.034,0.937,-0.117,-0.725,-0.271,20.810288,1.359920,0.280887,5.845343,0.381984,31.424289,0.865720,0.000000,8.826680,0.243170
test.enc.prompt.txt::01646,test.enc.prompt.txt::01646__row753,How can you,0.0,content_diversity,how are you so mean,how can anyone be that mean,"so mean, you are","how is it , you're not nice",you are just plain mean,-0.058,0.924,-0.108,-0.796,-0.705,46.302126,2.173580,0.189883,8.792003,0.412727,51.585737,1.776542,0.000000,9.795273,0.337336
test.enc.prompt.txt::01647,test.enc.prompt.txt::01647__row754,And I'm taking,1.0,content_diversity,classes.,the day off.,her with me.,my sweet time.,my clothes off.,-0.013,0.569,-0.360,-0.688,-0.303,-8.674998,-0.776474,0.402864,-3.494846,-0.312814,8.109016,2.458761,0.000000,3.266832,0.990547
test.enc.prompt.txt::01647,test.enc.prompt.txt::01647__row755,And I'm taking,0.0,content_diversity,as long as I need to.,however long it takes.,all the time I need.,it slow and easy.,unknown amount of time.,-0.024,0.937,-0.208,-0.749,-0.410,-4.256162,-0.166115,0.436186,-1.856477,-0.072457,37.332064,1.668332,0.000000,16.283714,0.727703
test.enc.prompt.txt::01648,test.enc.prompt.txt::01648__row756,I thought I,1.0,content_diversity,"could be the best, but i was wrong","saw bigfoot, but it was a bear","could trust you, but it turns out I was wrong","believed in you, but you lied","could change your mind about things, but it didn't work.",-0.064,0.919,-0.344,-0.689,-0.435,4.030192,0.302863,0.503384,2.028733,0.152456,33.116578,0.964598,0.000000,16.670344,0.485563
test.enc.prompt.txt::01648,test.enc.prompt.txt::01648__row757,I thought I,0.0,content_diversity,could persuade you,could make you think like me,could pull you to this side of things,persuade you to think like me,would make you change your mind,-0.096,0.865,-0.392,-0.838,-0.538,31.175305,1.050252,0.455670,14.205638,0.478568,47.050507,1.184890,0.000000,21.439484,0.539918
test.enc.prompt.txt::01649,test.enc.prompt.txt::01649__row758,I have the,1.0,content_diversity,most worrying feeling something bad is going to happen.,"groceries you wanted, where shall I put them?","wors rash you have ever seen, wanna see it?",overwhelming compunction to hit you square on the nose.,"deepes respect for Gerals, I always have.",-0.014,0.976,0.006,-0.550,-0.172,-4.653166,-0.189648,0.388313,-1.806883,-0.073643,94.680735,2.739444,0.000000,36.765719,1.063760
test.enc.prompt.txt::01649,test.enc.prompt.txt::01649__row759,I have the,0.0,content_diversity,"milk you needed, shall I put it in the fridge?","bread you were asking for, I'll just put it here.","supplies you said you needed, they are in the car.","potatoes you were wanting, they are on the table.","shopping, where shall I unpack it?",-0.056,0.903,-0.340,-0.686,-0.241,33.584295,0.557165,0.398680,13.389403,0.222131,27.894619,1.196433,0.000000,11.121040,0.476994
test.enc.prompt.txt::01650,test.enc.prompt.txt::01650__row760,Call off your,1.0,content_diversity,"search, they found the body.","dogs, I'll tell you what you want to know.","strike, people are dying because of it.","reporters, there'sno story here.","cops, I'm coming out with my hands up.",0.000,0.994,-0.267,-0.619,-0.121,10.248488,0.260053,0.468923,4.805749,0.121945,38.678517,1.390714,0.000000,18.137234,0.652137
test.enc.prompt.txt::01650,test.enc.prompt.txt::01650__row761,Call off your,0.0,content_diversity,"action, its doing more harm than good.","strike, it's costing lives.","demonstration, you are hurting people.","picket line, people need to get in to save people.","strike, you ar ekilling people in here.",-0.021,0.958,-0.347,-0.754,-0.314,4.457328,0.058327,0.370843,1.652970,0.021630,71.881566,1.513050,0.000000,26.656790,0.561104
test.enc.prompt.txt::01651,test.enc.prompt.txt::01651__row762,If you don't,1.0,content_diversity,go now you will miss it,believe me thats fine,"leave, im calling the cops",answer that phone,get back to me,-0.005,0.991,-0.044,-0.644,-0.234,18.392395,0.641252,0.408705,7.517069,0.262083,32.110812,0.658325,0.000000,13.123859,0.269061
test.enc.prompt.txt::01651,test.enc.prompt.txt::01651__row763,If you don't,0.0,content_diversity,i need you to call me back,i need you to call as soon as possible,i need to hear from you soon,email me back please,return my call when you can,-0.102,0.803,-0.215,-0.853,-0.502,35.501636,1.260548,0.376018,13.349257,0.473989,27.620888,1.338581,0.000000,10.385953,0.503330
test.enc.prompt.txt::01652,test.enc.prompt.txt::01652__row764,"Well, Rick, you're",1.0,content_diversity,amazing friend,so stupid,the thing holding us back,the reason your parents divorced,what is wrong with this world,-0.004,0.990,-0.119,-0.568,-0.187,20.129040,0.916222,0.353338,7.112358,0.323736,23.134724,2.486291,0.000000,8.174381,0.878501
test.enc.prompt.txt::01652,test.enc.prompt.txt::01652__row765,"Well, Rick, you're",0.0,content_diversity,the reason for divorce,why your parents are not together anymore,the reason why your parents got a divorce,the reason why your mom filed for divorce,the reason why your parents have split up,-0.201,0.738,-0.578,-0.903,-0.657,32.262252,0.820563,0.446079,14.391507,0.366036,18.019512,0.853424,0.000000,8.038122,0.380694
test.enc.prompt.txt::01653,test.enc.prompt.txt::01653__row766,And that ten,1.0,content_diversity,thousand dollars vanished,ten count was too fast,commandments still stands,is a small number,is too many,-0.011,0.978,-0.055,-0.617,-0.197,20.791691,0.754563,0.374145,7.779111,0.282316,52.426060,1.465070,0.000000,19.614959,0.548149
test.enc.prompt.txt::01653,test.enc.prompt.txt::01653__row767,And that ten,0.0,content_diversity,it is a lot,there is way too many of them,so much left,its definetly alot,theres so many,-0.015,0.970,-0.098,-0.641,-0.488,40.437439,2.562800,0.196402,7.941982,0.503338,34.335755,2.006529,0.000000,6.743601,0.394086
test.enc.prompt.txt::01654,test.enc.prompt.txt::01654__row768,Will I see,1.0,content_diversity,you again,the best player playing tonight,my dog,you there,how it's done,-0.010,0.986,-0.220,-0.626,-0.269,9.807456,1.330035,0.365113,3.580831,0.485613,61.112726,2.580624,0.000000,22.313060,0.942220
test.enc.prompt.txt::01654,test.enc.prompt.txt::01654__row769,Will I see,0.0,content_diversity,the MVP tonight,best player out tonight,the MVP on the pitch,the best player on the stadium,the MVP playing today,-0.108,0.853,-0.388,-0.879,-0.749,36.919848,1.751489,0.284527,10.504705,0.498346,32.118418,1.092313,0.000000,9.138567,0.310793
test.enc.prompt.txt::01655,test.enc.prompt.txt::01655__row770,"Rick, I'm sick",1.0,content_diversity,to my stomach.,of fighting with you.,and tired of all this.,to death with all your complaining.,of this god forsaken place.,-0.029,0.948,-0.229,-0.617,-0.354,-6.828827,-0.286361,0.593059,-4.049898,-0.169829,40.197695,0.739325,0.000000,23.839608,0.438463
test.enc.prompt.txt::01655,test.enc.prompt.txt::01655__row771,"Rick, I'm sick",0.0,content_diversity,of being here.,of this house.,of staying in this place.,of living in this town.,of being in this desolate town.,-0.114,0.865,-0.540,-0.845,-0.444,-4.964102,-0.200709,0.506349,-2.513569,-0.101629,35.767031,1.194480,0.000000,18.110609,0.604824
test.enc.prompt.txt::01656,test.enc.prompt.txt::01656__row772,"Come on, we're",1.0,content_diversity,"out of here, this place sucks.",only going to make it worse doing that.,"their only chance, we have to save them.","nearly there, we have nearly made it at last.","only having a laugh, stop being so miserable.",-0.019,0.958,-0.123,-0.674,-0.276,0.351273,0.011750,0.495920,0.174203,0.005827,27.210513,0.392262,0.000000,13.494237,0.194530
test.enc.prompt.txt::01656,test.enc.prompt.txt::01656__row773,"Come on, we're",0.0,content_diversity,"only kidding, happy up a bit!","only having a joke, stop being so grumpy.","only messing with you, get a sense of humour.","just trying to make you smile, stop being sad.","really only messing about, cheer up!",-0.038,0.946,-0.224,-0.841,-0.502,19.899899,0.406348,0.401439,7.988591,0.163124,24.068880,1.217898,0.000000,9.662181,0.488911
test.enc.prompt.txt::01657,test.enc.prompt.txt::01657__row774,Are my eyes,1.0,content_diversity,red from smoking weed?,blue,looking good,saying something,hazelnut colour,0.000,0.800,-0.045,-0.609,-0.177,-8.211815,0.060060,0.354169,-2.908371,0.021271,50.125077,1.512776,0.000000,17.752753,0.535778
test.enc.prompt.txt::01657,test.enc.prompt.txt::01657__row775,Are my eyes,0.0,content_diversity,on point,looking fine,good looking,nice,fine looking,-0.040,0.333,-0.246,-0.691,-0.662,14.802427,1.806710,0.216212,3.200459,0.390632,20.573626,3.181696,0.000000,4.448260,0.687920
test.enc.prompt.txt::01658,test.enc.prompt.txt::01658__row776,May I? Too,1.0,content_diversity,soon?,many people never ask,too maybe people dont know how to do so,much is happening right now,heavy for you,-0.003,0.991,-0.087,-0.618,-0.267,22.617425,-0.402415,0.448596,10.146076,-0.180522,79.613589,4.002967,0.000000,35.714302,1.795713
test.enc.prompt.txt::01658,test.enc.prompt.txt::01658__row777,May I? Too,0.0,content_diversity,its way too heavy,i think its heavy,its very large and big to carry,too much weight to handle for you,it is very big to handle,-0.047,0.918,-0.305,-0.810,-0.826,50.575971,2.032695,0.256443,12.969850,0.521270,35.600052,0.859703,0.000000,9.129382,0.220465
test.enc.prompt.txt::01659,test.enc.prompt.txt::01659__row778,"But why? Oh,",1.0,content_diversity,because you knew,me oh my,i thought you knew,im not sure,why else,-0.020,0.753,0.089,-0.668,-0.274,12.190302,0.579683,0.306698,3.738743,0.177788,15.662610,3.281384,0.000000,4.803693,1.006394
test.enc.prompt.txt::01659,test.enc.prompt.txt::01659__row779,"But why? Oh,",0.0,content_diversity,sure you knew,i thought i told you,thinking you knew,"oh you did not know, oh no",you were not aware,-0.064,0.916,-0.160,-0.791,-0.375,21.399435,1.107251,0.322478,6.900840,0.357064,36.470775,0.937180,0.000000,11.761010,0.302219
test.enc.prompt.txt::01660,test.enc.prompt.txt::01660__row780,But think of,1.0,content_diversity,all the good memories,what he would say,our kids Karen,my best friends,something you would like,-0.005,0.789,-0.206,-0.615,-0.250,9.489917,0.989134,0.397743,3.774551,0.393421,22.147069,2.175645,0.000000,8.808850,0.865348
test.enc.prompt.txt::01660,test.enc.prompt.txt::01660__row781,But think of,0.0,content_diversity,all the positive memories,all the good things,all happy memories,all the positive moments,all happiness we shared,-0.116,0.651,-0.445,-0.826,-0.816,12.659617,0.655561,0.481036,6.089735,0.315349,26.062276,1.110660,0.000000,12.536900,0.534268
test.enc.prompt.txt::01661,test.enc.prompt.txt::01661__row782,"Well, Rick, after",1.0,content_diversity,"what you've just said, I have no choice.","he died, I set off on a world  trip with his ashes.","everything we survived out there, I want to share with you.","being a bachelor for so long, it will take some time.","the dust settles, you can come back.",-0.012,0.980,-0.141,-0.624,-0.170,23.338973,0.250282,0.481173,11.230086,0.120429,96.673624,1.448497,0.000000,46.516749,0.696978
test.enc.prompt.txt::01661,test.enc.prompt.txt::01661__row783,"Well, Rick, after",0.0,content_diversity,"people have had some time to forget, you  could return.","it all dies down, just come home.","a bit of time has passed, I'm sure you will find your way back.","the story gets old, you can reenter the community.","it really gets to be old news, come back in like it never happened.",-0.017,0.963,-0.174,-0.760,-0.469,23.448239,0.577508,0.408326,9.574535,0.235812,52.486581,0.595554,0.000000,21.431657,0.243180
test.enc.prompt.txt::01662,test.enc.prompt.txt::01662__row784,"Sam, Ferrari wants",1.0,content_diversity,to beat Ford in the race.,to increase its prices.,to build a new model.,to attract more customers.,to offer more color options.,-0.047,0.958,-0.376,-0.689,-0.222,-2.305942,-0.003641,0.491433,-1.133216,-0.001790,29.338155,1.136551,0.000000,14.417736,0.558539
test.enc.prompt.txt::01662,test.enc.prompt.txt::01662__row785,"Sam, Ferrari wants",0.0,content_diversity,to appeal to a broader audience.,to gain more attention.,to entice more people to buy.,more people to be attracted to its product.,to become more popular.,-0.108,0.893,-0.406,-0.859,-0.719,15.019996,0.435823,0.470977,7.074072,0.205263,31.201701,0.464413,0.000000,14.695282,0.218728
test.enc.prompt.txt::01663,test.enc.prompt.txt::01663__row786,He'll double what,1.0,content_diversity,exactly?,-ever you want,your pay,"the timing, if you call",the pleasure,-0.011,0.969,-0.022,-0.688,-0.311,8.766520,0.497166,0.249295,2.185451,0.123941,49.964358,1.699774,0.000000,12.455875,0.423746
test.enc.prompt.txt::01663,test.enc.prompt.txt::01663__row787,He'll double what,0.0,content_diversity,hows the work pay,what does your weekly pay look like now,your new payment is good,how do you like the pay?,hows your payments now?,-0.027,0.956,-0.191,-0.863,-0.472,41.784336,1.661917,0.216071,9.028380,0.359092,22.265186,1.064523,0.000000,4.810859,0.230012
test.enc.prompt.txt::01664,test.enc.prompt.txt::01664__row788,"No. Not me,",1.0,content_diversity,i never just leave without saying goodbye,it was you,that was definetly your dad,i am going out later,so stop saying it was me,-0.031,0.952,-0.101,-0.618,-0.237,20.442015,1.065189,0.364059,7.442098,0.387791,44.748702,0.786070,0.000000,16.291164,0.286176
test.enc.prompt.txt::01664,test.enc.prompt.txt::01664__row789,"No. Not me,",0.0,content_diversity,i think it was someone who looks like you,im sure that was something you did,it was certainly you,i am sure it was something you did,ha you were the 1 who did it,-0.115,0.854,-0.308,-0.795,-0.678,22.747202,0.754717,0.364153,8.283472,0.274833,51.460792,2.115782,0.000000,18.739624,0.770469
test.enc.prompt.txt::01665,test.enc.prompt.txt::01665__row790,"Well, stop it.",1.0,content_diversity,I'm tired of you,I have to concentrate,I need to change the tires,I need a break,Stop teasing your brother,-0.026,0.952,-0.335,-0.669,-0.196,10.228570,0.582127,0.467168,4.778466,0.271951,29.968406,0.621024,0.000000,14.000294,0.290123
test.enc.prompt.txt::01665,test.enc.prompt.txt::01665__row791,"Well, stop it.",0.0,content_diversity,I can't have you here,I'm fed up with you,I can't put up with you,I'm so sick of you,I need you to leave me alone,-0.080,0.891,-0.402,-0.737,-0.616,17.074966,0.917592,0.470812,8.039104,0.432014,17.696282,0.672868,0.000000,8.331627,0.316795
test.enc.prompt.txt::01666,test.enc.prompt.txt::01666__row792,This sort of,1.0,content_diversity,situation is exactly what I was worried about.,behavior is not acceptable at all.,plan will not work out.,garden will never produce good vegetables.,man is not the kind who can be trusted.,-0.024,0.964,-0.260,-0.601,-0.280,-1.381211,0.146337,0.516790,-0.713796,0.075625,25.559558,0.789925,0.000000,13.208929,0.408225
test.enc.prompt.txt::01666,test.enc.prompt.txt::01666__row793,This sort of,0.0,content_diversity,activity is not okay.,way of acting is beyond wrong.,way of being is completely off base.,conduct is wholly beyond the pale.,etiquette is totally wrong.,-0.056,0.932,-0.448,-0.669,-0.505,15.934489,0.340742,0.382106,6.088668,0.130200,11.175131,0.746391,0.000000,4.270088,0.285201
test.enc.prompt.txt::01667,test.enc.prompt.txt::01667__row794,"No more water,",1.0,content_diversity,means I get to drink as much juice as I want,means I can't wash my hands,for the fish,to feed my plants,means there is a drought,-0.022,0.943,-0.214,-0.647,-0.145,23.505919,1.327110,0.392365,9.222907,0.520712,39.201576,1.429277,0.000000,15.381338,0.560799
test.enc.prompt.txt::01667,test.enc.prompt.txt::01667__row795,"No more water,",0.0,content_diversity,to water my pants,my plants are gonna die,means the end of my garden,for my garden,for my flowers,-0.078,0.918,-0.362,-0.792,-0.290,25.049654,1.237336,0.317026,7.941379,0.392267,40.660393,1.760472,0.000000,12.890382,0.558114
test.enc.prompt.txt::01668,test.enc.prompt.txt::01668__row796,You fucking bleeding,1.0,content_diversity,are you kidding me,everywhere,"troll, you're ridiculous",like you wont die,clean up,-0.005,0.786,-0.010,-0.631,-0.201,16.265916,0.353636,0.299892,4.878013,0.106053,51.633812,2.563499,0.000000,15.484551,0.768772
test.enc.prompt.txt::01668,test.enc.prompt.txt::01668__row797,You fucking bleeding,0.0,content_diversity,you have to be kidding,you gotta be messing with me right now,so kidding me right now,gotta be kidding,ha you are joking,-0.076,0.867,-0.234,-0.895,-0.644,29.356579,1.099841,0.324345,9.521652,0.356728,36.156847,2.153417,0.000000,11.727284,0.698450
test.enc.prompt.txt::01669,test.enc.prompt.txt::01669__row798,"Look, just slip",1.0,content_diversity,this into her milk and she will never bother us again.,into bed and sleep on it.,into the is shop until the rain stops.,"off the end and let yourself go, thats all there is to it.",this note under the door and then leg it.,-0.040,0.949,-0.127,-0.658,-0.227,10.442210,0.349562,0.498425,5.204659,0.174230,72.861231,1.267040,0.000000,36.315859,0.631524
test.enc.prompt.txt::01669,test.enc.prompt.txt::01669__row799,"Look, just slip",0.0,content_diversity,into the cinema with me until this clears.,into my car so you don;t get wet.,into this cafe until the rain blows over.,under this awning to get out of the rain.,onto this bus so we can keep dry.,-0.042,0.941,-0.275,-0.726,-0.286,22.935799,0.560258,0.403164,9.246882,0.225876,32.990766,0.905468,0.000000,13.300681,0.365052
test.enc.prompt.txt::00570,test.enc.prompt.txt::00570__row800,What's wrong with,1.0,content_diversity,her. She's sleeping a lot.,him. He's acting crazy.,"the baby, with all that crying.",building. It's on fire.,the forest. The trees are disappearing.,-0.003,0.992,-0.447,-0.591,-0.242,18.387150,0.833130,0.327152,6.015384,0.272560,30.255319,1.118694,0.000000,9.898074,0.365983
test.enc.prompt.txt::00570,test.enc.prompt.txt::00570__row801,What's wrong with,0.0,content_diversity,her. She's always in bed.,Mary. All I hear is snoring coming from her room.,"her. Every time I look, she's sleeping.","Mary. Every hour, she goes back to bed.","sleeping all the time, she asked me.",-0.025,0.957,-0.385,-0.868,-0.641,31.539093,0.789593,0.350419,11.051895,0.276688,53.549272,1.259337,0.000000,18.764678,0.441296
test.enc.prompt.txt::00571,test.enc.prompt.txt::00571__row802,Listen to me!,1.0,content_diversity,you can't behave like that,you need to study more,she likes you,you should be the one to take responsibility,never do that again,-0.032,0.960,-0.201,-0.655,-0.169,22.694286,1.113108,0.342470,7.772108,0.381206,28.487423,1.277356,0.000000,9.756082,0.437456
test.enc.prompt.txt::00571,test.enc.prompt.txt::00571__row803,Listen to me!,0.0,content_diversity,you can't act like this,you are behaving so bad,never act like this again,watch out your behaviour,don't ever behave like this,-0.059,0.904,-0.271,-0.776,-0.550,34.376467,1.427570,0.362806,12.471993,0.517931,22.137165,1.022986,0.000000,8.031500,0.371145
test.enc.prompt.txt::00572,test.enc.prompt.txt::00572__row804,The supernatural! The,1.0,content_diversity,Strange and uneasy.,Uncanny and silent.,Unknown and unforgotten.,Amazing and terrifying.,Electrifying and innovative.,-0.067,0.547,-0.429,-0.685,-0.422,12.579503,0.653009,0.250515,3.151360,0.163589,19.030463,0.719501,0.000000,4.767425,0.180246
test.enc.prompt.txt::00572,test.enc.prompt.txt::00572__row805,The supernatural! The,0.0,content_diversity,Spooky and terrifying.,Strange and unknown.,Darkness and twilight.,Silent and dark.,Interesting and strange.,-0.067,0.547,-0.449,-0.755,-0.452,17.379718,1.017609,0.265782,4.619224,0.270463,19.882706,0.936220,0.000000,5.284474,0.248831
test.enc.prompt.txt::00573,test.enc.prompt.txt::00573__row806,I understand all,1.0,content_diversity,things needs to change over time.,commands.,that was taught to me.,french language questions.,that was said during the speech.,-0.015,0.959,-0.339,-0.560,-0.216,-9.642265,-0.101005,0.376922,-3.634384,-0.038071,51.240129,2.580617,0.000000,19.313543,0.972692
test.enc.prompt.txt::00573,test.enc.prompt.txt::00573__row807,I understand all,0.0,content_diversity,things that were spokend,concepts.,ideas that were told during class.,knowledge that was passed on to us.,topics that the teacher told us.,-0.037,0.939,-0.387,-0.829,-0.437,22.760640,0.735673,0.354362,8.065517,0.260695,30.670244,1.795637,0.000000,10.868384,0.636306
test.enc.prompt.txt::00574,test.enc.prompt.txt::00574__row808,Because this must,1.0,content_diversity,be true love,be done as soon as possible,be done very carefully,have been a mistake,"be our turning point, better things are coming",-0.032,0.950,-0.064,-0.701,-0.303,-11.770755,0.077099,0.497671,-5.857959,0.038370,90.444380,2.323327,0.000000,45.011509,1.156252
test.enc.prompt.txt::00574,test.enc.prompt.txt::00574__row809,Because this must,0.0,content_diversity,be sorted asap,be done as fast as you can,be taken care off in shortest possible time,be done quickly,be sorted in shortest span of time,-0.070,0.902,-0.318,-0.848,-0.581,29.568520,0.979311,0.443375,13.109955,0.434202,28.092375,1.270940,0.000000,12.455468,0.563504
test.enc.prompt.txt::00575,test.enc.prompt.txt::00575__row810,I don't rightly,1.0,content_diversity,know what you are talking about.,know who that person is.,know what is going on.,know where that is.,know what occured that long ago.,-0.088,0.904,-0.278,-0.867,-0.634,-23.159281,-0.624680,0.544260,-12.604673,-0.339988,67.889665,1.864492,0.000000,36.949638,1.014769
test.enc.prompt.txt::00575,test.enc.prompt.txt::00575__row811,I don't rightly,0.0,content_diversity,know what you are referring to.,know what you are asking about.,know what you are inquiring about.,know what you are speaking about.,know what you are referencing.,-0.453,0.635,-0.653,-0.976,-0.816,11.519596,0.340958,0.610987,7.038326,0.208321,15.475939,0.527592,0.000000,9.455600,0.322352
test.enc.prompt.txt::00576,test.enc.prompt.txt::00576__row812,Yeah. He'll have,1.0,content_diversity,a coffee with milk,this notes revised,new car by monday morning,your money by next week,pizza with pineapple,-0.010,0.980,-0.048,-0.579,-0.121,32.031827,1.435503,0.344979,11.050305,0.495218,40.610477,2.209279,0.000000,14.009758,0.762155
test.enc.prompt.txt::00576,test.enc.prompt.txt::00576__row813,Yeah. He'll have,0.0,content_diversity,your cash by next week,paid you by the end of the next week,a check by next week,a payback money next week,everything he owes you next week,-0.137,0.863,-0.389,-0.915,-0.701,24.278475,1.035314,0.388414,9.430105,0.402131,27.562710,0.978852,0.000000,10.705748,0.380200
test.enc.prompt.txt::00577,test.enc.prompt.txt::00577__row814,Let me have,1.0,content_diversity,this last piece of cake,this one,a party and I'll owe you one,a look at your car,a meeting in room 101,-0.022,0.967,-0.066,-0.637,-0.147,8.648910,0.461443,0.461017,3.987291,0.212733,49.323651,1.569143,0.000000,22.739025,0.723401
test.enc.prompt.txt::00577,test.enc.prompt.txt::00577__row815,Let me have,0.0,content_diversity,that part of cake,what is left of cake,that delicious last part of cake,that piece of cake and eat it,what is left and eat that last piece,-0.145,0.811,-0.230,-0.947,-0.578,37.986989,1.535624,0.366003,13.903363,0.562043,36.777124,0.703634,0.000000,13.460548,0.257532
test.enc.prompt.txt::00578,test.enc.prompt.txt::00578__row816,"And listen, wise",1.0,content_diversity,"ass, you owe me.","men, we love Jesus.",people. We will overthrow the government.,women. You don't need the men.,and noble ones. We can do better.,-0.006,0.985,-0.364,-0.603,-0.134,6.091458,0.022757,0.340761,2.075730,0.007755,18.733772,2.896850,0.000000,6.383734,0.987133
test.enc.prompt.txt::00578,test.enc.prompt.txt::00578__row817,"And listen, wise",0.0,content_diversity,citizens. We will take over the government.,people. The government is over as we know it.,"men and women, gather your arms. The government is ours!",countrymen. Let's start our civil war.,friend and neighbors. The time has come for a takeover.,-0.027,0.950,-0.366,-0.751,-0.382,37.119622,0.819049,0.421292,15.638206,0.345059,59.248120,1.119775,0.000000,24.960769,0.471752
test.enc.prompt.txt::00579,test.enc.prompt.txt::00579__row818,When he comes,1.0,content_diversity,you should move your car,then we will leave,he will hear from me,i think we should hide,he will bring you food,-0.034,0.939,-0.257,-0.677,-0.191,16.540557,0.849010,0.380116,6.287329,0.322722,20.538206,0.730620,0.000000,7.806899,0.277720
test.enc.prompt.txt::00579,test.enc.prompt.txt::00579__row819,When he comes,0.0,content_diversity,he'll bring you groceries,he'll get you groceries,he'll get you something to eat,he'll bring food with him,he'll give you something to fill you up,-0.128,0.826,-0.545,-0.871,-0.600,33.575277,1.405701,0.366765,12.314245,0.515562,33.705853,0.796009,0.000000,12.362135,0.291949
test.enc.prompt.txt::00580,test.enc.prompt.txt::00580__row820,What good will,1.0,content_diversity,come out of this one,happen if I leave you alone,come out if he starts training,he do if we let him go out alone,happen if we don't save this puppies?,-0.056,0.912,-0.146,-0.729,-0.309,5.153363,0.347071,0.424006,2.185057,0.147160,72.682653,1.362475,0.000000,30.817879,0.577698
test.enc.prompt.txt::00580,test.enc.prompt.txt::00580__row821,What good will,0.0,content_diversity,happen if I leave immediately,happen if I don't bother with you anymore,happen if you're on your own,happen if I abandon you,happen if I leave you with yourself,-0.211,0.791,-0.425,-0.885,-0.548,26.917564,0.977744,0.435126,11.712540,0.425442,20.943668,0.385394,0.000000,9.113140,0.167695
test.enc.prompt.txt::00581,test.enc.prompt.txt::00581__row822,I hope you,1.0,content_diversity,have a wonderful vacation.,like the new job.,two are happy together.,leave him for good.,count your blessings.,0.000,0.800,-0.289,-0.658,-0.313,2.297373,0.149246,0.437999,1.006247,0.065370,13.342490,1.216274,0.000000,5.843994,0.532726
test.enc.prompt.txt::00581,test.enc.prompt.txt::00581__row823,I hope you,0.0,content_diversity,have a happy life together.,will be happy together forever.,enjoy each other for life.,last and have a happy life.,love and laugh together until death do you part.,-0.076,0.883,-0.339,-0.852,-0.640,2.003360,0.344432,0.454063,0.909652,0.156394,48.119318,1.163728,0.000000,21.849223,0.528406
test.enc.prompt.txt::00582,test.enc.prompt.txt::00582__row824,"That is simple,",1.0,content_diversity,bake the cake from scratch.,complete the project after work.,just read and follow the directions.,a child could do it.,grill on each side for 10 minutes.,-0.011,0.986,-0.156,-0.577,-0.155,-9.979718,-0.320760,0.443458,-4.425585,-0.142243,31.940743,0.800293,0.000000,14.164375,0.354896
test.enc.prompt.txt::00582,test.enc.prompt.txt::00582__row825,"That is simple,",0.0,content_diversity,follow along in the manuel.,follow the instructional booklet.,observe the directions and do what it says.,read the directions first.,follow the directions after reading up on it.,-0.076,0.913,-0.352,-0.830,-0.587,12.627637,0.443604,0.426978,5.391718,0.189409,33.942197,1.183323,0.000000,14.492559,0.505253
test.enc.prompt.txt::00583,test.enc.prompt.txt::00583__row826,"I was crazy,",1.0,content_diversity,in love with her,that exam made me crazy,about her eyes,he made me so mad,he broke the TV again,-0.023,0.952,-0.239,-0.533,-0.183,5.738886,0.588910,0.372028,2.135025,0.219091,46.460863,1.731186,0.000000,17.284732,0.644049
test.enc.prompt.txt::00583,test.enc.prompt.txt::00583__row827,"I was crazy,",0.0,content_diversity,the test made me go mad,this exam was so mentally exhausting,all because of that final exam,that exam was so hard that made me crazy,and it was because of the exam,-0.063,0.888,-0.389,-0.910,-0.571,37.022275,1.139043,0.429633,15.905986,0.489370,23.283157,0.700328,0.000000,10.003210,0.300884
test.enc.prompt.txt::00584,test.enc.prompt.txt::00584__row828,You know what,1.0,content_diversity,I am tired of this,its a beautiful day,this work is hard,working from home is hard,I am almost done,-0.034,0.931,-0.221,-0.690,-0.300,28.465460,1.446128,0.313423,8.921724,0.453250,18.015431,0.504824,0.000000,5.646447,0.158223
test.enc.prompt.txt::00584,test.enc.prompt.txt::00584__row829,You know what,0.0,content_diversity,the sun is shining,it is warm outside,lets go out and enjoy the outdoors,lets take advantage of the sunlight,lets get a tan,-0.027,0.960,-0.288,-0.755,-0.543,40.544678,1.428828,0.310933,12.606664,0.444269,18.287425,1.156269,0.000000,5.686157,0.359522
test.enc.prompt.txt::00585,test.enc.prompt.txt::00585__row830,That's your funeral.,1.0,content_diversity,it will look like this,too bad you can't be here,i want to pay respect,look how many people have come,it is such a sad event,-0.007,0.986,-0.058,-0.651,-0.218,19.393232,0.763430,0.344656,6.683994,0.263121,6.480293,0.736835,0.000000,2.233472,0.253954
test.enc.prompt.txt::00585,test.enc.prompt.txt::00585__row831,That's your funeral.,0.0,content_diversity,there's a lot of people here,lot of folks have made it in time,a lot of people are attending,it is packed with people,so many familiar faces here,-0.074,0.875,-0.314,-0.728,-0.727,35.338465,1.269636,0.349880,12.364223,0.444220,54.332734,1.527664,0.000000,19.009938,0.534499
test.enc.prompt.txt::00586,test.enc.prompt.txt::00586__row832,What do you,1.0,content_diversity,do for a living?,want for Christmas?,like to do?,shop for at that store.,do for a good time?,-0.058,0.903,-0.143,-0.745,-0.331,-2.262001,-0.039456,0.416802,-0.942807,-0.016445,55.933054,2.131681,0.000000,23.313024,0.888489
test.enc.prompt.txt::00586,test.enc.prompt.txt::00586__row833,What do you,0.0,content_diversity,do for fun? I like the movies.,do to be happy? We love the beach.,for a happy time and to relax?,do to relax? I go to the forest and camp.,do for excitement and fun? He loves parasailing.,-0.063,0.908,-0.379,-0.802,-0.352,37.176052,1.299620,0.350769,13.040193,0.455866,56.635187,1.422222,0.000000,19.865847,0.498871
test.enc.prompt.txt::00587,test.enc.prompt.txt::00587__row834,Dude - there's,1.0,content_diversity,a car in a parking spot,a man following us,"no weed left, we should buy more",a pretty lady on two o'clock,not enough money for everyone,-0.017,0.979,-0.039,-0.608,-0.047,18.119255,0.638935,0.402497,7.292942,0.257169,56.241295,1.687437,0.000000,22.636943,0.679188
test.enc.prompt.txt::00587,test.enc.prompt.txt::00587__row835,Dude - there's,0.0,content_diversity,"no weed, we need more","no weed left, lets get some more","no green, we need more weed","no weed left, call a man and buy more","no weed, we should purchase more of it",-0.122,0.850,-0.405,-0.965,-0.637,43.653725,1.518076,0.298073,13.012004,0.452498,54.193769,1.253663,0.000000,16.153709,0.373683
test.enc.prompt.txt::00588,test.enc.prompt.txt::00588__row836,For a celebrated,1.0,content_diversity,"birthday, bake a cake.","Easter, dye eggs.","Christmas, decorate a tree.","4th of July, light fireworks.","St. Patrick's Day, drink beer.",-0.005,0.990,-0.405,-0.666,-0.188,22.969290,0.970546,0.323711,7.435416,0.314176,17.699887,0.867493,0.000000,5.729651,0.280817
test.enc.prompt.txt::00588,test.enc.prompt.txt::00588__row837,For a celebrated,0.0,content_diversity,"Easter, decorate eggs.","Easter, dip eggs in colored water.","Easter, make and design hard boiled eggs.","Easter, make eggs many different colors.","Easter, use a dye kit from the store.",-0.066,0.939,-0.442,-0.928,-0.609,33.569564,0.913002,0.324469,10.892269,0.296240,40.372842,0.646871,0.000000,13.099718,0.209889
test.enc.prompt.txt::00589,test.enc.prompt.txt::00589__row838,Why are you,1.0,content_diversity,looking at me like that?,wasting so much time?,playing the music so loud?,going into work early?,skipping down the street?,-0.009,0.982,-0.181,-0.717,-0.148,-4.465675,-0.185219,0.474125,-2.117289,-0.087817,27.281560,1.307042,0.000000,12.934876,0.619702
test.enc.prompt.txt::00589,test.enc.prompt.txt::00589__row839,Why are you,0.0,content_diversity,smiling at me?,glaring at me?,frowning at me?,winking at me?,staring at me?,-0.233,0.413,-0.730,-0.851,-0.448,2.041780,0.130201,0.362380,0.739899,0.047182,7.850220,0.575625,0.000000,2.844759,0.208595
test.enc.prompt.txt::00590,test.enc.prompt.txt::00590__row840,And now fair,1.0,content_diversity,"man, be fair!","is fair, don't be a baby now",players should be rewarded,game will be played in the next few minutes,play should be secured by everyone,-0.047,0.957,-0.120,-0.701,-0.280,22.873556,0.782930,0.295539,6.760020,0.231386,31.318501,3.363789,0.000000,9.255827,0.994130
test.enc.prompt.txt::00590,test.enc.prompt.txt::00590__row841,And now fair,0.0,content_diversity,players should somehow be rewarded,participants are getting their rewards,play prize for players,play reward for the most fair player,player will receive his prize,-0.020,0.962,-0.322,-0.862,-0.614,40.538502,1.375387,0.325586,13.198759,0.447806,28.564528,0.632343,0.000000,9.300204,0.205882
test.enc.prompt.txt::00591,test.enc.prompt.txt::00591__row842,"Well, I thought",1.0,content_diversity,you don't need my help,he was single,you can't do that,the exam was gonna be easier,that I can get away with it,-0.013,0.976,-0.121,-0.533,-0.231,15.159637,0.989917,0.398517,6.041375,0.394499,15.847891,1.140696,0.000000,6.315655,0.454587
test.enc.prompt.txt::00591,test.enc.prompt.txt::00591__row843,"Well, I thought",0.0,content_diversity,my help is not needed,you can do it alone,you can manage it by yourself,you can do it without me,you don't need me,-0.094,0.849,-0.401,-0.758,-0.743,33.728975,1.449407,0.369360,12.458148,0.535354,26.891279,1.270275,0.000000,9.932574,0.469189
test.enc.prompt.txt::00592,test.enc.prompt.txt::00592__row844,"Oh, I did",1.0,content_diversity,what I thought was right.,not know that.,go into work this morning.,make dinner for everyone.,let the dogs out.,0.000,1.000,-0.182,-0.571,-0.094,-2.600493,-0.385698,0.494989,-1.287216,-0.190916,17.300739,0.892662,0.000000,8.563680,0.441858
test.enc.prompt.txt::00592,test.enc.prompt.txt::00592__row845,"Oh, I did",0.0,content_diversity,not see the whole picture.,not seem aware of it.,become familiar with that.,not know what it was.,not suspect that.,-0.037,0.955,-0.399,-0.684,-0.454,3.841607,0.026740,0.496278,1.906506,0.013270,30.683641,0.825437,0.000000,15.227624,0.409647
test.enc.prompt.txt::00593,test.enc.prompt.txt::00593__row846,"Listen, dear. Now",1.0,content_diversity,please calm down.,stop making such a fuss.,look what you have made me do.,this has to stop.,you have set them all off crying.,-0.014,0.967,-0.267,-0.731,-0.403,-5.847564,-0.105578,0.472712,-2.764214,-0.049908,51.420730,1.240493,0.000000,24.307204,0.586396
test.enc.prompt.txt::00593,test.enc.prompt.txt::00593__row847,"Listen, dear. Now",0.0,content_diversity,please take a deep breath.,try to control yourself.,try and keep your cool.,don't lose your temper.,settle down if you can.,-0.009,0.983,-0.221,-0.743,-0.431,-3.794883,-0.149906,0.524063,-1.988758,-0.078560,25.861068,1.151222,0.000000,13.552828,0.603313
test.enc.prompt.txt::00594,test.enc.prompt.txt::00594__row848,"Oh, Mr. Dickson",1.0,content_diversity,you forgot about my exam,you shouldn't have done this,what is it that you do for living,you should've been smarter,i really like your dressing style,-0.023,0.979,-0.072,-0.634,-0.128,16.916242,0.612986,0.409251,6.922997,0.250866,32.320427,1.155719,0.000000,13.227183,0.472980
test.enc.prompt.txt::00594,test.enc.prompt.txt::00594__row849,"Oh, Mr. Dickson",0.0,content_diversity,i like how you dress,i really like how you are dressed,i like your style when it comes to clothes,i like your clothes,i think you are dressed so well,-0.126,0.833,-0.543,-0.962,-0.820,45.275748,1.674104,0.311997,14.125906,0.522316,31.672755,0.720267,0.000000,9.881811,0.224721
test.enc.prompt.txt::00595,test.enc.prompt.txt::00595__row850,Come on in,1.0,content_diversity,the water is fine,I wont bite,she wont bite,no one hear bites,and sweat it out,-0.023,0.762,-0.307,-0.722,-0.331,13.636906,1.083683,0.279618,3.813128,0.303018,56.186617,3.039025,0.000000,15.710805,0.849767
test.enc.prompt.txt::00595,test.enc.prompt.txt::00595__row851,Come on in,0.0,content_diversity,the pool temperature is perfect,the ocean is calling your name,the jacuzzi is perfect,the bubbles are calling your name,the lake needs you,-0.086,0.877,-0.300,-0.695,-0.387,34.627377,1.175732,0.382439,13.242854,0.449646,20.287286,1.716362,0.000000,7.758646,0.656403
test.enc.prompt.txt::00596,test.enc.prompt.txt::00596__row852,You haven't got,1.0,content_diversity,all day,the time,the resources,the leverage,the feels yet.,-0.054,0.545,-0.281,-0.645,-0.410,-13.316123,-1.041866,0.351617,-4.682172,-0.366338,62.000273,4.506107,0.000000,21.800335,1.584423
test.enc.prompt.txt::00596,test.enc.prompt.txt::00596__row853,You haven't got,0.0,content_diversity,the hours,the minute,the daylight,the seconds to do this,enough free seconds to do this,-0.097,0.771,-0.231,-0.715,-0.405,10.771572,1.297430,0.319902,3.445847,0.415050,50.487246,1.160933,0.000000,16.150970,0.371385
test.enc.prompt.txt::00597,test.enc.prompt.txt::00597__row854,We haven't got,1.0,content_diversity,all day,all the money,all the time,all the patience,the luxury to do this,-0.110,0.889,-0.201,-0.725,-0.427,-0.147472,0.276270,0.408323,-0.060216,0.112807,48.756769,2.137103,0.000000,19.908503,0.872628
test.enc.prompt.txt::00597,test.enc.prompt.txt::00597__row855,We haven't got,0.0,content_diversity,too much time to do this,all the hours to do this,the minutes to do this,all the seconds to do this,all the daylight to do this,-0.284,0.757,-0.522,-0.924,-0.469,31.571388,1.314083,0.379158,11.970547,0.498245,19.190314,0.729236,0.000000,7.276163,0.276496
test.enc.prompt.txt::00598,test.enc.prompt.txt::00598__row856,That's what he,1.0,content_diversity,said would happen.,is going to do whether anybody likes it or not.,got for the answer to the math problem.,ate for breakfast today.,fired up in the sky.,-0.011,0.973,-0.170,-0.508,-0.192,-12.396669,-1.011277,0.463101,-5.740909,-0.468323,54.515295,2.893862,0.000000,25.246085,1.340150
test.enc.prompt.txt::00598,test.enc.prompt.txt::00598__row857,That's what he,0.0,content_diversity,consumed for the first meal of the day.,injested this morning.,devoured from the breakfast plate.,swallowed at 9am.,gobbled up with his orange juice.,-0.006,0.984,-0.148,-0.705,-0.358,21.731306,0.954053,0.325717,7.078248,0.310751,17.532564,1.743606,0.000000,5.710647,0.567921
test.enc.prompt.txt::00599,test.enc.prompt.txt::00599__row858,Good. I'll take,1.0,content_diversity,one for the team,the leftovers and eat it tomorrow,a punch for you,him to the vet,take care of her,-0.018,0.973,-0.108,-0.565,-0.154,14.274607,0.804366,0.414439,5.915960,0.333361,39.766403,1.577820,0.000000,16.480765,0.653911
test.enc.prompt.txt::00599,test.enc.prompt.txt::00599__row859,Good. I'll take,0.0,content_diversity,what's left and eat it,leftovers and make a lunch tomorrow,what's left and make something out of it,what we didn't eat and finish it tomorrow,leftovers and make something tomorrow,-0.119,0.835,-0.260,-0.878,-0.454,42.295309,1.202896,0.480728,20.332547,0.578266,38.056636,0.807326,0.000000,18.294897,0.388105
test.enc.prompt.txt::00600,test.enc.prompt.txt::00600__row860,The fools! If,1.0,content_diversity,only they knew.,"they are so stupid, they shouldn't be here.","they shut up, let me know.","they leave, it's for the best.",only the fools will die.,-0.039,0.957,-0.228,-0.693,-0.268,10.823586,0.189743,0.425946,4.610266,0.080820,41.691615,1.478700,0.000000,17.758389,0.629847
test.enc.prompt.txt::00600,test.enc.prompt.txt::00600__row861,The fools! If,0.0,content_diversity,they quiet down I need told.,"it gets silent, I want to be told.",only they would shut up! I wanna know!,only it could be peace and quiet. Someone tell me.,"they won't shut up, I will kill them all. I need to know either way.",-0.046,0.936,-0.263,-0.819,-0.509,33.612518,1.162305,0.328258,11.033567,0.381535,56.233767,0.847578,0.000000,18.459165,0.278224
test.enc.prompt.txt::00601,test.enc.prompt.txt::00601__row862,What did you,1.0,content_diversity,think was going to happen?,do with the rest of the money?,spill all over the floor?,take with you to mom's house?,say to the police officer?,-0.030,0.957,-0.238,-0.697,-0.187,7.143630,0.254250,0.517489,3.696752,0.131572,35.263463,1.159845,0.000000,18.248467,0.600208
test.enc.prompt.txt::00601,test.enc.prompt.txt::00601__row863,What did you,0.0,content_diversity,bring to mom's house?,carry on your way to mother's?,plan to deliver to mom?,put in the car before leaving for mom's?,plan on giving to mom?,-0.048,0.941,-0.432,-0.887,-0.542,25.845077,0.889915,0.320395,8.280646,0.285125,32.062333,0.688382,0.000000,10.272627,0.220554
test.enc.prompt.txt::00602,test.enc.prompt.txt::00602__row864,"What's the matter,",1.0,content_diversity,why are you so sad,did you lose your phone?,i think you should not take it personal,you look like something terrible happened,you look like you saw a ghost,-0.060,0.930,-0.094,-0.683,-0.284,27.072666,0.763256,0.515129,13.945918,0.393175,50.813780,1.357722,0.000000,26.175657,0.699402
test.enc.prompt.txt::00602,test.enc.prompt.txt::00602__row865,"What's the matter,",0.0,content_diversity,why are you in a bad mood,why do you look so sad,do you feel blue?,what made you sad?,what is the reason you being in a bad mood?,-0.066,0.903,-0.419,-0.763,-0.494,7.712794,0.780508,0.419161,3.232900,0.327158,55.647133,1.671495,0.000000,23.325092,0.700625
test.enc.prompt.txt::00603,test.enc.prompt.txt::00603__row866,"Oh Matt, you",1.0,content_diversity,are so kind.,are never on time.,are the most productive worker on the team.,need to retake driver's training.,are a great kisser.,-0.030,0.958,-0.309,-0.648,-0.131,2.668317,-0.509868,0.444566,1.186243,-0.226670,46.495314,0.985309,0.000000,20.670243,0.438035
test.enc.prompt.txt::00603,test.enc.prompt.txt::00603__row867,"Oh Matt, you",0.0,content_diversity,need to stop at red lights.,need to slow down at yellow lights.,cannot go 70 mph in a residential area.,cannot crash into cars when parallel parking.,should relearn driving methods.,-0.019,0.961,-0.354,-0.695,-0.308,10.243761,0.109493,0.394526,4.041427,0.043198,64.730392,1.989601,0.000000,25.537801,0.784949
test.enc.prompt.txt::00604,test.enc.prompt.txt::00604__row868,"Say Matt, you",1.0,content_diversity,should call her.,can quit the job.,could move there.,still can have children.,want that house.,-0.005,0.788,-0.449,-0.661,-0.187,-6.630525,-0.521112,0.331414,-2.197446,-0.172704,24.981700,0.898879,0.000000,8.279273,0.297901
test.enc.prompt.txt::00604,test.enc.prompt.txt::00604__row869,"Say Matt, you",0.0,content_diversity,can tell her how you feel. You have her number.,should phone her and tell her what's going on.,could call her. I'm sure she would love to hear from you.,will pick up that phone and call her. I know you too well.,"always can communicate by phone, if you are scared.",-0.045,0.943,-0.335,-0.847,-0.581,2.297253,0.008557,0.488117,1.121329,0.004177,81.353116,1.542331,0.000000,39.709876,0.752838
test.enc.prompt.txt::00605,test.enc.prompt.txt::00605__row870,What did you,1.0,content_diversity,tell Jay about tomorrow?,do last night?,make for dinner?,want to tell me?,give to the charity?,-0.010,0.778,-0.268,-0.729,-0.209,-7.496067,-0.244038,0.409580,-3.070240,-0.099953,46.560035,1.412317,0.000000,19.070062,0.578457
test.enc.prompt.txt::00605,test.enc.prompt.txt::00605__row871,What did you,0.0,content_diversity,want to say to me about him? Is he dangerous?,want to tell me about the incident last night?,do yesterday? Please tell me what you wanted.,say to her? You said you wanted to tell me.,do at the forest. Tell me now. You said you would.,-0.090,0.864,-0.279,-0.815,-0.364,10.188005,0.304483,0.445724,4.541041,0.135715,75.255351,1.358594,0.000000,33.543136,0.605558
test.enc.prompt.txt::00606,test.enc.prompt.txt::00606__row872,"Yes, I guess",1.0,content_diversity,I can see your point.,you can spend the night at your friend's house.,the President is not so bad.,it worked out ok.,this dinner does not taste horrible.,-0.012,0.973,-0.254,-0.611,-0.338,-1.991945,-0.007166,0.433597,-0.863701,-0.003107,43.085505,1.486053,0.000000,18.681737,0.644348
test.enc.prompt.txt::00606,test.enc.prompt.txt::00606__row873,"Yes, I guess",0.0,content_diversity,the President has some good qualities.,the President is not horrible.,The President is doing an ok job.,the President is more positive than negative.,the bias against the President is not justified.,-0.148,0.840,-0.496,-0.799,-0.557,15.849359,0.551176,0.424488,6.727863,0.233967,41.696641,0.874024,0.000000,17.699723,0.371013
test.enc.prompt.txt::00607,test.enc.prompt.txt::00607__row874,But I wasn't,1.0,content_diversity,ready to die for her,prepared to do what he said,willing to support his words,careful enough,so good at football as him,-0.011,0.983,-0.176,-0.604,-0.340,9.791096,0.387558,0.452937,4.434749,0.175539,32.503548,0.807475,0.000000,14.722058,0.365735
test.enc.prompt.txt::00607,test.enc.prompt.txt::00607__row875,But I wasn't,0.0,content_diversity,ready to do what he said,willing to do as he says,willing to follow what he wants,ready to follow his instructions,100% happy to do what he said,-0.162,0.751,-0.500,-0.861,-0.688,29.130353,1.023801,0.443307,12.913692,0.453858,21.219944,0.635985,0.000000,9.406952,0.281937
test.enc.prompt.txt::00608,test.enc.prompt.txt::00608__row876,Gatling! They've got,1.0,content_diversity,my daughter. We have to rescue her.,the Prime Minister hostage.,a good reason for doing that.,no excuse for killing my son.,several choices available.,-0.006,0.985,-0.277,-0.577,-0.119,7.913334,0.265627,0.428849,3.393627,0.113914,23.327504,0.652966,0.000000,10.003981,0.280024
test.enc.prompt.txt::00608,test.enc.prompt.txt::00608__row877,Gatling! They've got,0.0,content_diversity,lots of routes available to them.,multiple paths in life for them.,several options available.,a lot of avenues available to them.,a ton of different paths available.,-0.064,0.900,-0.378,-0.817,-0.730,20.233050,0.689632,0.438615,8.874518,0.302483,42.057222,1.315276,0.000000,18.446927,0.576900
test.enc.prompt.txt::00609,test.enc.prompt.txt::00609__row878,Never thought that,1.0,content_diversity,we would break up,he is so smart kid,you would grow up to be a drug dealer,he can lift so heavy,he would become a professional cricket player,-0.030,0.953,-0.223,-0.542,-0.132,14.238592,0.752936,0.420109,5.981766,0.316315,28.400642,1.980840,0.000000,11.931376,0.832170
test.enc.prompt.txt::00609,test.enc.prompt.txt::00609__row879,Never thought that,0.0,content_diversity,he is a genius,he's a wonderkid,he is such a smart young man,he's so intelligent,he has such a high IQ,-0.059,0.908,-0.523,-0.740,-0.701,32.986376,1.698968,0.328258,10.828029,0.557699,28.172403,1.572399,0.000000,9.247806,0.516152
test.enc.prompt.txt::00610,test.enc.prompt.txt::00610__row880,That's what the,1.0,content_diversity,doctor said,senator said,mom said,teacher said,scientist said,-0.100,0.320,-0.992,-0.630,-0.282,12.289853,1.279191,0.417011,5.125001,0.533436,14.173006,1.736594,0.000000,5.910296,0.724178
test.enc.prompt.txt::00610,test.enc.prompt.txt::00610__row881,That's what the,0.0,content_diversity,madre said,mother in law said,maternal leader said,your birth mother said,your foster mother said,-0.088,0.701,-0.324,-0.790,-0.586,27.942472,1.457400,0.246511,6.888140,0.359266,17.926504,2.398119,0.000000,4.419089,0.591164
test.enc.prompt.txt::00611,test.enc.prompt.txt::00611__row882,I ain't done,1.0,content_diversity,with this dish,with this project,with this recipe,white this meal,with this relationship,-0.167,0.447,-0.568,-0.712,-0.400,14.540205,1.014874,0.360686,5.244448,0.366051,52.541965,3.647532,0.000000,18.951151,1.315614
test.enc.prompt.txt::00611,test.enc.prompt.txt::00611__row883,I ain't done,0.0,content_diversity,with this job,with this task,with this question,with this paper,with this assignment,-0.233,0.413,-0.505,-0.903,-0.500,23.842792,1.556004,0.456927,10.894420,0.710981,8.903221,0.616348,0.000000,4.068124,0.281626
test.enc.prompt.txt::00612,test.enc.prompt.txt::00612__row884,"""The outlaws calling",1.0,content_diversity,from a distance,for a truce,demanding that we surrender,for the sherrif to duel them,for us to give them out money,-0.025,0.957,-0.052,-0.647,-0.154,19.680512,1.030259,0.352294,6.933329,0.362954,48.510730,0.857109,0.000000,17.090045,0.301955
test.enc.prompt.txt::00612,test.enc.prompt.txt::00612__row885,"""The outlaws calling",0.0,content_diversity,to compromise,to meet for a peace agreement,to talk things out,to make a deal,to agree not to fight anymore,-0.067,0.945,-0.340,-0.752,-0.452,28.053961,1.642381,0.285225,8.001688,0.468448,29.014247,0.416907,0.000000,8.275586,0.118912
test.enc.prompt.txt::00613,test.enc.prompt.txt::00613__row886,This is about,1.0,content_diversity,me not liking you?,something I said in the past?,you being rude,my mom and dad's divorce,your cheating and sleeping with other girls,-0.003,0.992,-0.129,-0.637,-0.250,8.513702,0.859816,0.365446,3.111296,0.314216,37.378656,0.624639,0.000000,13.659871,0.228272
test.enc.prompt.txt::00613,test.enc.prompt.txt::00613__row887,This is about,0.0,content_diversity,your behaviour,your attitude,you being cocky,you not acting polite,you and your bad behaviour,-0.044,0.938,-0.362,-0.784,-0.463,22.255138,1.452353,0.339891,7.564311,0.493641,32.224288,1.260099,0.000000,10.952731,0.428296
test.enc.prompt.txt::00614,test.enc.prompt.txt::00614__row888,Hands off your,1.0,content_diversity,dessert until you finish your dinner.,video games until your homework is done.,sister unless you want to get in trouble.,walls until the paint is dry.,lawn when fertilizer is on it.,-0.025,0.964,-0.258,-0.576,-0.093,-3.831914,-0.254475,0.517865,-1.984415,-0.131784,41.226415,1.723248,0.000000,21.349730,0.892410
test.enc.prompt.txt::00614,test.enc.prompt.txt::00614__row889,Hands off your,0.0,content_diversity,Playstation until you complete the math assignment.,Xbox until you complete the science project.,Switch until you complete the history lesson.,gaming PC until your school work is done.,controller until your Spanish is done.,-0.139,0.820,-0.636,-0.826,-0.401,33.921745,0.711265,0.445967,15.127988,0.317201,38.338693,1.192353,0.000000,17.097802,0.531750
test.enc.prompt.txt::00615,test.enc.prompt.txt::00615__row890,Thanks for the,1.0,content_diversity,tip,"invitation, I will come","afternoon, we had so much fun","money, I will pay you back asap","gift, I really appreciate it",-0.020,0.963,-0.116,-0.654,-0.326,26.098092,0.638028,0.421833,11.009043,0.269141,34.641868,3.790176,0.000000,14.613092,1.598822
test.enc.prompt.txt::00615,test.enc.prompt.txt::00615__row891,Thanks for the,0.0,content_diversity,"time together, it was fun",time we spent together,fun afternoon,"time spent with me, I had fun","afternoon, it was really fun",-0.057,0.919,-0.261,-0.887,-0.652,26.071840,1.418300,0.397164,10.354809,0.563299,29.527836,1.020895,0.000000,11.727408,0.405463
test.enc.prompt.txt::00616,test.enc.prompt.txt::00616__row892,This isn't a,1.0,content_diversity,"game, it's more serious","playground, go somewhere else",first time you made a mistake,"a girl, it's a boy","free sample, you have to pay",-0.013,0.968,-0.129,-0.640,-0.126,20.712693,0.877187,0.390734,8.093146,0.342747,22.672052,1.512467,0.000000,8.858733,0.590972
test.enc.prompt.txt::00616,test.enc.prompt.txt::00616__row893,This isn't a,0.0,content_diversity,first time you're wrong,only time you were wrong,an only mistake,first time you are wrong about something,first time you are making a mistake,-0.106,0.817,-0.485,-0.923,-0.781,41.779338,1.899710,0.312815,13.069209,0.594258,24.946152,2.106388,0.000000,7.803534,0.658910
test.enc.prompt.txt::00617,test.enc.prompt.txt::00617__row894,"See, Frank's being",1.0,content_diversity,honest with me,rude to these strangers,"homophobic, you shouldn't act like that","irrational, you just can't talk with him",true to himself,-0.013,0.974,-0.104,-0.597,-0.204,28.424479,0.647322,0.485669,13.804898,0.314385,52.195514,0.916878,0.000000,25.349760,0.445300
test.enc.prompt.txt::00617,test.enc.prompt.txt::00617__row895,"See, Frank's being",0.0,content_diversity,truthful,honest and is telling the truth,so honest in telling his story,very careful in saying the truth,extremely honest and I like that,-0.035,0.924,-0.169,-0.926,-0.667,16.448299,0.783794,0.454976,7.483583,0.356608,49.431474,0.902016,0.000000,22.490139,0.410396
test.enc.prompt.txt::00618,test.enc.prompt.txt::00618__row896,"Smells funny, it",1.0,content_diversity,smells like rotten cheese.,really gets into your nose.,can't be dinner!,needs tossed out.,should be buried.,-0.007,0.989,-0.228,-0.623,-0.170,3.634615,0.284156,0.405236,1.472877,0.115150,30.216972,1.897299,0.000000,12.245007,0.768854
test.enc.prompt.txt::00618,test.enc.prompt.txt::00618__row897,"Smells funny, it",0.0,content_diversity,should be thrown away.,could be thrown into the yard for the animals.,needs put out for the garbage men.,could be placed into the trash can.,died last night. Put it by the curb.,-0.053,0.916,-0.323,-0.704,-0.275,0.127517,-0.003579,0.413088,0.052676,-0.001479,89.618170,2.268029,0.000000,37.020229,0.936896
test.enc.prompt.txt::00619,test.enc.prompt.txt::00619__row898,"Bob, rip up",1.0,content_diversity,the evidence.,the expired credit cards.,the newspapers and put them in the recycle bin.,the old shopping list.,instructions in a foreign language.,-0.042,0.958,-0.279,-0.620,-0.161,-4.363474,-0.319653,0.508386,-2.218327,-0.162507,32.279013,1.149546,0.000000,16.410185,0.584413
test.enc.prompt.txt::00619,test.enc.prompt.txt::00619__row899,"Bob, rip up",0.0,content_diversity,the proof so you don't get caught.,the escape plan diagram.,the binding contract.,the written documentation.,the indication that could put you away.,-0.049,0.958,-0.298,-0.670,-0.237,-7.027224,0.102452,0.407101,-2.860790,0.041708,50.457405,1.218491,0.000000,20.541260,0.496049
test.enc.prompt.txt::00620,test.enc.prompt.txt::00620__row900,WHAT?! We follow,1.0,content_diversity,this bad artist?,his directions?,my favourite boy band?,that cat?,the wrong guy?,0.000,0.800,-0.371,-0.668,-0.251,7.109140,0.372792,0.244401,1.737478,0.091111,27.399060,1.495171,0.000000,6.696347,0.365421
test.enc.prompt.txt::00620,test.enc.prompt.txt::00620__row901,WHAT?! We follow,0.0,content_diversity,that poor atrist?,this extremely bad performer?,bad singer?,this guy who doesn't know how to sing?,this artist that is really bad?,-0.022,0.965,-0.366,-0.802,-0.557,18.703545,1.208236,0.228459,4.272988,0.276032,38.596213,3.646065,0.000000,8.817642,0.832975
test.enc.prompt.txt::00621,test.enc.prompt.txt::00621__row902,"You know, you",1.0,content_diversity,don't have to be so annoying.,can do something else besides watch tv.,only have 30 minutes to get ready.,can be more polite to our guests.,need to pick up the groceries later.,-0.027,0.965,-0.174,-0.671,-0.204,0.160553,0.006858,0.483327,0.077600,0.003315,23.827530,0.424938,0.000000,11.516495,0.205384
test.enc.prompt.txt::00621,test.enc.prompt.txt::00621__row903,"You know, you",0.0,content_diversity,can turn the tv off sometime today.,don't have to watch tv 24/7.,can do something productive instead of watching tv.,can find plenty of other things to do.,are not being productive just sitting there watching tv.,-0.039,0.941,-0.290,-0.818,-0.338,9.043382,0.312227,0.496721,4.492041,0.155090,32.970193,0.690688,0.000000,16.377001,0.343080
test.enc.prompt.txt::00622,test.enc.prompt.txt::00622__row904,Some Indian tracker,1.0,content_diversity,stole my bike,taught me how to do it,is responsible for the damage on your car,is the best thing that happened to me,should end up in jail,-0.011,0.973,-0.198,-0.612,-0.120,23.362289,0.541900,0.403669,9.430643,0.218748,28.167877,1.323953,0.000000,11.370513,0.534439
test.enc.prompt.txt::00622,test.enc.prompt.txt::00622__row905,Some Indian tracker,0.0,content_diversity,is responsible for car damage,damaged your car,scratched your car,should be held accountable for car damage,broke your car,-0.122,0.856,-0.509,-0.942,-0.700,47.179122,1.970131,0.304403,14.361464,0.599714,25.922494,0.768953,0.000000,7.890884,0.234071
test.enc.prompt.txt::00623,test.enc.prompt.txt::00623__row906,I think one,1.0,content_diversity,of your wheels is loose,of your friends did it,book per week is manageable,time you can do it for the team,dollar more doesn't mattter,-0.020,0.961,-0.136,-0.606,-0.198,13.047350,0.496419,0.393548,5.134757,0.195364,47.529247,1.380930,0.000000,18.705034,0.543462
test.enc.prompt.txt::00623,test.enc.prompt.txt::00623__row907,I think one,0.0,content_diversity,of your friends is to blame,of your friends made a mistake,of your friends commited a fault,of your buddies is a culprit,of your buddies is to blame this time,-0.196,0.762,-0.476,-0.921,-0.757,34.830762,1.207887,0.447936,15.601947,0.541056,38.559210,1.071768,0.000000,17.272053,0.480083
test.enc.prompt.txt::00624,test.enc.prompt.txt::00624__row908,"Oh, Lord, the",1.0,content_diversity,crowd is going crazy.,man is dancing around.,party is out of hand.,spirit is moving through me.,ship is going down with the captain.,-0.050,0.950,-0.381,-0.619,-0.173,-1.224218,0.259580,0.371917,-0.455307,0.096542,35.862249,0.800258,0.000000,13.337778,0.297629
test.enc.prompt.txt::00624,test.enc.prompt.txt::00624__row909,"Oh, Lord, the",0.0,content_diversity,ship is sinking.,boat crashed into the rocks with the captain on board.,cruise ship's captain is still on board the sinking ship.,captain is going down with the boat.,boat rammed in the rocks. I think the captain is still on board.,-0.118,0.810,-0.351,-0.930,-0.621,32.289793,0.807944,0.446924,14.431068,0.361089,74.788227,0.563895,0.000000,33.424617,0.252018
test.enc.prompt.txt::00625,test.enc.prompt.txt::00625__row910,Hey! We decide,1.0,content_diversity,to vote you off the island.,the party will be on Saturday.,to switch shifts next week at work.,which kind of pies will be served in the cafeteria.,when we will have children.,-0.026,0.958,-0.229,-0.574,-0.148,10.808326,0.117918,0.482162,5.211367,0.056856,33.402606,0.607527,0.000000,16.105478,0.292927
test.enc.prompt.txt::00625,test.enc.prompt.txt::00625__row911,Hey! We decide,0.0,content_diversity,between the types of pies to be served.,on the variety of pies to be available in the cafe.,whether blueberry or cherry pie will be the special of the day.,what sort of pie to serve to students.,what types of pie will be ready.,-0.101,0.856,-0.386,-0.926,-0.645,34.844416,0.584523,0.401818,14.001113,0.234872,18.983367,0.768617,0.000000,7.627858,0.308844
test.enc.prompt.txt::00626,test.enc.prompt.txt::00626__row912,Another dozen out,1.0,content_diversity,and we can close the door,of the competition,and we can change it,makes me sick,will not be tolerated,-0.030,0.919,-0.214,-0.562,-0.238,13.559846,0.881802,0.365663,4.958330,0.322442,12.170095,0.916394,0.000000,4.450149,0.335091
test.enc.prompt.txt::00626,test.enc.prompt.txt::00626__row913,Another dozen out,0.0,content_diversity,of the race,of the football cup,of the sport competition,of the basketball cup,of the sport event,-0.206,0.601,-0.559,-0.741,-0.416,33.210155,1.601856,0.344718,11.448124,0.552188,5.810390,0.819972,0.000000,2.002944,0.282659
test.enc.prompt.txt::00627,test.enc.prompt.txt::00627__row914,Great Chief of,1.0,content_diversity,Staff,State,tribe,administration,hope,0.000,0.200,-0.983,-0.635,-0.294,2.644614,-0.324586,0.165820,0.438529,-0.053823,19.048671,6.715041,0.000000,3.158642,1.113485
test.enc.prompt.txt::00627,test.enc.prompt.txt::00627__row915,Great Chief of,0.0,content_diversity,indian nation,indian tribes,sioux nation,navajo,the mohicans,-0.020,0.356,-0.066,-0.715,-0.403,18.267385,2.076086,0.189553,3.462637,0.393528,19.128442,2.295347,0.000000,3.625852,0.435090
test.enc.prompt.txt::00628,test.enc.prompt.txt::00628__row916,I know it,1.0,content_diversity,wasn't the nicest thing but I had to do it,since 5 years ago,is not fair but that's life,", a perfect place to take you eat to eat",you should probably resign,-0.009,0.971,0.209,-0.568,-0.163,5.593382,0.181689,0.375605,2.100902,0.068243,90.145228,1.885956,0.000000,33.858997,0.708375
test.enc.prompt.txt::00628,test.enc.prompt.txt::00628__row917,I know it,0.0,content_diversity,a good place to eat out,a very nice restaurant,cool place to eat something,extremely nice place to have a dinner,nice restaurant so we can get something to eat,-0.098,0.868,-0.412,-0.894,-0.743,28.274925,1.157729,0.358172,10.127295,0.414667,47.570371,0.637577,0.000000,17.038389,0.228363
test.enc.prompt.txt::00629,test.enc.prompt.txt::00629__row918,Fine. I'll just,1.0,content_diversity,finish my essay and come at your place,pick up the strawberries,leave you here,make something quick for lunch,read this and come help you,-0.014,0.967,-0.003,-0.665,-0.157,6.328091,0.415707,0.460327,2.912989,0.191361,48.165646,0.632203,0.000000,22.171933,0.291020
test.enc.prompt.txt::00629,test.enc.prompt.txt::00629__row919,Fine. I'll just,0.0,content_diversity,get done with coursework and come to you,finish this report and pick you up,get done with assessment and meet you at your house,finish this piece of paper and get you,get done with assignment and meet you,-0.126,0.850,-0.294,-0.890,-0.618,61.613713,1.486575,0.442606,27.270605,0.657967,31.922469,0.698268,0.000000,14.129079,0.309058
test.enc.prompt.txt::00630,test.enc.prompt.txt::00630__row920,"Well, I hope",1.0,content_diversity,you didn't laugh at her.,nothing cruel was done.,he didn't leave her.,she's happy now.,you have money to pay me back.,-0.012,0.974,-0.303,-0.601,-0.229,-6.670514,-0.070134,0.397366,-2.650634,-0.027869,33.141935,1.254382,0.000000,13.169471,0.498448
test.enc.prompt.txt::00630,test.enc.prompt.txt::00630__row921,"Well, I hope",0.0,content_diversity,you weren't mean about it.,he didn't do anything bad to her.,no evil was done to the girls.,the cruel bastard gets what is coming to him.,"that when he left, he didn't leave with cruelty.",-0.020,0.961,-0.274,-0.649,-0.453,-13.781839,-0.145931,0.446758,-6.157148,-0.065196,59.410064,0.876377,0.000000,26.541926,0.391528
test.enc.prompt.txt::00631,test.enc.prompt.txt::00631__row922,"See, that's your",1.0,content_diversity,normal behaviour,aunt you haven't seen since you were a kid,favourite music band,girlfriend,right to do as you wish,-0.005,0.981,0.003,-0.586,-0.140,6.420525,0.434397,0.443568,2.847942,0.192685,44.537765,1.025146,0.000000,19.755547,0.454722
test.enc.prompt.txt::00631,test.enc.prompt.txt::00631__row923,"See, that's your",0.0,content_diversity,aunt you haven't seen in ages,your mom's sister that you've not seen since you were a kid,auntie you haven't seen in a long time,aunt and it's been ages since you've last seen her,mom's sister and you haven't seen her since you were a toddler,-0.130,0.819,-0.342,-0.880,-0.780,51.328124,1.190760,0.464177,23.825342,0.552724,45.673172,0.615616,0.000000,21.200443,0.285755
test.enc.prompt.txt::00632,test.enc.prompt.txt::00632__row924,Looks like Web,1.0,content_diversity,but not sure if it's dark web or not,was here and drank my juice,wants to take you out to eat,isn't responding,was made by a spider,-0.004,0.979,-0.013,-0.579,-0.096,18.117011,0.687215,0.336646,6.099013,0.231348,57.074885,0.795011,0.000000,19.214011,0.267637
test.enc.prompt.txt::00632,test.enc.prompt.txt::00632__row925,Looks like Web,0.0,content_diversity,wants to take you to a restaurant,will take you out to dine,wants to treat you with dinner,wants to go out to a restaurant with you,will make a reservation in a restaurant,-0.114,0.837,-0.428,-0.839,-0.756,42.272408,1.347158,0.377661,15.964630,0.508769,26.439827,0.845703,0.000000,9.985286,0.319389
test.enc.prompt.txt::00633,test.enc.prompt.txt::00633__row926,Didn't think you,1.0,content_diversity,cared enough to remember our anniversary.,wanted to go down that road again.,go to the opera with me so I asked someone else.,were a football fan so I just wrote it off.,wanted me to work today so I took the day off.,-0.042,0.937,-0.181,-0.658,-0.169,11.965627,0.250967,0.484043,5.791881,0.121479,38.333272,0.696805,0.000000,18.554960,0.337284
test.enc.prompt.txt::00633,test.enc.prompt.txt::00633__row927,Didn't think you,0.0,content_diversity,wanted to watch football so I canceled the NFL channel.,liked the Denver Broncos so I decided not to go out with you.,liked the NFL so I turned down the tickets.,were a fan of football so I thought you were not my type.,watched the Sunday games so I made other plans for us.,-0.088,0.900,-0.434,-0.809,-0.364,27.234197,0.573511,0.413679,11.266208,0.237249,20.310509,0.329771,0.000000,8.402025,0.136419
test.enc.prompt.txt::00634,test.enc.prompt.txt::00634__row928,How'd it go,1.0,content_diversity,with that important meeting,with your girlfriend,with that robbery you had to do,with your brother? is he still mad at you?,exam? Was it hard?,-0.041,0.945,-0.177,-0.574,-0.141,15.078098,0.088567,0.393182,5.928442,0.034823,60.145691,3.314872,0.000000,23.648223,1.303349
test.enc.prompt.txt::00634,test.enc.prompt.txt::00634__row929,How'd it go,0.0,content_diversity,with you and your girlfriend,with your lady,date with you and your gf,with your loved one,with your better half,-0.158,0.788,-0.416,-0.749,-0.401,30.382496,1.431509,0.397226,12.068726,0.568633,39.279586,1.481235,0.000000,15.602884,0.588385
test.enc.prompt.txt::00635,test.enc.prompt.txt::00635__row930,"Gents, we are",1.0,content_diversity,on red alert,at paradise,in heaven,on vacation,finally home,-0.008,0.582,-0.232,-0.660,-0.236,10.080796,1.124416,0.336247,3.389637,0.378081,21.582482,1.683916,0.000000,7.257045,0.566212
test.enc.prompt.txt::00635,test.enc.prompt.txt::00635__row931,"Gents, we are",0.0,content_diversity,we are free,released from responsibility,off the clock,away from our wives,untethered,-0.006,0.786,-0.037,-0.590,-0.359,21.739855,1.208954,0.307675,6.688821,0.371966,19.185571,1.838806,0.000000,5.902930,0.565756
test.enc.prompt.txt::00636,test.enc.prompt.txt::00636__row932,...every time you,1.0,content_diversity,look at me I am happy,steal from him you just piss him off,"let him down, he just trust you less and less","volunteer, you make people happy","read, you expand your knowledge",-0.026,0.953,-0.243,-0.626,-0.218,32.110240,0.707542,0.458305,14.716297,0.324270,28.793429,1.139561,0.000000,13.196185,0.522267
test.enc.prompt.txt::00636,test.enc.prompt.txt::00636__row933,...every time you,0.0,content_diversity,"read, you find out new things","read, you become more and more knowledgeable","read, you become smarter","read, you know more things","read, you find out something that you didn't know",-0.165,0.802,-0.485,-0.974,-0.604,23.294901,0.868841,0.524584,12.220134,0.455780,17.673940,0.377332,0.000000,9.271468,0.197942
test.enc.prompt.txt::00637,test.enc.prompt.txt::00637__row934,Allow a man,1.0,content_diversity,to be a man for goodness sake.,to buy you a drink.,to show you what he is made of.,some time to deal with what he is feeling.,get as drunk as possible.,-0.039,0.925,-0.108,-0.654,-0.215,-8.898656,-0.445012,0.497154,-4.424007,-0.221239,42.334606,1.518572,0.000000,21.046839,0.754965
test.enc.prompt.txt::00637,test.enc.prompt.txt::00637__row935,Allow a man,0.0,content_diversity,to demonstrate his worth.,to show off his abilities.,to let you know what he can do.,some room so he can prove his value to you.,to be able to impress you.,-0.067,0.926,-0.390,-0.810,-0.577,7.997118,0.168234,0.495059,3.959045,0.083286,39.439078,0.541085,0.000000,19.524670,0.267869
test.enc.prompt.txt::00638,test.enc.prompt.txt::00638__row936,Teasing you is,1.0,content_diversity,so much fun for me,not really fair,what makes them look bad,so cool,impossible because you don't get mad,-0.006,0.990,-0.135,-0.626,-0.230,0.704842,0.633107,0.401740,0.283163,0.254345,41.155585,1.861869,0.000000,16.533852,0.747988
test.enc.prompt.txt::00638,test.enc.prompt.txt::00638__row937,Teasing you is,0.0,content_diversity,making them look bad,what makes them rude,making them look desperate,saying things only about them,looking bad for them,-0.086,0.890,-0.257,-0.807,-0.406,22.851366,0.907630,0.362678,8.287697,0.329178,45.009583,1.653902,0.000000,16.324004,0.599835
test.enc.prompt.txt::00639,test.enc.prompt.txt::00639__row938,So you're saying,1.0,content_diversity,that everything i my fault,that you don't like sport,that your mom is to blame,that this was the easiest exam ever,that you need to borrow money from me,-0.043,0.954,-0.154,-0.699,-0.155,15.760815,0.617503,0.432187,6.811615,0.266876,50.480922,2.241843,0.000000,21.817185,0.968895
test.enc.prompt.txt::00639,test.enc.prompt.txt::00639__row939,So you're saying,0.0,content_diversity,that you want me to lend you money,you'd like to borrow money,that you need money,you would like to get some money from me,you want me to give you money,-0.125,0.826,-0.394,-0.932,-0.644,27.377060,0.977271,0.529073,14.484457,0.517048,17.400235,0.432753,0.000000,9.205991,0.228958
test.enc.prompt.txt::00640,test.enc.prompt.txt::00640__row940,I am so,1.0,content_diversity,tired of fighting you,happy right now,worried about my health,worried about my parents' divorce,curious to find out more about physics,-0.040,0.928,-0.089,-0.611,-0.131,-2.421672,0.076066,0.540253,-1.308316,0.041095,34.574055,1.084812,0.000000,18.678740,0.586073
test.enc.prompt.txt::00640,test.enc.prompt.txt::00640__row941,I am so,0.0,content_diversity,eager to know more about physics,curious to acquire more knowledge about physics,desperate to know more about physics,interested in physics,curious to understand physics,-0.155,0.740,-0.566,-0.970,-0.756,29.553979,0.894165,0.509384,15.054329,0.455474,21.759573,0.445630,0.000000,11.083982,0.226997
test.enc.prompt.txt::00641,test.enc.prompt.txt::00641__row942,That's... wonderful. It's,1.0,content_diversity,a miracle,the best tv show ever,amazing how good you look,been a while since i've seen something like this,been so long since i've tasted real food,-0.014,0.964,-0.064,-0.627,-0.306,17.321538,0.766649,0.518792,8.986281,0.397731,34.226115,1.322976,0.000000,17.756246,0.686350
test.enc.prompt.txt::00641,test.enc.prompt.txt::00641__row943,That's... wonderful. It's,0.0,content_diversity,the most amazing tv show,my favourite tv show,perfect tv show,brilliant and most exciting thing on tv,extremely well written tv show,-0.115,0.902,-0.445,-0.909,-0.620,32.718614,1.571223,0.321295,10.512325,0.504826,54.551642,1.013733,0.000000,17.527166,0.325707
test.enc.prompt.txt::00642,test.enc.prompt.txt::00642__row944,Oh. That's nice,1.0,content_diversity,you should be thankful,we can arrange it by tomorrow,you really did put much effort to do it,it is so refreshing,maybe just add some colour to your drawing,-0.016,0.974,-0.127,-0.702,-0.235,14.381697,0.772756,0.360832,5.189370,0.278835,72.945485,1.105350,0.000000,26.321033,0.398845
test.enc.prompt.txt::00642,test.enc.prompt.txt::00642__row945,Oh. That's nice,0.0,content_diversity,you should thank me,you should be grateful,why don't you say thanks,you can just say thanks,"well, just thank him",-0.061,0.904,-0.302,-0.920,-0.714,20.962259,0.841254,0.325001,6.812758,0.273409,43.509919,2.306664,0.000000,14.140772,0.749668
test.enc.prompt.txt::00643,test.enc.prompt.txt::00643__row946,That's what I,1.0,content_diversity,wanted to say,think is a right thing to do,told him but he didn't listen,believe will happen,want to do with her,-0.020,0.964,0.006,-0.613,-0.365,8.800490,0.213264,0.544505,4.791914,0.116123,26.452413,0.665594,0.000000,14.403482,0.362420
test.enc.prompt.txt::00643,test.enc.prompt.txt::00643__row947,That's what I,0.0,content_diversity,think we should do,want to do,believe is a right thing,"wanna do, it's only right",think we could and should do,-0.041,0.926,-0.239,-0.753,-0.606,13.497536,0.697724,0.499954,6.748144,0.348830,52.919123,1.765301,0.000000,26.457115,0.882569
test.enc.prompt.txt::00644,test.enc.prompt.txt::00644__row948,The railroad has,1.0,content_diversity,closed for the season.,went bankrupt.,specials for riding.,a train that went off the tracks.,a dining car.,-0.019,0.958,-0.392,-0.646,-0.203,8.755564,0.222106,0.355197,3.109952,0.078892,33.549176,1.644239,0.000000,11.916575,0.584029
test.enc.prompt.txt::00644,test.enc.prompt.txt::00644__row949,The railroad has,0.0,content_diversity,sales going on for trips.,lots of specials for families.,a seasonal sale going on for cross country trips.,family fun specials for going across the state.,"lots of sales now for trips, since business is slow.",-0.073,0.903,-0.404,-0.806,-0.332,16.292913,0.572397,0.361511,5.890060,0.206928,82.648303,0.950293,0.000000,29.878235,0.343541
test.enc.prompt.txt::00645,test.enc.prompt.txt::00645__row950,"Thank you, Miss",1.0,content_diversity,Daisy. I love your attitude.,for returning my wallet.,for buying me food.,You are the best boss.,for saving my life.,-0.020,0.973,-0.382,-0.641,-0.200,12.023576,0.688058,0.342140,4.113743,0.235412,63.544182,1.913508,0.000000,21.740991,0.654687
test.enc.prompt.txt::00645,test.enc.prompt.txt::00645__row951,"Thank you, Miss",0.0,content_diversity,I love working for you.,Working for you were the best years of my life.,I couldn't have asked for a better boss.,You were more generous than any other employer I ever had.,We worked well together. You were the best boss.,-0.047,0.922,-0.237,-0.856,-0.616,23.155800,0.567786,0.431377,9.988888,0.244930,47.430027,0.535096,0.000000,20.460239,0.230828
test.enc.prompt.txt::00646,test.enc.prompt.txt::00646__row952,My professional opinion,1.0,content_diversity,doesn't matter in this case,is that you should've done it,is that you need to listen to him,is that your car is broken,is that the food has expired,-0.073,0.902,-0.237,-0.679,-0.174,11.142104,0.340921,0.519247,5.785504,0.177022,16.444169,0.591381,0.000000,8.538585,0.307073
test.enc.prompt.txt::00646,test.enc.prompt.txt::00646__row953,My professional opinion,0.0,content_diversity,is irelevant,is not important,makes no difference,shouldn't be relevant,it is not influencial,-0.035,0.740,-0.230,-0.609,-0.512,3.400580,0.282024,0.364562,1.239721,0.102815,47.218616,2.354761,0.000000,17.214092,0.858455
test.enc.prompt.txt::00647,test.enc.prompt.txt::00647__row954,Leaving you in,1.0,content_diversity,las vegas,hollywood,new york city,florida,the dream,0.000,0.600,0.159,-0.634,-0.265,14.887830,1.653493,0.213296,3.175509,0.352683,21.518486,2.593950,0.000000,4.589800,0.553278
test.enc.prompt.txt::00647,test.enc.prompt.txt::00647__row955,Leaving you in,0.0,content_diversity,"bronx, nyc","queens, nyc","manhattan, nyc","staten island, new york","brooklyn, nyc",-0.060,0.750,-0.319,-0.904,-0.719,45.693426,3.405278,0.155824,7.120126,0.530624,20.417766,1.173338,0.000000,3.181575,0.182834
test.enc.prompt.txt::00648,test.enc.prompt.txt::00648__row956,It's early in,1.0,content_diversity,the morning.,the afternoon.,case you needed more time.,California while it is late in Michigan.,the baseball game being only the first inning.,-0.028,0.975,-0.226,-0.646,-0.206,-1.793607,0.121339,0.500352,-0.897435,0.060712,84.613032,1.378429,0.000000,42.336302,0.689700
test.enc.prompt.txt::00648,test.enc.prompt.txt::00648__row957,It's early in,0.0,content_diversity,the west while it is late in the east.,the Pacific while it is late in the Atlantic.,San Francisco while it is late in Detroit.,Los Angeles while it is late in Lansing.,the Golden State while it is late in The Mitten.,-0.438,0.624,-0.443,-0.785,-0.449,28.241568,0.703199,0.425964,12.029883,0.299537,44.376006,0.847198,0.000000,18.902569,0.360876
test.enc.prompt.txt::00649,test.enc.prompt.txt::00649__row958,First of all:,1.0,content_diversity,Let me tell you how great you look.,I think that you are a liar.,The green one is much larger than the blue one.,Make sure you are standing straight and upright.,Please get off my foot!,-0.018,0.968,-0.128,-0.617,-0.143,0.681342,-0.303485,0.458878,0.312653,-0.139262,28.109440,0.907566,0.000000,12.898792,0.416462
test.enc.prompt.txt::00649,test.enc.prompt.txt::00649__row959,First of all:,0.0,content_diversity,I must say you look great.,I canot go on without telling you how beautiful your are.,I have to say you look fabulous.,I have to congratulate you on looking so fine.,You look incredible.,-0.073,0.892,-0.487,-0.865,-0.696,21.621035,0.442237,0.418177,9.041420,0.184933,91.844245,1.054478,0.000000,38.407154,0.440958
test.enc.prompt.txt::00650,test.enc.prompt.txt::00650__row960,Ummm . .,1.0,content_diversity,what are you doing in the tree?,are you leaving now?,you are cuckoo for cocoa puffs.,"I love you, you know.",can you come over for a little while?,-0.053,0.945,-0.156,-0.671,-0.114,6.118047,0.398989,0.394193,2.411690,0.157279,19.035502,0.872358,0.000000,7.503658,0.343877
test.enc.prompt.txt::00650,test.enc.prompt.txt::00650__row961,Ummm . .,0.0,content_diversity,don't do that! You look like a nutcase.,you belong in a mental hospital.,you are really crazy.,make sure no one see you because you are mental.,really. You really want to look crazy like that.,-0.042,0.929,-0.293,-0.778,-0.420,13.642422,0.645336,0.357715,4.880102,0.230847,67.105524,0.719270,0.000000,24.004668,0.257294
test.enc.prompt.txt::00651,test.enc.prompt.txt::00651__row962,You like it,1.0,content_diversity,"or you don't, there is no middle",more than he does?,raw or medium raw,when someone does that to you?,when he takes your sister out?,-0.011,0.970,0.108,-0.596,-0.258,3.264574,0.517905,0.450626,1.471101,0.233381,28.293228,2.048016,0.000000,12.749655,0.922889
test.enc.prompt.txt::00651,test.enc.prompt.txt::00651__row963,You like it,0.0,content_diversity,when he goes out with your sister,when he goes on a date with your sister,when he's visiting your sis,when he spends time with your sis,when he takes your sister on a date,-0.159,0.795,-0.678,-0.890,-0.627,48.525867,1.515979,0.425375,20.641709,0.644860,26.673167,1.091501,0.000000,11.346109,0.464298
test.enc.prompt.txt::00652,test.enc.prompt.txt::00652__row964,"Courtney, you're going",1.0,content_diversity,to go to church today.,to die soon.,to make your bed.,to have fun tonight.,go out with friends.,-0.044,0.950,-0.358,-0.702,-0.178,-14.321071,-0.653084,0.422825,-6.055304,-0.276140,37.555734,1.893541,0.000000,15.879495,0.800636
test.enc.prompt.txt::00652,test.enc.prompt.txt::00652__row965,"Courtney, you're going",0.0,content_diversity,to have a blast.,to a party.,to have a good time,to a place where you can have fun.,to not regret this.,-0.107,0.879,-0.372,-0.690,-0.562,-3.295181,-0.276724,0.474626,-1.563978,-0.131341,42.042699,2.029560,0.000000,19.954551,0.963282
test.enc.prompt.txt::00653,test.enc.prompt.txt::00653__row966,Oh Jesus. I'm,1.0,content_diversity,tired of picking up after you.,going to bed.,attending church in the morning.,buying the first car I see.,never late to work.,-0.009,0.983,-0.236,-0.634,-0.163,-4.959348,-0.481013,0.434042,-2.152563,-0.208780,38.549399,1.191548,0.000000,16.732044,0.517181
test.enc.prompt.txt::00653,test.enc.prompt.txt::00653__row967,Oh Jesus. I'm,0.0,content_diversity,exhausted always cleaning up your messes.,drained from doing your chores.,sick of cleaning up.,worn out from doing everything for you.,tired of you leaving everything out like a child.,-0.039,0.927,-0.335,-0.808,-0.565,15.318483,0.718092,0.415972,6.372064,0.298706,39.785197,0.843321,0.000000,16.549538,0.350798
test.enc.prompt.txt::00654,test.enc.prompt.txt::00654__row968,"Oh Christ, this",1.0,content_diversity,doesn't look good.,worked perfectly!,is broken now!,is a total cock up.,is truly beautiful.,-0.017,0.975,-0.233,-0.630,-0.298,3.438303,0.412044,0.405690,1.394886,0.167162,19.060334,1.345655,0.000000,7.732593,0.545919
test.enc.prompt.txt::00654,test.enc.prompt.txt::00654__row969,"Oh Christ, this",0.0,content_diversity,has totally fallen apart.,will never work again.,is completely busted.,has been totally ruined.,is only fit for the bin.,-0.015,0.971,-0.310,-0.730,-0.375,12.031523,0.575584,0.427342,5.141579,0.245971,25.685790,1.059255,0.000000,10.976626,0.452664
test.enc.prompt.txt::00655,test.enc.prompt.txt::00655__row970,What are you,1.0,content_diversity,doing on my property,doing for a living,doing with that vehicle,planning to do with my sister,doing in the school if you're not willing to learn,-0.035,0.957,-0.153,-0.715,-0.249,-3.398578,0.369239,0.502685,-1.708415,0.185611,73.723332,0.781584,0.000000,37.059617,0.392890
test.enc.prompt.txt::00655,test.enc.prompt.txt::00655__row971,What are you,0.0,content_diversity,doing here without a permission,doing at my place,"doing here, this is private property",doing tresspassing,thinking? You can't come on a private property without invitation,-0.045,0.939,-0.027,-0.813,-0.325,-0.997838,0.503942,0.455077,-0.454093,0.229333,81.257078,1.309469,0.000000,36.978259,0.595910
test.enc.prompt.txt::00656,test.enc.prompt.txt::00656__row972,Do you want,1.0,content_diversity,it raw or medium raw,my old TV,me to take a look at your exam,me to go with you,to help me move out tomorrow,-0.023,0.954,0.024,-0.593,-0.156,6.373240,0.588483,0.355025,2.262659,0.208926,43.877408,3.287045,0.000000,15.577574,1.166983
test.enc.prompt.txt::00656,test.enc.prompt.txt::00656__row973,Do you want,0.0,content_diversity,to come and help me move out,to come to my place and then help me move out,to help so I can move out,to be helpful and help me move out,to swing by my place and help me move,-0.260,0.717,-0.548,-0.983,-0.754,36.907592,1.178281,0.410996,15.168870,0.484269,27.708556,0.836085,0.000000,11.388104,0.343628
test.enc.prompt.txt::00657,test.enc.prompt.txt::00657__row974,Marzipan. Pink tents.,1.0,content_diversity,Party.,Deliciousness.,Let's go eat!,I wanna go!,I love the festival.,-0.006,0.783,-0.332,-0.653,-0.367,4.733440,0.716635,0.246739,1.167924,0.176822,20.820346,2.393652,0.000000,5.137191,0.590607
test.enc.prompt.txt::00657,test.enc.prompt.txt::00657__row975,Marzipan. Pink tents.,0.0,content_diversity,I'm hungry and wanna eat.,My stomach is rumbling so let's eat!,"God, the growling. I need food.",I want to eat some marzipan.,So very hungry. I want some good food.,-0.028,0.949,-0.390,-0.923,-0.593,28.028401,0.987678,0.321336,9.006537,0.317377,50.302680,1.328845,0.000000,16.164068,0.427006
test.enc.prompt.txt::00658,test.enc.prompt.txt::00658__row976,Get married. Have,1.0,content_diversity,many children.,fun being a slave to your wife.,fun dealing with a deadbeat husband.,a lavish wedding.,a spectacular honeymoon.,-0.031,0.962,-0.437,-0.742,-0.259,12.527385,0.248171,0.483589,6.058106,0.120013,40.053394,0.533736,0.000000,19.369381,0.258109
test.enc.prompt.txt::00658,test.enc.prompt.txt::00658__row977,Get married. Have,0.0,content_diversity,a great deal of offspring.,sex for procreation.,a quiverfull of arrows.,numerous babies.,a houseful of youths.,-0.028,0.956,-0.343,-0.678,-0.212,13.897427,0.669719,0.369819,5.139537,0.247675,30.367542,1.144777,0.000000,11.230503,0.423361
test.enc.prompt.txt::00659,test.enc.prompt.txt::00659__row978,Your father practically,1.0,content_diversity,drank an entire case of beer last night.,made a million dollars this year.,stayed awake for 24 hours.,gave up everything for you.,built this house with his bare hands.,-0.007,0.987,-0.170,-0.579,-0.181,4.201405,0.240422,0.588585,2.472884,0.141509,11.886877,0.668938,0.000000,6.996438,0.393727
test.enc.prompt.txt::00659,test.enc.prompt.txt::00659__row979,Your father practically,0.0,content_diversity,consumed 24 cans of beer in one night.,downed many bottles of beer by himself.,guzzled a stack of Bud Lights yesterday.,swigged a whole case of beer last night.,could not stand up from all the beer he drank at once.,-0.044,0.951,-0.319,-0.834,-0.539,27.425142,0.822550,0.444574,12.192509,0.365684,49.608548,0.708393,0.000000,22.054678,0.314933
test.enc.prompt.txt::00660,test.enc.prompt.txt::00660__row980,But what about,1.0,content_diversity,"your girlfriend, is she coming too?",that exam you've got,that book you're reading,his best friend,taking that course,-0.017,0.980,-0.107,-0.616,-0.207,9.314870,0.458867,0.386025,3.595776,0.177134,32.672142,1.041665,0.000000,12.612275,0.402109
test.enc.prompt.txt::00660,test.enc.prompt.txt::00660__row981,But what about,0.0,content_diversity,your girl?,"your girl, is she gonna be there?","your gf, is she coming with us?","your girlfriend, is she also going to be there?","your better half, is she coming?",-0.099,0.892,-0.435,-0.815,-0.506,22.218020,0.688194,0.331691,7.369507,0.228268,28.478927,1.332472,0.000000,9.446191,0.441968
test.enc.prompt.txt::00661,test.enc.prompt.txt::00661__row982,Girls dig Bateman.,1.0,content_diversity,He looks like hollywood,he is dreamy,what is his deal?,It's not even fair.,I am super jealous.,-0.006,0.789,-0.217,-0.619,-0.232,12.452351,0.972484,0.322166,4.011729,0.313302,19.228894,0.679123,0.000000,6.194904,0.218791
test.enc.prompt.txt::00661,test.enc.prompt.txt::00661__row983,Girls dig Bateman.,0.0,content_diversity,He has that hair,he has a a great smile,he has perfect teeth,he has great skins,he has that southern california charm,-0.108,0.875,-0.374,-0.704,-0.414,16.110329,1.120353,0.317082,5.108292,0.355244,37.700638,1.328203,0.000000,11.954186,0.421149
test.enc.prompt.txt::00662,test.enc.prompt.txt::00662__row984,"Listen, what about",1.0,content_diversity,his rights?,you come with me,dinner tomorrow night,your car? I think it's perfect,this trash? You should've taken it out,0.000,1.000,-0.001,-0.567,-0.081,-4.626557,0.205282,0.449616,-2.080175,0.092298,51.197156,2.158301,0.000000,23.019070,0.970407
test.enc.prompt.txt::00662,test.enc.prompt.txt::00662__row985,"Listen, what about",0.0,content_diversity,we get something to eat tomorrow,we go to the restaurant,romantic evening in the restaurant,we have a fancy dinner tomorrow,I take you out for a dinner,-0.037,0.936,-0.328,-0.828,-0.484,23.427182,0.730782,0.533219,12.491826,0.389667,37.708635,0.995311,0.000000,20.106972,0.530719
test.enc.prompt.txt::00663,test.enc.prompt.txt::00663__row986,"Jesus, Davis. Yes.",1.0,content_diversity,you've already asked me this,you should change your habits,why are you being so annoying,don't repeat everything,she is so out of your league,-0.010,0.977,-0.113,-0.662,-0.235,16.725580,0.632978,0.376942,6.304566,0.238596,19.549453,0.807259,0.000000,7.369001,0.304289
test.enc.prompt.txt::00663,test.enc.prompt.txt::00663__row987,"Jesus, Davis. Yes.",0.0,content_diversity,you can't win her,she looks too good for you,she is much prettier than you,she looks better than you,there's no chance you can get her,-0.067,0.918,-0.264,-0.774,-0.456,43.095690,1.800309,0.297493,12.820657,0.535579,22.128461,0.733377,0.000000,6.583058,0.218174
test.enc.prompt.txt::00664,test.enc.prompt.txt::00664__row988,It was a,1.0,content_diversity,rookie mistake by my assistant,very interesting game,school project for one of my classes,long bus ride,compliment that made me smile,-0.003,0.991,-0.178,-0.590,-0.169,4.674257,0.251828,0.485229,2.268086,0.122194,33.099103,0.911202,0.000000,16.060652,0.442142
test.enc.prompt.txt::00664,test.enc.prompt.txt::00664__row989,It was a,0.0,content_diversity,very intense game,really interesting game,competitive game,so good game,brilliant game to watch,-0.069,0.747,-0.459,-0.941,-0.626,7.278753,0.627367,0.421900,3.070906,0.264686,22.827104,2.154912,0.000000,9.630757,0.909158
test.enc.prompt.txt::00665,test.enc.prompt.txt::00665__row990,By the way,1.0,content_diversity,did you make the payment?,did you water the plants?,did you call your mom?,did you make plans?,how is the family doing?,-0.114,0.869,-0.474,-0.699,-0.265,0.355916,0.121629,0.326017,0.116035,0.039653,27.608263,1.251680,0.000000,9.000767,0.408069
test.enc.prompt.txt::00665,test.enc.prompt.txt::00665__row991,By the way,0.0,content_diversity,did you pay the light bill,did you pay the car note,did you pay the phone bill,did you pay your taxes,did you pay the water bill,-0.365,0.675,-0.758,-0.795,-0.548,34.218455,1.399238,0.412664,14.120711,0.577415,18.317511,0.860927,0.000000,7.558970,0.355273
test.enc.prompt.txt::00666,test.enc.prompt.txt::00666__row992,Excuse me. I,1.0,content_diversity,have to use the restroom,will move my car,have to leave now,don't want to be part of this,i will be right back,-0.030,0.950,-0.148,-0.636,-0.230,3.643638,0.200233,0.469729,1.711523,0.094055,34.534067,2.090142,0.000000,16.221655,0.981800
test.enc.prompt.txt::00666,test.enc.prompt.txt::00666__row993,Excuse me. I,0.0,content_diversity,have to use the toilet,need to go to the restroom,need to use the bathroom,i need to go to the toilet,i need to use the wc,-0.266,0.637,-0.558,-0.914,-0.638,14.357307,0.520058,0.497056,7.136380,0.258498,25.107709,1.425067,0.000000,12.479929,0.708338
test.enc.prompt.txt::00667,test.enc.prompt.txt::00667__row994,It never was,1.0,content_diversity,an issue for them.,seen again.,enough money to live on.,warm in Antarctica.,easy to raise kids alone.,-0.004,0.989,-0.287,-0.589,-0.178,-7.178581,-0.148406,0.365129,-2.621111,-0.054187,26.794280,1.222495,0.000000,9.783381,0.446369
test.enc.prompt.txt::00667,test.enc.prompt.txt::00667__row995,It never was,0.0,content_diversity,simple to be a single parent.,effortless being a single mom.,easy having all the responsibilities of parenthood.,trouble-free raising children by yourself.,worry-free being a single father.,-0.052,0.927,-0.414,-0.831,-0.599,36.995096,0.879149,0.422242,15.620884,0.371214,24.623756,0.290436,0.000000,10.397184,0.122634
test.enc.prompt.txt::00668,test.enc.prompt.txt::00668__row996,Patrick? Is that,1.0,content_diversity,how you show care,how you love?,the real slim shady,sincere,authentic,-0.020,0.744,-0.131,-0.574,-0.264,25.253593,1.887886,0.217561,5.494202,0.410731,33.087994,1.067047,0.000000,7.198663,0.232148
test.enc.prompt.txt::00668,test.enc.prompt.txt::00668__row997,Patrick? Is that,0.0,content_diversity,how much I mean to you,how much you believe in yourself,how you address emotions,how you sympathize?,how much you are comitted?,-0.129,0.860,-0.224,-0.793,-0.321,22.472654,1.009080,0.318624,7.160328,0.321517,39.624490,1.751403,0.000000,12.625315,0.558039
test.enc.prompt.txt::00669,test.enc.prompt.txt::00669__row998,This is Gwendolyn,1.0,content_diversity,she is my sister,i would like you two to get along,my cousin's best friend,she is responsible for all of you,she used to be my babysitter,-0.038,0.943,-0.201,-0.679,-0.275,24.674066,0.948437,0.395837,9.766907,0.375426,38.184352,0.805395,0.000000,15.114778,0.318805
test.enc.prompt.txt::00669,test.enc.prompt.txt::00669__row999,This is Gwendolyn,0.0,content_diversity,she is in charge,she'll take care of you,her job is to watch you,she will be in charge till i come back,"from now on, you listen to her",-0.034,0.941,-0.159,-0.764,-0.445,29.607215,1.237238,0.340955,10.094729,0.421842,41.458124,0.845972,0.000000,14.135356,0.288438
test.enc.prompt.txt::00290,test.enc.prompt.txt::00290__row1000,Suppose there's an,1.0,content_diversity,escape plan we haven't thought of yet.,omelet that is the most amazing ever.,airplane ticket that's even cheaper.,actual deadline for this paper.,event that we can go to this weekend.,-0.009,0.981,-0.112,-0.638,-0.107,18.305389,0.545925,0.418922,7.668532,0.228700,24.266865,0.774175,0.000000,10.165925,0.324319
test.enc.prompt.txt::00290,test.enc.prompt.txt::00290__row1001,Suppose there's an,0.0,content_diversity,airline that costs less.,flight that isn't as expensive.,"air travel fare, but doesn't cost as much.",way to fly there that is low cost.,flight going there and it's not a lot of money,-0.022,0.966,-0.372,-0.918,-0.776,51.772822,1.512549,0.302114,15.641303,0.456962,51.404965,0.933755,0.000000,15.530168,0.282101
test.enc.prompt.txt::00289,test.enc.prompt.txt::00289__row1002,We took for,1.0,content_diversity,granted that which would be done.,granted the bells on the sleigh until they froze,granted the hooks on the end of our rods,granted the amount of time we had to explore,granted the time that would be done in time,-0.091,0.880,-0.121,-0.826,-0.333,10.052215,0.212795,0.481555,4.840697,0.102472,39.243204,0.815704,0.000000,18.897772,0.392807
test.enc.prompt.txt::00289,test.enc.prompt.txt::00289__row1003,We took for,0.0,content_diversity,granted the most of it.,granted the clanging to warn people.,granted the sound of them to alert them.,granted the perfect sound of them,the dinging and danging of them,-0.129,0.848,-0.199,-0.829,-0.408,22.768892,0.460842,0.358132,8.154261,0.165042,48.779411,1.682961,0.000000,17.469452,0.602722
test.enc.prompt.txt::00294,test.enc.prompt.txt::00294__row1004,I went down,1.0,content_diversity,to the store for some milk.,memory lane.,a dark hole.,to the South side for some pizza.,the slide at the park.,-0.032,0.926,-0.226,-0.563,-0.075,0.780787,0.224042,0.459568,0.358825,0.102963,47.283365,1.648913,0.000000,21.729935,0.757788
test.enc.prompt.txt::00294,test.enc.prompt.txt::00294__row1005,I went down,0.0,content_diversity,South for the food.,to the South side for Italian food.,to the South side for dinner.,South where the food is better.,South for good eats.,-0.160,0.745,-0.380,-0.890,-0.623,22.656200,0.675807,0.343111,7.773597,0.231877,21.136857,0.786997,0.000000,7.252294,0.270028
test.enc.prompt.txt::00324,test.enc.prompt.txt::00324__row1006,CB. Little while,1.0,content_diversity,longer until lunch.,ago is the last time I saw him.,until he responds on his own CB radio via handset.,more and then you will receive the surprise of a lifetime.,til the fog clears and we can be back on the road.,-0.016,0.973,-0.223,-0.569,-0.186,20.993219,0.352954,0.400314,8.403880,0.141293,89.694114,1.220062,0.000000,35.905813,0.488408
test.enc.prompt.txt::00324,test.enc.prompt.txt::00324__row1007,CB. Little while,0.0,content_diversity,to go until we get to go to lunch.,left before we get our lunch break.,left of this boring day before we get to take off for lunch.,til the lunch bell rings.,"yet, and then it's off to lunch at McDonalds!",-0.068,0.882,-0.324,-0.912,-0.537,26.177839,0.664688,0.375768,9.836797,0.249769,86.277562,1.475886,0.000000,32.420356,0.554591
test.enc.prompt.txt::00247,test.enc.prompt.txt::00247__row1008,Nothing remotely like,1.0,content_diversity,eating a big breakfast.,dancing with your wife at the wedding.,singing Justin Bieber's greatest hits,falling down a hill,getting yelled at,-0.009,0.983,-0.096,-0.576,-0.046,27.799355,0.829779,0.348710,9.693906,0.289352,49.470864,0.542763,0.000000,17.250972,0.189267
test.enc.prompt.txt::00247,test.enc.prompt.txt::00247__row1009,Nothing remotely like,0.0,content_diversity,being super full and satisfied.,getting to taste many different foods.,starting the day off right.,doing exactly what I want to do.,feeding myself with great food.,-0.003,0.993,-0.190,-0.712,-0.326,7.561886,0.245195,0.362173,2.738712,0.088803,22.378585,0.609802,0.000000,8.104922,0.220854
test.enc.prompt.txt::00291,test.enc.prompt.txt::00291__row1010,It is a,1.0,content_diversity,good day to die.,strange world in which we live.,shame that we can't have sensible politicians in Washington.,song I don't mind hearing over and over.,cold and dreary saturday morning.,-0.008,0.975,-0.046,-0.589,-0.112,2.394467,-0.403680,0.458900,1.098822,-0.185249,59.078844,1.329672,0.000000,27.111297,0.610187
test.enc.prompt.txt::00291,test.enc.prompt.txt::00291__row1011,It is a,0.0,content_diversity,joke of a democracy that we currently have.,horrible system of government that we rely on.,pity we can't trust our elected officials.,truth widely acknowledged that American politicians are corrupt.,regrettable situation in which we find ourselves this election cycle.,-0.028,0.965,-0.223,-0.780,-0.346,16.494942,0.496363,0.458092,7.556207,0.227380,33.196228,0.466108,0.000000,15.206940,0.213521
test.enc.prompt.txt::00328,test.enc.prompt.txt::00328__row1012,"Yeah, brother, look,",1.0,content_diversity,I can drink four cans of beer in one sitting.,the solar eclipse is about to happen so you can become blind.,your life is much more meaningful than you think.,you need to break up with that girl because she is ruining your life.,you mean a lot to my every day life.,-0.033,0.955,-0.146,-0.623,-0.128,-1.843513,-0.292652,0.494868,-0.912295,-0.144824,43.760278,1.282564,0.000000,21.655553,0.634700
test.enc.prompt.txt::00328,test.enc.prompt.txt::00328__row1013,"Yeah, brother, look,",0.0,content_diversity,you make my life that much better and I love you for that!,you bring the sunshine in my life when I wake up.,you mean much more to me than you think.,your presence provides more meaning in my life and I wouldn't know what to do without you.,life wouldn't be the same without you in my life.,-0.096,0.887,-0.307,-0.818,-0.505,28.959954,0.528065,0.514669,14.904788,0.271779,65.157245,0.628637,0.000000,33.534407,0.323540
test.enc.prompt.txt::00337,test.enc.prompt.txt::00337__row1014,"To help, Jack,",1.0,content_diversity,we must first find him,he has to admit he has a problem,I have to find a way to get more money,we have to get more people,he has to come home,-0.074,0.860,-0.354,-0.631,-0.364,23.682509,0.660375,0.473189,11.206307,0.312482,18.599174,0.684126,0.000000,8.800928,0.323721
test.enc.prompt.txt::00337,test.enc.prompt.txt::00337__row1015,"To help, Jack,",0.0,content_diversity,i have to get another job,i have to get a loan,i have to borrow some money from someone,ask friends to give me more money,get an advance on my pay next week,-0.098,0.876,-0.264,-0.797,-0.393,30.723472,1.113973,0.391342,12.023398,0.435945,55.769492,1.428982,0.000000,21.824968,0.559221
test.enc.prompt.txt::00333,test.enc.prompt.txt::00333__row1016,It may have,1.0,content_diversity,"looked like the same person, but it's not.",gotten caught in the drain.,"looked the same, but it's not.",been hotter yesterday.,run off to hide in the woods.,-0.049,0.909,-0.217,-0.653,-0.202,5.492375,0.178562,0.411323,2.259140,0.073447,29.815298,1.517744,0.000000,12.263716,0.624283
test.enc.prompt.txt::00333,test.enc.prompt.txt::00333__row1017,It may have,0.0,content_diversity,been somebody different.,been a look-alike.,been your doppleganger.,"looked similar, not completely.","seemed like an exact replica of you, but that's impossible.",-0.020,0.983,-0.219,-0.707,-0.332,4.961438,0.683054,0.348127,1.727212,0.237790,63.585659,1.143327,0.000000,22.135902,0.398023
test.enc.prompt.txt::00258,test.enc.prompt.txt::00258__row1018,"Okay, I'll take",1.0,content_diversity,nothing!,a different one.,whatever is left over.,the first one I come to.,yours!,-0.005,0.987,-0.258,-0.632,-0.293,6.299935,-0.623527,0.269263,1.696338,-0.167893,14.901465,3.815552,0.000000,4.012411,1.027387
test.enc.prompt.txt::00258,test.enc.prompt.txt::00258__row1019,"Okay, I'll take",0.0,content_diversity,the ones no one else chooses.,what no one else wants.,the least desirable one.,one when everyone else is done.,the last choice.,-0.067,0.898,-0.317,-0.835,-0.401,17.017950,0.532410,0.421910,7.180049,0.224629,28.932510,0.712877,0.000000,12.206925,0.300770
test.enc.prompt.txt::00316,test.enc.prompt.txt::00316__row1020,See. Get your,1.0,content_diversity,"coat, it's going to be cold out.",facts straight.,sister and let's get on the road.,things together so we can get out of here.,tax refund early by filing early.,-0.005,0.981,-0.174,-0.603,-0.134,0.378667,0.006645,0.516271,0.195495,0.003431,45.115605,1.142503,0.000000,23.291874,0.589841
test.enc.prompt.txt::00316,test.enc.prompt.txt::00316__row1021,See. Get your,0.0,content_diversity,head out of the clouds.,stuff together.,information from a better source.,head checked.,reality in order.,-0.006,0.988,-0.257,-0.657,-0.305,-6.706513,-0.604909,0.472553,-3.169183,-0.285852,32.937926,1.843938,0.000000,15.564917,0.871359
test.enc.prompt.txt::00250,test.enc.prompt.txt::00250__row1022,What was the,1.0,content_diversity,the solution to that problem?,first thing that came to your mind?,cat doing in the tree?,object flying in the sky?,time he finished,-0.028,0.950,-0.127,-0.618,-0.181,8.476479,0.213754,0.412160,3.493666,0.088101,24.361475,1.250410,0.000000,10.040825,0.515369
test.enc.prompt.txt::00250,test.enc.prompt.txt::00250__row1023,What was the,0.0,content_diversity,animal she was chasing up there?,height she was stuck at?,fire department doing to get her down?,cat's reaction when she got down?,firefighter saying after he got scratched in the face?,-0.025,0.963,-0.233,-0.719,-0.197,14.504905,0.753582,0.333194,4.832946,0.251089,63.210743,0.810564,0.000000,21.061436,0.270075
test.enc.prompt.txt::00321,test.enc.prompt.txt::00321__row1024,You're not using,1.0,content_diversity,You're not using the same client version mobile legends,You're not using the default seccomp profile,You're not using our company's email,"You're not using our bank for the transactions, as statements were empty","You're not using the keyboard key "" fn """,-0.212,0.799,-0.267,-0.840,-0.400,32.968134,0.619098,0.365748,12.058015,0.226434,99.516858,1.003539,0.000000,36.398049,0.367042
test.enc.prompt.txt::00321,test.enc.prompt.txt::00321__row1025,You're not using,0.0,content_diversity,You're not using your personal transactions by our bank. Statements found empty,You're not using our bank because statements found empty as you are not doing transactions,You're not using any transactions by our bank,"You're not using our bank, as statements found empty",You're not using our bank's transactions facility,-0.245,0.752,-0.545,-0.980,-0.771,95.594502,1.570492,0.333420,31.873094,0.523633,54.175051,0.584623,0.000000,18.063031,0.194925
test.enc.prompt.txt::00245,test.enc.prompt.txt::00245__row1026,Still don't want,1.0,content_diversity,to be sad,to have any kids,sex without love,to use the metric system in the United States,to go to war,-0.035,0.957,-0.157,-0.570,-0.119,9.662992,0.416356,0.421548,4.073414,0.175514,43.175844,1.621681,0.000000,18.200686,0.683616
test.enc.prompt.txt::00245,test.enc.prompt.txt::00245__row1027,Still don't want,0.0,content_diversity,to be tied down to a large family with too many mouths to feed,to lose my independence and freedom that kids take away,to grow up and settle down with a family,to bring a child into this declining society,to have to quit my job because someone has to take care of the kids,-0.058,0.939,-0.158,-0.762,-0.386,19.682759,0.512203,0.541315,10.654565,0.277263,20.036165,0.364042,0.000000,10.845869,0.197061
test.enc.prompt.txt::00256,test.enc.prompt.txt::00256__row1028,Do you know,1.0,content_diversity,I am going to Florida next Saturday,I gots brand new girlfriend,I am making pasta for dinner,I have to work five hours of overtime next week,I wear my seatbelt in the front seat all the time,-0.038,0.953,-0.194,-0.636,-0.146,17.907162,0.727192,0.388148,6.950635,0.282258,42.473343,1.928456,0.000000,16.485959,0.748527
test.enc.prompt.txt::00256,test.enc.prompt.txt::00256__row1029,Do you know,0.0,content_diversity,It will be nice to enjoy the sunshine,The temperatures will be much warmer than Pittsburgh,Visiting my Mom will be nice,Meeting new friends will be nice,Going to restaurants for dinner will be fun.,-0.125,0.885,-0.231,-0.728,-0.333,41.433446,1.321232,0.317248,13.144676,0.419158,46.003198,0.716261,0.000000,14.594420,0.227232
test.enc.prompt.txt::00297,test.enc.prompt.txt::00297__row1030,Might as well,1.0,content_diversity,"eat lunch now, it's going to be a long car ride.","call a divorce attorney, I'm ready to admit defeat.","put my feet up, no one is showing up in this bad weather.",take out a loan as I can't even afford the down payment.,go to the store after work since I won't have time tomorrow.,-0.015,0.979,-0.169,-0.652,-0.178,15.476005,0.291643,0.492350,7.619614,0.143591,35.599398,0.651306,0.000000,17.527370,0.320670
test.enc.prompt.txt::00297,test.enc.prompt.txt::00297__row1031,Might as well,0.0,content_diversity,"call this party off and relax, all the roads are closed.","stop decorating and start eating, the storm just got upgraded to a blizzard.","stream a movie, try to stay warm and forget about this canceled party.",find a comfy chair and a good book while the wind howls outside.,watch some TV while everyone calls to saythat  they are snowed in,-0.033,0.955,-0.167,-0.682,-0.287,19.188983,0.249085,0.425584,8.166525,0.106006,78.308625,1.074195,0.000000,33.326901,0.457160
test.enc.prompt.txt::00334,test.enc.prompt.txt::00334__row1032,It wasn't me.,1.0,content_diversity,Don't ask me again.,I think I saw Bill working on it.,But I can introduce you to the author.,Who told you?,I don't work in that department.,-0.013,0.979,-0.178,-0.643,-0.195,6.656267,0.202505,0.460466,3.064987,0.093247,38.386665,1.109266,0.000000,17.675770,0.510780
test.enc.prompt.txt::00334,test.enc.prompt.txt::00334__row1033,It wasn't me.,0.0,content_diversity,I've never been there.,Pat usually takes care of that area.,We didn't have to work that day.,"My car wouldn't start, so I called in.",Our unit was deployed in another city.,-0.006,0.988,-0.286,-0.589,-0.133,0.232258,0.029889,0.444908,0.103334,0.013298,55.274067,0.884552,0.000000,24.591887,0.393544
test.enc.prompt.txt::00292,test.enc.prompt.txt::00292__row1034,Due north. At,1.0,content_diversity,the corner of Pine and Maple.,least we didn't have to go South and endure the sweltering heat.,3:00 tomorrow in the park by the swings.,the fork in the road take a left and travel another mile.,least an hour outside the city limits.,-0.052,0.951,-0.098,-0.613,-0.120,25.661067,0.521515,0.471814,12.107245,0.246058,76.961983,0.730051,0.000000,36.311724,0.344448
test.enc.prompt.txt::00292,test.enc.prompt.txt::00292__row1035,Due north. At,0.0,content_diversity,least we didn't sweat as much while on vacation.,best we stayed cool.,our busiest hour we were comfortable.,sunset the temperature was nice.,least I didn't get a heatstroke.,-0.016,0.973,-0.336,-0.708,-0.364,23.907638,0.816981,0.329169,7.869662,0.268925,41.603372,0.816248,0.000000,13.694556,0.268684
test.enc.prompt.txt::00313,test.enc.prompt.txt::00313__row1036,On what you,1.0,content_diversity,believe is important,set up in the hallway,told her to do,determined to be false,are currently creating,-0.005,0.989,-0.051,-0.580,-0.252,10.038749,0.753642,0.408772,4.103558,0.308068,29.351531,1.367672,0.000000,11.998080,0.559066
test.enc.prompt.txt::00313,test.enc.prompt.txt::00313__row1037,On what you,0.0,content_diversity,instructed her to do,suggested she do,instructed she follow,had her carry out,ordered her to execute,-0.045,0.718,-0.408,-0.799,-0.606,29.781432,1.628025,0.277890,8.275956,0.452412,21.681340,0.980827,0.000000,6.025023,0.272562
test.enc.prompt.txt::00277,test.enc.prompt.txt::00277__row1038,Maybe it was,1.0,content_diversity,the weather that had been getting me down.,his smile that made me first notice him.,the way she walked with so much confidence that intimidated people.,time for everyone to go their separate ways.,harder for some people to understand than others.,-0.019,0.967,-0.155,-0.579,-0.124,0.374801,-0.101061,0.593180,0.222324,-0.059947,32.086680,0.548852,0.000000,19.033168,0.325568
test.enc.prompt.txt::00277,test.enc.prompt.txt::00277__row1039,Maybe it was,0.0,content_diversity,the fact that it'd been raining for three weeks that was making me feel depressed.,how overwhelmingly bad the weather was that made my feelings tank.,how the weather kept us inside so often that was getting to my mood.,being indoors all day to avoid the weather that was making me feel sad.,how little fair weather we'd had recently had lately that was affecting my emotions.,-0.094,0.882,-0.356,-0.912,-0.472,24.794739,0.431792,0.473997,11.752637,0.204668,59.516325,0.760495,0.000000,28.210573,0.360472
test.enc.prompt.txt::00251,test.enc.prompt.txt::00251__row1040,"Right, Agent Cole",1.0,content_diversity,you scramble a task force immediately.,is never on time.,is on vacation in Tahiti.,always gets his man.,wouldn't tolerate this and neither will I.,-0.009,0.985,-0.133,-0.602,-0.146,-18.707453,-0.102033,0.379454,-7.098611,-0.038717,88.639168,1.456885,0.000000,33.634454,0.552820
test.enc.prompt.txt::00251,test.enc.prompt.txt::00251__row1041,"Right, Agent Cole",0.0,content_diversity,is always late.,never shows up to these on schedule.,isn't exactly punctual.,has a problem with timeliness.,is habitually later than expected.,-0.005,0.991,-0.239,-0.658,-0.467,8.946611,0.399567,0.345377,3.089949,0.138001,64.658023,1.165737,0.000000,22.331363,0.402618
test.enc.prompt.txt::00323,test.enc.prompt.txt::00323__row1042,The sign. It,1.0,content_diversity,I can see it clearly now.,I'm ignoring it.,Did you follow instructions?,I don't understand what it's trying to say.,Can they make that thing any smaller?,-0.008,0.986,-0.216,-0.589,-0.214,13.698998,0.748104,0.289715,3.968802,0.216737,55.527040,1.537067,0.000000,16.087006,0.445311
test.enc.prompt.txt::00323,test.enc.prompt.txt::00323__row1043,The sign. It,0.0,content_diversity,"No idea, friend.",What is that supposed to mean?,I'm not following.,I don't think I get it.,Is that supposed to be English?,-0.023,0.931,-0.140,-0.681,-0.442,31.820580,1.558020,0.248522,7.908113,0.387202,25.374384,2.212263,0.000000,6.306092,0.549796
test.enc.prompt.txt::00330,test.enc.prompt.txt::00330__row1044,Picked up Jill.,1.0,content_diversity,then I had to drop her off at her job.,and asked if she'd go out with me on a date.,after her kindergarten class to go get ice cream.,"after she had fallen off her horse, there was so much blood.","when she fell off the ladder, I was so happy she didn't break any bones.",-0.030,0.947,-0.173,-0.628,-0.150,13.263086,0.396138,0.468694,6.216323,0.185667,47.977037,0.336206,0.000000,22.486530,0.157577
test.enc.prompt.txt::00330,test.enc.prompt.txt::00330__row1045,Picked up Jill.,0.0,content_diversity,"but I had to take care, she was injured being thrown by an Equine.",and I was so happy she was still alive after being bucked off a horse.,"when she was so rudely tossed off the horse, she had a gash in her head.","but the horse and stepped on her hand after he threw her, she was bloody.","when the horse caused her nose to be bloodied, throwing her.",-0.063,0.912,-0.314,-0.845,-0.456,46.396600,0.582909,0.369221,17.130590,0.215222,52.688922,0.806167,0.000000,19.453846,0.297653
test.enc.prompt.txt::00264,test.enc.prompt.txt::00264__row1046,So what's up?,1.0,content_diversity,I heard you are moving.,I heard you are getting married.,I heard you got a new job.,I heard you got a new girlfriend.,I heard you graduated.,-0.332,0.604,-0.757,-0.838,-0.484,9.824258,0.299623,0.480134,4.716958,0.143859,12.067837,0.652983,0.000000,5.794175,0.313519
test.enc.prompt.txt::00264,test.enc.prompt.txt::00264__row1047,So what's up?,0.0,content_diversity,I heard you are dating someone new.,I heard you broke up with your own girlfriend and have someone new.,I heard you are seeing someone else.,I heard you got a new chick.,I heard you are seeing someone different.,-0.281,0.729,-0.688,-0.885,-0.652,24.348809,0.645851,0.467911,11.393077,0.302201,63.052978,0.952794,0.000000,29.503186,0.445823
test.enc.prompt.txt::00335,test.enc.prompt.txt::00335__row1048,And Elbourne and,1.0,content_diversity,Jones and Schrader went down to the sea together.,his wife were never seen again.,Molly knew that things would never be the same between them.,the dog looked each other in the eye knowingly.,the fisherman both shook their heads in disbelief.,-0.023,0.972,-0.268,-0.627,-0.087,-4.679032,-0.114629,0.502486,-2.351150,-0.057600,70.408404,1.230496,0.000000,35.379260,0.618307
test.enc.prompt.txt::00335,test.enc.prompt.txt::00335__row1049,And Elbourne and,0.0,content_diversity,his wife disappeared into the fog and never returned.,"the woman he married got into the car and drove off, never to be seen again.",his wife Tabitha boarded the airplane for their fateful flight into the unknown.,his faithful wife clasped their hands together and walked off into oblivion.,"his wife Jolene packed up their things and moved to Memphis, and were never seen around these parts again.",-0.072,0.918,-0.368,-0.720,-0.571,1.069618,0.119951,0.525691,0.562288,0.063057,89.352089,0.481016,0.000000,46.971545,0.252866
test.enc.prompt.txt::00318,test.enc.prompt.txt::00318__row1050,I heard he,1.0,content_diversity,was sick,was coming,is cooking dinner,was driving recklessly,has been looking for me,-0.026,0.973,-0.131,-0.599,-0.134,4.859072,0.429365,0.481122,2.337805,0.206577,26.726818,0.570917,0.000000,12.858852,0.274681
test.enc.prompt.txt::00318,test.enc.prompt.txt::00318__row1051,I heard he,0.0,content_diversity,got himself in danger,got a serious accident,was moving at a high speed,driving carelessly,not taking caution while driving,-0.015,0.971,-0.117,-0.670,-0.424,19.296254,1.048215,0.395446,7.630622,0.414512,34.575688,0.514988,0.000000,13.672809,0.203650
test.enc.prompt.txt::00305,test.enc.prompt.txt::00305__row1052,Why do they,1.0,content_diversity,How come their world is round?,Is it us or them that does that?,Did he/she commit the crime?,Did he/she omit the evidence?,How'd he/she know?,-0.027,0.961,-0.280,-0.687,-0.335,31.983887,0.975120,0.212860,6.808093,0.207564,49.505288,1.459442,0.000000,10.537700,0.310657
test.enc.prompt.txt::00305,test.enc.prompt.txt::00305__row1053,Why do they,0.0,content_diversity,Who did it?,Did she/he say who done it?,Did she/he tell you who did it?,Did you hear who did it?,Did you read about the person who broke the law?,-0.109,0.860,-0.407,-0.851,-0.653,34.165452,1.723160,0.203071,6.937997,0.349923,65.421350,1.221188,0.000000,13.285149,0.247987
test.enc.prompt.txt::00287,test.enc.prompt.txt::00287__row1054,We're dead in,1.0,content_diversity,Alaska.,the future.,the sense that we are incapable of feeling human emotion.,that photograph where we posed in coffins.,the minds of those who despise us.,-0.019,0.963,-0.297,-0.595,-0.133,8.025308,-0.368819,0.369081,2.961990,-0.136124,76.545674,4.336261,0.000000,28.251566,1.600432
test.enc.prompt.txt::00287,test.enc.prompt.txt::00287__row1055,We're dead in,0.0,content_diversity,the coming times.,down the line.,in the offing.,the forthcoming days.,our destiny.,-0.040,0.557,-0.370,-0.675,-0.389,10.425017,0.384394,0.237411,2.475017,0.091259,18.936053,2.505101,0.000000,4.495633,0.594739
test.enc.prompt.txt::00270,test.enc.prompt.txt::00270__row1056,No! I won't,1.0,content_diversity,"give up my voting rights, and neither should you.",take the dog for a walk.,clean up my room.,learn how to drive if you never let me steer.,play in the game until I get a new contract.,-0.018,0.968,-0.174,-0.624,-0.125,-17.451870,-0.044584,0.485769,-8.477580,-0.021657,78.152947,0.836875,0.000000,37.964289,0.406528
test.enc.prompt.txt::00270,test.enc.prompt.txt::00270__row1057,No! I won't,0.0,content_diversity,pick up the mess in my room.,clean up after myself.,do anything about the squalor in my bedroom.,lift a finger to clean this place.,mop the floor.,-0.027,0.950,-0.278,-0.744,-0.486,22.141571,0.397248,0.432002,9.565205,0.171612,35.824561,0.777577,0.000000,15.476286,0.335915
test.enc.prompt.txt::00312,test.enc.prompt.txt::00312__row1058,Fuck. Turn it,1.0,content_diversity,before it burns to the frying pan,before the children come home and see what your watching,before you hit the animal lying in the middle of the road,before the arrow hits your head,before it over heats an cause an explosion,-0.056,0.934,-0.193,-0.695,-0.314,29.637360,0.625311,0.411322,12.190512,0.257205,40.454716,0.589846,0.000000,16.639934,0.242617
test.enc.prompt.txt::00312,test.enc.prompt.txt::00312__row1059,Fuck. Turn it,0.0,content_diversity,its so annoying that it could exploed,or if your not carefull youll have a real problem on your hands,or you will die,since its starting to warm up heavily,before the oxygen bottle puts everyone in danger,-0.005,0.985,-0.048,-0.549,-0.248,5.872362,0.561775,0.332307,1.951426,0.186682,80.459170,1.414123,0.000000,26.737127,0.469922
test.enc.prompt.txt::00302,test.enc.prompt.txt::00302__row1060,No brag. Just,1.0,content_diversity,the honest to God truth.,wanted to let you know how I performed.,a little big of exaggeration perhaps!,"so that I don't offend him, he's so sensitive.",thought you might be interested in hearing about her achievement since you offered her so much help.,-0.011,0.969,-0.007,-0.558,-0.175,3.682827,0.567694,0.433476,1.596419,0.246082,95.383396,1.444235,0.000000,41.346450,0.626042
test.enc.prompt.txt::00302,test.enc.prompt.txt::00302__row1061,No brag. Just,0.0,content_diversity,wanted to let you know how she did since you contributed to her success.,figured you might wanna hear about her results since you helped her.,"thought you'd want to be up to date with her score, seeing that you were such a huge help.","crossed my mind that as a friend and mentor, you would want to be informed about her progress.","didn't want to leave you in the dark, since you were largely responsible for her success.",-0.085,0.907,-0.387,-0.897,-0.590,60.244968,0.719800,0.485422,29.244217,0.349407,67.080502,0.585419,0.000000,32.562334,0.284175
test.enc.prompt.txt::00266,test.enc.prompt.txt::00266__row1062,We know you've,1.0,content_diversity,been on the run from the law for the last 8 months.,snuck out your bedroom window every night this week to see your boyfriend.,had a hard time with your studies but we are proud of you.,been hiring illegal immigrants to work in your clothing factory.,been bringing cocaine into the U.S. when you return from overseas.,-0.022,0.963,-0.212,-0.633,-0.185,3.308301,0.062337,0.558036,1.846153,0.034786,44.414211,0.657962,0.000000,24.784747,0.367167
test.enc.prompt.txt::00266,test.enc.prompt.txt::00266__row1063,We know you've,0.0,content_diversity,hired workers in your clothing factory who illegally entered the United States.,been using illegal immigrants as employees in your clothing company.,participated in illegal hiring practices by hiring illegal aliens to work in your factory.,employed illegal aliens in your clothing factory.,illegally given jobs to people who are in the United States illegally.,-0.111,0.854,-0.461,-0.969,-0.604,42.322492,0.631814,0.544553,23.046851,0.344056,42.535987,0.436212,0.000000,23.163110,0.237541
test.enc.prompt.txt::00267,test.enc.prompt.txt::00267__row1064,Is that who,1.0,content_diversity,the people elected.,won the game last night.,went on the trip together.,lost their home during the flood.,got sick after eating Chinese food.,-0.026,0.976,-0.277,-0.543,-0.177,-4.864547,-0.183574,0.398782,-1.939894,-0.073206,30.939895,1.695391,0.000000,12.338275,0.676092
test.enc.prompt.txt::00267,test.enc.prompt.txt::00267__row1065,Is that who,0.0,content_diversity,had their house destroyed.,lost everything they own because of the flood.,had their property damaged due to flood water.,had their house destroyed during the flood.,lost everything during the flood.,-0.132,0.814,-0.580,-0.887,-0.562,39.688495,0.916665,0.406062,16.115979,0.372222,42.607752,0.930292,0.000000,17.301378,0.377756
test.enc.prompt.txt::00303,test.enc.prompt.txt::00303__row1066,"No, I mean",1.0,content_diversity,it's hard for others to understand,there's always two sides of a story,I prefer apple phones and not androids,Brooklyn is evolving quicker than Queens,Linux is way better than windows,-0.007,0.988,-0.122,-0.580,-0.159,28.134025,0.687242,0.440033,12.379908,0.302409,54.966427,1.114295,0.000000,24.187057,0.490327
test.enc.prompt.txt::00303,test.enc.prompt.txt::00303__row1067,"No, I mean",0.0,content_diversity,runs so much faster,linux can be completely customized to users preferences,no bloatware equals more storage,restrict data sharing and tracking,visuals are far superior,0.000,1.000,-0.119,-0.636,-0.197,33.597004,0.881720,0.345207,11.597922,0.304376,48.590229,0.778547,0.000000,16.773688,0.268760
test.enc.prompt.txt::00263,test.enc.prompt.txt::00263__row1068,Asthma attack...what 17-year,1.0,content_diversity,would forget his inhaler at home?,would do so much activity without stopping?,would do something that crazy to his parents?,would go in the open field around all of that pollen?,would drink coffee when advised by his doctor not to?,-0.040,0.956,-0.213,-0.713,-0.197,30.319082,0.709156,0.383838,11.637603,0.272201,72.863542,1.124992,0.000000,27.967766,0.431814
test.enc.prompt.txt::00263,test.enc.prompt.txt::00263__row1069,Asthma attack...what 17-year,0.0,content_diversity,would run five miles straight?,do all of those errands in such a short amount of time?,would dance all night until two in the morning?,would skip around the parking lots for hours?,would participate in the Iron Man competition?,-0.036,0.951,-0.263,-0.688,-0.161,27.889466,0.621753,0.365755,10.200715,0.227409,50.288567,0.620577,0.000000,18.393300,0.226979
test.enc.prompt.txt::00284,test.enc.prompt.txt::00284__row1070,"Now, Dave Old",1.0,content_diversity,"chap, let's go for a drink tomorrow",age is starting to get to him,is the guy from the theatre last week,isn't really that old.,is the swell guy,-0.022,0.952,-0.081,-0.663,-0.221,25.234612,0.493635,0.349444,8.818096,0.172498,48.066737,1.077941,0.000000,16.796656,0.376681
test.enc.prompt.txt::00284,test.enc.prompt.txt::00284__row1071,"Now, Dave Old",0.0,content_diversity,is really creeping up there in age,is starting to look frail and weak,is using a cane to walk,had surgery on his knees last year,has to take a lot of medication,-0.021,0.971,-0.117,-0.655,-0.253,31.219583,1.079321,0.398631,12.445082,0.430251,33.103879,0.754129,0.000000,13.196220,0.300619
test.enc.prompt.txt::00306,test.enc.prompt.txt::00306__row1072,"Some party, huh?",1.0,content_diversity,The girls are quite hot!,The drinks are free!,There are so many people here!,I love the music!,I love the decorations!,-0.055,0.910,-0.364,-0.668,-0.309,17.274727,0.854239,0.388452,6.710403,0.331831,37.570760,1.401544,0.000000,14.594440,0.544433
test.enc.prompt.txt::00306,test.enc.prompt.txt::00306__row1073,"Some party, huh?",0.0,content_diversity,There are very attractive women here!,Gorgeous women!,Smoking girls in that direction!,So much eye candy!,Very good looking girls!,0.000,1.000,-0.330,-0.757,-0.449,31.071917,1.255493,0.315147,9.792228,0.395665,50.887672,1.573946,0.000000,16.037107,0.496025
test.enc.prompt.txt::00265,test.enc.prompt.txt::00265__row1074,Something the matter,1.0,content_diversity,with you?,and I can't figure it out.,over there?,but it doesn't matter.,and nobody cares!,-0.009,0.976,-0.176,-0.603,-0.321,-1.320098,0.012250,0.422067,-0.557169,0.005170,36.282827,1.556649,0.000000,15.313770,0.657010
test.enc.prompt.txt::00265,test.enc.prompt.txt::00265__row1075,Something the matter,0.0,content_diversity,but it makes no difference.,and no one will help.,and it's pointless.,and I don't give a darn.,and people ignore it.,-0.036,0.957,-0.419,-0.705,-0.648,4.509397,0.261490,0.332356,1.498727,0.086908,15.741317,0.759084,0.000000,5.231727,0.252286
test.enc.prompt.txt::00327,test.enc.prompt.txt::00327__row1076,"Listen, it's no",1.0,content_diversity,cookies until after you finish your lunch,good to dwell on the past,"problem, I'm glad to do it",big deal if you can't make it,excuse for your behavior,-0.013,0.973,-0.127,-0.625,-0.166,14.653451,0.607990,0.554072,8.119073,0.336871,65.757511,1.222201,0.000000,36.434424,0.677188
test.enc.prompt.txt::00327,test.enc.prompt.txt::00327__row1077,"Listen, it's no",0.0,content_diversity,I've already found someone else to help out,I understand you're going through a tough time,most people aren't staying very long anyway,it's going to be so boring anyway,I know it's super expensive to come visit this time of year,-0.019,0.967,-0.176,-0.707,-0.266,21.921818,0.719724,0.424049,9.295932,0.305199,60.117491,0.731363,0.000000,25.492781,0.310134
test.enc.prompt.txt::00304,test.enc.prompt.txt::00304__row1078,Those are the,1.0,content_diversity,cars with the new technology,ideas of a kid,easiest ways to complete your homework,worst way to pass away,ways to make purchases online,-0.019,0.966,-0.173,-0.613,-0.074,9.346899,0.388909,0.374625,3.501581,0.145695,18.150988,1.907496,0.000000,6.799812,0.714596
test.enc.prompt.txt::00304,test.enc.prompt.txt::00304__row1079,Those are the,0.0,content_diversity,go to the website to complete your purchase and enter your credit card numbers,tell the person you are send money via western union,meet someone online with produce and agree to met in person to pay cash,be old school and just use a check online by entering account and routing numbers,Use paypal since it protects you,-0.019,0.959,-0.008,-0.739,-0.273,77.832975,1.023265,0.330636,25.734354,0.338328,91.216410,0.937077,0.000000,30.159395,0.309831
test.enc.prompt.txt::00322,test.enc.prompt.txt::00322__row1080,"Whitehouse. Next time,",1.0,content_diversity,"plan on doing the right thing, and control your employees.","they will decide on the appropriate action, which will benefit the country.",the administration will have no choice but to go along with the demands.,I don't believe he will be as successful in his reign.,hopefully a more unique name will be used for such an iconic structure.,-0.030,0.962,-0.202,-0.621,-0.273,-13.828902,-0.189086,0.511828,-7.078022,-0.096780,49.244596,0.737160,0.000000,25.204773,0.377299
test.enc.prompt.txt::00322,test.enc.prompt.txt::00322__row1081,"Whitehouse. Next time,",0.0,content_diversity,perhaps more of the public can be involved on what to call it.,I would imagine a more colorful description would be used.,"if there ever is a new President residence needed, we will be more adventurous.","when we need a future government office named, we should stay away from bland colors.",I don't think the public will be as open to such a boring name.,-0.035,0.945,-0.239,-0.774,-0.238,46.500537,0.558873,0.438460,20.388604,0.245043,92.499650,0.656553,0.000000,40.557355,0.287872
test.enc.prompt.txt::00269,test.enc.prompt.txt::00269__row1082,How was the,1.0,content_diversity,meal? I spent all day in the kitchen preparing it.,"play, Mrs. Lincoln?",murder case solved?,surprise party for your mother-in-law? Did she hate it?,audition? Do you think you'll get the part?,-0.002,0.994,-0.180,-0.678,-0.149,21.554811,0.934305,0.406330,8.758359,0.379636,40.225262,2.281604,0.000000,16.344717,0.927084
test.enc.prompt.txt::00269,test.enc.prompt.txt::00269__row1083,How was the,0.0,content_diversity,dinner? We worked so hard on it/,"seven course meal, a lot of time was spent creating it.","special menu I put together, it took a lot of time.",food tonight? I was busy the whole day with it.,entree? It took me forever to prepare.,-0.032,0.929,-0.343,-0.871,-0.631,55.113375,1.096938,0.319511,17.609323,0.350484,37.990468,0.906385,0.000000,12.138368,0.289600
test.enc.prompt.txt::00339,test.enc.prompt.txt::00339__row1084,I know... But,1.0,content_diversity,my daughter thinks I should stay home and read.,there is a lot of snow out there!,my dog has to be walked first.,I want to bake a cake for the party.,my job feels like it's dragging me down.,-0.015,0.976,-0.249,-0.594,-0.074,-8.390083,-0.054276,0.455795,-3.824161,-0.024739,33.041220,0.340361,0.000000,15.060034,0.155135
test.enc.prompt.txt::00339,test.enc.prompt.txt::00339__row1085,I know... But,0.0,content_diversity,this work place is truely not for me!,my work is not the best these days for what it's worth.,life would be better if I could change jobs now.,i'm going to look for a different job soon.,I don't wanna work there anymore. I have too many hours and so little pay.,-0.019,0.970,-0.239,-0.799,-0.440,8.450448,0.391991,0.423303,3.577103,0.165931,55.110754,1.118247,0.000000,23.328567,0.473358
test.enc.prompt.txt::00243,test.enc.prompt.txt::00243__row1086,"Dino Velvet... yeah,",1.0,content_diversity,the fastest filly on the track,I haven't thought about her since that trouble in high school,"Charlie told me about her, but I never believed him","we could name her that, but would that really be fair--she's just a little girl",but is that the best name you can come up with for the new album??,-0.022,0.961,-0.097,-0.596,-0.259,10.329595,0.178114,0.475336,4.910025,0.084664,69.846072,0.990810,0.000000,33.200331,0.470968
test.enc.prompt.txt::00243,test.enc.prompt.txt::00243__row1087,"Dino Velvet... yeah,",0.0,content_diversity,"she can run, but does she have the heart to win?","she's fast but small, so no one expects her to win","it's a crazy name for that little beauty, but it seems to suit her","she loves to run, and not all race horses really love it",I'm putting all my money on her,-0.029,0.956,-0.216,-0.714,-0.445,48.678058,0.740726,0.452160,22.010273,0.334927,88.680747,0.965997,0.000000,40.097890,0.436785
test.enc.prompt.txt::00242,test.enc.prompt.txt::00242__row1088,I don't mean,1.0,content_diversity,"to bother you, but what time is it?",anything at all to you!,what I say a lot of the time.,"to tell you what to do, but it would be better if you did it like this.",for this to go any further.,-0.031,0.950,-0.024,-0.679,-0.364,5.829734,0.098746,0.514008,2.996529,0.050756,20.863801,1.431061,0.000000,10.724157,0.735577
test.enc.prompt.txt::00242,test.enc.prompt.txt::00242__row1089,I don't mean,0.0,content_diversity,"to frighten you, I just wondered if you had the correct time?",to startle you but do you know the time?,"to bug you, I just wanted to ask you the time by your watch.",for you to worry - just wanted to find out the time.,"for you to get annoyed, I only wished to know the current time.",-0.112,0.869,-0.379,-0.925,-0.668,24.570077,0.482004,0.471078,11.574427,0.227061,30.853751,0.393651,0.000000,14.534529,0.185440
test.enc.prompt.txt::00254,test.enc.prompt.txt::00254__row1090,I've got what,1.0,content_diversity,some would call a drinking problem,was left over from dinner.,we bought at the store.,everybody wants.,"I think, is the solution.",-0.004,0.991,-0.248,-0.588,-0.182,-3.575658,-0.007234,0.469175,-1.677610,-0.003394,34.245709,1.188840,0.000000,16.067238,0.557774
test.enc.prompt.txt::00254,test.enc.prompt.txt::00254__row1091,I've got what,0.0,content_diversity,I can only hope fixes this.,they told me should work.,looks like fits in the spot.,normally helps in this situation.,has often been used for these problems.,-0.007,0.986,-0.210,-0.590,-0.423,12.301601,0.615265,0.375303,4.616832,0.230911,35.935919,0.936074,0.000000,13.486871,0.351312
test.enc.prompt.txt::00288,test.enc.prompt.txt::00288__row1092,It's possible I,1.0,content_diversity,missed the point.,am not the person you're looking for.,am incorrect.,went the wrong way.,will not go to town tomorrow.,-0.022,0.964,-0.223,-0.644,-0.455,-16.923499,-0.431843,0.479555,-8.115751,-0.207093,43.008227,1.366694,0.000000,20.624816,0.655405
test.enc.prompt.txt::00288,test.enc.prompt.txt::00288__row1093,It's possible I,0.0,content_diversity,misunderstood your question.,didn't follow your train of thought.,didn't understand what we were discussing.,couldn't understand what you were saying.,failed to keep up with the conversation and got lost.,-0.022,0.960,-0.289,-0.766,-0.656,3.637261,0.154718,0.605052,2.200731,0.093613,42.883230,0.550077,0.000000,25.946578,0.332825
test.enc.prompt.txt::00252,test.enc.prompt.txt::00252__row1094,It's very important,1.0,content_diversity,to brush your teeth before bedtime,for me to spend time with friends,to be on time for appontments,to exercise and eat healthy foods,to save the environment for future generations,-0.043,0.956,-0.136,-0.618,-0.211,10.629452,0.463434,0.603807,6.418135,0.279825,12.812994,0.717052,0.000000,7.736572,0.432961
test.enc.prompt.txt::00252,test.enc.prompt.txt::00252__row1095,It's very important,0.0,content_diversity,will keep the doctor away,will also keep up my mental health,will help me to lose weight,is part of my daily routine,is something every doctor recommends,-0.024,0.959,-0.224,-0.731,-0.242,33.961577,1.270628,0.339626,11.534233,0.431538,43.403880,0.920235,0.000000,14.741084,0.312536
test.enc.prompt.txt::00244,test.enc.prompt.txt::00244__row1096,I know if,1.0,content_diversity,"I did that, they would definitely come.","we cared more about it, more would be done.","he went there, he would feel pretty good.","we all put our best effort, the event would be successful","he did that, he would have told us all about it.",-0.045,0.924,-0.306,-0.753,-0.509,10.114855,0.254778,0.486668,4.922580,0.123992,27.979895,0.413671,0.000000,13.616929,0.201321
test.enc.prompt.txt::00244,test.enc.prompt.txt::00244__row1097,I know if,0.0,content_diversity,"we give our best shot, this even cannot fail.","we all try very hard, people will think this event is the best ever.","we worked hard, the event can be a big hit.","all of us bring our best, this thing will be a smashing success.","enough effort is put in, there's no way but up for this event.",-0.039,0.938,-0.356,-0.897,-0.654,16.436290,0.381271,0.417845,6.867830,0.159312,39.095590,0.590601,0.000000,16.335916,0.246780
test.enc.prompt.txt::00273,test.enc.prompt.txt::00273__row1098,Look...we're all tired.,1.0,content_diversity,let's rest.,let's find a place to relax.,let's go on a vacation.,let's keep working and finish this.,let's stop working now.,-0.056,0.948,-0.531,-0.915,-0.334,3.405897,0.061368,0.379191,1.291486,0.023270,25.375186,0.895107,0.000000,9.622047,0.339417
test.enc.prompt.txt::00273,test.enc.prompt.txt::00273__row1099,Look...we're all tired.,0.0,content_diversity,let's find a place to sit down.,let's find a place to rest our bodies.,let's sit down.,let's relax.,let's relax over there.,-0.132,0.734,-0.589,-0.925,-0.709,9.235418,0.625193,0.376719,3.479156,0.235522,30.127488,1.179066,0.000000,11.349591,0.444177
test.enc.prompt.txt::00285,test.enc.prompt.txt::00285__row1100,I don't hear,1.0,content_diversity,as well as I used to.,anything outside.,you coming up with any better ideas!,the baby crying.,my boss belittling anyone else!,0.000,0.991,-0.120,-0.576,-0.122,-6.332774,-0.251518,0.490306,-3.104997,-0.123321,67.845439,1.293695,0.000000,33.265031,0.634306
test.enc.prompt.txt::00285,test.enc.prompt.txt::00285__row1101,I don't hear,0.0,content_diversity,much at all without my hearing aid.,all that well in my old age.,higher tones as well as younger people.,as good as when I was a teenager.,well as I keep getting older.,-0.039,0.942,-0.191,-0.711,-0.289,-0.557356,-0.120543,0.464790,-0.259053,-0.056027,14.401211,0.741668,0.000000,6.693535,0.344720
test.enc.prompt.txt::00278,test.enc.prompt.txt::00278__row1102,They think I'm,1.0,content_diversity,a waste of time.,going to be the next big thing.,"introverted, but I'm really just quiet.",not worthy of a promotion.,most likely to get the job done.,-0.015,0.972,-0.237,-0.655,-0.223,-4.634233,-0.346501,0.502452,-2.328479,-0.174100,37.704562,0.786141,0.000000,18.944732,0.394998
test.enc.prompt.txt::00278,test.enc.prompt.txt::00278__row1103,They think I'm,0.0,content_diversity,not doing a good job.,too new to the company.,not confident enough in my business choices.,not learning skills fast enough.,not charismatic enough to be in management.,-0.036,0.952,-0.347,-0.774,-0.408,4.697738,0.086229,0.471169,2.213431,0.040628,33.975073,0.448371,0.000000,16.008016,0.211259
test.enc.prompt.txt::00314,test.enc.prompt.txt::00314__row1104,"Wade, you're done.",1.0,content_diversity,Don't come back here.,Why keep trying?,The police are on the way.,You've helped all you can.,Can you help your team finish theirs?,-0.003,0.992,-0.137,-0.691,-0.157,-18.862122,-0.451786,0.441889,-8.334969,-0.199640,50.894452,1.045809,0.000000,22.489712,0.462132
test.enc.prompt.txt::00314,test.enc.prompt.txt::00314__row1105,"Wade, you're done.",0.0,content_diversity,There's nothing more you can do.,It's not going to get any better.,We just have to wait and see now.,Now lets see what they think.,We appreciate all of you work.,-0.012,0.976,-0.149,-0.690,-0.269,0.032733,-0.034154,0.510742,0.016718,-0.017444,49.629015,1.809374,0.000000,25.347623,0.924123
test.enc.prompt.txt::00275,test.enc.prompt.txt::00275__row1106,You do good,1.0,content_diversity,from a personal perspective and I thought you should know.,in helping the children realize the potentials at a tender age.,in encouraging people to indulge in moral practices in society.,in protecting the environment by introducing the tree planting programme in schools.,through your policy initiatives that aim at curbing gun violence in the country.,-0.038,0.957,-0.251,-0.652,-0.220,-0.346221,0.050194,0.510169,-0.176631,0.025608,35.680645,0.705536,0.000000,18.203155,0.359942
test.enc.prompt.txt::00275,test.enc.prompt.txt::00275__row1107,You do good,0.0,content_diversity,by proposing complex procedures of obtaining a gun,through the policy that requires mental screening for those purchasing guns.,By proposing increase in gun prices to limit the number of people purchasing.,By proposing that children be taught about gun safety at a tender age.,By educating the public about gun ownership and safety preacutions.,-0.041,0.937,-0.374,-0.924,-0.424,43.201290,0.583548,0.411143,17.761915,0.239922,47.714990,0.556121,0.000000,19.617692,0.228645
test.enc.prompt.txt::00255,test.enc.prompt.txt::00255__row1108,I think about,1.0,content_diversity,her all the time,how often the cars go by.,where I would be if I'd quit.,which color I should paint the walls.,why I can't find one I like.,-0.024,0.968,-0.081,-0.618,-0.092,1.986596,-0.052051,0.450710,0.895379,-0.023460,36.713167,1.276693,0.000000,16.546992,0.575418
test.enc.prompt.txt::00255,test.enc.prompt.txt::00255__row1109,I think about,0.0,content_diversity,how I've never really enjoyed them.,what I would have looked for if I had more time.,how none of them seem to meet expectations.,the dissappointment I feel when shopping for them.,everyone I've ever found has a problem with it.,-0.020,0.967,-0.229,-0.730,-0.333,-5.902572,-0.112227,0.447274,-2.640068,-0.050196,66.867386,1.071347,0.000000,29.908051,0.479186
test.enc.prompt.txt::00329,test.enc.prompt.txt::00329__row1110,Lillian was here.,1.0,content_diversity,I found her condescending attitude quite annoying.,Her pleasing scent filled the room.,I could never mistake her playful laugh which sent my heart aflutter.,Her arrival meant I could finally clock out and go home.,I might have gotten caught cheating on her unless I got out quickly.,-0.029,0.959,-0.199,-0.688,-0.224,4.606891,0.128578,0.470665,2.168302,0.060517,81.495464,0.502409,0.000000,38.357045,0.236466
test.enc.prompt.txt::00329,test.enc.prompt.txt::00329__row1111,Lillian was here.,0.0,content_diversity,"My shift had ended, so she could step right in to replace me.","Now that she showed up, I could leave.",Her appearance coincided with me completing my tasks for the day.,She had been called in to take over for me.,My workday finished just as she entered.,-0.025,0.955,-0.276,-0.801,-0.606,31.677423,0.526731,0.441985,14.000937,0.232807,32.419025,0.526552,0.000000,14.328714,0.232728
test.enc.prompt.txt::00272,test.enc.prompt.txt::00272__row1112,What's that got,1.0,content_diversity,to do with this?,for me?,in it?,for free?,with it?,-0.027,0.750,-0.454,-0.772,-0.587,-0.976381,0.263685,0.218031,-0.212881,0.057492,19.131485,2.109686,0.000000,4.171259,0.459977
test.enc.prompt.txt::00272,test.enc.prompt.txt::00272__row1113,What's that got,0.0,content_diversity,with the part?,with the total?,with the scope of work?,with the ingredient list?,with the financial statement total?,-0.180,0.857,-0.484,-0.837,-0.412,2.692925,0.393841,0.275064,0.740727,0.108331,40.842428,0.879333,0.000000,11.234283,0.241873
test.enc.prompt.txt::00295,test.enc.prompt.txt::00295__row1114,Chub says you're,1.0,content_diversity,"pregnant, he can tell by the way you are carrying your body when you walk",trouble with the loan shark you borrowed money from last month,going to regret the day you disrespected him in that restaurant on New Years' Eve,one of the smartest people he has ever known,much better than the rest of your family and need to move away to make a good life for yourself,-0.028,0.966,-0.067,-0.590,-0.136,16.567704,0.359266,0.547541,9.071492,0.196713,77.426803,0.655575,0.000000,42.394326,0.358954
test.enc.prompt.txt::00295,test.enc.prompt.txt::00295__row1115,Chub says you're,0.0,content_diversity,in a people class by yourself in the brain catagory,"a soul that he has not experienced before, you must be a very old soul and extremely intelligent","going to do very well in school, work hard for those good grades",going to get scholarships to go to college because of your mental capacity,"not only a very beautiful human being, but very bright as well",-0.027,0.948,-0.065,-0.623,-0.262,29.840815,0.342814,0.463225,13.823011,0.158800,90.804302,1.706859,0.000000,42.062822,0.790660
test.enc.prompt.txt::00280,test.enc.prompt.txt::00280__row1116,Dan. And he's,1.0,content_diversity,my brother.,my best friend from school.,the new boss.,a genius like Einstein.,pretty big.,-0.006,0.988,-0.402,-0.589,-0.208,-5.618035,-0.833629,0.400773,-2.251556,-0.334096,30.394428,2.582039,0.000000,12.181260,1.034811
test.enc.prompt.txt::00280,test.enc.prompt.txt::00280__row1117,Dan. And he's,0.0,content_diversity,the person in charge since today.,is the CEO.,is the new manager.,is taking charge of the office.,the new guy who takes the calls here.,-0.084,0.915,-0.400,-0.756,-0.468,-0.348392,0.535994,0.309534,-0.107839,0.165909,55.784295,1.290659,0.000000,17.267146,0.399503
test.enc.prompt.txt::00241,test.enc.prompt.txt::00241__row1118,Where are your,1.0,content_diversity,"manners? Chewing with your mouth open is rude, don't you know?",skills and experiences taking you in life?,playing cards for the poker game? We need those!,meds? I'm taking Billy to school and can't have you skipping them.,listings for what you have for sale on craigslist?,-0.022,0.967,-0.015,-0.636,-0.092,24.096707,0.441894,0.459841,11.080659,0.203201,82.216408,1.004925,0.000000,37.806493,0.462106
test.enc.prompt.txt::00241,test.enc.prompt.txt::00241__row1119,Where are your,0.0,content_diversity,Fishing rods? I saw them on your craigslist ad.,Fishing tackles and bait? You had them on craigslist.,"two ink cartridges? You were selling them online, right?",Fish equipment? Still selling them?,Flyfishing rods? I was interested in purchasing them.,-0.035,0.939,-0.317,-0.866,-0.492,53.242510,1.113998,0.331944,17.673510,0.369784,40.257265,1.283414,0.000000,13.363141,0.426021
test.enc.prompt.txt::00262,test.enc.prompt.txt::00262__row1120,He's going after,1.0,content_diversity,the food stop him!,a girl and won't learn until he gets his heart broke.,"the people, I think he is crazy!",The recipe to make dinner.,"work, he will be there soon.",-0.012,0.982,-0.160,-0.601,-0.079,14.275587,0.331788,0.317484,4.532270,0.105337,51.765470,2.195344,0.000000,16.434707,0.696986
test.enc.prompt.txt::00262,test.enc.prompt.txt::00262__row1121,He's going after,0.0,content_diversity,"the turkey, we need it for dinner.",the food for dinner and needs stopped.,"the food I just made, please get him.",the potatoes and I need him stopped because we need them.,"the food we just made and everyone will be here soon, get him!",-0.074,0.898,-0.228,-0.823,-0.397,39.591293,1.071934,0.353037,13.977206,0.378433,58.916230,0.329474,0.000000,20.799631,0.116317
test.enc.prompt.txt::00249,test.enc.prompt.txt::00249__row1122,"I'm sorry, let",1.0,content_diversity,it go now.,this never be brought up again.,me make it up to you.,bygones be bygones.,us never meet again.,-0.020,0.945,-0.126,-0.642,-0.291,-4.297344,-0.447194,0.424921,-1.826031,-0.190022,26.361814,2.028693,0.000000,11.201685,0.862034
test.enc.prompt.txt::00249,test.enc.prompt.txt::00249__row1123,"I'm sorry, let",0.0,content_diversity,me help somehow.,me fix this.,me compensate you.,it bring us closer as I seek to remedy this.,yourself be rewarded by me,-0.039,0.967,-0.366,-0.738,-0.562,4.866184,0.042327,0.360565,1.754576,0.015262,78.143134,1.132130,0.000000,28.175681,0.408207
test.enc.prompt.txt::00325,test.enc.prompt.txt::00325__row1124,"Wade, I got",1.0,content_diversity,the test results.,"to tell ya, I like your style.",five more if you want one.,to the last level in the game.,a big problem with your attitude.,-0.013,0.972,-0.180,-0.604,-0.100,5.515538,0.251574,0.469018,2.586889,0.117993,32.001862,1.129008,0.000000,15.009465,0.529526
test.enc.prompt.txt::00325,test.enc.prompt.txt::00325__row1125,"Wade, I got",0.0,content_diversity,a few left from the last batch,some more in the back.,to order several more to keep up with the demand.,caught up with production and can send you a few.,"nothing left man, sorry.",-0.028,0.937,-0.199,-0.689,-0.216,33.437524,0.596121,0.404167,13.514356,0.240933,61.197258,1.222937,0.000000,24.733934,0.494271
test.enc.prompt.txt::00240,test.enc.prompt.txt::00240__row1126,Here's my number,1.0,content_diversity,dont lose it.,call me sometime,dont give it to anyone else,make sure and put it in your phone,you can delete my old number,-0.016,0.977,-0.192,-0.756,-0.206,13.875171,0.622069,0.368819,5.117425,0.229431,37.352956,1.773460,0.000000,13.776476,0.654086
test.enc.prompt.txt::00240,test.enc.prompt.txt::00240__row1127,Here's my number,0.0,content_diversity,add it to your phonebook,save it in your cell,dont forget to add me to your phone,remember to save it,call me after youve saved it so I have yours,-0.067,0.916,-0.178,-0.834,-0.328,17.547376,1.075698,0.328021,5.755913,0.352852,95.250736,1.518218,0.000000,31.244272,0.498008
test.enc.prompt.txt::00309,test.enc.prompt.txt::00309__row1128,What do you,1.0,content_diversity,think is happening here?,want to eat for dinner tonight?,say to going on holiday this year?,mean by that comment?,like about this house we are going to buy?,-0.013,0.973,-0.127,-0.697,-0.236,6.906216,0.402054,0.497107,3.433131,0.199864,47.957778,0.767129,0.000000,23.840165,0.381346
test.enc.prompt.txt::00309,test.enc.prompt.txt::00309__row1129,What do you,0.0,content_diversity,think about this for a potential house purchase?,want in a new house?,find interesting about this place?,value most when buying a house?,feel about us buying this place?,-0.048,0.924,-0.313,-0.834,-0.494,7.391906,0.305789,0.460222,3.401921,0.140731,39.477185,0.530409,0.000000,18.168287,0.244106
test.enc.prompt.txt::00286,test.enc.prompt.txt::00286__row1130,Skipper - could,1.0,content_diversity,you turn around?,we continue?,we stop here.,we go there?,we turn back?,-0.051,0.543,-0.424,-0.839,-0.414,8.260643,0.683861,0.272366,2.249916,0.186260,13.863831,1.222880,0.000000,3.776032,0.333071
test.enc.prompt.txt::00286,test.enc.prompt.txt::00286__row1131,Skipper - could,0.0,content_diversity,we head in that direction?,we head there?,we sail there?,we sail in that direction?,you take us in that direction?,-0.142,0.787,-0.575,-0.914,-0.693,17.585900,1.113294,0.318572,5.602379,0.354665,18.329314,1.029573,0.000000,5.839211,0.327994
test.enc.prompt.txt::00319,test.enc.prompt.txt::00319__row1132,"No, I just",1.0,content_diversity,do not like that brand of sneaker.,like to wear my hair in this style.,prefer to eat less meat.,have seen that movie before and do not want to see it again.,feel as though that purse is too expensive.,-0.024,0.960,-0.246,-0.600,-0.184,11.116008,0.424880,0.467565,5.197454,0.198659,29.888930,0.887131,0.000000,13.975010,0.414791
test.enc.prompt.txt::00319,test.enc.prompt.txt::00319__row1133,"No, I just",0.0,content_diversity,like eating more vegetables.,think that meat is counterproductive to my diet.,am trying to eat healthier.,"prefer seafood to chicken, fish, and turkey now.",would like to utilize alternative sources of protein.,-0.021,0.976,-0.337,-0.742,-0.422,5.801282,0.257081,0.423887,2.459090,0.108973,60.199494,0.700133,0.000000,25.517799,0.296777
test.enc.prompt.txt::00279,test.enc.prompt.txt::00279__row1134,"No, it's our",1.0,content_diversity,Teacher who provided us with the required information to ensure we perform well in the debate,belief and culture to ensure we strive for the collective good even at the expense of our personal gain.,Way of saying thank you,Duty to remember the fallen soldiers and say a word of prayer for them.,Fault he got stuck in the unexpected situation as we didn't  give him the support he desires to pull through,-0.043,0.940,-0.154,-0.607,-0.204,-23.721388,0.269890,0.461443,-10.946071,0.124539,172.896035,0.892461,0.000000,79.781681,0.411820
test.enc.prompt.txt::00279,test.enc.prompt.txt::00279__row1135,"No, it's our",0.0,content_diversity,legal obligation to remember enduring soldiers for the future generations,responsibility to commemorate their life stories and their life works,"commitment to never forget the memories and painful void they left behind with us,",calling to always remember them in our prayers everytime we engage in our religious activities,task to ensure the legacy of the fallen soldiers live forever,-0.028,0.946,-0.212,-0.845,-0.504,52.174099,0.582391,0.490888,25.611634,0.285889,67.675544,0.605408,0.000000,33.221106,0.297188
test.enc.prompt.txt::00257,test.enc.prompt.txt::00257__row1136,"No, sir, he",1.0,content_diversity,didn't use the elevator.,he was able to shut the door before the fire could spread.,had no idea that she was hiding in the car.,he gave the apartment key to Mr. del Franco.,he delivered the package before the explosion.,-0.057,0.942,-0.287,-0.651,-0.146,19.072387,0.345092,0.417278,7.958481,0.143999,71.166958,1.320190,0.000000,29.696382,0.550886
test.enc.prompt.txt::00257,test.enc.prompt.txt::00257__row1137,"No, sir, he",0.0,content_diversity,did not notice her opening the car door and getting into it unseen.,was talking with the other cashier when she slipped into the car.,that she had hidden under the blanket in the back seat.,did not know that she was staying out of sight before the driver spotted her in his car.,he had spoken with her briefly before she ducked away in the parking lot.,-0.065,0.920,-0.317,-0.756,-0.445,14.264552,0.273175,0.432644,6.171476,0.118188,59.677169,0.464478,0.000000,25.818980,0.200954
test.enc.prompt.txt::00332,test.enc.prompt.txt::00332__row1138,"Right's right, goddamnit!",1.0,content_diversity,And I am not changing my mind.,that is just the way it is.,And i do not want to hear differently.,And that is all I have to say about that.,Anything else is wrong.,-0.034,0.938,-0.222,-0.706,-0.380,22.512469,0.519450,0.485774,10.935969,0.252335,33.402249,0.992951,0.000000,16.225940,0.482350
test.enc.prompt.txt::00332,test.enc.prompt.txt::00332__row1139,"Right's right, goddamnit!",0.0,content_diversity,That is what I think.,I will never think otherwise.,And that is how I feel.,Do not waste your breath trying to change my mind.,And that is how I feel about that!,-0.109,0.813,-0.287,-0.779,-0.473,18.472865,0.656534,0.453605,8.379377,0.297807,37.788669,0.344401,0.000000,17.141115,0.156222
test.enc.prompt.txt::00331,test.enc.prompt.txt::00331__row1140,Don't think about,1.0,content_diversity,getting food until after you've finished reading this textbook chapter!,"your headache, and close your eyes so you fall asleep and feel better tomorrow/",sneaking out and getting in trouble again!,eating that fatty and sugary cheesecake when you're on a diet!,wearing your Patriots Jersey tomorrow!,-0.015,0.974,-0.087,-0.658,-0.103,12.108326,0.112512,0.456516,5.527643,0.051364,79.719652,0.805055,0.000000,36.393284,0.367520
test.enc.prompt.txt::00331,test.enc.prompt.txt::00331__row1141,Don't think about,0.0,content_diversity,diverging from your food plan!,straying from what your coach told you not to eat!,letting your body get out of shape again by eating that!,being a slob that eats junk food all day!,losing your healthy momentum!,-0.024,0.974,-0.206,-0.794,-0.386,29.356536,0.373881,0.364554,10.702054,0.136300,40.217341,0.491261,0.000000,14.661409,0.179091
test.enc.prompt.txt::00301,test.enc.prompt.txt::00301__row1142,Double A. New,1.0,content_diversity,batteries are easy to find.,teams are the worst.,baseball is boring to watch.,batteries are always too expensive.,baseball comes before the pro league.,-0.034,0.942,-0.335,-0.648,-0.181,11.275215,0.539547,0.393720,4.439277,0.212430,60.518566,1.686787,0.000000,23.827367,0.664122
test.enc.prompt.txt::00301,test.enc.prompt.txt::00301__row1143,Double A. New,0.0,content_diversity,batteries can be found anywhere.,batteries are in every store.,batteries can be acquired very easily.,batteries are in any place you look.,batteries are the easiest batteries to buy.,-0.099,0.873,-0.249,-0.956,-0.688,26.579723,0.793981,0.438871,11.665065,0.348455,26.900986,0.519583,0.000000,11.806058,0.228030
test.enc.prompt.txt::00282,test.enc.prompt.txt::00282__row1144,What did you,1.0,content_diversity,do to that horse?,expect when you jumped into that pile of garbage?,think about my proposal?,say to me?,mean by that?,-0.009,0.983,-0.251,-0.722,-0.304,6.306476,0.032747,0.406160,2.561436,0.013300,56.408360,1.003176,0.000000,22.910802,0.407450
test.enc.prompt.txt::00282,test.enc.prompt.txt::00282__row1145,What did you,0.0,content_diversity,think would happen when you jumped into that garbage pile?,want to find in the garbage pile that you jumped into?,plan on finding in that pile of garbage?,see in that pile of garbage that made you want to jump into it?,think you would find in that garbage pile?,-0.116,0.843,-0.469,-0.982,-0.747,46.040672,0.902956,0.465224,21.419208,0.420076,26.803735,0.470030,0.000000,12.469731,0.218669
test.enc.prompt.txt::00300,test.enc.prompt.txt::00300__row1146,I get it.,1.0,content_diversity,You are jealous of my life and want to be me.,I look great in this outfit and you want to borrow it for your big party tonight.,College is not for everyone and you shouldn't feel pressured to go.,Life is short and you need to make the most of it.,You are trying to be healthier.,-0.060,0.923,-0.254,-0.670,-0.238,11.287359,-0.176921,0.573092,6.468698,-0.101392,52.498518,1.102078,0.000000,30.086493,0.631592
test.enc.prompt.txt::00300,test.enc.prompt.txt::00300__row1147,I get it.,0.0,content_diversity,Moving to a vegetarian diet will help you lose weight.,Exercising is going to help get to your goal weight.,Eating less meat and more vegetables will lower your cholesterol.,Removing sweets from your diet will decrease your risk of getting diabetes.,Sleeping for at least eight hours will help you feel better overall.,-0.041,0.935,-0.350,-0.800,-0.445,5.306731,0.070861,0.547013,2.902853,0.038762,27.975532,0.733671,0.000000,15.302991,0.401328
test.enc.prompt.txt::00338,test.enc.prompt.txt::00338__row1148,"Mom, just this",1.0,content_diversity,one last time,and a few more,morning I saw a bird,if you don't mind,particular one interests me,-0.010,0.980,-0.072,-0.634,-0.285,8.774322,0.695270,0.467273,4.100003,0.324881,36.118238,0.663419,0.000000,16.877074,0.309998
test.enc.prompt.txt::00338,test.enc.prompt.txt::00338__row1149,"Mom, just this",0.0,content_diversity,if it suits you,if your interest is captured,if your mind is made up,if it is your final decision,if it is what you want,-0.113,0.863,-0.316,-0.846,-0.511,35.674265,1.462732,0.339084,12.096555,0.495988,32.073362,1.175941,0.000000,10.875548,0.398742
test.enc.prompt.txt::00315,test.enc.prompt.txt::00315__row1150,"Me and Jill,",1.0,content_diversity,are best friends.,took a walk in the park,went out with a few friends,can complete each others sentences,are twins,-0.016,0.973,-0.168,-0.607,-0.213,24.263732,0.594155,0.432489,10.493807,0.256966,31.195920,1.056860,0.000000,13.491905,0.457081
test.enc.prompt.txt::00315,test.enc.prompt.txt::00315__row1151,"Me and Jill,",0.0,content_diversity,think alike,know what the other one is thinking,are on the same wave length,truly understand each other,have very similar thoughts,-0.007,0.983,-0.152,-0.749,-0.545,24.546104,1.056735,0.429459,10.541543,0.453824,19.412028,0.562162,0.000000,8.336668,0.241426
test.enc.prompt.txt::00248,test.enc.prompt.txt::00248__row1152,"Totalled together, these",1.0,content_diversity,are all different from each other,are all the same.,seem to be useful.,aren't what I'm looking for.,don't make sense.,-0.013,0.970,-0.213,-0.720,-0.367,19.678552,0.879838,0.411484,8.097402,0.362039,33.738048,1.727193,0.000000,13.882654,0.710712
test.enc.prompt.txt::00248,test.enc.prompt.txt::00248__row1153,"Totalled together, these",0.0,content_diversity,are compatible.,look like the kind we're looking for.,are no different from each other.,are like two peas in a pod.,look like twins.,-0.036,0.950,-0.202,-0.702,-0.346,17.036447,0.421336,0.372456,6.345322,0.156929,56.035006,1.330811,0.000000,20.870557,0.495668
test.enc.prompt.txt::00260,test.enc.prompt.txt::00260__row1154,We'll figure it,1.0,content_diversity,out as we go.,up seperately then compare our answers.,out but I hope we can fast enough!,is just hopeless to even try.,up when we get back then split it between us.,-0.018,0.971,-0.065,-0.710,-0.242,16.338288,0.410188,0.427564,6.985660,0.175382,69.246661,1.615349,0.000000,29.607363,0.690665
test.enc.prompt.txt::00260,test.enc.prompt.txt::00260__row1155,We'll figure it,0.0,content_diversity,out along the way.,out as we get closer to the truth.,out if we try hard enough.,out together.,out one day I hope.,-0.052,0.952,-0.196,-0.898,-0.398,-9.108179,-0.649837,0.556665,-5.070209,-0.361742,39.929081,1.579369,0.000000,22.227140,0.879180
test.enc.prompt.txt::00271,test.enc.prompt.txt::00271__row1156,Did everyone call,1.0,content_diversity,I was not called.,I was called also.,we need everyone.,we need everyone to check in.,we need to make sure.,-0.091,0.854,-0.422,-0.709,-0.294,33.642722,1.661727,0.229500,7.721009,0.381367,18.861805,0.997591,0.000000,4.328787,0.228947
test.enc.prompt.txt::00271,test.enc.prompt.txt::00271__row1157,Did everyone call,0.0,content_diversity,we need to account for everyone.,we need to go headcount.,we need everyone to confirm.,we need call from everyone.,we need everyone to call in.,-0.207,0.773,-0.520,-0.907,-0.594,40.995582,1.505939,0.280920,11.516488,0.423049,34.684006,1.659799,0.000000,9.743439,0.466271
test.enc.prompt.txt::00268,test.enc.prompt.txt::00268__row1158,No you're not.,1.0,content_diversity,You are a special person with a great idea.,The train isnt here yet.,The movie is not over yet.,I think that you are amazing!,The team will never allow that.,-0.020,0.963,-0.211,-0.587,-0.194,-3.927035,0.047908,0.414805,-1.628954,0.019873,29.209784,1.115075,0.000000,12.116364,0.462539
test.enc.prompt.txt::00268,test.enc.prompt.txt::00268__row1159,No you're not.,0.0,content_diversity,You cant get on until it stops.,"The train will be here soon, relax.","I can hear the train coming, chill.",It is almost time for the train to arrive.,"Please, be patient and wait for the train.",-0.043,0.938,-0.262,-0.859,-0.470,24.246320,0.671191,0.389183,9.436248,0.261216,34.324982,1.383458,0.000000,13.358689,0.538418
test.enc.prompt.txt::00261,test.enc.prompt.txt::00261__row1160,I know. I,1.0,content_diversity,really want to go but I can't.,need to stop drinking and get my act together.,have horns growing out of my head.,owe the mob a lot of money and am in trouble.,have to pass the test in order to graduate.,-0.024,0.958,-0.207,-0.625,-0.159,4.231077,0.122285,0.516904,2.187062,0.063209,40.612811,0.859728,0.000000,20.992934,0.444397
test.enc.prompt.txt::00261,test.enc.prompt.txt::00261__row1161,I know. I,0.0,content_diversity,am dying to go but there's work to do here.,wish I could attend but am unable.,need to get work done here so I can't come.,can't come but I am sad that I'll miss it.,wish I had received the invite earlier but I can't go now because of other obligations.,-0.059,0.915,-0.287,-0.771,-0.516,13.011178,0.617950,0.424985,5.529555,0.262619,62.567255,0.544121,0.000000,26.590144,0.231243
test.enc.prompt.txt::00326,test.enc.prompt.txt::00326__row1162,You remember Margie,1.0,content_diversity,she cheated on you with your brother,she worked with me on that big business project,the one in the yellow dress,she's my cousin's friend's brother's hairstylist,our skydiving instructor,-0.008,0.974,-0.016,-0.606,-0.130,24.771376,0.512475,0.419514,10.391950,0.214991,48.184154,0.877640,0.000000,20.213949,0.368183
test.enc.prompt.txt::00326,test.enc.prompt.txt::00326__row1163,You remember Margie,0.0,content_diversity,she taught us to sky dive,she jumped the plane first to show us how it's done,she teaches skydiving for a living,she is a parachuting teacher,she showed us how to jump out of  plane,-0.053,0.934,-0.321,-0.802,-0.579,47.365432,1.409045,0.319690,15.142268,0.450458,35.337550,0.403482,0.000000,11.297071,0.128989
test.enc.prompt.txt::00283,test.enc.prompt.txt::00283__row1164,Wearing a uniform,1.0,content_diversity,this color looks bad on me.,my mom thinks it makes me look important.,i feel in charge now.,when i get home i take it off right away!,it makes my neighbors nervous.,-0.026,0.952,-0.289,-0.675,-0.230,24.022224,0.885813,0.295195,7.091247,0.261488,12.356207,1.361249,0.000000,3.647494,0.401834
test.enc.prompt.txt::00283,test.enc.prompt.txt::00283__row1165,Wearing a uniform,0.0,content_diversity,people look at me and they see my status.,"watch out everyone, here i come. obey the uni!",i'm here to be the boss of you now!,you had better do what is right when i'm around.,my friends like to do what i ask them to do when i wear this!,-0.023,0.941,-0.166,-0.683,-0.385,44.625232,1.226800,0.270748,12.082195,0.332154,70.217537,1.560206,0.000000,19.011262,0.422423
test.enc.prompt.txt::00296,test.enc.prompt.txt::00296__row1166,I plan to.,1.0,content_diversity,attend a family picinc.,call out of work today. I hate my boss.,go to church tomorrow.,stay in bed all day.,go out to dinner.,-0.013,0.977,-0.275,-0.670,-0.123,5.994119,0.175578,0.368167,2.206834,0.064642,79.270894,2.013219,0.000000,29.184898,0.741200
test.enc.prompt.txt::00296,test.enc.prompt.txt::00296__row1167,I plan to.,0.0,content_diversity,complain to my friends about my boss.,go to the park. Work has become so boring.,skip work. I missed too many project deadlines.,"go to a concert.  Hopefully, I won't see any of my colleagues there.",find another job.  I'm not having any fun there.,-0.019,0.960,-0.331,-0.740,-0.345,35.977698,0.707468,0.414803,14.923640,0.293459,46.115538,0.669574,0.000000,19.128841,0.277741
test.enc.prompt.txt::00311,test.enc.prompt.txt::00311__row1168,Don't go playing,1.0,content_diversity,in the dirt before church,the drums at all hours of the night,me. I want this relationship to last.,the game without me,goalie when the coach wants you on offense.,-0.031,0.969,-0.141,-0.552,-0.113,3.625541,0.335955,0.478943,1.736427,0.160903,62.273219,0.863919,0.000000,29.825307,0.413768
test.enc.prompt.txt::00311,test.enc.prompt.txt::00311__row1169,Don't go playing,0.0,content_diversity,euchre sans your amazing partner,trivial pursuit minus the best player,basketball on your own,the duet solo,soccer in the abscence of me,-0.017,0.975,-0.044,-0.571,-0.200,13.128325,0.591551,0.330509,4.339027,0.195513,43.745671,2.194209,0.000000,14.458329,0.725206
test.enc.prompt.txt::00281,test.enc.prompt.txt::00281__row1170,I should have,1.0,content_diversity,been more careful about where my dog pooped.,eaten breakfast because now it's nearly lunchtime and I'm hunry and I hate to eat lunch this early,had a second child,thrown out that piece of meat that looked like it was on the verge,gone to better earlier,-0.002,0.988,0.007,-0.582,-0.094,8.467652,-0.055630,0.449030,3.802227,-0.024980,119.546466,1.661376,0.000000,53.679907,0.746007
test.enc.prompt.txt::00281,test.enc.prompt.txt::00281__row1171,I should have,0.0,content_diversity,not let my son be an only child,not waited so long to think about m y son being an only child,considered the benefits to my son of having a sibling,not waited so long to consider my son growing up as an only child,started having children when I was younger,-0.090,0.847,-0.313,-0.903,-0.487,54.823506,0.921003,0.471480,25.848167,0.434234,33.372191,0.378491,0.000000,15.734309,0.178451
test.enc.prompt.txt::00246,test.enc.prompt.txt::00246__row1172,Mister Welles. You're,1.0,content_diversity,fired.,the first person to say that to me in a long time.,such a great friend.,looking really sexy today.,out of your element.,-0.003,0.984,-0.286,-0.580,-0.162,0.139715,-0.396514,0.446206,0.062342,-0.176927,30.062640,3.078515,0.000000,13.414133,1.373652
test.enc.prompt.txt::00246,test.enc.prompt.txt::00246__row1173,Mister Welles. You're,0.0,content_diversity,very important to me.,the best friend I could ever hope for.,one of the nicest people I've ever met.,my favorite person in the world.,a gentleman and a scholar.,-0.011,0.974,-0.328,-0.680,-0.447,3.628245,-0.038494,0.614937,2.231141,-0.023671,14.066508,0.668202,0.000000,8.650014,0.410902
test.enc.prompt.txt::00320,test.enc.prompt.txt::00320__row1174,What on earth,1.0,content_diversity,is cuasing traffic to move so slowly?,is my boss thinking?,will it take to make my dog stop barking?,does that billboard mean?,does it take to make my mother in law happy?,-0.056,0.859,-0.178,-0.681,-0.199,0.720405,0.167694,0.442192,0.318557,0.074153,64.549290,1.348506,0.000000,28.543194,0.596299
test.enc.prompt.txt::00320,test.enc.prompt.txt::00320__row1175,What on earth,0.0,content_diversity,makes my boss think making me come in on a Saturday is okay?,is going through my boss' head making me come in on my day off?,is going on with my job?,makes my boss think it's okay to make me work overtime?,makes my boss think it's okay to schedule me on a Saturday?,-0.163,0.745,-0.467,-0.916,-0.624,34.286080,0.799113,0.484821,16.622603,0.387427,36.852887,0.844487,0.000000,17.867044,0.409425
test.enc.prompt.txt::00336,test.enc.prompt.txt::00336__row1176,Then you accidentally,1.0,content_diversity,found a dead body in the woods.,became pregnant with twins.,fell off the table.,drove a car into a swimming pool.,got swept along by the crowd.,-0.016,0.971,-0.274,-0.581,-0.088,-15.102609,-0.383674,0.483977,-7.309312,-0.185689,28.480318,1.107323,0.000000,13.783812,0.535919
test.enc.prompt.txt::00336,test.enc.prompt.txt::00336__row1177,Then you accidentally,0.0,content_diversity,lost your balance and took a tumble,tripped over your own feet and went splat.,felt the platform wobble and down you went.,went head over heels off the edge.,toppled off of the platform.,-0.041,0.936,-0.136,-0.796,-0.576,26.538423,0.564912,0.452595,12.011160,0.255676,39.584967,0.896166,0.000000,17.915962,0.405600
test.enc.prompt.txt::00317,test.enc.prompt.txt::00317__row1178,You don't mean,1.0,content_diversity,what I think you mean.,there is a ghost chasing us.,to tell me the moon is actually made of cheese.,it! That hurts my feelings.,I should just quit my job.,-0.010,0.981,-0.149,-0.552,-0.111,6.688577,-0.017744,0.463926,3.103007,-0.008232,38.221688,1.271493,0.000000,17.732050,0.589879
test.enc.prompt.txt::00317,test.enc.prompt.txt::00317__row1179,You don't mean,0.0,content_diversity,I should just leave my work for good.,I have to quit working at my company.,that I should turn in my two weeks notice.,my job is finished.,that I should leave my employer.,-0.079,0.902,-0.427,-0.820,-0.655,24.713740,0.721620,0.415356,10.265012,0.299730,23.595797,1.194016,0.000000,9.800667,0.495942
test.enc.prompt.txt::00307,test.enc.prompt.txt::00307__row1180,That's all you,1.0,content_diversity,get in life.,are able to do.,think about.,can say to me.,can carry.,-0.012,0.773,-0.298,-0.699,-0.454,-9.587015,-0.969238,0.391897,-3.757119,-0.379841,10.096836,1.200881,0.000000,3.956916,0.470621
test.enc.prompt.txt::00307,test.enc.prompt.txt::00307__row1181,That's all you,0.0,content_diversity,can expect for a quarter.,can achieve with out an education.,can find without looking.,can accomplish without luck.,are entitled to.,-0.031,0.964,-0.259,-0.699,-0.287,3.895399,-0.226108,0.426755,1.662382,-0.096493,29.358436,0.972174,0.000000,12.528866,0.414880
test.enc.prompt.txt::00298,test.enc.prompt.txt::00298__row1182,Maybe I can,1.0,content_diversity,drop you at your home.,have your phone number,get some water,take your pen,have some change,-0.028,0.956,-0.105,-0.664,-0.174,9.116118,0.677833,0.377827,3.444319,0.256104,36.768661,1.745413,0.000000,13.892207,0.659465
test.enc.prompt.txt::00298,test.enc.prompt.txt::00298__row1183,Maybe I can,0.0,content_diversity,use your things,join you on your trip,get my pen back,get in to your car,get some coffee,-0.030,0.960,-0.112,-0.663,-0.169,16.754575,0.957395,0.317207,5.314665,0.303692,18.820045,1.112059,0.000000,5.969846,0.352753
test.enc.prompt.txt::00308,test.enc.prompt.txt::00308__row1184,How about a,1.0,content_diversity,long walk on the beach?,game of basketball?,way to make some extra money?,chance to prove myself?,new set of clothes?,-0.010,0.982,-0.259,-0.698,-0.164,2.288415,-0.095701,0.482746,1.104724,-0.046200,16.869497,0.722200,0.000000,8.143690,0.348640
test.enc.prompt.txt::00308,test.enc.prompt.txt::00308__row1185,How about a,0.0,content_diversity,chance to prove that I'm better than you?,chance to show just how skilled I am?,chance to show you how much language skills have improved?,chance to show you how much I've learned during my time away?,chance to show you how much stronger I've become?,-0.222,0.741,-0.554,-0.947,-0.410,40.220825,0.744278,0.473449,19.042493,0.352377,35.229430,0.700156,0.000000,16.679324,0.331488
test.enc.prompt.txt::00299,test.enc.prompt.txt::00299__row1186,Done much shooting,1.0,content_diversity,on the firing range,while out with your buddies,during your lifetime,over at the Sportsman's Club,when getting ready for hunting season,-0.010,0.983,-0.149,-0.586,-0.278,9.625370,0.560919,0.513119,4.938962,0.287818,35.525436,1.020067,0.000000,18.228783,0.523416
test.enc.prompt.txt::00299,test.enc.prompt.txt::00299__row1187,Done much shooting,0.0,content_diversity,when you go hunting with your friends,when target practicing with your mates,down at the firing range with your friends,when you get together with your Army buddies,with your friends growing up on a farm,-0.128,0.871,-0.416,-0.748,-0.447,23.967602,0.563913,0.476134,11.411796,0.268498,45.993536,1.185258,0.000000,21.899098,0.564342
test.enc.prompt.txt::00276,test.enc.prompt.txt::00276__row1188,My dad's got,1.0,content_diversity,a lot of land,prostate cancer,a high school reunion coming up.,a couple of short haired terriors.,a problem with alcohol.,-0.029,0.964,-0.194,-0.600,-0.054,4.466637,0.080279,0.499337,2.230358,0.040086,70.696961,1.469976,0.000000,35.301623,0.734014
test.enc.prompt.txt::00276,test.enc.prompt.txt::00276__row1189,My dad's got,0.0,content_diversity,a dog kennel,penchant for training dogs.,a phobia of cats.,a farm with all kinds of animals.,really smart labradors.,-0.018,0.971,-0.305,-0.730,-0.281,-0.896519,0.039645,0.390228,-0.349846,0.015470,43.280813,1.433177,0.000000,16.889366,0.559265
test.enc.prompt.txt::00274,test.enc.prompt.txt::00274__row1190,You think that's,1.0,content_diversity,how it should be handled.,the right course of study for you.,how your boss expects you to act when on a business trip.,the only way to make a pizza.,enough to make me happy.,-0.025,0.955,-0.240,-0.609,-0.152,10.250097,-0.123967,0.473626,4.854709,-0.058714,40.869143,0.576133,0.000000,19.356676,0.272871
test.enc.prompt.txt::00274,test.enc.prompt.txt::00274__row1191,You think that's,0.0,content_diversity,going to satisfy me.,all I want in a relationship.,not hurtful when you don't call.,okay to forget my birthday.,a date that I should have been happy with.,-0.010,0.980,-0.253,-0.602,-0.271,2.592293,0.253249,0.396834,1.028709,0.100498,59.103440,0.888463,0.000000,23.454233,0.352572
test.enc.prompt.txt::00310,test.enc.prompt.txt::00310__row1192,You can't have,1.0,content_diversity,your cake and eat it too.,all of it.  I get some!,everything your own way all the time.,too much of a good thing.,my car keys.  You're too drunk.,-0.023,0.961,-0.085,-0.669,-0.164,6.789618,0.317521,0.459361,3.118889,0.145857,75.699311,2.970876,0.000000,34.773348,1.364706
test.enc.prompt.txt::00310,test.enc.prompt.txt::00310__row1193,You can't have,0.0,content_diversity,things just how you want them always.,me constantly do it your way.,what you want how you want it every time.,me giving in to your wishes every day.,the world cater to your every whim forever.,-0.047,0.905,-0.293,-0.790,-0.690,17.776858,0.516806,0.440544,7.831482,0.227676,24.340800,1.139304,0.000000,10.723185,0.501913
test.enc.prompt.txt::00293,test.enc.prompt.txt::00293__row1194,"Well, you look...",1.0,content_diversity,like you had a good time,way too tired to be here.,silly in those pants.,in the mirror some time.,happier than normal,-0.008,0.983,-0.072,-0.630,-0.234,6.656774,0.249097,0.444778,2.960789,0.110793,39.475427,1.539812,0.000000,17.557816,0.684875
test.enc.prompt.txt::00293,test.enc.prompt.txt::00293__row1195,"Well, you look...",0.0,content_diversity,like you're dressed inappropriately.,like you should probably change those.,dressed to work at the circus.,like you may have bought the wrong size.,funny wearing your little brothers shorts.,-0.024,0.959,-0.228,-0.683,-0.216,-4.803683,0.048085,0.428088,-2.056400,0.020585,65.287958,1.540681,0.000000,27.949000,0.659547
test.enc.prompt.txt::00253,test.enc.prompt.txt::00253__row1196,"September 4th, 1993.",1.0,content_diversity,I'll never forget the day I graduated high school,The day I stepped off the plane.,My first day on the job as a teacher.,My very first patrol.,The day our mission launched.,-0.043,0.933,-0.386,-0.725,-0.432,3.224125,0.080769,0.487468,1.571658,0.039372,19.946865,1.743438,0.000000,9.723462,0.849870
test.enc.prompt.txt::00253,test.enc.prompt.txt::00253__row1197,"September 4th, 1993.",0.0,content_diversity,The day we left Earth.,"Finally, the day we take off.",Launch day is finally upon us.,"After all the preparations, we are ready for launch.","All of our training has lead us to this moment, the true beginning of our mission.",-0.032,0.946,-0.291,-0.883,-0.406,2.493762,0.541737,0.446280,1.112917,0.241767,90.796324,0.721280,0.000000,40.520623,0.321893
test.enc.prompt.txt::00259,test.enc.prompt.txt::00259__row1198,Don't you think,1.0,content_diversity,you can bring more to the project?,that Spring is the best season out of them all?,you could move to another state to have better health?,he is rushing into things too fast?,that they watch too much TV everyday?,-0.017,0.966,-0.226,-0.659,-0.185,8.822169,0.010080,0.475987,4.199236,0.004798,35.064233,0.236775,0.000000,16.690114,0.112702
test.enc.prompt.txt::00259,test.enc.prompt.txt::00259__row1199,Don't you think,0.0,content_diversity,there is so much life that awakens when Spring arrives?,Spring is truely a time when the cold disappears in a good way?,that the season starting in March is better than them all?,the flowers start to grow wonderfully in the month of Spring?,Easter is worth the wait when Spring finally gets here?,-0.045,0.941,-0.247,-0.869,-0.479,24.709381,0.380777,0.428450,10.586725,0.163144,49.090441,0.640822,0.000000,21.032780,0.274560
test.enc.prompt.txt::01790,test.enc.prompt.txt::01790__row1200,This fucking job's,1.0,content_diversity,not worth it.,going to be available soon.,the best one I ever had.,going to fund my kid's college.,a pain in the ass.,-0.015,0.966,-0.245,-0.626,-0.203,2.455755,-0.199987,0.515423,1.265751,-0.103078,42.732912,0.733927,0.000000,22.025511,0.378283
test.enc.prompt.txt::01790,test.enc.prompt.txt::01790__row1201,This fucking job's,0.0,content_diversity,at the top of my list.,phenomenal.,my favorite one.,the absolute best.,the greatest of all.,-0.023,0.953,-0.387,-0.725,-0.623,10.488766,0.763366,0.381803,4.004647,0.291456,8.438411,1.344690,0.000000,3.221814,0.513407
test.enc.prompt.txt::01791,test.enc.prompt.txt::01791__row1202,"Well, that's my",1.0,content_diversity,choice,laptop and I do what i want,new car,perfume,bottle of watter,0.000,1.000,-0.201,-0.639,-0.154,4.670565,0.796845,0.268612,1.254570,0.214042,53.928008,1.001094,0.000000,14.485715,0.268906
test.enc.prompt.txt::01791,test.enc.prompt.txt::01791__row1203,"Well, that's my",0.0,content_diversity,car I bought two days ago,new ride,car I recently bought,newest model of a car,car I bought yesterday,-0.081,0.878,-0.293,-0.855,-0.566,30.704015,1.698290,0.329206,10.107943,0.559087,29.565262,2.927419,0.000000,9.733059,0.963724
test.enc.prompt.txt::01792,test.enc.prompt.txt::01792__row1204,I don't give,1.0,content_diversity,a rodent's behind about your feelings.,"too much weight to what she says, she lies a lot.",up that easily.,"guys the chance to dump me, I shoot first.","much to charity, I'm ashamed to admit.",-0.014,0.967,-0.144,-0.612,-0.154,-16.134666,-0.253442,0.500900,-8.081850,-0.126949,52.751494,0.626384,0.000000,26.423210,0.313755
test.enc.prompt.txt::01792,test.enc.prompt.txt::01792__row1205,I don't give,0.0,content_diversity,the haters anything to rejoice over that fast.,Satan such an easy win.,the defeatist in me the chance to blossom,the universe any doubt about my strength.,myself the slightest option to be a quitter.,-0.029,0.967,-0.088,-0.654,-0.316,15.644223,0.485221,0.372503,5.827520,0.180746,49.987458,1.344615,0.000000,18.620477,0.500873
test.enc.prompt.txt::01793,test.enc.prompt.txt::01793__row1206,Without hope there's,1.0,content_diversity,no future.,no reason to get up in the morning.,no happiness.,only despair.,an endless void of depression.,-0.020,0.979,-0.399,-0.729,-0.530,-18.738013,-0.769123,0.612081,-11.469174,-0.470765,44.306587,1.039672,0.000000,27.119200,0.636363
test.enc.prompt.txt::01793,test.enc.prompt.txt::01793__row1207,Without hope there's,0.0,content_diversity,no joy.,no pleasure.,no cheerfulness.,no aspirations.,no merriment.,-0.100,0.320,-0.603,-0.815,-0.749,-9.270067,-0.978363,0.405965,-3.763323,-0.397181,22.663156,1.118810,0.000000,9.200448,0.454198
test.enc.prompt.txt::01794,test.enc.prompt.txt::01794__row1208,"Yes, I know",1.0,content_diversity,I should've know better,he is the best,she will never like me back,it can't be fixed,i will try harder,-0.004,0.991,-0.177,-0.638,-0.268,13.265877,0.555812,0.357765,4.746071,0.198850,23.293964,1.430397,0.000000,8.333772,0.511746
test.enc.prompt.txt::01794,test.enc.prompt.txt::01794__row1209,"Yes, I know",0.0,content_diversity,I can't go back,I can't return the time,I can't turn back the time,I could've reacted better,I didn't have to do it,-0.084,0.898,-0.363,-0.738,-0.371,22.309042,0.962885,0.386239,8.616626,0.371904,34.679134,1.149449,0.000000,13.394440,0.443962
test.enc.prompt.txt::01795,test.enc.prompt.txt::01795__row1210,I'm not married.,1.0,content_diversity,I used to be but it didn't work out.,"But even if I were, it wouldn't stop me.",Why do you ask?,I sure would like to be though.,Are you asking?,-0.023,0.955,-0.056,-0.643,-0.312,-2.320592,-0.141613,0.496032,-1.151089,-0.070245,33.089814,1.385305,0.000000,16.413613,0.687156
test.enc.prompt.txt::01795,test.enc.prompt.txt::01795__row1211,I'm not married.,0.0,content_diversity,I've been married but it didn't take.,I was but we got divorced.,I got divorced last year.,"I was married once, but I'm not now.","I was married several times, but I got divorced.",-0.106,0.858,-0.499,-0.917,-0.606,-10.241924,-0.108960,0.578741,-5.927422,-0.063059,24.427990,0.771837,0.000000,14.137480,0.446694
test.enc.prompt.txt::01796,test.enc.prompt.txt::01796__row1212,Toss you for,1.0,content_diversity,who goes first.,who gets the blonde and who gets the fat one.,who drives?,"who goes over the top first, it's only fair.",who goes and checks it out? It could be dangerous.,-0.073,0.899,-0.203,-0.721,-0.204,7.761778,0.928686,0.326313,2.532767,0.303042,74.280446,1.495960,0.000000,24.238654,0.488151
test.enc.prompt.txt::01796,test.enc.prompt.txt::01796__row1213,Toss you for,0.0,content_diversity,who gets the brunette and who gets the blonde.,who gets the blonde and who gets the plumper one.,who gets the one on the short skirt and who gets the one in the longer one.,who gets the blonde with the glasses or the fat one.,who gets the larger on eand who gets the blonde.,-0.359,0.694,-0.539,-0.898,-0.585,36.178160,0.538984,0.389747,14.100316,0.210067,78.364145,1.497462,0.000000,30.542162,0.583631
test.enc.prompt.txt::01797,test.enc.prompt.txt::01797__row1214,"Jani, there's something",1.0,content_diversity,I need to tell you.,on your nose.,about you that I love.,going on in town today that I think you will like.,else that you do not know.,-0.044,0.939,-0.202,-0.704,-0.227,-4.565004,-0.200649,0.555838,-2.537404,-0.111528,55.491246,1.416403,0.000000,30.844153,0.787291
test.enc.prompt.txt::01797,test.enc.prompt.txt::01797__row1215,"Jani, there's something",0.0,content_diversity,that you need to hear from me.,I must inform you of.,I have to say to you.,that I must communicate to you.,I'm about to let you know.,-0.083,0.904,-0.414,-0.822,-0.618,1.639732,0.075337,0.545600,0.894638,0.041104,28.282201,1.077899,0.000000,15.430773,0.588102
test.enc.prompt.txt::01798,test.enc.prompt.txt::01798__row1216,Which side do,1.0,content_diversity,i go on?,you want?,we open up,you think is the best,looks best,-0.013,0.973,-0.137,-0.656,-0.417,-0.132232,-0.175890,0.299633,-0.039621,-0.052703,25.677806,3.923298,0.000000,7.693929,1.175551
test.enc.prompt.txt::01798,test.enc.prompt.txt::01798__row1217,Which side do,0.0,content_diversity,this 1 looks better,it just looks alot ncer,that one looks the best,"this 1 has to be the best 1, look at it",how awesome does this 1 look,-0.057,0.912,-0.213,-0.853,-0.487,55.689034,2.107688,0.181864,10.127819,0.383312,78.169111,2.983593,0.000000,14.216130,0.542607
test.enc.prompt.txt::01799,test.enc.prompt.txt::01799__row1218,I owe a,1.0,content_diversity,huge debt of gratitude to my former boss.,lot of money to some less than reputable characters.,"phone call to that guy, don't attract his attention.","little bit to the student loan people, but it's not excessive.",apology to everyone I work with for my bad behavior.,-0.026,0.974,-0.183,-0.666,-0.194,13.554165,0.233040,0.520361,7.053057,0.121265,74.409438,1.082142,0.000000,38.719759,0.563104
test.enc.prompt.txt::01799,test.enc.prompt.txt::01799__row1219,I owe a,0.0,content_diversity,stack of cash to some thugs and I'm pretty scared.,big chunk of change to some shady dudes downtown.,couple of low-level crooks for a loan I took out a while back.,a lot of money to that family still and they're getting impatient.,not insignificant amount of coin to some less than understanding guys.,-0.047,0.948,-0.251,-0.701,-0.341,13.658790,0.266575,0.438646,5.991371,0.116932,55.140142,0.506873,0.000000,24.186992,0.222338
test.enc.prompt.txt::01800,test.enc.prompt.txt::01800__row1220,My creditors. One,1.0,content_diversity,seems to have found oneself in a rather tight spot.,"is threatening to sue, I am not sure what to do.","day they will all be cleared, but that day is a very long way off.","by one they have tracked me down, I am so worried.","is even saying they will take my house, I am terrified.",-0.036,0.940,-0.211,-0.675,-0.348,12.611261,0.185457,0.497969,6.280014,0.092352,57.874025,1.115262,0.000000,28.819457,0.555366
test.enc.prompt.txt::01800,test.enc.prompt.txt::01800__row1221,My creditors. One,0.0,content_diversity,is even saying they will take me to court.,threatens legal action as soon as this month.,says they are going to start legal proceedings against me.,of them is going to take me to court.,has gone so far as to serve papers on me.,-0.065,0.898,-0.331,-0.805,-0.579,1.789314,-0.054087,0.561115,1.004011,-0.030349,34.205885,0.857991,0.000000,19.193439,0.481432
test.enc.prompt.txt::01801,test.enc.prompt.txt::01801__row1222,Just listen. You,1.0,content_diversity,take those book back,need to start learning,should probably go home,can go now,are one of the most stubborn people ever,-0.006,0.991,-0.168,-0.642,-0.189,-0.378347,0.636596,0.343651,-0.130019,0.218767,54.213742,2.568356,0.000000,18.630585,0.882617
test.enc.prompt.txt::01801,test.enc.prompt.txt::01801__row1223,Just listen. You,0.0,content_diversity,need to go home,should get back home,should head back,ought to go home,need to get back,-0.104,0.615,-0.547,-0.833,-0.657,32.617729,1.978392,0.346974,11.317495,0.686450,10.053450,0.517368,0.000000,3.488283,0.179513
test.enc.prompt.txt::01802,test.enc.prompt.txt::01802__row1224,You don't have,1.0,content_diversity,to be so mean.,to go to work tomorrow.,to drive drunk.,to answer the phone.,all the answers.,-0.046,0.947,-0.284,-0.640,-0.108,-9.518497,-0.600633,0.441056,-4.198186,-0.264913,11.220562,1.411129,0.000000,4.948891,0.622386
test.enc.prompt.txt::01802,test.enc.prompt.txt::01802__row1225,You don't have,0.0,content_diversity,the solution to everything.,to know it all.,the necessary knowledge.,a high enough IQ.,the thinking power.,-0.023,0.767,-0.291,-0.692,-0.445,-8.532546,-0.427268,0.422091,-3.601514,-0.180346,14.697778,1.200968,0.000000,6.203806,0.506918
test.enc.prompt.txt::01803,test.enc.prompt.txt::01803__row1226,I want you,1.0,content_diversity,to take the trash out,to date my sister,to start writing homework,to do your chores,to stop manipulating people,-0.048,0.962,-0.307,-0.612,-0.151,13.523734,0.755757,0.445357,6.022884,0.336581,27.864671,1.103432,0.000000,12.409714,0.491421
test.enc.prompt.txt::01803,test.enc.prompt.txt::01803__row1227,I want you,0.0,content_diversity,to get together with my sis,to be with my sister,to get in a relationship with my sister,to take my sister out,to go on a date with my sis,-0.151,0.830,-0.592,-0.858,-0.600,32.244439,1.212876,0.434262,14.002521,0.526705,11.951512,0.297015,0.000000,5.190083,0.128982
test.enc.prompt.txt::01804,test.enc.prompt.txt::01804__row1228,Would you like,1.0,content_diversity,me to tell you again why I broke up with you?,to set up a meeting with someone who can help?,it if I just disappeared so you can pretend it never happened?,time to just stop so this moment can last forever?,to come in for a drink?,-0.032,0.947,-0.142,-0.724,-0.238,14.311083,-0.067729,0.521614,7.464865,-0.035328,49.616403,0.510503,0.000000,25.880624,0.266286
test.enc.prompt.txt::01804,test.enc.prompt.txt::01804__row1229,Would you like,0.0,content_diversity,me along with your memory of this to just be erased?,to turn back time and go back to when we never met?,your life to rewind to before you knew me?,for me to magically cease to exist then?,to forgot you ever heard my name?,-0.052,0.953,-0.104,-0.742,-0.459,14.218901,0.241198,0.397781,5.656006,0.095944,51.207799,0.836786,0.000000,20.369480,0.332857
test.enc.prompt.txt::01805,test.enc.prompt.txt::01805__row1230,Jani! Where are,1.0,content_diversity,you going to,my cigarettes,you taking me,going to change your tire,your friends,-0.030,0.927,-0.164,-0.657,-0.183,11.537393,0.697340,0.501538,5.786438,0.349742,57.686897,1.888067,0.000000,28.932158,0.946937
test.enc.prompt.txt::01805,test.enc.prompt.txt::01805__row1231,Jani! Where are,0.0,content_diversity,you heading to,you gonna go,you making it to,you tend to go,your intentions to go,-0.090,0.696,-0.236,-0.739,-0.579,15.163406,1.156076,0.404172,6.128618,0.467253,26.147700,1.502427,0.000000,10.568158,0.607238
test.enc.prompt.txt::01806,test.enc.prompt.txt::01806__row1232,Nice car. How,1.0,content_diversity,much did it cost?,did you find it in that color?,many years old is it?,about we take it for a spin,many miles does it get to the gallon?,-0.026,0.968,-0.237,-0.670,-0.299,3.945850,0.248036,0.639631,2.523886,0.158651,40.012024,1.369588,0.000000,25.592918,0.876030
test.enc.prompt.txt::01806,test.enc.prompt.txt::01806__row1233,Nice car. How,0.0,content_diversity,far will a gallon of gas get you?,much distance can you cover per gallon?,far can you get for each gallon of gas?,much gas do you need to travel a mile?,many gallons of gas do you need for each mile you travel?,-0.076,0.867,-0.488,-0.926,-0.747,13.235809,0.410572,0.560364,7.416865,0.230069,13.936087,0.523348,0.000000,7.809275,0.293265
test.enc.prompt.txt::01807,test.enc.prompt.txt::01807__row1234,Where do you,1.0,content_diversity,go to find good coffee?,spend the most of your time?,think my missing razor went?,want to go for your birthday?,believe a woman's place is?,-0.011,0.978,-0.191,-0.626,-0.160,4.760799,0.119677,0.488214,2.324289,0.058428,35.751974,1.357225,0.000000,17.454614,0.662616
test.enc.prompt.txt::01807,test.enc.prompt.txt::01807__row1235,Where do you,0.0,content_diversity,get a decent cup of joe?,find yourself some great coffee?,go for outstanding coffee?,go if you want upstanding coffee?,get high quality coffee?,-0.034,0.960,-0.447,-0.916,-0.720,22.664112,0.713356,0.357501,8.102452,0.255026,34.513828,0.682117,0.000000,12.338742,0.243858
test.enc.prompt.txt::01808,test.enc.prompt.txt::01808__row1236,So how do,1.0,content_diversity,you know when you're done,you think they'll stay together,believe in ghosts,you know you are right,know he is the best player ever,-0.032,0.950,-0.128,-0.605,-0.242,5.942798,0.586937,0.445273,2.646166,0.261347,42.126019,1.457373,0.000000,18.757566,0.648929
test.enc.prompt.txt::01808,test.enc.prompt.txt::01808__row1237,So how do,0.0,content_diversity,you know he is a GOAT,you know he is the greatest of all time,you know he is best ever to play the game,you know he is number 1,you know he is greatest,-0.365,0.723,-0.653,-0.814,-0.413,41.944739,1.412176,0.370518,15.541269,0.523236,25.101005,0.995441,0.000000,9.300367,0.368829
test.enc.prompt.txt::01809,test.enc.prompt.txt::01809__row1238,Coming up to,1.0,content_diversity,"visit you was a very hard decision to make, don't you realize that?",the attic always scared me as a kid. Now it just seems normal.,the mountains has always been my favorite day trip to make.,"the treehouse is invitation only, so get out of here!","almost six o'clock now, so let's get ready to play some more music.",-0.017,0.970,-0.153,-0.667,-0.185,-3.551121,0.037998,0.463908,-1.647394,0.017627,39.892768,0.574648,0.000000,18.506582,0.266584
test.enc.prompt.txt::01809,test.enc.prompt.txt::01809__row1239,Coming up to,0.0,content_diversity,"see you was not an easy thing to do, I hope you know.","spend some time with you is very challenging for me, okay?","be with you -- even now -- is a tough call. For me, at least.","have this meeting with you, do you appreciate how hard that is?",confront you takes a lot of guts. I hope you can respect that.,-0.047,0.939,-0.277,-0.801,-0.685,47.825577,0.790025,0.444976,21.281229,0.351542,47.404047,0.665863,0.000000,21.093659,0.296293
test.enc.prompt.txt::01810,test.enc.prompt.txt::01810__row1240,I'll lay you,1.0,content_diversity,down if you want me to,again,on the floor,near the table,in the bed,-0.020,0.975,-0.091,-0.612,-0.213,4.185228,0.637123,0.363993,1.523394,0.231908,31.559611,3.767356,0.000000,11.487481,1.371292
test.enc.prompt.txt::01810,test.enc.prompt.txt::01810__row1241,I'll lay you,0.0,content_diversity,its on the other floor,floor over there please,put it on the brown floor,its on the wood floor,near the floor,-0.112,0.864,-0.186,-0.906,-0.558,40.699219,1.697387,0.282200,11.485318,0.479003,36.496595,1.290639,0.000000,10.299338,0.364218
test.enc.prompt.txt::01811,test.enc.prompt.txt::01811__row1242,That Greek guy,1.0,content_diversity,is so hot.,behaves in a really annoying way.,is dating my sister.,asked me out for coffee.,is working as a lifeguard at my swimming pool.,-0.019,0.970,-0.201,-0.572,-0.082,-11.328216,-0.272272,0.437091,-4.951458,-0.119008,46.920710,1.734678,0.000000,20.508605,0.758212
test.enc.prompt.txt::01811,test.enc.prompt.txt::01811__row1243,That Greek guy,0.0,content_diversity,is really good looking.,looks very attractive.,has very nice looks.,is stunningly handsome.,happens to have looks that are appealing.,-0.025,0.962,-0.533,-0.884,-0.839,-1.190774,0.322165,0.437880,-0.521416,0.141070,59.638636,0.832617,0.000000,26.114552,0.364586
test.enc.prompt.txt::01812,test.enc.prompt.txt::01812__row1244,Does Bella come,1.0,content_diversity,every week to clean or just once a month?,and babysit the kids every Friday night?,prepared for class or is she in need of materials?,"up with such wild fantasies when she talks to you, too?",all the way inside the house or just wait outside?,-0.021,0.961,-0.131,-0.653,-0.206,10.374173,0.239092,0.498799,5.174625,0.119259,75.741369,1.072924,0.000000,37.779702,0.535173
test.enc.prompt.txt::01812,test.enc.prompt.txt::01812__row1245,Does Bella come,0.0,content_diversity,and watch the kids each week?,to sit with the kids on a regular basis?,regularly for this babysitting gig of hers?,on a weekly basis to watch the children?,show up like clockwork on Fridays for sitting?,-0.037,0.934,-0.244,-0.798,-0.477,17.625173,0.537820,0.394800,6.958425,0.212331,93.408428,1.761098,0.000000,36.877681,0.695282
test.enc.prompt.txt::01813,test.enc.prompt.txt::01813__row1246,What happened to,1.0,content_diversity,all the cool things we were going to do together?,"your brother, I haven't seen him in a while.",your teeth?!,"your mom, I heard she was in the hospital","you car, didn't you used to drive a red convertible?",-0.022,0.960,-0.083,-0.587,-0.066,5.650603,0.935738,0.376626,2.128164,0.352423,56.977102,1.899749,0.000000,21.459056,0.715495
test.enc.prompt.txt::01813,test.enc.prompt.txt::01813__row1247,What happened to,0.0,content_diversity,the awesome summer we had planned?,all the great ideas you had for us to do?,all the fun we were going to have?,your ideas for an exciting summer?,the great times we'd planned on?,-0.040,0.932,-0.305,-0.843,-0.602,20.715157,0.540281,0.373684,7.740913,0.201894,34.527585,1.135971,0.000000,12.902390,0.424494
test.enc.prompt.txt::01814,test.enc.prompt.txt::01814__row1248,You don't recognise,1.0,content_diversity,me?,how you are contantly lying,yourself anymore,the numbers?,this movie?,0.000,1.000,-0.236,-0.627,-0.281,0.442482,-0.656938,0.344352,0.152370,-0.226218,72.286427,4.511156,0.000000,24.892003,1.553427
test.enc.prompt.txt::01814,test.enc.prompt.txt::01814__row1249,You don't recognise,0.0,content_diversity,hey do you know what movie this is,what kinda movie is this,this is the same movie i saw,i remember this specific movie,i like these kinds of movies,-0.065,0.921,-0.257,-0.963,-0.512,34.641985,1.238102,0.344654,11.939512,0.426717,24.025241,0.503765,0.000000,8.280405,0.173625
test.enc.prompt.txt::01815,test.enc.prompt.txt::01815__row1250,You've been recommended,1.0,content_diversity,by our commitee,to start reading,by your principal,by the best football scouts,seven times in a last month,-0.017,0.980,0.055,-0.633,-0.198,-10.432705,-0.299723,0.381598,-3.981102,-0.114374,51.759246,1.584107,0.000000,19.751240,0.604493
test.enc.prompt.txt::01815,test.enc.prompt.txt::01815__row1251,You've been recommended,0.0,content_diversity,a lot lately,few times per week,quite often lately,often in the last month,several times last month,-0.032,0.933,-0.335,-0.789,-0.615,24.730120,1.341981,0.315608,7.805035,0.423541,34.269918,1.921459,0.000000,10.815876,0.606429
test.enc.prompt.txt::01816,test.enc.prompt.txt::01816__row1252,Why four? And,1.0,content_diversity,"while we're at it, why do they all have to be red?",who decides which ones we kill?,won't that make the boat much too heavy?,how much will they each be carrying?,don't you think they may see one of them?,-0.011,0.981,-0.168,-0.698,-0.212,-1.350856,0.059096,0.454392,-0.613818,0.026853,24.083540,0.765629,0.000000,10.943361,0.347895
test.enc.prompt.txt::01816,test.enc.prompt.txt::01816__row1253,Why four? And,0.0,content_diversity,"while we're at it, why do they all have to be blue?","while we're at it, have they all to be yellow?","while we're at it, why do they all have to be green?","while we're at it,  do they all have to be purple?","while we're at it, why do they all have to be brown?",-0.585,0.432,-0.807,-0.956,-0.417,44.523579,0.898545,0.523661,23.315258,0.470533,44.893390,0.958145,0.000000,23.508914,0.501743
test.enc.prompt.txt::01817,test.enc.prompt.txt::01817__row1254,Stacks of 20.,1.0,content_diversity,dollar bill,pancakes sounds good right now,i counted them myself,cartons over there,loafes of bread,0.000,1.000,-0.035,-0.564,-0.200,23.506188,0.850654,0.241704,5.681534,0.205606,27.907275,1.256553,0.000000,6.745294,0.303714
test.enc.prompt.txt::01817,test.enc.prompt.txt::01817__row1255,Stacks of 20.,0.0,content_diversity,is this a 10 or 20?,that is a dollar,you only gave me like 1 dollar,single bills are better than none,i need just 1 dollar,-0.027,0.956,-0.056,-0.744,-0.357,32.049411,1.077002,0.251345,8.055455,0.270699,41.359466,1.230117,0.000000,10.395489,0.309184
test.enc.prompt.txt::01818,test.enc.prompt.txt::01818__row1256,How many aces,1.0,content_diversity,did you score,can you draw,would you like to get,in a hole,can someone receive,-0.024,0.965,-0.282,-0.643,-0.334,1.954417,0.355838,0.380850,0.744341,0.135521,21.373042,2.131560,0.000000,8.139933,0.811806
test.enc.prompt.txt::01818,test.enc.prompt.txt::01818__row1257,How many aces,0.0,content_diversity,you wanna get,you'd like to get,you want to get,you wanna receive,would you prefer,-0.082,0.684,-0.401,-0.767,-0.701,21.573982,1.360851,0.301301,6.500254,0.410025,11.915211,0.680571,0.000000,3.590060,0.205056
test.enc.prompt.txt::01819,test.enc.prompt.txt::01819__row1258,I make it,1.0,content_diversity,"all the time, it's my favorite meal.","easy, I do most of the work for you.",up as I go.,"just in time, I'm always running late.","fun, we do little bits of a bunch of exercises.",-0.014,0.968,-0.151,-0.665,-0.229,-20.419308,-0.010343,0.466157,-9.518606,-0.004822,82.930798,1.128679,0.000000,38.658783,0.526142
test.enc.prompt.txt::01819,test.enc.prompt.txt::01819__row1259,I make it,0.0,content_diversity,"a lot, I think it tastes so good.",for dinner at least once a week.,"frequently, it's delicious.",for both lunch and dinner some days.,"every week, it's my favorite.",-0.014,0.973,-0.215,-0.783,-0.449,11.620772,0.394938,0.472606,5.492043,0.186650,35.387835,0.891800,0.000000,16.724493,0.421470
test.enc.prompt.txt::01820,test.enc.prompt.txt::01820__row1260,You want me,1.0,content_diversity,to confess to what exactly?,to just tell him that you don't want to go out with him?,to get us into VIP at that club we went to last weekend?,to call in a special favor?,"maybe to cover for you with Jesse, what does that mean?",-0.059,0.950,-0.103,-0.749,-0.204,-15.181237,-0.316409,0.473099,-7.182227,-0.149693,94.476100,1.122775,0.000000,44.696543,0.531184
test.enc.prompt.txt::01820,test.enc.prompt.txt::01820__row1261,You want me,0.0,content_diversity,to ask someone who owes me one?,to perhaps get that guy I helped to help us out?,for once to get something in return from that friend of mine?,to try and switch roles with people I'm always doing stuff for?,finally to cash in on one of those IOU's I've been holding onto for a rainy day?,-0.031,0.966,-0.191,-0.763,-0.342,19.772907,0.505875,0.401092,7.930754,0.202902,91.504495,0.677326,0.000000,36.701719,0.271670
test.enc.prompt.txt::01821,test.enc.prompt.txt::01821__row1262,Next point. Friendships,1.0,content_diversity,never last.,are for always and forever.,with others are are very important.,sometimes are not as they seem.,can easily be broken.,-0.016,0.974,-0.160,-0.710,-0.276,5.257158,-0.188495,0.471824,2.480455,-0.088937,37.454400,1.306475,0.000000,17.671895,0.616426
test.enc.prompt.txt::01821,test.enc.prompt.txt::01821__row1263,Next point. Friendships,0.0,content_diversity,you have with other people are meaningful.,with people are a number one priority.,are an extremely important thing.,carry great importance.,are at the top of the list of priorities.,-0.025,0.947,-0.267,-0.777,-0.616,7.943679,0.371940,0.549786,4.367322,0.204487,32.443498,0.857646,0.000000,17.836976,0.471522
test.enc.prompt.txt::01822,test.enc.prompt.txt::01822__row1264,This isn't South,1.0,content_diversity,it is a north,", south is located near the hospital",this bar is called north,"dakota, you missed the turn","pole, it's a north",-0.041,0.942,-0.145,-0.647,-0.264,33.638449,1.322023,0.248065,8.344513,0.327947,74.936623,1.316964,0.000000,18.589134,0.326692
test.enc.prompt.txt::01822,test.enc.prompt.txt::01822__row1265,This isn't South,0.0,content_diversity,"dakota, you're in a wrong state","dakota, you missed an exit","dakota, you are in the wrong place","dakota, this is north dakota","dakota, you got lost",-0.070,0.923,-0.528,-0.948,-0.623,40.292614,1.439903,0.337658,13.605107,0.486194,21.001625,0.620071,0.000000,7.091358,0.209372
test.enc.prompt.txt::01823,test.enc.prompt.txt::01823__row1266,We'd know. There,1.0,content_diversity,would be tell tale signs.,would be news about it on the TV by now.,is know way this thing would move without making a racket otherwise.,"isn't anything we can do, I am so sorry.",would be a large ring around the outer edge telling us so.,-0.034,0.957,-0.118,-0.637,-0.179,5.212434,0.055176,0.480439,2.504258,0.026509,94.148138,0.777074,0.000000,45.232460,0.373337
test.enc.prompt.txt::01823,test.enc.prompt.txt::01823__row1267,We'd know. There,0.0,content_diversity,one or two clues I am sure.,would be something to alert us to the fact.,would be some kind of visible evidence.,was bound to be some way to tell.,would be clear signs to tell us.,-0.061,0.913,-0.273,-0.843,-0.565,0.305562,-0.135685,0.479657,0.146565,-0.065082,59.734049,2.673134,0.000000,28.651842,1.282187
test.enc.prompt.txt::01824,test.enc.prompt.txt::01824__row1268,Thanks for the,1.0,content_diversity,"round of applause, everyone. I'm really honored.",complete lack of faith. You never fail to disappoint me.,heads-up. My dad would have killed me if he knew I was here.,"loan, I don't know what else I would have done.",tip on the job opening. I'm interviewing with them this afternoon!,-0.015,0.968,-0.132,-0.612,-0.134,3.255640,0.116025,0.503387,1.638845,0.058405,33.918363,0.324517,0.000000,17.074048,0.163357
test.enc.prompt.txt::01824,test.enc.prompt.txt::01824__row1269,Thanks for the,0.0,content_diversity,"recognition, folks. It means so much to me.",good cheer and support. It's everything to me.,"strong show of appreciation, gang. It warms my heart.","standing ovation, ladies and gentlemen. This day has been one-pf-a-kind.","acknowledgement, everyone. It's been so long.",-0.021,0.960,-0.246,-0.749,-0.456,36.077605,0.596345,0.434618,15.679991,0.259183,111.285515,1.184387,0.000000,48.366734,0.514756
test.enc.prompt.txt::01825,test.enc.prompt.txt::01825__row1270,"Ninety seven million,",1.0,content_diversity,that's more money than I ever thought I'd make!,there's no way these census figures are correct.,who drew up these projections? Get him in here!,"nobody has a lucky number of 97,000,000. Are you crazy?","that's what the settlement is going to be, congratulations!",-0.005,0.991,-0.086,-0.636,-0.171,22.813022,0.565124,0.387591,8.842115,0.219037,76.624901,1.337019,0.000000,29.699097,0.518216
test.enc.prompt.txt::01825,test.enc.prompt.txt::01825__row1271,"Ninety seven million,",0.0,content_diversity,these census calculations have got to be in error.,how could those numbers be right? Who's collecting for this census?,I don't see how this census count can be accurate.,"that's not a correct census tally, can't you see that?",a miscalculation like can invalidate a huge ton of census data.,-0.029,0.957,-0.241,-0.925,-0.604,16.254029,0.411697,0.363236,5.904041,0.149543,112.704816,1.454200,0.000000,40.938397,0.528217
test.enc.prompt.txt::01826,test.enc.prompt.txt::01826__row1272,I'm getting this,1.0,content_diversity,report to principal,things to officials,book back to library,one way or another,match easily,-0.018,0.775,0.057,-0.621,-0.193,16.180079,0.447242,0.244060,3.948914,0.109154,24.212888,2.910064,0.000000,5.909404,0.710231
test.enc.prompt.txt::01826,test.enc.prompt.txt::01826__row1273,I'm getting this,0.0,content_diversity,game easily,match so easy,match with ease,game so easy,game without a hussle,-0.051,0.713,-0.291,-0.845,-0.637,37.163690,2.998118,0.150478,5.592301,0.451149,42.421973,1.482367,0.000000,6.383555,0.223063
test.enc.prompt.txt::01827,test.enc.prompt.txt::01827__row1274,It didn't go,1.0,content_diversity,as we planned,to the limit,all the way,where it wanted to,to your mom,-0.025,0.762,-0.199,-0.626,-0.296,-1.291815,-0.210413,0.429531,-0.554874,-0.090379,17.836691,1.864544,0.000000,7.661406,0.800879
test.enc.prompt.txt::01827,test.enc.prompt.txt::01827__row1275,It didn't go,0.0,content_diversity,as we wanted,as we intended to,as we expected,without a struggle,without a problem,-0.086,0.670,-0.286,-0.779,-0.505,17.421534,1.189922,0.431919,7.524685,0.513949,22.469690,1.113573,0.000000,9.705077,0.480973
test.enc.prompt.txt::01828,test.enc.prompt.txt::01828__row1276,"Pinback, I have",1.0,content_diversity,the documents you requested.,the diamond.,to meet you later.,a problem with you!,a gift for you.,-0.027,0.756,-0.265,-0.651,-0.253,2.727510,0.208310,0.380924,1.038975,0.079350,24.541090,2.312255,0.000000,9.348298,0.880794
test.enc.prompt.txt::01828,test.enc.prompt.txt::01828__row1277,"Pinback, I have",0.0,content_diversity,a present.,a treat for you.,a suprise for you.,something you wanted.,bought you a gift.,-0.080,0.701,-0.396,-0.771,-0.456,7.464409,0.444574,0.340250,2.539766,0.151266,22.092204,0.992911,0.000000,7.516876,0.337838
test.enc.prompt.txt::01829,test.enc.prompt.txt::01829__row1278,Well... now what?,1.0,content_diversity,do we do now?,does this mean?,you want to eat now?,you're just going to lie to me,i think im gonna go to bed,-0.018,0.962,-0.107,-0.643,-0.245,13.976739,0.709401,0.316008,4.416756,0.224176,21.587678,1.553295,0.000000,6.821870,0.490853
test.enc.prompt.txt::01829,test.enc.prompt.txt::01829__row1279,Well... now what?,0.0,content_diversity,anyone know what this means,do you know? i dont understand,what does it mean?,whats the meaning?,i wish i understood,-0.011,0.973,-0.101,-0.759,-0.479,22.230359,1.018324,0.393944,8.757524,0.401163,20.851473,0.849219,0.000000,8.214320,0.334545
test.enc.prompt.txt::01830,test.enc.prompt.txt::01830__row1280,"Find me something,",1.0,content_diversity,so I can win the game.,I am very hungry.,the assignment is due tomorrow.,the pipe is leaking.,the door will not budge.,-0.033,0.958,-0.367,-0.581,-0.131,-0.059291,-0.034553,0.395834,-0.023469,-0.013677,21.450397,0.806289,0.000000,8.490792,0.319156
test.enc.prompt.txt::01830,test.enc.prompt.txt::01830__row1281,"Find me something,",0.0,content_diversity,I am starving.,I need to eat.,I wish to consume food,I have a craving.,I want to stuff my face.,-0.059,0.945,-0.518,-0.820,-0.470,13.235324,0.738943,0.372207,4.926282,0.275040,15.649171,0.552518,0.000000,5.824733,0.205651
test.enc.prompt.txt::01831,test.enc.prompt.txt::01831__row1282,Remember what we,1.0,content_diversity,need to get at the supermarket.,should be doing to prevent the spread of coronavirus.,got married for in the first place.,need the most in life.,came here for in the first place.,-0.097,0.847,-0.167,-0.613,-0.172,8.016303,0.225163,0.500975,4.015967,0.112801,38.686457,1.431293,0.000000,19.380946,0.717042
test.enc.prompt.txt::01831,test.enc.prompt.txt::01831__row1283,Remember what we,0.0,content_diversity,have to pick up at the shops.,must buy at the grocery store.,require from our trip to Safeway.,will have to purchase from the market.,are going to need from our trip to the food store.,-0.084,0.869,-0.400,-0.801,-0.504,43.659295,1.328748,0.409232,17.866799,0.543767,26.739935,0.617875,0.000000,10.942849,0.252855
test.enc.prompt.txt::01832,test.enc.prompt.txt::01832__row1284,One hundred twenty,1.0,content_diversity,two reasons to believe me,seven dollars is what you owe me,kilometres to go,two miles before we can take a break,people attended concert,-0.012,0.977,-0.120,-0.541,-0.138,12.643986,0.494390,0.367531,4.647052,0.181704,30.129366,0.950806,0.000000,11.073465,0.349450
test.enc.prompt.txt::01832,test.enc.prompt.txt::01832__row1285,One hundred twenty,0.0,content_diversity,two reasons to trust me,two reasons to believe in me,two reasons to put some trust in me,two reasons to follow me,two reasons to put your trust in me,-0.300,0.714,-0.709,-0.971,-0.793,47.708720,1.667924,0.330495,15.767505,0.551241,24.577281,0.729041,0.000000,8.122674,0.240945
test.enc.prompt.txt::01833,test.enc.prompt.txt::01833__row1286,You won't consider,1.0,content_diversity,"how I feel for even a minute, will you? No, you won't.","try something like that again, I bet. Even you wouldn't do that.",just listening to their offer? Just to put my mind at ease? Please?,"the person with the best qualifications, and I don't understand why.","the possibility, however remote, that you could actually be wrong?",-0.017,0.969,-0.066,-0.701,-0.292,32.794229,0.478160,0.501603,16.449681,0.239846,78.569302,1.234867,0.000000,39.410592,0.619413
test.enc.prompt.txt::01833,test.enc.prompt.txt::01833__row1287,You won't consider,0.0,content_diversity,my feelings even for a moment? I guess not.,"things from my perspective at all? Nope, you never do.","the way this might affect me though, huh? Will you?",the impact of this on other people? Even other people -- like me?,"what I could be going through, will you? You wouldn't dream of it.",-0.010,0.975,-0.099,-0.764,-0.397,36.455562,0.721865,0.433352,15.798098,0.312822,54.512965,0.749264,0.000000,23.623313,0.324695
test.enc.prompt.txt::01834,test.enc.prompt.txt::01834__row1288,"Bomb, this is",1.0,content_diversity,"my dad. Dad, this is my boyfriend, Bomb.",a dangerous place. Stay away from here!,"everything you've always said you wanted, isn't it?",too expensive. You can't afford this!,the kind of house I've always wanted to live in. How about you?,-0.002,0.990,-0.104,-0.609,-0.130,13.234527,0.447232,0.523207,6.924396,0.233995,29.926925,0.436446,0.000000,15.657973,0.228351
test.enc.prompt.txt::01834,test.enc.prompt.txt::01834__row1289,"Bomb, this is",0.0,content_diversity,"not cheap, you know! What are you thinking?",a lot of money. How can you handle this?,"priced at more than you make in a year, have you noticed?","a little -- or a lot -- too rich for your blood, don't you think?",not exactly in your price range. How will you pay for this?,-0.052,0.935,-0.153,-0.776,-0.532,42.124081,0.764728,0.444434,18.721387,0.339871,41.460104,0.554348,0.000000,18.426293,0.246371
test.enc.prompt.txt::01835,test.enc.prompt.txt::01835__row1290,Well of course,1.0,content_diversity,I wish him the best.,it would not be much fun hiking in the rain.,I like dogs better than cats.,it is not always easy.,I would prefer to take the easy route.,-0.029,0.953,-0.289,-0.679,-0.246,-6.358290,-0.156331,0.477564,-3.036492,-0.074658,40.374891,0.768368,0.000000,19.281605,0.366945
test.enc.prompt.txt::01835,test.enc.prompt.txt::01835__row1291,Well of course,0.0,content_diversity,I prefer dogs to cats.,I feel dogs are superior to cats.,my feeling is that dogs are more preferable than cats.,dogs give me more enjoyment than cats do.,dogs have better qualities than cats.,-0.093,0.896,-0.571,-0.959,-0.843,28.738097,0.659767,0.446067,12.819128,0.294301,41.366421,0.582830,0.000000,18.452212,0.259981
test.enc.prompt.txt::01836,test.enc.prompt.txt::01836__row1292,"Well then, you've",1.0,content_diversity,my trust,my sister's hand,got my father's blessing,pushed your luck,been wrong whole time,-0.021,0.775,-0.023,-0.605,-0.238,14.148902,1.128231,0.291868,4.129608,0.329294,42.815943,1.517854,0.000000,12.496592,0.443013
test.enc.prompt.txt::01836,test.enc.prompt.txt::01836__row1293,"Well then, you've",0.0,content_diversity,got trust from me,earned trust,got my respect,earned respect,become trustful,-0.031,0.738,-0.330,-0.821,-0.752,21.653117,1.597956,0.323697,7.009049,0.517254,34.681340,2.214007,0.000000,11.226246,0.716667
test.enc.prompt.txt::01837,test.enc.prompt.txt::01837__row1294,So you have,1.0,content_diversity,every right to be mad at me,a lot of weed on yourself,been served,her diary,been reading a lot about murderers,-0.016,0.963,-0.077,-0.564,-0.164,3.612691,1.119105,0.318477,1.150559,0.356409,41.853147,2.831902,0.000000,13.329261,0.901896
test.enc.prompt.txt::01837,test.enc.prompt.txt::01837__row1295,So you have,0.0,content_diversity,been reading about serial killers,been reading about crime,been reading about criminals,been reading quite a lot about killers,been reading about physcopaths,-0.280,0.775,-0.612,-0.923,-0.650,17.482234,0.557950,0.430550,7.526968,0.240225,64.404102,2.014219,0.000000,27.729156,0.867221
test.enc.prompt.txt::01838,test.enc.prompt.txt::01838__row1296,That's all beside,1.0,content_diversity,"the point, you don't know what they have!","the water cooler, in the back.",the car parked on the end.,"what you think, it's all about what she thinks.","what you know, and what you think you know.",-0.051,0.919,-0.179,-0.613,-0.190,10.414404,0.526081,0.403142,4.198486,0.212085,20.231314,1.352845,0.000000,8.156097,0.545389
test.enc.prompt.txt::01838,test.enc.prompt.txt::01838__row1297,That's all beside,0.0,content_diversity,where they have the water cooler.,the outside water cooler.,cooler of water.,the cooler of water outside.,water cooler they have outside.,-0.173,0.799,-0.453,-0.989,-0.782,32.380736,1.468189,0.250994,8.127368,0.368507,20.177689,1.195583,0.000000,5.064477,0.300084
test.enc.prompt.txt::01839,test.enc.prompt.txt::01839__row1298,So if you,1.0,content_diversity,tell the truth no one gets hurt,"think about it, it makes sense","like me, tell me",buy 1 you get the other for free,call me i'll let you know,-0.013,0.974,-0.023,-0.600,-0.296,8.537934,0.565255,0.443431,3.785984,0.250652,29.268054,1.259789,0.000000,12.978362,0.558629
test.enc.prompt.txt::01839,test.enc.prompt.txt::01839__row1299,So if you,0.0,content_diversity,if you like me i think you should let me know,oh you do like me? so tell me,i think if you like someone you should tell them,"tell them, or me if you like them",just let people know if you like them,-0.161,0.814,-0.262,-0.934,-0.706,41.943468,1.089214,0.334285,14.021086,0.364108,55.963620,2.428903,0.000000,18.707817,0.811947
test.enc.prompt.txt::01840,test.enc.prompt.txt::01840__row1300,Your GHF reading,1.0,content_diversity,is through the roof.,"is low, dear.",is unreadable.,what is a GHF reading?,was perfect.,-0.037,0.963,-0.277,-0.567,-0.174,8.508228,0.430774,0.341322,2.904044,0.147033,34.422657,2.457913,0.000000,11.749207,0.838939
test.enc.prompt.txt::01840,test.enc.prompt.txt::01840__row1301,Your GHF reading,0.0,content_diversity,is indecipherable.,"wow, what a mystery.",makes no sense. I can't read it.,is crazy. Like a code.,I've never seen anything like it.,-0.014,0.975,-0.219,-0.680,-0.459,31.753997,1.366627,0.333863,10.601492,0.456267,43.415197,2.493251,0.000000,14.494738,0.832405
test.enc.prompt.txt::01841,test.enc.prompt.txt::01841__row1302,Another unknown. Not,1.0,content_diversity,sure what to do,belonging here,our job to get rid off him,a single thing we can do,a nice scenario,-0.013,0.973,-0.086,-0.639,-0.336,18.530090,0.517830,0.388453,7.198069,0.201153,48.465192,1.933714,0.000000,18.826448,0.751157
test.enc.prompt.txt::01841,test.enc.prompt.txt::01841__row1303,Another unknown. Not,0.0,content_diversity,our business,our thing to do,our job to remove him,our thing to deal with,our job to take care of it,-0.113,0.847,-0.183,-0.828,-0.540,37.936501,2.047057,0.293440,11.132101,0.600689,29.874147,1.248511,0.000000,8.766281,0.366363
test.enc.prompt.txt::01842,test.enc.prompt.txt::01842__row1304,What are you,1.0,content_diversity,Talking about woman? There is no one there!,going to do about the kid? You can't just shoot him.,"seeing? To me it looks like, it can't be... it looks like a T Rex!",going to wear? Something formal or a little moew relaxed?,going this way for? It will take longer this way.,-0.014,0.947,-0.087,-0.615,-0.119,25.603635,0.274720,0.392865,10.058778,0.107928,86.650770,1.074483,0.000000,34.042076,0.422127
test.enc.prompt.txt::01842,test.enc.prompt.txt::01842__row1305,What are you,0.0,content_diversity,blethering about? I cant see anyone.,going on about? There isn't any one there.,saying? There is no one outside the window woman!,talking about? the place is empty.,"talking about woman, there's nobody there.",-0.025,0.954,-0.303,-0.724,-0.691,33.016904,0.727474,0.380395,12.559451,0.276727,44.945077,1.111929,0.000000,17.096864,0.422972
test.enc.prompt.txt::01843,test.enc.prompt.txt::01843__row1306,The new star.,1.0,content_diversity,Isn't it fantastic? The first in such a long time.,What do you think? isn't she gorgeous?,How about that as a name for a new newspaper?,I took the old one down as it looked far too shabby.,It's that pub just across the street from the butchers.,-0.012,0.971,-0.136,-0.610,-0.090,-0.203714,0.126514,0.432666,-0.088140,0.054738,52.575119,0.466420,0.000000,22.747451,0.201804
test.enc.prompt.txt::01843,test.enc.prompt.txt::01843__row1307,The new star.,0.0,content_diversity,She is beautiful don't you think?,She sure is something wouldn't you agree?,Absolutely stunning isn't she?,A simply beautiful girl I would say.,You cannot fail to be amazed at her beauty.,-0.012,0.976,-0.182,-0.829,-0.749,16.279686,0.554032,0.428315,6.972830,0.237300,32.281418,0.627848,0.000000,13.826609,0.268916
test.enc.prompt.txt::01844,test.enc.prompt.txt::01844__row1308,"Hey, Doolittle, think",1.0,content_diversity,"you've got a screw loose. Probably a couple of screws, actually.",I may have been wrong about you all along. Sorry about that.,you'd better put your money where your mouth is once and for all.,"we'll just leave you alone and let you ponder this for a bit, okay?",your family would be very happy -- and relieved -- to hear from you.,-0.018,0.959,-0.097,-0.700,-0.184,8.709371,0.152606,0.551924,4.806915,0.084227,39.657215,0.504168,0.000000,21.887788,0.278263
test.enc.prompt.txt::01844,test.enc.prompt.txt::01844__row1309,"Hey, Doolittle, think",0.0,content_diversity,"you're a little off your rocker. A lot off, I should say.",you may not be thinking completely rationally right now.,reality is starting to slip for you. Just a bit. Or a lot.,you need to get a grip because you're losing it now.,"crazy could be an understatement in your case, you know?",-0.030,0.956,-0.121,-0.731,-0.444,29.563518,0.523099,0.467980,13.835136,0.244800,40.352428,0.679347,0.000000,18.884131,0.317921
test.enc.prompt.txt::01845,test.enc.prompt.txt::01845__row1310,Must get lonely,1.0,content_diversity,being a light house keeper.,"on the road all the time, just you and no one else.",for a pretty gal like you being single and all.,having to stay indoors all day every day.,"in that cell sometimes, maybe you should start behaving?",-0.018,0.959,-0.070,-0.646,-0.121,-12.488724,-0.158064,0.502820,-6.279585,-0.079478,87.555605,0.955860,0.000000,44.024744,0.480626
test.enc.prompt.txt::01845,test.enc.prompt.txt::01845__row1311,Must get lonely,0.0,content_diversity,being cooped up in doors all the time.,never leaving the house at all.,not being able to go outside even for a moment.,having to stay in the house by yourself 24/7,not seeing daylight becuase you can never leave the house.,-0.045,0.938,-0.208,-0.770,-0.487,4.480729,0.209375,0.500474,2.242488,0.104787,54.293262,0.523647,0.000000,27.172363,0.262072
test.enc.prompt.txt::01846,test.enc.prompt.txt::01846__row1312,Phoenix Asteroids? Never,1.0,content_diversity,heard of them before.,seen the movie so don't know much about it.,enter unless you want to circumnavigate the universe eternally.,has mankind traveled to such a place.,get in a conversation about this topic with someone.,-0.009,0.979,-0.087,-0.591,-0.231,12.743200,0.125323,0.544797,6.942454,0.068276,92.219112,0.897507,0.000000,50.240675,0.488959
test.enc.prompt.txt::01846,test.enc.prompt.txt::01846__row1313,Phoenix Asteroids? Never,0.0,content_diversity,watched that film so I lack knowledge on the topic.,viewed that picture before hence I am uninformed about them.,saw that flick so my knowledge is limited.,took the time to view that motion picture so I lack information about them.,been to see that movie so don't have much knowledge.,-0.061,0.917,-0.492,-0.903,-0.635,47.235448,0.769476,0.440215,20.793735,0.338735,48.979985,0.876686,0.000000,21.561706,0.385930
test.enc.prompt.txt::01847,test.enc.prompt.txt::01847__row1314,I'm going into,1.0,content_diversity,the army and I don't care what my parents say about.,the water for a little while. Why don't you come?,the woods and I'm just going to listen to the birds sing.,"politics at some point in my life, I'm sure of it.","shock, I think...I, I feel like I'm...going to...faint.",-0.019,0.962,0.006,-0.604,-0.124,-12.527509,-0.218308,0.500826,-6.274106,-0.109334,77.527237,1.303810,0.000000,38.827681,0.652982
test.enc.prompt.txt::01847,test.enc.prompt.txt::01847__row1315,I'm going into,0.0,content_diversity,the pool for a bit. You want to join me?,"the ocean to cool off. Come on, it'll be fun.",take a swim for a couple minutes. You want to?,that wonderful-looking pool right now. You should come.,the water to wash off this sand. I want you to come with.,-0.040,0.932,-0.310,-0.850,-0.514,27.365447,0.638926,0.444433,12.162095,0.283959,61.247154,0.903474,0.000000,27.220228,0.401533
test.enc.prompt.txt::01848,test.enc.prompt.txt::01848__row1316,Yes sir. Negative,1.0,content_diversity,"readings on every dial, we are good to go.",emotions hinder my performance - got it!,"on every count, he is not your man.","not positive, is that a good or a bad sign?",images will be developed as soon as possible,-0.013,0.961,-0.103,-0.557,-0.192,20.948340,0.628816,0.386298,8.092296,0.242910,48.841764,1.391477,0.000000,18.867462,0.537524
test.enc.prompt.txt::01848,test.enc.prompt.txt::01848__row1317,Yes sir. Negative,0.0,content_diversity,is that better than it being positive?,"not positive, should we be happy about that?","not positive, that's fabulous news","not positive, just the outcome we were hoping for.","is wonderful news, thank goodness it wasn't positive.",-0.035,0.950,-0.301,-0.930,-0.511,35.406681,0.936197,0.399230,14.135408,0.373758,25.954453,0.570543,0.000000,10.361795,0.227778
test.enc.prompt.txt::01849,test.enc.prompt.txt::01849__row1318,"Sorry, sir, you",1.0,content_diversity,forgot your wallet.,can't talk like that in here.,don't have a reservation and we're totally booked.,have called the wrong number.,need to make an appointment to meet with a doctor.,-0.005,0.981,-0.182,-0.649,-0.173,0.586928,0.025879,0.567967,0.333356,0.014698,39.361386,0.527845,0.000000,22.355987,0.299799
test.enc.prompt.txt::01849,test.enc.prompt.txt::01849__row1319,"Sorry, sir, you",0.0,content_diversity,need to book a table ahead of time.,can't get a table without a reservation.,should call to get a table next time.,"won't be able to dine tonight, all tables are booked.","should have called ahead, we're booked.",-0.052,0.919,-0.313,-0.862,-0.571,19.030377,0.446041,0.512626,9.755462,0.228652,40.844997,0.726632,0.000000,20.938200,0.372490
test.enc.prompt.txt::01850,test.enc.prompt.txt::01850__row1320,Commander? Are you,1.0,content_diversity,feeling all right? You look a little pale.,in the right place? I don't think anyone summoned you.,"serious? A promotion? You deserve it, sir!",the officer who was stationed at Edwards in the seventies?,waiting for a delivery? Because I think it's here.,-0.017,0.963,-0.095,-0.647,-0.134,8.310858,0.213962,0.512031,4.255418,0.109555,73.575471,1.185662,0.000000,37.672936,0.607096
test.enc.prompt.txt::01850,test.enc.prompt.txt::01850__row1321,Commander? Are you,0.0,content_diversity,not feeling well? You don't look at all well.,under the weather? You're green around the gills.,running a fever or something? You're sweating buckets.,coming down with something? I don't like your coloring.,"sure you want to go, sir? I mean, given your illness and all.",-0.012,0.970,-0.232,-0.693,-0.241,-10.106159,-0.116964,0.556547,-5.624552,-0.065096,69.334082,0.896574,0.000000,38.587670,0.498985
test.enc.prompt.txt::01851,test.enc.prompt.txt::01851__row1322,But see tonight,1.0,content_diversity,I am going to be too busy to help.,I have my first date with my dream girl.,I need to wash my hair.,just doesn't fit my schedule.,I start a second job.,-0.035,0.953,-0.324,-0.687,-0.173,3.219375,-0.012262,0.338368,1.089335,-0.004149,24.359576,1.289048,0.000000,8.242510,0.436173
test.enc.prompt.txt::01851,test.enc.prompt.txt::01851__row1323,But see tonight,0.0,content_diversity,there are no open slots on my calendar.,"there is just no way to fit you in,",I am busy until bedtime.,I will be absolutely swamped.,my time is not my own.,-0.016,0.964,-0.227,-0.665,-0.295,30.514607,0.952674,0.332810,10.155557,0.317059,20.219527,0.743950,0.000000,6.729255,0.247594
test.enc.prompt.txt::01852,test.enc.prompt.txt::01852__row1324,Mr. Sonrisa saw,1.0,content_diversity,what you did.,a man approach his wife.,an accident on his way to work.,something.,thieves fleeing the scene of the crime.,-0.003,0.983,-0.355,-0.576,-0.086,-7.026423,-0.174495,0.463799,-3.258851,-0.080931,26.398669,2.591458,0.000000,12.243688,1.201917
test.enc.prompt.txt::01852,test.enc.prompt.txt::01852__row1325,Mr. Sonrisa saw,0.0,content_diversity,"a car accident, today.",a wreck on the highway.,two cars collide.,a car crash into the median.,a car get nailed during his commute to work.,-0.047,0.937,-0.461,-0.818,-0.452,-8.865296,0.078987,0.421055,-3.732777,0.033258,57.026553,0.779656,0.000000,24.011311,0.328278
test.enc.prompt.txt::01853,test.enc.prompt.txt::01853__row1326,"Look, that thing",1.0,content_diversity,is so shiny,is moving so fast,is the biggest I have ever seen,should be in museum,is pretty,-0.040,0.960,-0.173,-0.650,-0.312,13.798622,0.323687,0.476683,6.577565,0.154296,32.289697,1.275411,0.000000,15.391941,0.607966
test.enc.prompt.txt::01853,test.enc.prompt.txt::01853__row1327,"Look, that thing",0.0,content_diversity,shouldn't be here,should be protected,belongs to the museum,should be exhibited,should be an exhibit,-0.082,0.708,-0.331,-0.767,-0.390,20.179216,1.036330,0.413237,8.338796,0.428250,10.933918,0.585781,0.000000,4.518298,0.242066
test.enc.prompt.txt::01854,test.enc.prompt.txt::01854__row1328,This is what,1.0,content_diversity,i have left,we are eating tonight,i want,i need in my life,i was talking about,-0.037,0.967,-0.223,-0.641,-0.264,12.155544,1.062368,0.374611,4.553603,0.397975,25.090830,1.318127,0.000000,9.399306,0.493785
test.enc.prompt.txt::01854,test.enc.prompt.txt::01854__row1329,This is what,0.0,content_diversity,im not sure what it is that i want,do you think you know what i need and want?,what is it that i am wanting,i need and want so much,"i need, no want this",-0.068,0.898,-0.227,-0.920,-0.577,34.479580,1.013927,0.301775,10.405068,0.305978,36.773404,1.587055,0.000000,11.097286,0.478933
test.enc.prompt.txt::01855,test.enc.prompt.txt::01855__row1330,Some of us,1.0,content_diversity,have to work for a living.,have a conscience.,don't care what other people think.,like warmer weather.,listen to loud music.,-0.014,0.973,-0.271,-0.589,-0.146,-8.891452,-0.522339,0.480301,-4.270572,-0.250880,16.047626,1.347662,0.000000,7.707690,0.647283
test.enc.prompt.txt::01855,test.enc.prompt.txt::01855__row1331,Some of us,0.0,content_diversity,prefer higher temperatures.,like to be hot.,prefer the warm air.,like more comfortable weather.,like sunlight.,-0.025,0.765,-0.454,-0.825,-0.612,12.755522,0.353186,0.336089,4.286989,0.118702,15.799214,1.414772,0.000000,5.309940,0.475489
test.enc.prompt.txt::01856,test.enc.prompt.txt::01856__row1332,But I'm afraid,1.0,content_diversity,of spiders when they sneak up on me like that.,of being in the dark.,of going to the hospital.,to even try doing that.,I do not have all of the answers.,-0.035,0.958,-0.220,-0.583,-0.187,-16.271343,-0.350145,0.479447,-7.801253,-0.167876,42.179464,1.059758,0.000000,20.222834,0.508098
test.enc.prompt.txt::01856,test.enc.prompt.txt::01856__row1333,But I'm afraid,0.0,content_diversity,of trying to accomplish that.,to attempt that action.,of attempting to engage in that activity.,of giving that a shot.,of endeavoring that achievement.,-0.076,0.928,-0.476,-0.910,-0.673,14.366683,0.484568,0.380265,5.463143,0.184264,24.482669,0.904054,0.000000,9.309896,0.343780
test.enc.prompt.txt::01857,test.enc.prompt.txt::01857__row1334,What're you lookin',1.0,content_diversity,at you asshole,for darling,for in the comic book store,to do after you graduate,to sell,-0.017,0.967,-0.026,-0.599,-0.178,17.938767,0.347231,0.373754,6.704684,0.129779,22.128596,2.156946,0.000000,8.270649,0.806167
test.enc.prompt.txt::01857,test.enc.prompt.txt::01857__row1335,What're you lookin',0.0,content_diversity,to do after uni,to do with your life after university,to do when you graduate,to do once you finish your degree,to do once you get your diploma,-0.156,0.825,-0.399,-0.867,-0.610,29.624262,1.148047,0.419061,12.414385,0.481102,18.226529,0.938588,0.000000,7.638035,0.393326
test.enc.prompt.txt::01858,test.enc.prompt.txt::01858__row1336,Which means I,1.0,content_diversity,no longer care about him.,would really like to go on a date with you.,care about this cause.,have nothing left to say.,"really, really love dogs!",-0.021,0.963,-0.237,-0.583,-0.123,-7.188267,-0.268096,0.451501,-3.245509,-0.121045,23.532917,1.321413,0.000000,10.625133,0.596619
test.enc.prompt.txt::01858,test.enc.prompt.txt::01858__row1337,Which means I,0.0,content_diversity,am lost for words.,have no more to tell you.,ran out of things I could say.,no longer have anything left to speak about.,have no more words to express myself further on the matter.,-0.037,0.935,-0.247,-0.763,-0.732,5.193334,0.277050,0.473938,2.461320,0.131305,39.347364,0.815530,0.000000,18.648227,0.386511
test.enc.prompt.txt::01859,test.enc.prompt.txt::01859__row1338,What's with you?,1.0,content_diversity,Your face is pale.,Are you mad?,Have you been eating well?,You're never like this!,Where are you going?,-0.015,0.980,-0.189,-0.668,-0.206,-3.578060,-0.302705,0.492482,-1.762131,-0.149077,25.223704,1.324287,0.000000,12.422226,0.652188
test.enc.prompt.txt::01859,test.enc.prompt.txt::01859__row1339,What's with you?,0.0,content_diversity,Are you upset with me?,Are you angry?,Have you got a problem?,It seems like you are mad.,Are you unhappy?,-0.089,0.922,-0.495,-0.714,-0.619,1.749242,0.037856,0.496986,0.869348,0.018814,32.626318,0.839496,0.000000,16.214810,0.417217
test.enc.prompt.txt::01860,test.enc.prompt.txt::01860__row1340,Damn... Are you,1.0,content_diversity,pregnant or something?,on a diet because you look great?,going to the party still?,going out with that guy?,afraid of spiders too?,-0.004,0.992,-0.142,-0.668,-0.155,9.117708,0.249395,0.494843,4.511836,0.123412,28.189678,0.869984,0.000000,13.949471,0.430506
test.enc.prompt.txt::01860,test.enc.prompt.txt::01860__row1341,Damn... Are you,0.0,content_diversity,dating that dude?,seeing that man?,together with him?,and him a couple?,courting him?,-0.015,0.773,-0.394,-0.737,-0.503,14.269982,0.729291,0.308515,4.402501,0.224997,9.465163,1.130522,0.000000,2.920144,0.348783
test.enc.prompt.txt::01861,test.enc.prompt.txt::01861__row1342,What else can,1.0,content_diversity,you do but cry it out,laugh about it,i say ?,"we do, i am so sorry",should i get?,-0.021,0.971,0.013,-0.663,-0.311,2.428598,0.502641,0.205109,0.498126,0.103096,27.454508,2.764623,0.000000,5.631154,0.567048
test.enc.prompt.txt::01861,test.enc.prompt.txt::01861__row1343,What else can,0.0,content_diversity,can i get anything else,anything else i should get,can i bring something else?,what else needs to be gotten,should we get something ?,-0.061,0.904,-0.342,-0.877,-0.657,40.373338,1.522846,0.271176,10.948265,0.412959,43.946982,1.658126,0.000000,11.917350,0.449643
test.enc.prompt.txt::01862,test.enc.prompt.txt::01862__row1344,"Look, we gotta",1.0,content_diversity,get out of here or we are goners.,compromise on  some things or this will  never work out between us.,name the baby its a week old.,go back I forgot the bank card..,quit these capers I am tired of gong to jail.,-0.012,0.977,-0.078,-0.556,-0.177,7.279988,0.469198,0.349940,2.547559,0.164191,77.881880,1.634708,0.000000,27.253985,0.572050
test.enc.prompt.txt::01862,test.enc.prompt.txt::01862__row1345,"Look, we gotta",0.0,content_diversity,agree to disagree on a few things or we aren't going to get along.,give each other a few breaks if we don't want to end up single again.,stop the constant arguing or I'll leave.,tone it down or this won't wok,learn to live with each other.,-0.027,0.950,-0.107,-0.680,-0.320,22.847154,0.450668,0.476375,10.883802,0.214687,67.416190,1.709874,0.000000,32.115357,0.814540
test.enc.prompt.txt::01863,test.enc.prompt.txt::01863__row1346,Goodnight Bears. Goodnight,1.0,content_diversity,everyone,and see you tomorrow,tomorrow is a new day,will text you in the morning,have a successful next day,-0.017,0.962,-0.048,-0.714,-0.384,14.243995,0.533961,0.386384,5.503648,0.206314,42.816697,1.325529,0.000000,16.543676,0.512163
test.enc.prompt.txt::01863,test.enc.prompt.txt::01863__row1347,Goodnight Bears. Goodnight,0.0,content_diversity,and I'll text you back tomorrow,", talk to you tomorrow",", ttyl (talk to you later)",", we can keep talking tomorrow",", see you tomorrow",-0.084,0.908,-0.327,-0.876,-0.623,44.130273,1.736194,0.321077,14.169198,0.557451,52.809527,1.483000,0.000000,16.955904,0.476157
test.enc.prompt.txt::01864,test.enc.prompt.txt::01864__row1348,Because we can't.,1.0,content_diversity,We cannot afford to buy it.,There is not enough time to do it.,So we won't.,If we cannot do it then that is just how it is.,It is impossible.,-0.036,0.930,-0.336,-0.746,-0.430,10.171634,0.437316,0.477466,4.856611,0.208804,56.200492,1.519293,0.000000,26.833834,0.725411
test.enc.prompt.txt::01864,test.enc.prompt.txt::01864__row1349,Because we can't.,0.0,content_diversity,We do not have the money to purchase it.,We cannot buy it because we cannot afford it.,The money is not available for us to make that purchase.,We are lacking the funds necessary to buy that item.,The money we would need to buy that thing is simply not there.,-0.059,0.902,-0.475,-0.942,-0.858,25.263951,0.526188,0.534586,13.505748,0.281293,37.105944,0.439601,0.000000,19.836310,0.235004
test.enc.prompt.txt::01865,test.enc.prompt.txt::01865__row1350,"Don't worry, I'm",1.0,content_diversity,vegan,not gonna hurt you,qualified nurse,professional driver,gonna start slowly,-0.006,0.783,-0.174,-0.591,-0.146,8.430680,0.688534,0.295940,2.494979,0.203765,34.056373,3.463120,0.000000,10.078657,1.024877
test.enc.prompt.txt::01865,test.enc.prompt.txt::01865__row1351,"Don't worry, I'm",0.0,content_diversity,not gonna do anything bad,careful,know what I'm doing,qualified to do the job,confident that you won't feel a thing,-0.004,0.991,-0.180,-0.671,-0.292,-2.317936,0.561333,0.473936,-1.098553,0.266036,38.870317,0.935696,0.000000,18.422040,0.443460
test.enc.prompt.txt::01866,test.enc.prompt.txt::01866__row1352,"So, what, you",1.0,content_diversity,"don't speak to your parents anymore, is that it?",think you can just refuse to accept responsibility and it'll all go away?,fancy yourself some kind of musician now? A rock star?,"don't think you're leaving, do you? You'd better not!",actually want to spend more time with them? They're philistines!,-0.010,0.984,-0.057,-0.681,-0.197,8.205382,0.185990,0.528638,4.337676,0.098321,44.641912,0.585943,0.000000,23.599410,0.309752
test.enc.prompt.txt::01866,test.enc.prompt.txt::01866__row1353,"So, what, you",0.0,content_diversity,genuinely plan to visit them again? They're rubes!,"are serious when you say you like those, those hillbillies?",honestly enjoy the company of lowlifes like that?,"think jerks like that are your kind of people, huh? Is that it?","really want to accept their invitation, idiots like that? You're nuts.",-0.021,0.960,-0.194,-0.766,-0.378,23.501940,0.531262,0.410488,9.647269,0.218077,51.960752,0.856064,0.000000,21.329276,0.351404
test.enc.prompt.txt::01867,test.enc.prompt.txt::01867__row1354,Am I s'posed,1.0,content_diversity,to believe you,to stand up for myself,to just cry,to give up,to crush your dreams,-0.062,0.944,-0.228,-0.744,-0.255,7.603872,0.855020,0.409602,3.114558,0.350218,23.733629,1.042430,0.000000,9.721333,0.426981
test.enc.prompt.txt::01867,test.enc.prompt.txt::01867__row1355,Am I s'posed,0.0,content_diversity,to trust you,to let you lead me,to have confidence in you,to think you're saying the truth,to think you're honest,-0.085,0.893,-0.362,-0.807,-0.535,21.743301,0.922792,0.435610,9.471597,0.401977,27.974699,0.963217,0.000000,12.186056,0.419587
test.enc.prompt.txt::01868,test.enc.prompt.txt::01868__row1356,So now you,1.0,content_diversity,feel differently about our relationship.,do not care about me anymore.,want to go on yet another vacation.,know how it is done.,understand the meaning of life.,-0.004,0.993,-0.213,-0.668,-0.133,7.209540,0.230891,0.500697,3.609797,0.115607,23.581039,1.192469,0.000000,11.806962,0.597066
test.enc.prompt.txt::01868,test.enc.prompt.txt::01868__row1357,So now you,0.0,content_diversity,understand how to do it.,comprehend the way to accomplish that.,realize what you need to do.,see the means by which it is accomplished.,the steps that must be taken for that to be completed.,-0.039,0.938,-0.332,-0.861,-0.697,2.716170,0.349459,0.486336,1.320971,0.169954,83.588158,0.994424,0.000000,40.651940,0.483624
test.enc.prompt.txt::01869,test.enc.prompt.txt::01869__row1358,So what are,1.0,content_diversity,we gonna do with his head,plans for tomorrow,you going to do when he asks you,you waiting for,your deepest fears,-0.017,0.965,-0.085,-0.614,-0.292,5.180470,0.107533,0.527708,2.733773,0.056746,37.577712,1.608378,0.000000,19.830043,0.848753
test.enc.prompt.txt::01869,test.enc.prompt.txt::01869__row1359,So what are,0.0,content_diversity,planning for tomorrow,you want to do tomorrow,your plans,we doing tomorrow night,we gonna do,-0.026,0.953,-0.307,-0.813,-0.571,7.347201,0.330017,0.485963,3.570468,0.160376,28.347551,0.955464,0.000000,13.775861,0.464320
test.enc.prompt.txt::01870,test.enc.prompt.txt::01870__row1360,I haven't been,1.0,content_diversity,to the zoo in over a year.,eating very well.,taking care or myself.,keeping up with the gossip.,this happy in a long time.,-0.010,0.976,-0.197,-0.609,-0.145,-1.854858,0.018596,0.502482,-0.932033,0.009344,22.057239,0.807910,0.000000,11.083371,0.405960
test.enc.prompt.txt::01870,test.enc.prompt.txt::01870__row1361,I haven't been,0.0,content_diversity,as pleased as I am now for ages.,so content for an extended duration.,joyful like this for a protracted period.,such joy for eons.,happiness like this in quite awhile.,-0.029,0.954,-0.194,-0.823,-0.714,25.245095,0.869902,0.346227,8.740543,0.301184,35.330545,2.258886,0.000000,12.232401,0.782088
test.enc.prompt.txt::01871,test.enc.prompt.txt::01871__row1362,We got separated,1.0,content_diversity,at the train station.,at birth.,when I moved halfway across the world.,while we were shopping at the supermarket.,from the fight.,-0.046,0.945,-0.358,-0.557,-0.189,-4.913111,-0.765047,0.496086,-2.437323,-0.379529,35.054682,2.470729,0.000000,17.390121,1.225693
test.enc.prompt.txt::01871,test.enc.prompt.txt::01871__row1363,We got separated,0.0,content_diversity,while doing our grocery shopping.,when we were at Safeway buying our groceries.,as we were doing our food shop.,when we went in different directions at the grocery store.,from each other at Fred Meyer.,-0.045,0.925,-0.373,-0.791,-0.381,15.304460,0.330314,0.507759,7.770973,0.167720,33.260626,1.134487,0.000000,16.888372,0.576046
test.enc.prompt.txt::01872,test.enc.prompt.txt::01872__row1364,"Yeah, I catch",1.0,content_diversity,ghosts for living,liars and cheaters,everyone who thinks is too smart,criminals,ball,0.000,1.000,-0.104,-0.626,-0.141,22.858552,0.398450,0.274197,6.267753,0.109254,48.087516,4.782036,0.000000,13.185468,1.311221
test.enc.prompt.txt::01872,test.enc.prompt.txt::01872__row1365,"Yeah, I catch",0.0,content_diversity,everyone overconfident,everyone too cocky,those who believe they are smart,people who believe they are smarter than everyone,those who behave overconfident,-0.076,0.824,-0.370,-0.741,-0.538,39.090920,1.456174,0.394711,15.429630,0.574768,22.186051,1.387306,0.000000,8.757086,0.547585
test.enc.prompt.txt::01873,test.enc.prompt.txt::01873__row1366,See you're back,1.0,content_diversity,to school again.,on the booze now.,to doing your gym workouts.,at your job again.,to planet earth again.,-0.036,0.950,-0.358,-0.672,-0.228,-0.754753,-0.120508,0.410997,-0.310201,-0.049528,38.835392,1.669272,0.000000,15.961211,0.686065
test.enc.prompt.txt::01873,test.enc.prompt.txt::01873__row1367,See you're back,0.0,content_diversity,to your place of employment.,working again.,at work after being off.,to doing your job.,in the office working.,-0.016,0.970,-0.284,-0.851,-0.542,2.237201,0.141368,0.456974,1.022343,0.064602,20.499893,0.406479,0.000000,9.367924,0.185750
test.enc.prompt.txt::01874,test.enc.prompt.txt::01874__row1368,It turned up,1.0,content_diversity,louder,on repeat because i like it,missing,in the yard,near the water,-0.007,0.986,-0.191,-0.582,-0.200,5.804387,0.664314,0.289892,1.682643,0.192579,55.202663,2.743627,0.000000,16.002789,0.795354
test.enc.prompt.txt::01874,test.enc.prompt.txt::01874__row1369,It turned up,0.0,content_diversity,its in our yard,oh i think its in this yard,i saw it near the yard,the yard has to be cut,i like seeing flowers in our yard,-0.089,0.885,-0.290,-0.885,-0.486,38.444548,1.921457,0.212411,8.166039,0.408138,46.570773,1.065852,0.000000,9.892138,0.226399
test.enc.prompt.txt::01875,test.enc.prompt.txt::01875__row1370,But she does,1.0,content_diversity,not like when guys come onto her like that.,"have experience in this field, that's what I've been trying to say.","act awfully bizarre sometimes, don't you think?","look almost exactly like her mother, in my opinion.",desperately try to elicit sympathy from people.,-0.010,0.977,-0.145,-0.606,-0.119,-0.789165,-0.068929,0.473888,-0.373976,-0.032665,29.822966,0.678193,0.000000,14.132750,0.321388
test.enc.prompt.txt::01875,test.enc.prompt.txt::01875__row1371,But she does,0.0,content_diversity,"have kind of a strange personality, am I right?","stray quite a bit from the norm, to say the least.","have a very odd way of acting on occasion, I've noticed.","set herself apart from regular folk, what with her offbeat behavior.",have probably the weirdest affect of anyone I've ever known.,-0.025,0.962,-0.104,-0.766,-0.565,20.718002,0.366319,0.454168,9.409457,0.166370,45.723650,0.363924,0.000000,20.766226,0.165283
test.enc.prompt.txt::01876,test.enc.prompt.txt::01876__row1372,And so should,1.0,content_diversity,you and your family,everyone,his dog,your parrot,his grandma,-0.017,0.764,-0.271,-0.576,-0.160,11.610868,1.528074,0.295238,3.427966,0.451145,15.602731,1.362840,0.000000,4.606515,0.402362
test.enc.prompt.txt::01876,test.enc.prompt.txt::01876__row1373,And so should,0.0,content_diversity,you and your parents,your family and you,your whole family,everyone related to you,you and everyone who lives with you,-0.077,0.897,-0.229,-0.761,-0.674,16.533782,0.929298,0.456609,7.549470,0.424326,19.279742,0.552288,0.000000,8.803299,0.252180
test.enc.prompt.txt::01877,test.enc.prompt.txt::01877__row1374,"Well, it's over",1.0,content_diversity,"for the time being at least, which is a relief.","the stupidest thing, so I don't know what she's so angry about.","the bridge and several blocks past the main drag, more or less.",and above the most amazing engagement ring I've ever seen.,"six weeks since you last spoke to them, so it might be time to call.",-0.021,0.969,-0.055,-0.555,-0.136,-2.544378,-0.024613,0.526910,-1.340658,-0.012969,50.433031,0.372813,0.000000,26.573670,0.196439
test.enc.prompt.txt::01877,test.enc.prompt.txt::01877__row1375,"Well, it's over",0.0,content_diversity,the St. Thomas and three blocks beyond Algonquin.,the new bridge and then just a block or two after the boulevard.,Christopher Avenue bridge and a couple of blocks from Whitney.,that bridge straight ahead and then right off Bridge Street.,the bridge with the construction work going on then one street after Simon.,-0.048,0.936,-0.312,-0.839,-0.370,15.838265,0.338038,0.389112,6.162865,0.131535,49.966563,0.798574,0.000000,19.442609,0.310735
test.enc.prompt.txt::01878,test.enc.prompt.txt::01878__row1376,Big part of,1.0,content_diversity,wedding,this building,my plan should go smooth,me belongs to you,his leg is damaged,0.000,1.000,-0.111,-0.563,-0.139,9.430543,0.378593,0.329429,3.106695,0.124720,46.565430,1.838671,0.000000,15.340005,0.605712
test.enc.prompt.txt::01878,test.enc.prompt.txt::01878__row1377,Big part of,0.0,content_diversity,his leg is broken,his leg is hurt,leg is missing,leg is mutilated,his leg is gone,-0.257,0.547,-0.497,-0.958,-0.647,31.954491,2.083664,0.262825,8.398435,0.547639,17.508347,1.073966,0.000000,4.601629,0.282265
test.enc.prompt.txt::01879,test.enc.prompt.txt::01879__row1378,Help... Lemme go...,1.0,content_diversity,I won't snitch you,I will forget everything,my hands hurt so bad,I need a break,I think I will throw up,-0.045,0.945,-0.232,-0.645,-0.253,13.661595,0.758553,0.416763,5.693654,0.316137,34.416097,2.056569,0.000000,14.343372,0.857103
test.enc.prompt.txt::01879,test.enc.prompt.txt::01879__row1379,Help... Lemme go...,0.0,content_diversity,I won't report you,I won't call the police,I won't call cops,I won't tell anyone,I won't say what you've done,-0.164,0.851,-0.546,-0.784,-0.707,17.531993,1.074973,0.474168,8.313107,0.509717,36.174235,1.320022,0.000000,17.152658,0.625912
test.enc.prompt.txt::01880,test.enc.prompt.txt::01880__row1380,"Say the words,",1.0,content_diversity,and I will forgive you,and try to convince him,and you're dead,and maybe he comes to you,and maybe you catch it,-0.066,0.923,-0.286,-0.660,-0.311,8.899963,0.488616,0.397333,3.536246,0.194143,15.267301,0.534156,0.000000,6.066197,0.212238
test.enc.prompt.txt::01880,test.enc.prompt.txt::01880__row1381,"Say the words,",0.0,content_diversity,and youre done,and you're finished,and you will die,and I'll kill you,and your life has come to an end,-0.055,0.955,-0.364,-0.740,-0.512,12.091016,0.853988,0.384668,4.651022,0.328501,27.756485,1.650459,0.000000,10.677021,0.634878
test.enc.prompt.txt::01881,test.enc.prompt.txt::01881__row1382,What about the,1.0,content_diversity,blood soaked into the rug?,guy standing outside the window peeking in?,all of the promises we made to each other?,girl you were flirting with at the bar?,reservation at the restaurant?,-0.040,0.963,-0.260,-0.665,-0.116,11.704858,0.129036,0.443001,5.185269,0.057163,33.506516,1.090197,0.000000,14.843435,0.482959
test.enc.prompt.txt::01881,test.enc.prompt.txt::01881__row1383,What about the,0.0,content_diversity,things we swore we meant?,plans we discussed for so long and so many different times?,agreements that we repeatedly said we would both keep?,late nights with all of those breathy words and vows of forever?,praises we sang to our friends and families about our lives together?,-0.030,0.959,-0.090,-0.737,-0.362,16.827695,0.350554,0.370890,6.241215,0.130017,70.719165,1.087934,0.000000,26.228996,0.403503
test.enc.prompt.txt::01882,test.enc.prompt.txt::01882__row1384,At least he,1.0,content_diversity,care enough to tell you to your face.,did not eat all of the ice cream.,does seem to understand the situation.,will being moving out of my house within the next couple of weeks.,is somewhat good looking.,-0.016,0.969,-0.159,-0.523,-0.199,-0.802378,-0.241566,0.488608,-0.392048,-0.118031,68.324750,0.498040,0.000000,33.384023,0.243346
test.enc.prompt.txt::01882,test.enc.prompt.txt::01882__row1385,At least he,0.0,content_diversity,doesn't look half bad at all.,has decent looks.,has a nice enough appearance.,is fairly high in the looks department.,looks pretty good.,-0.021,0.975,-0.406,-0.798,-0.663,17.717881,0.497734,0.396853,7.031393,0.197527,43.727848,0.590080,0.000000,17.353526,0.234175
test.enc.prompt.txt::01883,test.enc.prompt.txt::01883__row1386,Only one I,1.0,content_diversity,would choose myself.,could pay for in full.,like the smell of,feel will flatter my figure.,can put together myself.,-0.006,0.990,-0.245,-0.642,-0.307,6.486556,0.360231,0.347166,2.251909,0.125060,30.861646,0.674499,0.000000,10.714100,0.234163
test.enc.prompt.txt::01883,test.enc.prompt.txt::01883__row1387,Only one I,0.0,content_diversity,think looks good on me.,feel skinny wearing.,can strut my stuff in.,get whistled at when wearing.,turn heads in.,-0.010,0.981,-0.294,-0.667,-0.316,20.163296,0.711199,0.230748,4.652650,0.164108,30.524010,0.990847,0.000000,7.043369,0.228636
test.enc.prompt.txt::01884,test.enc.prompt.txt::01884__row1388,I say hang,1.0,content_diversity,"out with me today, you wont be sad",back and wait,on a minute,the rope outside,the flag,-0.008,0.989,0.014,-0.588,-0.205,3.800967,0.341363,0.415797,1.580432,0.141938,80.992077,1.430358,0.000000,33.676281,0.594739
test.enc.prompt.txt::01884,test.enc.prompt.txt::01884__row1389,I say hang,0.0,content_diversity,our flag is awesome,whenever i see our flag i get happy,the big flag looks good,i love that flag,this flag is nice,-0.066,0.916,-0.403,-0.934,-0.667,49.384527,2.280176,0.244115,12.055511,0.556626,41.168484,0.792380,0.000000,10.049850,0.193432
test.enc.prompt.txt::01885,test.enc.prompt.txt::01885__row1390,"Yeah, I can",1.0,content_diversity,jog two miles in ten minutes.,see what you mean.,understand why you would not want to live in Alaska.,really dig that.,not believe that this is happening.,-0.013,0.972,-0.160,-0.648,-0.149,-12.500557,-0.555292,0.547129,-6.839416,-0.303816,47.863313,1.605241,0.000000,26.187403,0.878274
test.enc.prompt.txt::01885,test.enc.prompt.txt::01885__row1391,"Yeah, I can",0.0,content_diversity,comprehend what you are saying.,understand the meaning behind what you say.,know what you're trying to convey.,get the meaning of your words.,fathom the reasoning behind what you're telling me.,-0.054,0.914,-0.458,-0.913,-0.706,13.847950,0.499650,0.528194,7.314408,0.263913,37.180347,0.491395,0.000000,19.638447,0.259552
test.enc.prompt.txt::01886,test.enc.prompt.txt::01886__row1392,Right after you,1.0,content_diversity,finish your breakfast.,leave for work.,find your glasses.,change out of your school clothes.,tell your friend to go home.,-0.029,0.971,-0.363,-0.674,-0.238,-6.307650,-0.056796,0.386250,-2.436332,-0.021937,29.675234,1.032044,0.000000,11.462071,0.398627
test.enc.prompt.txt::01886,test.enc.prompt.txt::01886__row1393,Right after you,0.0,content_diversity,send your company home.,say  your farewells and see them to the door.,tell them its time for them to go home.,"politely ask your visitors to leave now,",inform  your pal they wore out there welcome.,-0.035,0.951,-0.173,-0.752,-0.492,23.875504,0.683922,0.340724,8.134966,0.233029,78.637831,1.274181,0.000000,26.793825,0.434144
test.enc.prompt.txt::01887,test.enc.prompt.txt::01887__row1394,"So, how do",1.0,content_diversity,you think you'll do it,you not like him,you read so much,know a lot about physics,you think we're gonna win,-0.036,0.954,-0.186,-0.616,-0.154,17.254560,1.035957,0.388996,6.711956,0.402983,35.727353,1.580550,0.000000,13.897801,0.614828
test.enc.prompt.txt::01887,test.enc.prompt.txt::01887__row1395,"So, how do",0.0,content_diversity,you know we're gonna win,you think we are going to win the match,you know we're gonna be winners,you think we're about to win,you know we can win this,-0.132,0.832,-0.618,-0.957,-0.784,34.827947,1.172844,0.429608,14.962374,0.503863,21.323993,0.600758,0.000000,9.160964,0.258090
test.enc.prompt.txt::01888,test.enc.prompt.txt::01888__row1396,Don't believe everything,1.0,content_diversity,you see on television. It's not real.,you read in the news. Some of it is fake.,you hear about vaccines. They're safe.,about history. It's written by people who profit somehow.,you hear about me. Most people don't know themselves.,-0.041,0.943,-0.294,-0.720,-0.249,-1.878397,0.054512,0.558102,-1.048338,0.030424,83.770417,1.130851,0.000000,46.752471,0.631131
test.enc.prompt.txt::01888,test.enc.prompt.txt::01888__row1397,Don't believe everything,0.0,content_diversity,concerning history. It's written by people with agendas.,you hear about history. It's written by people with ulterior motives.,about history. It's written for profit.,about history. It's written with ill intent.,you ever heard about history. It's written by people's motives.,-0.310,0.666,-0.613,-0.970,-0.519,25.751016,0.636797,0.459879,11.842343,0.292849,53.952293,0.815227,0.000000,24.811509,0.374906
test.enc.prompt.txt::01889,test.enc.prompt.txt::01889__row1398,You left out,1.0,content_diversity,the biggest part of story,your parents,your dog jumping on that kid,his sister,my friends' teacher,-0.006,0.989,-0.237,-0.588,-0.181,9.262436,0.494081,0.310454,2.875561,0.153390,56.077889,1.584128,0.000000,17.409608,0.491799
test.enc.prompt.txt::01889,test.enc.prompt.txt::01889__row1399,You left out,0.0,content_diversity,the major part,the most important part,the crucial part,the vital part,the key part,-0.126,0.700,-0.649,-0.888,-0.784,21.360080,1.436451,0.531769,11.358619,0.763860,7.280942,0.577364,0.000000,3.871776,0.307024
test.enc.prompt.txt::01350,test.enc.prompt.txt::01350__row1400,"Look, snap out",1.0,content_diversity,of it,of the shirt,of the mood,of the trance,of your addiction,-0.123,0.470,-0.332,-0.703,-0.297,6.534667,0.728453,0.479392,3.132669,0.349215,28.810255,1.767237,0.000000,13.811413,0.847200
test.enc.prompt.txt::01350,test.enc.prompt.txt::01350__row1401,"Look, snap out",0.0,content_diversity,of your current feels,of your worries,of your emotions,of your depression,of your current baggage,-0.227,0.582,-0.464,-0.805,-0.360,10.715156,0.700168,0.451927,4.842469,0.316425,30.425478,1.148702,0.000000,13.750096,0.519129
test.enc.prompt.txt::01351,test.enc.prompt.txt::01351__row1402,Do you love,1.0,content_diversity,me as a friend,my friends,to hang out in the nature,to paint,watching horror movies,-0.006,0.988,-0.252,-0.670,-0.197,13.224582,0.970949,0.429052,5.674032,0.416587,25.951635,1.443092,0.000000,11.134600,0.619161
test.enc.prompt.txt::01351,test.enc.prompt.txt::01351__row1403,Do you love,0.0,content_diversity,to hang out outside,to spend time in the nature,to be in the nature,to spend time outside,to be outside the house,-0.124,0.810,-0.513,-0.822,-0.674,23.142664,1.097229,0.484765,11.218758,0.531899,15.496842,0.757578,0.000000,7.512329,0.367248
test.enc.prompt.txt::01352,test.enc.prompt.txt::01352__row1404,They hurt his,1.0,content_diversity,dog and he's looking for revenge,feelings,mom and dad,friends so he is sad,cats,-0.005,0.988,-0.110,-0.589,-0.109,3.564854,-0.180330,0.364809,1.300490,-0.065786,52.335059,3.024922,0.000000,19.092287,1.103518
test.enc.prompt.txt::01352,test.enc.prompt.txt::01352__row1405,They hurt his,0.0,content_diversity,dog and he wants to get revenge,dog and he's about to revenge him,dog and he wants vengeance,dog and he's looking for vendetta,dog and he wants to avenge him,-0.235,0.713,-0.670,-0.965,-0.870,32.210369,1.052734,0.451310,14.536863,0.475110,40.157296,1.155174,0.000000,18.123391,0.521342
test.enc.prompt.txt::01353,test.enc.prompt.txt::01353__row1406,"Yeah, maybe so.",1.0,content_diversity,you should behave more accordingly,where are we going for dinner,what do you think about the weather these days,do you believe in ghosts,how can i help you,-0.027,0.965,-0.127,-0.603,-0.128,20.014083,0.570655,0.421340,8.432737,0.240440,55.780933,1.340271,0.000000,23.502747,0.564710
test.enc.prompt.txt::01353,test.enc.prompt.txt::01353__row1407,"Yeah, maybe so.",0.0,content_diversity,where are we going to eat,where are we eating,are we eating here tonight,what is the plan for tonight,where are we going to dine,-0.191,0.718,-0.463,-0.833,-0.654,42.259529,1.725047,0.324374,13.707904,0.559561,25.537553,0.848728,0.000000,8.283725,0.275306
test.enc.prompt.txt::01354,test.enc.prompt.txt::01354__row1408,We're looking for,1.0,content_diversity,strong young man,dedicated worker willing to learn,"a small dog, he went missing yesterday",a romantic relationship,students to do the job,-0.008,0.983,-0.187,-0.594,-0.185,22.711985,0.565021,0.393973,8.947915,0.222603,50.761398,0.628447,0.000000,19.998633,0.247591
test.enc.prompt.txt::01354,test.enc.prompt.txt::01354__row1409,We're looking for,0.0,content_diversity,"a dog, he left yesterday","a dog, he's been missing for a day","a small dog, he is missing","a dog, he's gone",a dog because he left our home yesterday and hasn't returned,-0.114,0.875,-0.488,-0.946,-0.612,31.149827,1.677178,0.325620,10.143009,0.546123,61.496689,0.939185,0.000000,20.024557,0.305817
test.enc.prompt.txt::01355,test.enc.prompt.txt::01355__row1410,Hey? You like,1.0,content_diversity,the Dodgers?,free pizza?,a big fist in your face?,hot dogs?,my daughter?,0.000,1.000,-0.376,-0.667,-0.103,-2.109302,-0.600182,0.353542,-0.745726,-0.212190,25.465365,0.764467,0.000000,9.003071,0.270271
test.enc.prompt.txt::01355,test.enc.prompt.txt::01355__row1411,Hey? You like,0.0,content_diversity,my little girl?,the apple of my eye?,my darling child?,my sweet pea?,my female offspring?,-0.061,0.953,-0.282,-0.770,-0.471,7.508136,0.620183,0.319393,2.398044,0.198082,23.851330,1.031529,0.000000,7.617940,0.329463
test.enc.prompt.txt::01356,test.enc.prompt.txt::01356__row1412,"Jeffrey, breakfast is",1.0,content_diversity,the most important meal of the day.,"almost ready, please hurry down.","ruined, I told you not to put sugar all over it.","not happening today, I just cannot be bothered to make it.","far too expensive here, let's find somewhere else.",-0.007,0.976,-0.103,-0.635,-0.153,15.335553,0.315386,0.583538,8.948880,0.184040,64.568130,1.139893,0.000000,37.677967,0.665171
test.enc.prompt.txt::01356,test.enc.prompt.txt::01356__row1413,"Jeffrey, breakfast is",0.0,content_diversity,"on the table, please come down now.","getting cold, come here at once.","betting ruined, hurry up and coe to the table.","not going to eat itself, come to the dining room please.","now finished, you missed it, hard luck.",-0.025,0.954,-0.226,-0.721,-0.276,20.901785,0.367965,0.433361,9.058020,0.159462,78.791342,1.546578,0.000000,34.145101,0.670227
test.enc.prompt.txt::01357,test.enc.prompt.txt::01357__row1414,"Thanks a lot,",1.0,content_diversity,I needed that.,that you loaned me the money.,we wanted that vacation.,I deserve the promotion.,for painting my house for free.,-0.024,0.957,-0.388,-0.650,-0.260,11.111734,0.460001,0.369075,4.101058,0.169775,25.712800,0.747576,0.000000,9.489939,0.275911
test.enc.prompt.txt::01357,test.enc.prompt.txt::01357__row1415,"Thanks a lot,",0.0,content_diversity,this position I worked hard for.,I love this company. I wanted this advancement.,I worked to boost my career and get this promotion.,I deserve and wanted this at this company for a long time.,"I finished my degree,worked hard, and am happy for the advancement.",-0.081,0.905,-0.356,-0.878,-0.613,26.714696,0.638805,0.373292,9.972392,0.238461,72.635299,0.417179,0.000000,27.114202,0.155730
test.enc.prompt.txt::01358,test.enc.prompt.txt::01358__row1416,"No, I'm just",1.0,content_diversity,trying to find out something.,lost and need directions.,your average women.,waiting for a friend.,sick and tired of everyone's crap.,-0.004,0.991,-0.238,-0.593,-0.166,-8.098780,0.044421,0.508833,-4.120930,0.022603,32.248151,1.590591,0.000000,16.408938,0.809346
test.enc.prompt.txt::01358,test.enc.prompt.txt::01358__row1417,"No, I'm just",0.0,content_diversity,getting some information.,checking into things.,looking for the truth.,on a fact finding mission.,searching for the meaning of life.,-0.013,0.968,-0.288,-0.713,-0.443,-4.191558,0.025940,0.527514,-2.211105,0.013684,18.668424,0.823317,0.000000,9.847852,0.434311
test.enc.prompt.txt::01359,test.enc.prompt.txt::01359__row1418,"God, you scared",1.0,content_diversity,the pants off me.,the baby.,them away.,me I hope you are okay.,me don't ever do that again.,-0.019,0.970,-0.231,-0.610,-0.266,-5.395225,0.352561,0.399818,-2.157110,0.140961,39.355675,2.301343,0.000000,15.735125,0.920119
test.enc.prompt.txt::01359,test.enc.prompt.txt::01359__row1419,"God, you scared",0.0,content_diversity,the life out of me.,the crap out of me.,me half to death.,the devil out of me.,the dickens out of me.,-0.214,0.786,-0.329,-0.775,-0.419,-10.317381,-0.485822,0.682506,-7.041674,-0.331577,7.064412,0.309692,0.000000,4.821503,0.211366
test.enc.prompt.txt::01360,test.enc.prompt.txt::01360__row1420,"Hello, uh, my",1.0,content_diversity,friend pissed his pants,condolences,mom wants to meet you,friends are making fun of you,brother would like your number,-0.004,0.990,-0.049,-0.615,-0.206,14.367349,0.761188,0.448258,6.440284,0.341209,19.553285,1.707226,0.000000,8.764923,0.765278
test.enc.prompt.txt::01360,test.enc.prompt.txt::01360__row1421,"Hello, uh, my",0.0,content_diversity,friends are laughing at you,friends are mocking you,friends are rude and you are being laughed at,friends think you are laughable,friends say you are laughing stock,-0.152,0.855,-0.445,-0.950,-0.773,46.294497,1.405863,0.408657,18.918552,0.574515,45.614145,0.954826,0.000000,18.640522,0.390196
test.enc.prompt.txt::01361,test.enc.prompt.txt::01361__row1422,I just wanted,1.0,content_diversity,to tell you how much you mean to me,to let it go but I couldn't,him to help me with chores,to watch the sunset,to go to the cinema,-0.062,0.935,-0.160,-0.584,-0.088,15.014502,0.559847,0.508725,7.638249,0.284808,36.440651,1.267910,0.000000,18.538261,0.645017
test.enc.prompt.txt::01361,test.enc.prompt.txt::01361__row1423,I just wanted,0.0,content_diversity,to say how much you mean to me,to tell you that i love you,to say that i need you,you to know that you mean so much to me,you to know that i love you,-0.182,0.767,-0.525,-0.851,-0.561,20.188244,0.759391,0.588987,11.890610,0.447271,17.634216,0.709927,0.000000,10.386321,0.418138
test.enc.prompt.txt::01362,test.enc.prompt.txt::01362__row1424,I was sorry,1.0,content_diversity,so I bought you cookies,that i did it,i commited crime,i couldn't be there for you,but it wasn't my fault,-0.023,0.965,-0.169,-0.683,-0.132,17.238990,1.065126,0.352367,6.074453,0.375315,39.521039,2.315987,0.000000,13.925914,0.816078
test.enc.prompt.txt::01362,test.enc.prompt.txt::01362__row1425,I was sorry,0.0,content_diversity,i commited felony,i was part of a criminal group,i was criminal,i did a crime,i broke a law,-0.078,0.911,-0.401,-0.853,-0.602,30.430540,1.953606,0.184353,5.609975,0.360154,34.386531,1.435862,0.000000,6.339275,0.264706
test.enc.prompt.txt::01363,test.enc.prompt.txt::01363__row1426,It's a real,1.0,content_diversity,thing it is not a scam,struggle to do it so fast,"life, not imagination",hustle to do it,", I'm telling you",-0.042,0.919,-0.095,-0.605,-0.295,9.610394,0.393489,0.328783,3.159730,0.129372,25.451413,1.080938,0.000000,8.367980,0.355394
test.enc.prompt.txt::01363,test.enc.prompt.txt::01363__row1427,It's a real,0.0,content_diversity,"deal, believe me",thing it is not fake,"deal, not a scam","thing, trust me","deal, not a chance that this is a scam",-0.058,0.879,-0.258,-0.776,-0.487,13.022119,1.195423,0.367769,4.789136,0.439640,56.817307,1.060430,0.000000,20.895664,0.389994
test.enc.prompt.txt::01364,test.enc.prompt.txt::01364__row1428,He comes over,1.0,content_diversity,and we usually watch movies,after his practice,after he is done with his homework,and we'll meet you there,and i can call it a night,-0.019,0.970,-0.213,-0.625,-0.245,11.365548,0.419865,0.436849,4.965030,0.183417,36.995151,1.457176,0.000000,16.161301,0.636566
test.enc.prompt.txt::01364,test.enc.prompt.txt::01364__row1429,He comes over,0.0,content_diversity,and we watch movies,and we watch TV,and we usually watch something on TV,and we usually just watch something on netflix,and we turn on the TV,-0.199,0.785,-0.542,-0.937,-0.573,24.043994,0.731133,0.479664,11.533046,0.350698,39.000598,0.718137,0.000000,18.707195,0.344464
test.enc.prompt.txt::01365,test.enc.prompt.txt::01365__row1430,Please excuse me,1.0,content_diversity,I will get back as soon as possible,I can't take this anymore,I have to use the toilet,I forgot to bring the files,I will never again be late,-0.044,0.941,-0.178,-0.655,-0.199,13.803493,0.557075,0.445850,6.154292,0.248372,17.777930,0.628593,0.000000,7.926297,0.280258
test.enc.prompt.txt::01365,test.enc.prompt.txt::01365__row1431,Please excuse me,0.0,content_diversity,I will get back asap,I will be back soon,I'll get back quick,"Just give me a minute, I'll get back",I will return quickly,-0.104,0.863,-0.478,-0.900,-0.810,31.055752,1.393295,0.329155,10.222151,0.458610,46.952041,1.090066,0.000000,15.454491,0.358800
test.enc.prompt.txt::01366,test.enc.prompt.txt::01366__row1432,"Hey, you ivy",1.0,content_diversity,is your first name.,is the city you grew up in.,is the color of the blanket.,can be poisonous.,is Beyonce's daughter's middle name.,-0.034,0.942,-0.196,-0.577,-0.136,5.449172,0.369052,0.338422,1.844120,0.124895,35.815211,1.296569,0.000000,12.120657,0.438788
test.enc.prompt.txt::01366,test.enc.prompt.txt::01366__row1433,"Hey, you ivy",0.0,content_diversity,can be dangerous.,is filled with poison.,is a biohazard.,is detrimental to your health.,is unsafe.,-0.037,0.965,-0.395,-0.678,-0.410,12.250444,0.347037,0.290958,3.564359,0.100973,15.210633,1.526329,0.000000,4.425648,0.444097
test.enc.prompt.txt::01367,test.enc.prompt.txt::01367__row1434,That's the building.,1.0,content_diversity,He ran in there.,They have a mexican restaurant in there.,They are demolishing that building next week.,Brand new condos there.,She used to live there.,-0.036,0.954,-0.372,-0.588,-0.142,17.182791,0.336803,0.430857,7.403328,0.145114,38.769433,2.075947,0.000000,16.704086,0.894437
test.enc.prompt.txt::01367,test.enc.prompt.txt::01367__row1435,That's the building.,0.0,content_diversity,The man fled from the cops into that building.,He was trying to escape his pursuers and ran to that building.,That kid hid there from the kidnappers.,Let's find him quick.,It's a large building and he was hard to find.,-0.027,0.942,-0.353,-0.732,-0.293,22.031872,0.758696,0.398517,8.780077,0.302353,23.000251,1.804327,0.000000,9.165993,0.719055
test.enc.prompt.txt::01368,test.enc.prompt.txt::01368__row1436,Did they find,1.0,content_diversity,the body yet or not?,their way home okay do you know?,any reason to doubt what he was saying?,out how they managed to get into the house?,it to their liking or was it all a bit too much?,-0.015,0.966,-0.077,-0.646,-0.209,-3.672132,-0.053089,0.469156,-1.722803,-0.024907,29.005524,1.163977,0.000000,13.608117,0.546087
test.enc.prompt.txt::01368,test.enc.prompt.txt::01368__row1437,Did they find,0.0,content_diversity,how they managed to break in?,out how they were able to get inside the house?,where the intruders entered the house?,any evidence of they broke in?,out how they managed to get into the place?,-0.092,0.844,-0.521,-0.842,-0.634,11.863556,0.382669,0.495360,5.876732,0.189559,25.087755,1.010430,0.000000,12.427472,0.500527
test.enc.prompt.txt::01369,test.enc.prompt.txt::01369__row1438,You said it,1.0,content_diversity,would happen today,feels like silk,tastes like coconut,drives like a dream,would arrive within an hour,-0.023,0.967,-0.095,-0.564,-0.184,16.109897,1.125123,0.388643,6.261000,0.437271,25.333718,0.498478,0.000000,9.845774,0.193730
test.enc.prompt.txt::01369,test.enc.prompt.txt::01369__row1439,You said it,0.0,content_diversity,would get here quickly,would be very fast to appear,would make an appearance soon,would be here in a matter of minutes,would be visible by me this period,-0.057,0.937,-0.173,-0.756,-0.599,8.190534,0.383970,0.428922,3.513102,0.164693,72.718666,1.945132,0.000000,31.190649,0.834310
test.enc.prompt.txt::01370,test.enc.prompt.txt::01370__row1440,It wouldn't hurt,1.0,content_diversity,for you to try it.,if you would hold still.,if you stayed home.,If you would leave it alone.,my feelings if you said no.,-0.078,0.910,-0.343,-0.804,-0.343,-4.083090,-0.116228,0.454574,-1.856068,-0.052834,27.592480,0.631730,0.000000,12.542832,0.287168
test.enc.prompt.txt::01370,test.enc.prompt.txt::01370__row1441,It wouldn't hurt,0.0,content_diversity,if you would quit  picking at it.,if you stopped messing with it.,if you just forgot about it.,if you didn't keep poking at it.,if you just let it be.,-0.150,0.859,-0.484,-0.902,-0.548,12.265491,0.358518,0.431310,5.290233,0.154633,51.653340,1.401961,0.000000,22.278620,0.604680
test.enc.prompt.txt::01371,test.enc.prompt.txt::01371__row1442,"Now, we'll walk",1.0,content_diversity,across this bridge,this together,and later we can stop for a drink,and you will tell me what's bothering you,till our legs hurt,-0.010,0.976,-0.105,-0.623,-0.184,21.730884,0.557549,0.426215,9.262028,0.237636,26.436659,1.380336,0.000000,11.267699,0.588320
test.enc.prompt.txt::01371,test.enc.prompt.txt::01371__row1443,"Now, we'll walk",0.0,content_diversity,and we can stop for a pint,and later we can rest in a bar,and we can go for a drink later,and we can stop for a beer,and later we can get to the pub and have a drink,-0.243,0.729,-0.603,-0.891,-0.675,37.970578,1.412433,0.369485,14.029546,0.521872,38.349358,0.668197,0.000000,14.169500,0.246888
test.enc.prompt.txt::01372,test.enc.prompt.txt::01372__row1444,You want a,1.0,content_diversity,truth?,new car and I will sell it to you,promotion?,coffee? it is so good,new phone?,-0.008,0.978,-0.306,-0.630,-0.153,19.699143,1.162646,0.222182,4.376792,0.258319,50.829529,4.482873,0.000000,11.293398,0.996013
test.enc.prompt.txt::01372,test.enc.prompt.txt::01372__row1445,You want a,0.0,content_diversity,coffee? it is perfect,coffee with mill? it is good,coffee? it's amazing,black coffee?,espresso? it is good,-0.081,0.861,-0.457,-0.872,-0.643,47.623441,2.522440,0.220031,10.478626,0.555015,36.019737,0.917990,0.000000,7.925453,0.201986
test.enc.prompt.txt::01373,test.enc.prompt.txt::01373__row1446,Wow. Should you,1.0,content_diversity,be this handsome?,take another try?,help them?,behave like this,be so good at football,-0.012,0.975,-0.102,-0.646,-0.221,8.332569,0.889589,0.358299,2.985553,0.318739,26.309818,2.385073,0.000000,9.426786,0.854570
test.enc.prompt.txt::01373,test.enc.prompt.txt::01373__row1447,Wow. Should you,0.0,content_diversity,be so hot,be so attractive,be so good looking,be so pretty,be so beautiful,-0.219,0.627,-0.655,-0.915,-0.651,28.489750,2.100426,0.306538,8.733205,0.643861,5.644981,0.899157,0.000000,1.730404,0.275626
test.enc.prompt.txt::01374,test.enc.prompt.txt::01374__row1448,You saw a,1.0,content_diversity,nice caterpillar,beautiful lady,shooting star,murder and you didn't report it,naked man,0.000,1.000,-0.166,-0.577,-0.103,6.558552,0.289623,0.444206,2.913348,0.128652,41.163253,1.351459,0.000000,18.284962,0.600326
test.enc.prompt.txt::01374,test.enc.prompt.txt::01374__row1449,You saw a,0.0,content_diversity,brutal homicide,murder and didn't call the cops,homicide and didn't call 911,murder being commited and didn't witness,murder and did nothing,-0.084,0.862,-0.229,-0.940,-0.524,30.726354,1.087376,0.417556,12.829969,0.454040,41.840578,1.435931,0.000000,17.470778,0.599582
test.enc.prompt.txt::01375,test.enc.prompt.txt::01375__row1450,"No, silly -",1.0,content_diversity,goose please stay.,"its not margarine, its butter.",willy you can't go out and play.,I was only joking.,of course will help you.,-0.003,0.983,-0.142,-0.585,-0.118,3.291261,-0.150989,0.321135,1.056938,-0.048488,45.169405,2.196491,0.000000,14.505462,0.705369
test.enc.prompt.txt::01375,test.enc.prompt.txt::01375__row1451,"No, silly -",0.0,content_diversity,I was pulling your leg.,I meant for it to be funny.,I wasn't being serious.,I was just kidding.,I was trying to be playful.,-0.077,0.910,-0.359,-0.813,-0.464,13.571596,0.626338,0.502659,6.821885,0.314834,24.158385,0.696048,0.000000,12.143430,0.349875
test.enc.prompt.txt::01376,test.enc.prompt.txt::01376__row1452,I can't believe,1.0,content_diversity,he has finally made it,this can be done,what was the reason you dumped him,this is so expensive,your mistake is gonna set us back,-0.009,0.985,-0.194,-0.549,-0.206,6.381230,0.328095,0.436659,2.786425,0.143266,57.524123,0.845638,0.000000,25.118452,0.369256
test.enc.prompt.txt::01376,test.enc.prompt.txt::01376__row1453,I can't believe,0.0,content_diversity,the reason why you broke up,the reason you left him,why you two are not in relationship anymore,why you two aren't together,this was the reason you two broke up,-0.126,0.835,-0.524,-0.840,-0.703,34.887937,1.172156,0.450451,15.715319,0.527999,26.047167,0.573592,0.000000,11.732982,0.258376
test.enc.prompt.txt::01377,test.enc.prompt.txt::01377__row1454,You worry about,1.0,content_diversity,your behaviour,your dogs,the things that are your concern,where are you gonna take her out,how you're gonna apologise,-0.028,0.962,-0.172,-0.673,-0.253,15.783734,0.629928,0.418063,6.598598,0.263350,36.512427,1.360243,0.000000,15.264501,0.568668
test.enc.prompt.txt::01377,test.enc.prompt.txt::01377__row1455,You worry about,0.0,content_diversity,how you're gonna say sorry,your apology,saying sorry,how you're going to say you are sorry,apologising to her,-0.032,0.927,-0.272,-0.805,-0.802,24.618658,1.314282,0.341160,8.398893,0.448380,20.991248,0.835576,0.000000,7.161367,0.285065
test.enc.prompt.txt::01378,test.enc.prompt.txt::01378__row1456,What was that,1.0,content_diversity,it seemed like a motorcycle but it wasn't,thing doing with us,thing you said earlier,book you said it's interesting,water brand you like,-0.032,0.942,-0.021,-0.607,-0.212,1.421352,-0.024080,0.413589,0.587856,-0.009959,42.951623,1.740022,0.000000,17.764316,0.719654
test.enc.prompt.txt::01378,test.enc.prompt.txt::01378__row1457,What was that,0.0,content_diversity,interesting book you were reading,interesting book you recommended,name of the interesting book,name of that book you recommended,name of the book you said you were reading,-0.200,0.742,-0.401,-0.978,-0.711,32.192382,1.064929,0.546936,17.607162,0.582447,28.182920,0.623489,0.000000,15.414244,0.341008
test.enc.prompt.txt::01379,test.enc.prompt.txt::01379__row1458,Take her to,1.0,content_diversity,the movies,the store,hair salon,her mothers house,back to her home,-0.016,0.769,-0.346,-0.610,-0.240,0.642297,0.345691,0.459077,0.294863,0.158699,30.675427,1.801829,0.000000,14.082371,0.827178
test.enc.prompt.txt::01379,test.enc.prompt.txt::01379__row1459,Take her to,0.0,content_diversity,the grocery store,the boutique,the retail store,the hat store,the beauty supply place,-0.089,0.720,-0.433,-0.741,-0.428,3.424535,0.501395,0.451692,1.546834,0.226476,29.694023,1.225620,0.000000,13.412539,0.553602
test.enc.prompt.txt::01380,test.enc.prompt.txt::01380__row1460,Jeffrey? What's going,1.0,content_diversity,to happen with you,on with your dog,on with that girl you are dating,wrong with your studies,to happen after you graduate,-0.073,0.893,-0.359,-0.701,-0.181,18.772359,0.819551,0.546713,10.263101,0.448060,21.669395,0.772776,0.000000,11.846949,0.422487
test.enc.prompt.txt::01380,test.enc.prompt.txt::01380__row1461,Jeffrey? What's going,0.0,content_diversity,to happen when you graduate,to happen when you finish with university,to happen when u finish uni,to happen once you graduate from college,to happen when you finish you get your diploma,-0.256,0.722,-0.644,-0.924,-0.727,25.026910,0.890487,0.498952,12.487222,0.444310,45.728388,1.057606,0.000000,22.816261,0.527694
test.enc.prompt.txt::01381,test.enc.prompt.txt::01381__row1462,Come on out,1.0,content_diversity,nothing bad will happen to you,and have fun,we can get drunk,we are going to the bar,let's meet at the playground,-0.011,0.975,-0.260,-0.669,-0.255,6.694612,0.629616,0.407576,2.728560,0.256616,38.878817,0.887249,0.000000,15.846055,0.361621
test.enc.prompt.txt::01381,test.enc.prompt.txt::01381__row1463,Come on out,0.0,content_diversity,everything will be fine,nothing bad is gonna happen,you're safe with us,it is all right,you will be fine,-0.043,0.919,-0.269,-0.706,-0.725,27.802371,1.457511,0.335976,9.340926,0.489688,17.355227,1.239493,0.000000,5.830938,0.416440
test.enc.prompt.txt::01382,test.enc.prompt.txt::01382__row1464,"Listen kid, I",1.0,content_diversity,have something to tell you.,know you didn't want to come but you have to.,can't understand a word you are saying!,don't think that is going to help.,might be able to help you,-0.056,0.936,-0.120,-0.710,-0.270,9.040585,0.112069,0.599824,5.422763,0.067222,34.132627,0.385019,0.000000,20.473580,0.230944
test.enc.prompt.txt::01382,test.enc.prompt.txt::01382__row1465,"Listen kid, I",0.0,content_diversity,"can't hear you, what are you saying?",think you need to speak more clearly,don't have a clue what you are talking about,need to to make more sense than that!,am having trouble understanding you.,-0.035,0.944,-0.111,-0.720,-0.486,18.944973,0.472781,0.541264,10.254223,0.255899,56.210050,1.530808,0.000000,30.424450,0.828571
test.enc.prompt.txt::01383,test.enc.prompt.txt::01383__row1466,"Ah, Agent Smecker,",1.0,content_diversity,I see you're already here,where do you live,do you have any kids,do you think we can finish this by tuesday,what is your favourite coworker,-0.035,0.954,-0.084,-0.644,-0.163,3.630945,0.278577,0.470325,1.707724,0.131022,51.067108,0.749623,0.000000,24.018142,0.352567
test.enc.prompt.txt::01383,test.enc.prompt.txt::01383__row1467,"Ah, Agent Smecker,",0.0,content_diversity,you've already arrived,you're here already,I see you are here,you're fast to arrive,you're the first one to arrive,-0.040,0.930,-0.226,-0.842,-0.698,15.251554,0.847285,0.540498,8.243438,0.457956,24.941628,1.224469,0.000000,13.480906,0.661824
test.enc.prompt.txt::01384,test.enc.prompt.txt::01384__row1468,"Oh, God! Don't",1.0,content_diversity,scare me like that!,"sweat the small things, buddy.",you ever leave my side while we're in this store again.,do something so dangerous up here!,you see how miserable your boyfriend is making you?,-0.002,0.994,-0.006,-0.632,-0.159,5.417460,-0.029942,0.491157,2.660825,-0.014706,68.969324,1.182841,0.000000,33.874791,0.580961
test.enc.prompt.txt::01384,test.enc.prompt.txt::01384__row1469,"Oh, God! Don't",0.0,content_diversity,sneak up behind me when I'm not looking!,go and frighten me with the weird noises you make.,"you ever say, ""Boo!"" again, you hear me?",make me scream like that with your sudden movements.,pretend to be a spooky monster in this dark bedroom!,-0.015,0.973,-0.055,-0.657,-0.332,16.186145,0.420095,0.446920,7.233910,0.187749,51.405871,0.924070,0.000000,22.974307,0.412985
test.enc.prompt.txt::01385,test.enc.prompt.txt::01385__row1470,Poppa Joe said,1.0,content_diversity,that you should believe him,he will get you out of this situation,you have to study more,don't ever look back,to avoid unhealthy food,-0.015,0.977,-0.119,-0.569,-0.134,9.690821,0.403150,0.420978,4.079621,0.169717,17.151972,0.945068,0.000000,7.220600,0.397853
test.enc.prompt.txt::01385,test.enc.prompt.txt::01385__row1471,Poppa Joe said,0.0,content_diversity,to avoid food that's bad for your health,to avoid junk food,to avoid fast food,to avoid processed food,to avoid everything that is bad for your health,-0.177,0.803,-0.639,-0.893,-0.653,29.265337,1.325787,0.375695,10.994852,0.498092,32.387599,0.389460,0.000000,12.167872,0.146318
test.enc.prompt.txt::01386,test.enc.prompt.txt::01386__row1472,Climb the corporate,1.0,content_diversity,ladder to make more money,fence to spy on them,wall if you want to leave,legal system to prevail,tree if you want to get fired,-0.073,0.881,-0.223,-0.574,-0.155,32.237644,1.409729,0.381903,12.311654,0.538380,35.315764,1.807261,0.000000,13.487198,0.690198
test.enc.prompt.txt::01386,test.enc.prompt.txt::01386__row1473,Climb the corporate,0.0,content_diversity,payroll system to haul in the dough,office floors to get rich,steps in order to get a promotion,shoulders to get to the top,system if you want to afford better things,-0.070,0.925,-0.287,-0.666,-0.284,3.748348,0.331091,0.385944,1.446653,0.127783,49.723824,1.141378,0.000000,19.190613,0.440508
test.enc.prompt.txt::01387,test.enc.prompt.txt::01387__row1474,You think they,1.0,content_diversity,will be waiting for you,are not being fair to you?,are making fools of us,care about your opinion,would like to fire you,-0.011,0.976,-0.030,-0.671,-0.216,6.376475,0.268915,0.489442,3.120917,0.131618,17.543051,0.633536,0.000000,8.586314,0.310079
test.enc.prompt.txt::01387,test.enc.prompt.txt::01387__row1475,You think they,0.0,content_diversity,aren't treating you fair,are being unfair,aren't treating you equally,are unfair,are not treating you fairly,-0.096,0.840,-0.463,-0.875,-0.751,23.502705,1.239552,0.484675,11.391176,0.600780,12.650403,0.729880,0.000000,6.131336,0.353754
test.enc.prompt.txt::01388,test.enc.prompt.txt::01388__row1476,Let him go,1.0,content_diversity,to sleep,home if he wants to,get dinner,you do not need him,to the store,-0.020,0.976,-0.173,-0.632,-0.161,13.730640,1.153695,0.439779,6.038449,0.507371,36.943714,1.728908,0.000000,16.247074,0.760338
test.enc.prompt.txt::01388,test.enc.prompt.txt::01388__row1477,Let him go,0.0,content_diversity,we will be getting sleep soon,going to bed,"i am tired, we should sleep",can we go to get some sleep,i would like to get some rest,-0.050,0.911,-0.349,-0.912,-0.771,35.328766,1.551541,0.285441,10.084277,0.442873,27.883701,1.196723,0.000000,7.959150,0.341594
test.enc.prompt.txt::01389,test.enc.prompt.txt::01389__row1478,"Mother, is that",1.0,content_diversity,my father,the thing you said to avoid,the movie you were talking about,special birthday food for me,your favourite actor,-0.007,0.982,-0.138,-0.609,-0.111,12.422674,0.247635,0.442053,5.491484,0.109468,49.131414,1.214422,0.000000,21.718704,0.536839
test.enc.prompt.txt::01389,test.enc.prompt.txt::01389__row1479,"Mother, is that",0.0,content_diversity,special food,food just for me,food to celebrate my birthday,bday food,food for special occasion,-0.077,0.929,-0.169,-0.932,-0.551,29.248331,2.133398,0.258340,7.556010,0.551142,23.891920,3.652192,0.000000,6.172235,0.943507
test.enc.prompt.txt::01390,test.enc.prompt.txt::01390__row1480,Still bickerin' over,1.0,content_diversity,something he did in the past,something you can't make up for,your dog,his fake friendship,something that can't be undone,-0.014,0.973,-0.142,-0.598,-0.206,18.685176,1.366456,0.424758,7.936676,0.580413,20.989314,2.631165,0.000000,8.915377,1.117608
test.enc.prompt.txt::01390,test.enc.prompt.txt::01390__row1481,Still bickerin' over,0.0,content_diversity,fake friends that left you,his fakeness,him being a fake friend,him being a bad friend,him being selfish,-0.071,0.870,-0.355,-0.819,-0.450,25.568449,1.313504,0.289565,7.403719,0.380344,45.019779,1.934956,0.000000,13.036136,0.560295
test.enc.prompt.txt::01391,test.enc.prompt.txt::01391__row1482,You guys are,1.0,content_diversity,the best group of friends ever,so difficult to deal with,thinking way to hard,so smart,being so kind,-0.024,0.970,-0.145,-0.685,-0.286,6.371188,0.310115,0.482377,3.073317,0.149593,26.954054,1.307562,0.000000,13.002026,0.630739
test.enc.prompt.txt::01391,test.enc.prompt.txt::01391__row1483,You guys are,0.0,content_diversity,getting annoying,impossible to deal with,hard to deal with,so difficult to get along with,difficult to work with,-0.092,0.860,-0.479,-0.824,-0.699,12.456054,0.523419,0.510891,6.363689,0.267410,27.185753,1.835571,0.000000,13.888962,0.937777
test.enc.prompt.txt::01392,test.enc.prompt.txt::01392__row1484,How many feminists,1.0,content_diversity,are protesting out there? It doesn't look like many.,are total hypocrites and use their charms when they want something?,does it take to change a light bulb?,are willing to go as far as she did? she is a hero.,have to get hurt before people take notice.,-0.015,0.967,-0.081,-0.622,-0.201,-1.073052,-0.086440,0.532040,-0.570907,-0.045990,92.496503,1.323692,0.000000,49.211863,0.704258
test.enc.prompt.txt::01392,test.enc.prompt.txt::01392__row1485,How many feminists,0.0,content_diversity,have to be injured before people listen?,have to be killed before someone takes notice?,need to get hurt before people pay attention?,have to get hurt to get heard?,have to get hurt before someone stands up and listens?,-0.158,0.787,-0.625,-0.931,-0.630,16.516630,0.509722,0.519467,8.579838,0.264784,14.075925,0.582486,0.000000,7.311974,0.302582
test.enc.prompt.txt::01393,test.enc.prompt.txt::01393__row1486,No fuckin' hot,1.0,content_diversity,girl are allowed here,food makes me throw up,sun makes me exhausted,people are here,nights,-0.026,0.936,-0.136,-0.641,-0.138,27.698541,1.050592,0.353194,9.782965,0.371063,33.270360,1.428644,0.000000,11.750899,0.504589
test.enc.prompt.txt::01393,test.enc.prompt.txt::01393__row1487,No fuckin' hot,0.0,content_diversity,food makes me vomit,food makes me puke,cuisine makes me throw up,cuisine makes me puke,cuisine makes me vomit,-0.282,0.673,-0.931,-0.971,-0.910,41.087616,1.960537,0.313020,12.861251,0.613688,14.207006,0.574103,0.000000,4.447079,0.179706
test.enc.prompt.txt::01394,test.enc.prompt.txt::01394__row1488,"All right, love",1.0,content_diversity,let's do this,me like I love you,where do you want to eat,what is your favourite number,you can go out with your friends,-0.018,0.969,-0.085,-0.619,-0.219,11.221607,0.559016,0.456256,5.119931,0.255055,23.671979,1.110441,0.000000,10.800493,0.506646
test.enc.prompt.txt::01394,test.enc.prompt.txt::01394__row1489,"All right, love",0.0,content_diversity,do you want to eat out,where do you wanna have a dinner,where do you wanna dine,do you want to go out and eat,do you wanna eat in a restaurant,-0.194,0.767,-0.480,-0.870,-0.776,37.929072,1.445745,0.411646,15.613341,0.595135,17.364067,0.358394,0.000000,7.147844,0.147531
test.enc.prompt.txt::01395,test.enc.prompt.txt::01395__row1490,Destroy all that,1.0,content_diversity,evidence and get out of here,peasants,books and get new ones,files and clean my desk,enemies,-0.019,0.951,-0.141,-0.581,-0.165,31.437920,1.492739,0.284960,8.958541,0.425371,37.208037,2.203731,0.000000,10.602791,0.627974
test.enc.prompt.txt::01395,test.enc.prompt.txt::01395__row1491,Destroy all that,0.0,content_diversity,files and clean it,papers and clean the desk,files and clean my table,papers and clean my workdesk,notes and clean the desk,-0.228,0.703,-0.677,-0.936,-0.854,46.091916,1.889812,0.284058,13.092756,0.536815,19.604945,0.847047,0.000000,5.568933,0.240610
test.enc.prompt.txt::01396,test.enc.prompt.txt::01396__row1492,Know what we,1.0,content_diversity,are dealing with,are selling to our customers,need to do to stay profitable,can do to help him,should do in order to sell the business,-0.046,0.939,-0.345,-0.687,-0.276,-1.188646,0.060308,0.554108,-0.658638,0.033417,37.645156,1.153466,0.000000,20.859466,0.639144
test.enc.prompt.txt::01396,test.enc.prompt.txt::01396__row1493,Know what we,0.0,content_diversity,need to do to stay in the green,need to be profitable,need to have net income,need to have positive cash flow,need to do to generate profit,-0.170,0.813,-0.439,-0.851,-0.544,21.234437,0.845270,0.468890,9.956611,0.396338,26.481638,0.835344,0.000000,12.416970,0.391684
test.enc.prompt.txt::01397,test.enc.prompt.txt::01397__row1494,I don't know,1.0,content_diversity,about this.,what is going on.,you well enough for that.,what has gotten into you.,how you could forget it.,-0.016,0.971,-0.236,-0.692,-0.376,-10.539774,-0.623426,0.489231,-5.156382,-0.304999,28.948282,1.171737,0.000000,14.162391,0.573250
test.enc.prompt.txt::01397,test.enc.prompt.txt::01397__row1495,I don't know,0.0,content_diversity,what your problem is.,why you are acting that way.,why you can't act right.,what you think you are up to.,why you would do that.,-0.067,0.906,-0.329,-0.807,-0.429,8.090332,0.257014,0.502908,4.068693,0.129254,23.409712,0.804221,0.000000,11.772931,0.404449
test.enc.prompt.txt::01398,test.enc.prompt.txt::01398__row1496,"Is that right,",1.0,content_diversity,he ran away?,that animal bit her in the face?,she robbed the bank?,he stole the couple's car?,they won the lottery?,-0.030,0.965,-0.528,-0.681,-0.175,12.944016,0.420414,0.291152,3.768682,0.122404,49.077533,1.349499,0.000000,14.289044,0.392910
test.enc.prompt.txt::01398,test.enc.prompt.txt::01398__row1497,"Is that right,",0.0,content_diversity,they won the big cash prize?,the group won and quit their jobs?,the team won millions in the lotto?,they got the grand prize and retired to Puerto Rico?,the couple are very rich now from winning the lotto sweepstakes?,-0.056,0.951,-0.398,-0.813,-0.341,26.457532,0.922464,0.331587,8.772983,0.305877,72.887351,0.362781,0.000000,24.168523,0.120294
test.enc.prompt.txt::01399,test.enc.prompt.txt::01399__row1498,"Oh, we're good",1.0,content_diversity,to go,now,when I say we're good,when you apologise,once he leaves,-0.005,0.986,-0.226,-0.614,-0.336,12.483073,0.772831,0.325090,4.058119,0.251239,30.673047,1.891807,0.000000,9.971493,0.615007
test.enc.prompt.txt::01399,test.enc.prompt.txt::01399__row1499,"Oh, we're good",0.0,content_diversity,when you say you're sorry,when you admit your mistakes,when you say you've made a mistake,once you apologize,when you say sorry to me,-0.129,0.850,-0.568,-0.897,-0.620,30.130653,1.154970,0.372396,11.220528,0.430106,21.250864,1.069405,0.000000,7.913732,0.398242
test.enc.prompt.txt::01400,test.enc.prompt.txt::01400__row1500,Where are you,1.0,content_diversity,taking her out,gonna be next wednesday,taking your dog for a walk,going to,spending all of your money,-0.008,0.980,-0.017,-0.667,-0.173,8.175840,0.543086,0.471203,3.852481,0.255904,41.732496,1.416348,0.000000,19.664480,0.667388
test.enc.prompt.txt::01400,test.enc.prompt.txt::01400__row1501,Where are you,0.0,content_diversity,going out with her,taking her on a date,gonna spend your time together,taking your gf out,going with your girlfriend,-0.038,0.936,-0.305,-0.707,-0.369,27.111102,1.233151,0.428931,11.628799,0.528937,25.480567,0.941595,0.000000,10.929411,0.403879
test.enc.prompt.txt::01401,test.enc.prompt.txt::01401__row1502,Who did you,1.0,content_diversity,expect? That Thompson coward?,"meet with last night and don't deny it, I saw you.",see in the garden that time? I know it was a long time ago but try to remember.,think would be happy about that? Nobody is happy about it.,"mean when you said ""he"" would know exactly what this is about?",-0.009,0.968,-0.087,-0.560,-0.173,10.172094,0.006201,0.436760,4.442768,0.002709,25.442971,2.132435,0.000000,11.112483,0.931363
test.enc.prompt.txt::01401,test.enc.prompt.txt::01401__row1503,Who did you,0.0,content_diversity,"mean when you said ""they"" would know exactly what this is about?","mean when you said ""she"" would know exactly what this is about?","mean when you said ""it"" would know exactly what this is about?",mean when you refer to them knowing exactly what this is about?,mean when you spoke of them knowing what this is about?,-0.446,0.576,-0.671,-0.983,-0.815,52.592649,0.820984,0.485595,25.538708,0.398665,35.759182,0.674588,0.000000,17.364467,0.327576
test.enc.prompt.txt::01402,test.enc.prompt.txt::01402__row1504,So what do,1.0,content_diversity,you think about my new hairstyle,like about me,you do in leisure time,think of my father,believe in,-0.023,0.950,-0.101,-0.622,-0.227,20.680525,1.026016,0.343863,7.111264,0.352809,16.765315,1.340353,0.000000,5.764969,0.460898
test.enc.prompt.txt::01402,test.enc.prompt.txt::01402__row1505,So what do,0.0,content_diversity,you do in free time,you do as a hobby,you do when you have free time,you do to take your mind of the work,you do when you don't have work to do,-0.152,0.830,-0.471,-0.854,-0.488,17.111112,0.649018,0.493417,8.442919,0.320236,28.046374,0.948552,0.000000,13.838567,0.468032
test.enc.prompt.txt::01403,test.enc.prompt.txt::01403__row1506,There he goes.,1.0,content_diversity,you can say hi to him,we better hide from him,we should call help,he looks amazing,you will never see him again,-0.018,0.967,-0.283,-0.648,-0.118,26.607241,1.463450,0.337223,8.972586,0.493510,15.455995,1.249501,0.000000,5.212124,0.421361
test.enc.prompt.txt::01403,test.enc.prompt.txt::01403__row1507,There he goes.,0.0,content_diversity,you can greet him,just say hello,just introduce yourself,just say who you are,you can say hey to him,-0.063,0.899,-0.342,-0.766,-0.583,31.007939,1.689934,0.290124,8.996163,0.490291,31.958446,1.367148,0.000000,9.271928,0.396643
test.enc.prompt.txt::01404,test.enc.prompt.txt::01404__row1508,"Now, you will",1.0,content_diversity,do as I say or I'll fire you,have to take one for the team,pick my mom,take care of my dog,have to say what bothers you,-0.024,0.950,-0.066,-0.588,-0.169,12.574058,1.266579,0.309756,3.894889,0.392330,28.376431,2.400138,0.000000,8.789768,0.743457
test.enc.prompt.txt::01404,test.enc.prompt.txt::01404__row1509,"Now, you will",0.0,content_diversity,"do it, or you're fired",do as I say or you are fired,do as I say or you are leaving this job,do it or you can say goodbye to this job,do it or I'm gonna fire you,-0.160,0.741,-0.515,-0.926,-0.755,45.528000,1.353210,0.351072,15.983617,0.475074,18.580875,0.563820,0.000000,6.523229,0.197941
test.enc.prompt.txt::01405,test.enc.prompt.txt::01405__row1510,It is your,1.0,content_diversity,job to have.,birthday.,time to leave.,problem.,new pet.,-0.007,0.580,-0.496,-0.684,-0.136,-2.393102,-0.605005,0.256879,-0.614737,-0.155413,28.346205,2.980368,0.000000,7.281536,0.765593
test.enc.prompt.txt::01405,test.enc.prompt.txt::01405__row1511,It is your,0.0,content_diversity,issue.,"worse problem, so go and fix it.",big issue to take care of.,dilemma so fix it and move on.,bad deal to fix.,-0.035,0.934,-0.352,-0.804,-0.361,23.159651,0.785977,0.225915,5.232109,0.177564,50.296888,1.762667,0.000000,11.362814,0.398213
test.enc.prompt.txt::01406,test.enc.prompt.txt::01406__row1512,I knew you,1.0,content_diversity,would screw us,could do it,are not the one for the job,can do your homework,had time to paint the fence,-0.011,0.974,-0.248,-0.573,-0.157,2.709532,0.225075,0.447835,1.213424,0.100796,44.210025,1.381188,0.000000,19.798812,0.618545
test.enc.prompt.txt::01406,test.enc.prompt.txt::01406__row1513,I knew you,0.0,content_diversity,'d screw us,would put us in trouble,would f*cked us,would betray us,would put us trough hell,-0.107,0.865,-0.292,-0.806,-0.432,18.437068,1.237791,0.277685,5.119690,0.343715,31.070594,2.755350,0.000000,8.627826,0.765118
test.enc.prompt.txt::01407,test.enc.prompt.txt::01407__row1514,And it's the,1.0,content_diversity,last thing on my mind right now,most amazing film ever,time of my life,purple car right next to that BMW,most expensive phone available,-0.012,0.977,-0.132,-0.626,-0.181,7.781545,0.567142,0.471385,3.668106,0.267342,63.498193,1.594990,0.000000,29.932112,0.751855
test.enc.prompt.txt::01407,test.enc.prompt.txt::01407__row1515,And it's the,0.0,content_diversity,most costly phone,costliest phone available,most expensive phone out there,most expensive phone on the market,highest priced phone you can get,-0.078,0.902,-0.528,-0.978,-0.892,22.229935,0.895042,0.454333,10.099783,0.406647,22.922735,0.722449,0.000000,10.414544,0.328232
test.enc.prompt.txt::01408,test.enc.prompt.txt::01408__row1516,"So Duffy, got",1.0,content_diversity,any weed?,"to go now, see you later",anything to tell me,something to share,drink so we can get drunk at his place,-0.015,0.983,0.080,-0.656,-0.188,-9.841026,0.022976,0.404086,-3.976625,0.009284,87.147478,2.526183,0.000000,35.215109,1.020796
test.enc.prompt.txt::01408,test.enc.prompt.txt::01408__row1517,"So Duffy, got",0.0,content_diversity,anything to say,something to say,something to tell me,anything you'd like to share,anything worth saying out loud,-0.078,0.903,-0.123,-0.822,-0.533,8.400165,0.557886,0.577671,4.852531,0.322275,44.519035,1.203215,0.000000,25.717352,0.695063
test.enc.prompt.txt::01409,test.enc.prompt.txt::01409__row1518,Jesus. I just,1.0,content_diversity,said I don't like it,want to get rest,want you to be happy,can't do it anymore,think it would look better on him,-0.021,0.968,-0.170,-0.617,-0.270,2.423861,0.514057,0.452742,1.097385,0.232735,43.282613,1.527744,0.000000,19.595870,0.691674
test.enc.prompt.txt::01409,test.enc.prompt.txt::01409__row1519,Jesus. I just,0.0,content_diversity,wanna rest,want to get some rest,want to get sleep,want to be left alone for a moment,need some time for myself,-0.068,0.887,-0.268,-0.811,-0.619,20.349917,1.005872,0.386641,7.868114,0.388912,17.272470,1.633761,0.000000,6.678247,0.631679
test.enc.prompt.txt::01410,test.enc.prompt.txt::01410__row1520,These two fucking,1.0,content_diversity,idiots are ruining whole dinner,plates are so annoying,dogs are trying to attack my dog,truck drivers are driving so dangerous,pictures are so obviously aimed to discredit me,-0.052,0.945,-0.234,-0.612,-0.297,3.276427,0.416666,0.445150,1.458502,0.185479,70.214377,0.922559,0.000000,31.255943,0.410677
test.enc.prompt.txt::01410,test.enc.prompt.txt::01410__row1521,These two fucking,0.0,content_diversity,drivers are being dangerous,drivers are driving dangerously,truck drivers are being hazard,drivers are not following driving rules,truck drivers behave as they're the only one on the road,-0.123,0.877,-0.400,-0.885,-0.483,25.167201,1.027038,0.438905,11.046007,0.450772,68.468610,0.985301,0.000000,30.051206,0.432453
test.enc.prompt.txt::01411,test.enc.prompt.txt::01411__row1522,While Greenly's getting,1.0,content_diversity,"new car, I'm not getting anything","more attention, I'm left behind","new headphones, I'm stuck with old ones","fired, I am getting promoted","mugged, I am still in my office",-0.028,0.952,-0.304,-0.675,-0.187,17.701554,0.473603,0.429762,7.607453,0.203537,39.093577,1.295676,0.000000,16.800929,0.556832
test.enc.prompt.txt::01411,test.enc.prompt.txt::01411__row1523,While Greenly's getting,0.0,content_diversity,"new vehicle, I'm not getting anything","new car, I'm getting nothing","new car, I won't get anything","new vehicle, I'm stuck with the old one","newest car, I still have an old one",-0.078,0.877,-0.512,-0.959,-0.659,41.078258,1.271354,0.353565,14.523846,0.449507,51.557089,1.463573,0.000000,18.228797,0.517469
test.enc.prompt.txt::01412,test.enc.prompt.txt::01412__row1524,What are you,1.0,content_diversity,doing behind the curtains,doing for a living,doing on a tuesday night,doing with my sister,thinking with that crazy ideas,-0.037,0.955,0.003,-0.709,-0.186,-2.973449,0.118347,0.478379,-1.422436,0.056615,57.812987,1.430693,0.000000,27.656519,0.684413
test.enc.prompt.txt::01412,test.enc.prompt.txt::01412__row1525,What are you,0.0,content_diversity,doing to survive,doing as a job,doing on your job,doing to generate income,doing to pay for your mortgage,-0.093,0.899,-0.303,-0.888,-0.421,10.984446,0.741395,0.447888,4.919800,0.332062,18.300401,1.172203,0.000000,8.196527,0.525016
test.enc.prompt.txt::01413,test.enc.prompt.txt::01413__row1526,"Vincenzo, that fat",1.0,content_diversity,asshole is wrongs,pig should be enough for dinner,ass should go on a diet,"thing you have around your neck, what is that?","and ugly girl of yours, what's her age",-0.007,0.988,-0.008,-0.598,-0.157,4.894515,0.358376,0.388538,1.901705,0.139243,39.591007,2.555256,0.000000,15.382611,0.992814
test.enc.prompt.txt::01413,test.enc.prompt.txt::01413__row1527,"Vincenzo, that fat",0.0,content_diversity,ass should lose some weight,ass should be on a diet,ass should watch her calories,ass should reduce calorie intake,ass shouldn't eat so much,-0.090,0.918,-0.522,-0.931,-0.620,37.385763,1.318348,0.415813,15.545471,0.548186,20.908039,0.526701,0.000000,8.693826,0.219009
test.enc.prompt.txt::01414,test.enc.prompt.txt::01414__row1528,You bet your,1.0,content_diversity,money on it.,life!,life's savings on a long shot.,marriage on a woman.,everything on a smokescreen.,-0.060,0.914,-0.254,-0.651,-0.214,-6.949383,-0.203455,0.354382,-2.462733,-0.072101,46.474963,3.371912,0.000000,16.469868,1.194943
test.enc.prompt.txt::01414,test.enc.prompt.txt::01414__row1529,You bet your,0.0,content_diversity,hard earned dollars at the casino.,cash on the lottery and lost.,savings for nothing.,bottom dollar and you won double!,money on a fantasy. Now you have nothing.,-0.017,0.966,-0.215,-0.750,-0.367,-4.297574,0.234200,0.454560,-1.953504,0.106458,45.904188,1.098644,0.000000,20.866197,0.499399
test.enc.prompt.txt::01415,test.enc.prompt.txt::01415__row1530,Hey! We gotta,1.0,content_diversity,keep going,save her from the mob,read plenty of book,study to pass the exam,stop laughing at you,-0.004,0.990,-0.127,-0.575,-0.082,12.186901,0.580040,0.400553,4.881494,0.232337,34.607942,1.345830,0.000000,13.862300,0.539076
test.enc.prompt.txt::01415,test.enc.prompt.txt::01415__row1531,Hey! We gotta,0.0,content_diversity,study hard to pass,study to get A,study to get a pass,study hard in order to pass,put in a lot of effort to pass,-0.139,0.839,-0.305,-0.929,-0.636,20.790051,1.155752,0.378273,7.864310,0.437190,27.587682,1.483186,0.000000,10.435669,0.561049
test.enc.prompt.txt::01416,test.enc.prompt.txt::01416__row1532,"We'll keep going,",1.0,content_diversity,we are almost there,I need you for few more hours,until we are the best,this is our chance of a lifetime,we gotta make it right,-0.023,0.970,-0.172,-0.697,-0.473,16.070740,0.567836,0.416226,6.689060,0.236348,48.751217,1.403468,0.000000,20.291525,0.584160
test.enc.prompt.txt::01416,test.enc.prompt.txt::01416__row1533,"We'll keep going,",0.0,content_diversity,we're almost here,we're almost finished,we will be there soon,we need just few more till finish line,we're almost at the finish line,-0.067,0.914,-0.403,-0.829,-0.548,22.648722,0.909738,0.463607,10.500098,0.421761,69.712518,1.699871,0.000000,32.319186,0.788071
test.enc.prompt.txt::01417,test.enc.prompt.txt::01417__row1534,You gonna do,1.0,content_diversity,what he says,that dance tonight,his dog's hair,what you told me,your tea a different way,-0.006,0.989,-0.108,-0.578,-0.147,4.119100,0.743511,0.398230,1.640350,0.296089,51.355973,2.034421,0.000000,20.451504,0.810168
test.enc.prompt.txt::01417,test.enc.prompt.txt::01417__row1535,You gonna do,0.0,content_diversity,that thing you said you would,exactly what you mentioned to me a day ago,the job you promised me you would,the new dance you laughed to me about,the course you swore to me you would,-0.115,0.878,-0.282,-0.770,-0.414,25.642439,0.712925,0.458472,11.756347,0.326856,63.873044,1.422940,0.000000,29.284019,0.652379
test.enc.prompt.txt::01418,test.enc.prompt.txt::01418__row1536,Don't do this,1.0,content_diversity,or I will leave you,it could be dangerous,can't you see you're hurting them,they won't remember you,how could you be so selfish,-0.031,0.960,-0.142,-0.648,-0.293,20.621670,0.719715,0.412867,8.514016,0.297147,15.771191,1.067574,0.000000,6.511411,0.440766
test.enc.prompt.txt::01418,test.enc.prompt.txt::01418__row1537,Don't do this,0.0,content_diversity,or we're breaking up,or I will have to leave you,or we're done,or we're finished,or we won't be together anymore,-0.092,0.926,-0.470,-0.809,-0.737,24.703912,1.377060,0.372161,9.193828,0.512488,18.212939,0.768999,0.000000,6.778143,0.286191
test.enc.prompt.txt::01419,test.enc.prompt.txt::01419__row1538,I'm Rocco. I'm,1.0,content_diversity,your gym instructor for today.,your worst nightmare unless you co-operate.,slightly nuts but mostly harmless.. mostly...,"your guide for today, welcome to the tour.",going to make sure you never hurt anyone ever again.,-0.018,0.966,-0.054,-0.591,-0.168,23.836948,0.605116,0.465303,11.091406,0.281562,56.724931,1.112913,0.000000,26.394285,0.517842
test.enc.prompt.txt::01419,test.enc.prompt.txt::01419__row1539,I'm Rocco. I'm,0.0,content_diversity,your trainer today.,your personal trainer today.,your coach for this session.,your workout coach today.,your teacher for today.,-0.106,0.887,-0.548,-0.901,-0.669,4.741555,0.088565,0.484260,2.296143,0.042888,27.466437,1.157572,0.000000,13.300883,0.560565
test.enc.prompt.txt::01420,test.enc.prompt.txt::01420__row1540,Tell me a,1.0,content_diversity,"way to get out of here, quick!","story, any story just to take my mind off things.",thief took it and I simply will not believe you.,time when you did not think of me that way.,"better excuse than that, that simply is not good enough.",-0.019,0.966,-0.105,-0.638,-0.272,16.880815,0.446748,0.422418,7.130760,0.188714,43.645135,0.636256,0.000000,18.436491,0.268766
test.enc.prompt.txt::01420,test.enc.prompt.txt::01420__row1541,Tell me a,0.0,content_diversity,route that will get us out of here.,way so that we can escape this.,way so we can leave this place.,plan to get out of here.,way so we can get ayway from this place.,-0.107,0.827,-0.495,-0.895,-0.837,12.436929,0.554776,0.338632,4.211537,0.187865,49.593391,0.953544,0.000000,16.793890,0.322900
test.enc.prompt.txt::01421,test.enc.prompt.txt::01421__row1542,What color hair,1.0,content_diversity,do you currently have,does your friend have,is your favourite,does your mom have,is the cheapest,-0.050,0.718,-0.250,-0.673,-0.304,9.607964,0.497411,0.533567,5.126493,0.265402,12.104956,1.061356,0.000000,6.458806,0.566304
test.enc.prompt.txt::01421,test.enc.prompt.txt::01421__row1543,What color hair,0.0,content_diversity,do you have now,do you wear right now,is currently on you,do you have in this moment,do you wear at the moment,-0.131,0.835,-0.394,-0.748,-0.525,27.523182,1.291825,0.487341,13.413172,0.629559,18.506176,0.947261,0.000000,9.018816,0.461639
test.enc.prompt.txt::01422,test.enc.prompt.txt::01422__row1544,Making Hutch David,1.0,content_diversity,might make Hutch mad.,could confuse Hutch.,not be good for David.,upset Hutch's mother.,would not solve the problem.,-0.010,0.980,-0.366,-0.735,-0.472,14.196625,0.797745,0.279647,3.970048,0.223087,19.054710,1.086161,0.000000,5.328599,0.303742
test.enc.prompt.txt::01422,test.enc.prompt.txt::01422__row1545,Making Hutch David,0.0,content_diversity,would not answer the question.,would not make things better.,isn't the answer.,wouldn't help anyone.,would serve no purpose.,-0.032,0.937,-0.365,-0.728,-0.711,12.970836,0.690952,0.347502,4.507393,0.240107,13.599353,0.831343,0.000000,4.725803,0.288893
test.enc.prompt.txt::01423,test.enc.prompt.txt::01423__row1546,What does Starsky,1.0,content_diversity,say about your future,think about this job,do in leisure time,like to eat,own instead of house,-0.005,0.789,-0.146,-0.620,-0.189,-2.179938,0.030688,0.400757,-0.873625,0.012298,39.735251,1.402342,0.000000,15.924163,0.561998
test.enc.prompt.txt::01423,test.enc.prompt.txt::01423__row1547,What does Starsky,0.0,content_diversity,do in a free time,do when he is free,do as his hobby,like to do in free time,do in spare time,-0.098,0.885,-0.271,-0.875,-0.645,22.371913,1.289591,0.381594,8.536987,0.492100,18.286705,1.283130,0.000000,6.978096,0.489635
test.enc.prompt.txt::01424,test.enc.prompt.txt::01424__row1548,Did you see,1.0,content_diversity,that aeroplane,him eat whole basket,her cheating on him,him how he broke up with her,cheating on a test,-0.033,0.940,-0.046,-0.604,-0.162,6.506003,0.092281,0.323951,2.107625,0.029894,29.478492,1.726503,0.000000,9.549580,0.559302
test.enc.prompt.txt::01424,test.enc.prompt.txt::01424__row1549,Did you see,0.0,content_diversity,him breaking up with her,him leaving her,him dumping her,him letting her go,getting out of relationship,-0.066,0.937,-0.550,-0.799,-0.666,25.956757,1.668537,0.316451,8.214032,0.528010,50.298391,1.708108,0.000000,15.916957,0.540532
test.enc.prompt.txt::01425,test.enc.prompt.txt::01425__row1550,Now. One thing,1.0,content_diversity,to remember.,to do when we get home.,more.,you should do at work.,you should be afraid of.,-0.022,0.944,-0.387,-0.686,-0.242,-0.072904,0.526778,0.413322,-0.030133,0.217729,25.085220,4.164073,0.000000,10.368281,1.721104
test.enc.prompt.txt::01425,test.enc.prompt.txt::01425__row1551,Now. One thing,0.0,content_diversity,that should be done when we return home.,we need to finish once we get home.,to keep in mind to do when we arrive at the house.,when return home from overseas that we must complete.,that we will do once through the door at home is shut off the alarm.,-0.068,0.910,-0.346,-0.900,-0.524,18.655510,0.556617,0.419158,7.819605,0.233310,99.631202,1.085829,0.000000,41.761209,0.455134
test.enc.prompt.txt::01426,test.enc.prompt.txt::01426__row1552,Is that the,1.0,content_diversity,cat that rubbed itself all over your leg yesterday?,fourth time the kids in the next yard hit a baseball on to your lawn?,new model 6700 razor I've been hearing so much about?,best comeback you can come up with?,greatest bowl of spaghetti you ever had or what?,-0.004,0.988,0.040,-0.685,-0.074,7.882807,0.070987,0.479423,3.779196,0.034033,89.209651,0.762045,0.000000,42.769132,0.365342
test.enc.prompt.txt::01426,test.enc.prompt.txt::01426__row1553,Is that the,0.0,content_diversity,friendly feline who was feeling you up the other day?,little furry rascal who was getting all friendly with you last night?,tabby that galloped up to you the other day?,kitten who has been greeting you all this time?,affectionate little creature with the penchant for cuddling from last morning?,-0.051,0.919,-0.275,-0.762,-0.444,12.932025,0.505449,0.415021,5.367058,0.209772,84.923760,0.611294,0.000000,35.245117,0.253700
test.enc.prompt.txt::01427,test.enc.prompt.txt::01427__row1554,What about what,1.0,content_diversity,they think? Do they not count?,"he did to you before, don't you want revenge?","Jenkins said, isn't that the best plan?","happened the last time we tried it, is it worth the risk?",we warned about? Shouldn't we at elast be a little wary?,-0.007,0.973,-0.073,-0.661,-0.259,-9.169865,-0.046667,0.426233,-3.908501,-0.019891,102.288418,1.576522,0.000000,43.598724,0.671966
test.enc.prompt.txt::01427,test.enc.prompt.txt::01427__row1555,What about what,0.0,content_diversity,"he put you through, surely you want payback?","you went through at his hands, surely you want him to suffer now?","he has done to you in the past, should he get away with that?","happened to you before, does that not matter any more?","he did to you before, don't you want to to return the favour?",-0.086,0.900,-0.270,-0.841,-0.582,31.484347,0.558969,0.475911,14.983761,0.266020,37.549475,0.448725,0.000000,17.870226,0.213553
test.enc.prompt.txt::01428,test.enc.prompt.txt::01428__row1556,You owe me,1.0,content_diversity,one million bucks,your car,for the house i borrowed you,your sister,a favour,-0.010,0.987,-0.220,-0.630,-0.164,20.329910,0.937376,0.346475,7.043803,0.324777,54.933820,0.876371,0.000000,19.033188,0.303641
test.enc.prompt.txt::01428,test.enc.prompt.txt::01428__row1557,You owe me,0.0,content_diversity,a million dollars,huge amount of money,large amount of money,large sum of money,a lot of money,-0.132,0.626,-0.492,-0.942,-0.862,10.458135,0.487376,0.550790,5.760238,0.268442,17.811551,1.031206,0.000000,9.810427,0.567978
test.enc.prompt.txt::01429,test.enc.prompt.txt::01429__row1558,"Dignan, I can't",1.0,content_diversity,do it all by myself,believe what you've done,believe you are so stupid,think of anything right now,focus on work if you keep distracting me,-0.008,0.985,-0.059,-0.713,-0.269,1.056415,0.240102,0.600160,0.634018,0.144100,34.841444,0.377295,0.000000,20.910443,0.226437
test.enc.prompt.txt::01429,test.enc.prompt.txt::01429__row1559,"Dignan, I can't",0.0,content_diversity,do it alone,do it without you,do it without any help,finish it by myself,do all the work,-0.101,0.870,-0.348,-0.822,-0.538,15.632743,0.775716,0.464019,7.253892,0.359947,21.712646,1.245921,0.000000,10.075084,0.578131
test.enc.prompt.txt::01430,test.enc.prompt.txt::01430__row1560,This is Inez.,1.0,content_diversity,I just transferred her from the Sales Department.,She just here from Hawaii.,She's the boss's cousin.,I just hired her.,She's an old friend from college.,-0.040,0.932,-0.330,-0.730,-0.361,12.921360,0.786812,0.444255,5.740384,0.349546,49.089017,1.666875,0.000000,21.808061,0.740518
test.enc.prompt.txt::01430,test.enc.prompt.txt::01430__row1561,This is Inez.,0.0,content_diversity,She's my old friend of mine from college.,This is my old friend from college.,She is my old friend from college.,This is an old friend from my college days.,"Years ago, we were friends in college.",-0.210,0.742,-0.679,-0.979,-0.832,-3.664702,-0.090639,0.568622,-2.083828,-0.051539,40.868243,0.988752,0.000000,23.238562,0.562226
test.enc.prompt.txt::01431,test.enc.prompt.txt::01431__row1562,What the fuck,1.0,content_diversity,are you doing here,do you think you are,is gonna happen when you leave us,she wants,is your problem,-0.025,0.952,-0.097,-0.603,-0.335,15.788247,0.689259,0.507375,8.010567,0.349713,44.144532,2.617376,0.000000,22.397846,1.327992
test.enc.prompt.txt::01431,test.enc.prompt.txt::01431__row1563,What the fuck,0.0,content_diversity,are we supposed to do when you leave,are we gonna do,should we do when you leave,we're supposed to do once you leave,can we do when you leave,-0.234,0.686,-0.604,-0.916,-0.724,29.692083,1.027719,0.480792,14.275708,0.494119,27.017181,0.823231,0.000000,12.989637,0.395803
test.enc.prompt.txt::01432,test.enc.prompt.txt::01432__row1564,He needs to,1.0,content_diversity,reasses his behaviour,become number one eventually,to take her out on a date,help me move out of the building,stop on the red light,-0.010,0.977,-0.051,-0.534,-0.097,6.499825,0.082236,0.400842,2.605401,0.032964,17.646580,0.845013,0.000000,7.073485,0.338716
test.enc.prompt.txt::01432,test.enc.prompt.txt::01432__row1565,He needs to,0.0,content_diversity,watch out his behaviour,think about his behaviour,behave better,behave more polite,improve his behaviour,-0.064,0.701,-0.408,-0.857,-0.579,22.912682,1.268203,0.419719,9.616886,0.532289,22.582042,1.122152,0.000000,9.478110,0.470989
test.enc.prompt.txt::01433,test.enc.prompt.txt::01433__row1566,"See, now we've",1.0,content_diversity,made you look like a fool,had enough,talked to your mom,started a channel,been nice to you,-0.014,0.968,-0.171,-0.635,-0.146,11.940324,0.733532,0.434598,5.189240,0.318792,24.176481,1.303810,0.000000,10.507048,0.566633
test.enc.prompt.txt::01433,test.enc.prompt.txt::01433__row1567,"See, now we've",0.0,content_diversity,made you look stupid,made you fool,made a fool out of you,made you look like a jackass,made you look like a complete idiot,-0.211,0.711,-0.351,-0.944,-0.727,23.347921,1.098050,0.431824,10.082189,0.474164,12.003017,1.493338,0.000000,5.183189,0.644859
test.enc.prompt.txt::01434,test.enc.prompt.txt::01434__row1568,"See, one day",1.0,content_diversity,I will be rich.,we all die.,my daughter will graduate from college.,he will leave her for me.,I will have children.,-0.036,0.954,-0.397,-0.680,-0.236,6.155650,-0.001337,0.414075,2.548902,-0.000554,37.482220,2.033300,0.000000,15.520461,0.841939
test.enc.prompt.txt::01434,test.enc.prompt.txt::01434__row1569,"See, one day",0.0,content_diversity,I will have wealth and gold.,I can have great riches.,will see me as king of this land with many jewels.,there will be millions of dollars in my safe.,I will never have to worry about money again.,-0.038,0.954,-0.345,-0.755,-0.476,30.274100,0.712966,0.409848,12.407779,0.292208,56.749573,1.466105,0.000000,23.258699,0.600880
test.enc.prompt.txt::01435,test.enc.prompt.txt::01435__row1570,Mr. Langston performed,1.0,content_diversity,glorious,the musical,well and he qualified for next round,with his choir,on a piano,0.000,1.000,-0.161,-0.583,-0.198,18.311996,0.379391,0.314416,5.757584,0.119287,47.191909,2.094219,0.000000,14.837892,0.658456
test.enc.prompt.txt::01435,test.enc.prompt.txt::01435__row1571,Mr. Langston performed,0.0,content_diversity,extremely well,good,great,amazingly,superb,0.000,0.400,-0.712,-0.685,-0.835,10.422828,1.813307,0.237737,2.477894,0.431090,7.359855,2.030178,0.000000,1.749711,0.482649
test.enc.prompt.txt::01436,test.enc.prompt.txt::01436__row1572,He's gone. He,1.0,content_diversity,left in a hurry,will never come back,had to take out his gf on a date,you can still catch him tho,had to attend classes,-0.014,0.969,-0.103,-0.601,-0.135,19.388624,0.489131,0.422748,8.196505,0.206779,66.443940,1.761646,0.000000,28.089053,0.744732
test.enc.prompt.txt::01436,test.enc.prompt.txt::01436__row1573,He's gone. He,0.0,content_diversity,left in a rush,left quick,left so quickly,had to hurry up,had no time to stay,-0.030,0.956,-0.150,-0.769,-0.651,15.766791,1.151791,0.359789,5.672713,0.414401,13.265371,1.570657,0.000000,4.772730,0.565105
test.enc.prompt.txt::01437,test.enc.prompt.txt::01437__row1574,That coward. Son,1.0,content_diversity,don't ever be like him,be careful but not a coward,you are better than this,he has just betrayed everyone,he steals from homeless,-0.008,0.984,-0.025,-0.661,-0.191,13.507414,0.462076,0.350792,4.738298,0.162093,37.363463,1.356002,0.000000,13.106819,0.475675
test.enc.prompt.txt::01437,test.enc.prompt.txt::01437__row1575,That coward. Son,0.0,content_diversity,he's just let everyone down,he lost everyone's trust,no one can believe what he has done,he has just stuck a knife in everyone's back,he has just behaved so selfish,-0.056,0.919,-0.211,-0.722,-0.400,38.820247,1.145441,0.339733,13.188506,0.389144,27.870879,0.858347,0.000000,9.468648,0.291609
test.enc.prompt.txt::01438,test.enc.prompt.txt::01438__row1576,He went back,1.0,content_diversity,to the hospital.,home yesterday. You just missed him.,to work already. Try calling him there.,to his wife.,to his girlfriend's house.,-0.048,0.945,-0.349,-0.682,-0.205,36.245024,1.278341,0.347507,12.595407,0.444233,65.669244,1.352995,0.000000,22.820536,0.470175
test.enc.prompt.txt::01438,test.enc.prompt.txt::01438__row1577,He went back,0.0,content_diversity,to his living quarters yesterday. You just missed him.,to his house yesterday. You just missed him.,to his place of residence. He left a few minutes ago.,to home already. You have just missed him.,already to his home. You have just missed him.,-0.213,0.750,-0.493,-0.909,-0.699,58.732406,1.238170,0.410079,24.084900,0.507747,41.475053,0.733979,0.000000,17.008030,0.300989
test.enc.prompt.txt::01439,test.enc.prompt.txt::01439__row1578,So when you,1.0,content_diversity,open the lid does it try to get out?,kissed him did you like it?,cough does it hurt?,leave is he going with you?,get paid will you pay me back.,-0.016,0.968,-0.219,-0.632,-0.194,-1.009417,0.241950,0.363526,-0.366949,0.087955,42.733952,0.813026,0.000000,15.534905,0.295556
test.enc.prompt.txt::01439,test.enc.prompt.txt::01439__row1579,So when you,0.0,content_diversity,go are you taking him along?,move will he follow you?,depart will he also?,go does he go?,are gone is he with you?,-0.047,0.934,-0.499,-0.846,-0.627,19.352197,1.099154,0.257307,4.979458,0.282820,14.895638,1.008412,0.000000,3.832753,0.259471
test.enc.prompt.txt::01440,test.enc.prompt.txt::01440__row1580,Man. I'm sorry.,1.0,content_diversity,I feel so bad and promise I won't do it again.,I know you're mad and i would be too.,please don't be mad and try to see things from my point of view,I didn't mean to hurt you,I hope we can still be friends,-0.038,0.953,-0.139,-0.746,-0.239,26.210018,0.523042,0.568482,14.899914,0.297340,63.918624,1.160742,0.000000,36.336566,0.659860
test.enc.prompt.txt::01440,test.enc.prompt.txt::01440__row1581,Man. I'm sorry.,0.0,content_diversity,I still want you to be in my life,I don't want to lose you,I wish we could remain pals,All I want is for us to be buddies forever,My dream is for us to hang out again,-0.067,0.891,-0.335,-0.733,-0.456,22.317672,0.773933,0.475928,10.621602,0.368336,40.094369,0.970548,0.000000,19.082027,0.461911
test.enc.prompt.txt::01441,test.enc.prompt.txt::01441__row1582,I have an,1.0,content_diversity,apple the size of a watermelon here!,idea that might help us.,opinion of him that he doesn't want to hear.,original way of looking at the problem,ear infection that is getting pretty bad.,-0.020,0.971,-0.069,-0.563,-0.159,4.478888,0.124132,0.494772,2.216030,0.061417,43.807056,0.903056,0.000000,21.674519,0.446807
test.enc.prompt.txt::01441,test.enc.prompt.txt::01441__row1583,I have an,0.0,content_diversity,infection in my ear that's getting worse.,issue with pains in my ear from an infection.,ear problem that I need to get checked out.,appointment to see about my ear infection.,"anxiety about the pains in my ear, i think its infected..",-0.076,0.901,-0.334,-0.930,-0.755,5.073732,0.262458,0.472502,2.397347,0.124012,96.424858,1.349644,0.000000,45.560916,0.637709
test.enc.prompt.txt::01442,test.enc.prompt.txt::01442__row1584,Inez has a,1.0,content_diversity,difficult job ahead of her.,house upon the hill at the end of town.,new baby on the way.,job where she gets paid to do basically nothing!,dog that barks all of the night.,-0.025,0.966,-0.159,-0.583,-0.103,5.831623,0.229800,0.394206,2.298861,0.090588,59.061698,0.514272,0.000000,23.282478,0.202729
test.enc.prompt.txt::01442,test.enc.prompt.txt::01442__row1585,Inez has a,0.0,content_diversity,"really cool job, where she gets money for nothing!",whole day to do things as she does nothing at work.,job that requires no effort at all!,paycheck that she gets by doing very little.,a lot of time to think as she doesn't do anything at work.,-0.036,0.940,-0.229,-0.809,-0.496,25.276780,0.733654,0.389421,9.843300,0.285700,35.602722,0.405568,0.000000,13.864435,0.157937
test.enc.prompt.txt::01443,test.enc.prompt.txt::01443__row1586,She doesn't need,1.0,content_diversity,a man. She is a lesbian.,this person in her life right now.,a car. She walks everywhere.,to go to college. She is going to focus on being a mother.,a vacation. She just needs a day off.,-0.047,0.938,-0.349,-0.649,-0.140,9.090448,0.225782,0.487835,4.434642,0.110144,38.411282,0.694067,0.000000,18.738382,0.338590
test.enc.prompt.txt::01443,test.enc.prompt.txt::01443__row1587,She doesn't need,0.0,content_diversity,a college education. She is going to be a good mother.,a college degree. Her children are her priority.,to go to college. Being a good mother is more important.,a college education to define her. She's going to be a good mom.,to go to college. Motherhood is more important to her.,-0.149,0.773,-0.569,-0.949,-0.703,39.780474,0.709309,0.507103,20.172778,0.359692,52.618430,0.752350,0.000000,26.682938,0.381519
test.enc.prompt.txt::01444,test.enc.prompt.txt::01444__row1588,Our money situation,1.0,content_diversity,is dire since you lost your job.,is much better since we won the lottery.,will not allow us to buy a house right now.,is challenging since we retired.,should get better after we move th a cheaper apartment.,-0.035,0.954,-0.349,-0.709,-0.183,-4.604699,0.115472,0.518605,-2.388020,0.059885,86.155924,1.116345,0.000000,44.680888,0.578942
test.enc.prompt.txt::01444,test.enc.prompt.txt::01444__row1589,Our money situation,0.0,content_diversity,will not allow us to qualify for a mortgage now.,will not allow us to buy a house.,will not allow us to move to a new house.,means we do not have the money for down payment.,means we have to rent for now.,-0.162,0.780,-0.439,-0.838,-0.560,19.335289,0.377018,0.539588,10.433088,0.203435,30.720697,0.609121,0.000000,16.576516,0.328674
test.enc.prompt.txt::01445,test.enc.prompt.txt::01445__row1590,He doesn't want,1.0,content_diversity,any romantic relationships at this time.,any side dishes with his order.,to take a break off work.,to have children.,live anywhere that doesn't have a Starbucks.,-0.015,0.971,-0.225,-0.625,-0.148,-5.592098,0.233603,0.481321,-2.691592,0.112438,56.930562,1.088159,0.000000,27.401853,0.523753
test.enc.prompt.txt::01445,test.enc.prompt.txt::01445__row1591,He doesn't want,0.0,content_diversity,any romantic relationships right now.,any romantic entanglements at this stage in his life.,any romantic relationship at this point in his life.,any romantic relationship at this particular stage in his life.,any romantic entanglements at this particular point in life.,-0.247,0.656,-0.654,-0.978,-0.927,26.378407,0.460337,0.605642,15.975868,0.278800,20.187092,0.450610,0.000000,12.226149,0.272908
test.enc.prompt.txt::01446,test.enc.prompt.txt::01446__row1592,No fighting. It,1.0,content_diversity,is forbidden here,can be solved with words,doesn't have to get ugly,should think about his behaviour,doesn't have to be said,-0.033,0.928,-0.109,-0.579,-0.237,13.355154,0.447823,0.512276,6.841521,0.229409,47.842888,1.176673,0.000000,24.508747,0.602781
test.enc.prompt.txt::01446,test.enc.prompt.txt::01446__row1593,No fighting. It,0.0,content_diversity,is banned here,isn't allowed,is not allowed here,can't happen here,shouldn't be allowed,-0.045,0.733,-0.347,-0.782,-0.709,13.933072,0.899444,0.517637,7.212278,0.465586,14.198778,0.876874,0.000000,7.349817,0.453903
test.enc.prompt.txt::01447,test.enc.prompt.txt::01447__row1594,I don't want,1.0,content_diversity,to be alone right now. My cat just died.,to go on vacation for another month or so.,to get married anytime soon.,to go to college.,to go to the hospital.,-0.091,0.919,-0.317,-0.697,-0.188,5.400165,0.143633,0.540972,2.921337,0.077702,60.098424,0.774151,0.000000,32.511548,0.418794
test.enc.prompt.txt::01447,test.enc.prompt.txt::01447__row1595,I don't want,0.0,content_diversity,to get a college degree.,to get a college education.,to ever go to college.,set foot on a college campus.,to enroll in college.,-0.135,0.825,-0.535,-0.962,-0.583,10.983159,0.390456,0.438637,4.817619,0.171268,32.440925,0.983500,0.000000,14.229788,0.431400
test.enc.prompt.txt::01448,test.enc.prompt.txt::01448__row1596,He was a,1.0,content_diversity,man who didn't take no for an anwer.,little afraid of the choices he had made.,"office worker by day, but computer hacker by night.",whole hour late for the meeting.,"small time bank robber, who was trying to make it big.",-0.008,0.981,-0.119,-0.575,-0.170,3.528942,0.092539,0.439185,1.549858,0.040642,23.254872,0.572205,0.000000,10.213189,0.251304
test.enc.prompt.txt::01448,test.enc.prompt.txt::01448__row1597,He was a,0.0,content_diversity,"man who had two lives, office worker and hacker.","skilled computer hacker, who disguised himself by  worked in an office","man with secrets, office worker to the public, hacker in private.",guy in the office who you'd never suspect hacked computers in his spare time.,"superhero of sorts, hacker and office worker.",-0.060,0.930,-0.209,-0.950,-0.605,60.411868,0.854852,0.367156,22.180605,0.313864,71.331336,0.812345,0.000000,26.189758,0.298258
test.enc.prompt.txt::01449,test.enc.prompt.txt::01449__row1598,I've got a,1.0,content_diversity,problem,leach,scratch,a concept,a rough draft,-0.008,0.575,-0.264,-0.579,-0.277,-0.028350,0.673634,0.203652,-0.005774,0.137187,29.741471,5.495730,0.000000,6.056922,1.119219
test.enc.prompt.txt::01449,test.enc.prompt.txt::01449__row1599,I've got a,0.0,content_diversity,blueprint,sketch,concept,thought,drawing,0.000,0.200,-0.992,-0.701,-0.372,11.866795,1.692277,0.299334,3.552132,0.506556,12.226712,1.740704,0.000000,3.659868,0.521052
test.enc.prompt.txt::01708,test.enc.prompt.txt::01708__row1600,I've got some,1.0,content_diversity,weed to sell,book I could borrow to you,food left,things I have to tell you,time left,-0.029,0.947,-0.235,-0.627,-0.175,12.614931,0.771293,0.363343,4.583543,0.280244,41.347070,1.263190,0.000000,15.023157,0.458971
test.enc.prompt.txt::01708,test.enc.prompt.txt::01708__row1601,I've got some,0.0,content_diversity,leftovers,food from lunch,uneaten food,food that no one ate,food that wasn't eaten,-0.047,0.927,-0.079,-0.847,-0.458,24.791021,1.681210,0.345604,8.567864,0.581032,24.223678,1.465745,0.000000,8.371788,0.506567
test.enc.prompt.txt::01753,test.enc.prompt.txt::01753__row1602,I don't know,1.0,content_diversity,how he can eat so much,why would he dump her,how can he study so hard,why would he cross him,how can he not like reading,-0.097,0.864,-0.429,-0.683,-0.271,25.068416,1.182885,0.344911,8.646365,0.407990,30.421992,1.150896,0.000000,10.492870,0.396956
test.enc.prompt.txt::01753,test.enc.prompt.txt::01753__row1603,I don't know,0.0,content_diversity,why would he break up with her,why would he leave her,how can he just leave her,why would he broke things up with her,why doesn't he want to be with her anymore,-0.154,0.826,-0.584,-0.864,-0.702,34.894621,1.283582,0.406180,14.173500,0.521366,40.000739,1.071850,0.000000,16.247503,0.435364
test.enc.prompt.txt::01761,test.enc.prompt.txt::01761__row1604,I don't trust,1.0,content_diversity,your people,you can do a good job,people who are right wing,politicians,my president,-0.006,0.988,-0.244,-0.651,-0.228,11.150126,0.324737,0.428324,4.775869,0.139093,29.916060,1.224483,0.000000,12.813773,0.524476
test.enc.prompt.txt::01761,test.enc.prompt.txt::01761__row1605,I don't trust,0.0,content_diversity,your employees,your workers,man you hired,your workforce,your manforce,-0.060,0.545,-0.433,-0.836,-0.575,20.014674,1.499026,0.243917,4.881928,0.365639,50.562061,3.916323,0.000000,12.332968,0.955259
test.enc.prompt.txt::01680,test.enc.prompt.txt::01680__row1606,When's the next,1.0,content_diversity,plane out of here?,exam we need to take?,sweepstakes?,vacation?,charity event?,0.000,1.000,-0.321,-0.712,-0.152,-8.473861,-0.409037,0.378228,-3.205053,-0.154709,28.766712,0.814816,0.000000,10.880381,0.308187
test.enc.prompt.txt::01680,test.enc.prompt.txt::01680__row1607,When's the next,0.0,content_diversity,contest? i want to win big.,lottery? I can see myself rich.,sweepstakes for that company? I want my house remodeled.,competition? I'm excited to win.,tournament? Let's win it!,-0.026,0.959,-0.388,-0.803,-0.435,42.026806,0.862107,0.324701,13.646133,0.279927,68.823862,0.833964,0.000000,22.347156,0.270789
test.enc.prompt.txt::01752,test.enc.prompt.txt::01752__row1608,That tip not,1.0,content_diversity,better be less than 10 percent,better be less than 15 percent,better be zero,taxed?,be fake,-0.097,0.772,-0.189,-0.725,-0.320,25.825590,0.661651,0.208377,5.381448,0.137873,39.684737,9.043120,0.000000,8.269370,1.884375
test.enc.prompt.txt::01752,test.enc.prompt.txt::01752__row1609,That tip not,0.0,content_diversity,be less than 15 percent,be less than 10 percent,be lower than a dollar,be lower than 5 dollars,not have a goose egg in the box.,-0.096,0.872,-0.291,-0.649,-0.489,-5.992123,0.171736,0.437780,-2.623231,0.075183,132.294321,3.915118,0.000000,57.915803,1.713960
test.enc.prompt.txt::01743,test.enc.prompt.txt::01743__row1610,What are you?,1.0,content_diversity,are you a human,you don't seem like a dog,are you doing something to me,you seem like an ugly bug,you look exhausted,-0.066,0.916,-0.155,-0.687,-0.264,24.220422,0.806513,0.340679,8.251385,0.274762,30.507226,0.992470,0.000000,10.393166,0.338113
test.enc.prompt.txt::01743,test.enc.prompt.txt::01743__row1611,What are you?,0.0,content_diversity,are you alien,are you martian,are you coming out of this planet,are you E.T,are you extraterrestrial,-0.198,0.859,-0.469,-0.803,-0.489,39.293953,2.245579,0.261774,10.286141,0.587835,40.483115,2.020241,0.000000,10.597433,0.528847
test.enc.prompt.txt::01770,test.enc.prompt.txt::01770__row1612,What do we,1.0,content_diversity,have to do to save enough money for Christmas this year?,have for snacks for the beach?,"say when someone gives you a gift, sweetie?",both want out of this relationship?,want Mom’s obituary to say?,-0.017,0.961,-0.144,-0.702,-0.125,13.882085,0.216614,0.422990,5.871987,0.091626,34.406442,1.632890,0.000000,14.553591,0.690697
test.enc.prompt.txt::01770,test.enc.prompt.txt::01770__row1613,What do we,0.0,content_diversity,have for money for Christmas gifts?,think we’ll be spending on holiday presents for the family?,want to buy for the Secret Santa exchange this year?,want to do for Christmas vacation?,know about the kids’ Christmas wish list?,-0.052,0.931,-0.314,-0.861,-0.599,25.267184,0.509034,0.468025,11.825669,0.238240,46.988915,0.779012,0.000000,21.991977,0.364597
test.enc.prompt.txt::01763,test.enc.prompt.txt::01763__row1614,I'm your basic,1.0,content_diversity,bitch,point of contact,white girl,boy you'd like to meet,helper,0.000,1.000,-0.121,-0.644,-0.182,6.265318,0.119535,0.301544,1.889266,0.036045,43.227263,1.890731,0.000000,13.034902,0.570138
test.enc.prompt.txt::01763,test.enc.prompt.txt::01763__row1615,I'm your basic,0.0,content_diversity,contact number,person you can contact,person you should make contact with,man you can contact,number of contact,-0.116,0.840,-0.214,-0.957,-0.620,36.654610,1.647249,0.307511,11.271690,0.506547,26.061933,1.071092,0.000000,8.014327,0.329372
test.enc.prompt.txt::01772,test.enc.prompt.txt::01772__row1616,King ain't gonna,1.0,content_diversity,sign this law,go out without a fight,gift us this year,do his chores,marry her,-0.006,0.988,-0.209,-0.568,-0.151,15.665520,0.733171,0.323383,5.065965,0.237095,37.186221,1.599502,0.000000,12.025397,0.517252
test.enc.prompt.txt::01772,test.enc.prompt.txt::01772__row1617,King ain't gonna,0.0,content_diversity,surrender,not fight,die without fighting,give up,die just watching,-0.007,0.582,-0.194,-0.735,-0.529,3.964005,0.650062,0.360183,1.427768,0.234141,44.145066,2.304069,0.000000,15.900310,0.829887
test.enc.prompt.txt::01778,test.enc.prompt.txt::01778__row1618,Coupla things. They,1.0,content_diversity,think they are always right,believe me,have my full support,are changing tires,are so amazing,-0.017,0.976,-0.085,-0.625,-0.306,13.999416,0.818300,0.364627,5.104568,0.298374,22.397040,1.511715,0.000000,8.166570,0.551212
test.enc.prompt.txt::01778,test.enc.prompt.txt::01778__row1619,Coupla things. They,0.0,content_diversity,trust me,have confidence in me,support me,trust my decisions,believe my judgment,-0.039,0.743,-0.398,-0.770,-0.659,25.280292,1.845812,0.261006,6.598307,0.481768,20.390136,1.130630,0.000000,5.321947,0.295101
test.enc.prompt.txt::01766,test.enc.prompt.txt::01766__row1620,Everyone's working an,1.0,content_diversity,overtime this month,really hard,in a huge warehouse,important task,incredible job,0.000,0.800,-0.281,-0.641,-0.432,14.499046,0.920247,0.442980,6.422785,0.407651,28.354425,0.984260,0.000000,12.560439,0.436008
test.enc.prompt.txt::01766,test.enc.prompt.txt::01766__row1621,Everyone's working an,0.0,content_diversity,important job,task of crucial importance,task that is important,crucial task,vital task,-0.057,0.729,-0.402,-0.945,-0.896,25.921199,1.479449,0.307904,7.981231,0.455528,18.548892,0.810855,0.000000,5.711271,0.249665
test.enc.prompt.txt::01694,test.enc.prompt.txt::01694__row1622,It's gettin' late.,1.0,content_diversity,Time to go home.,Last call for drinks!,I'm very tired.,"Go to bed, children.",I have the early shift tomorrow.,-0.005,0.990,-0.212,-0.669,-0.243,-5.748114,0.052009,0.472753,-2.717438,0.024587,33.025438,1.095501,0.000000,15.612874,0.517901
test.enc.prompt.txt::01694,test.enc.prompt.txt::01694__row1623,It's gettin' late.,0.0,content_diversity,I worked all day and I'm exhausted.,I am so very tired from all the work I finished today.,I worked a double and I am feeling it.,So sleepy. I didn't sleep good last night.,I'm spent after the busy day I had today.,-0.060,0.928,-0.445,-0.822,-0.538,18.130308,0.447576,0.473146,8.578287,0.211769,46.107266,0.906745,0.000000,21.815480,0.429023
test.enc.prompt.txt::01682,test.enc.prompt.txt::01682__row1624,Bless us O,1.0,content_diversity,father for we have sinned.,slot machine gods for this is our last quarter.,spirits of liquor as we have over imbibed.,saints for we fall short of your glory.,stork for we want a child.,-0.057,0.936,-0.113,-0.706,-0.136,33.887085,0.642874,0.340362,11.533864,0.218810,63.874438,1.273477,0.000000,21.740409,0.433443
test.enc.prompt.txt::01682,test.enc.prompt.txt::01682__row1625,Bless us O,0.0,content_diversity,lord because we have strayed from the path.,savior for we failed to keep your commandments.,god we are poor sinners.,jehovah for we have commited transgressions.,almighty for we have failed at perfection.,-0.075,0.911,-0.323,-0.778,-0.463,19.888013,0.673209,0.406102,8.076568,0.273392,27.926509,1.006050,0.000000,11.341021,0.408559
test.enc.prompt.txt::01744,test.enc.prompt.txt::01744__row1626,Poor bastard never,1.0,content_diversity,saw it coming,takes his own drink,has any money with him,starts a fight,does something right,0.000,1.000,-0.107,-0.582,-0.206,8.064595,0.361679,0.458475,3.697416,0.165821,20.559189,1.153035,0.000000,9.425877,0.528638
test.enc.prompt.txt::01744,test.enc.prompt.txt::01744__row1627,Poor bastard never,0.0,content_diversity,brings money,can't afford anything,buys something,has anything to pay with,brings cash,-0.015,0.971,-0.172,-0.747,-0.394,27.288800,1.572778,0.301634,8.231235,0.474404,20.261573,0.967040,0.000000,6.111583,0.291692
test.enc.prompt.txt::01731,test.enc.prompt.txt::01731__row1628,It's not that,1.0,content_diversity,I don't like you,I just can't trust you,believe me,I am the problem,I think you should go,-0.040,0.950,-0.182,-0.687,-0.342,12.126655,1.162406,0.395089,4.791106,0.459253,26.545702,2.812140,0.000000,10.487910,1.111045
test.enc.prompt.txt::01731,test.enc.prompt.txt::01731__row1629,It's not that,0.0,content_diversity,I can't trust,you are not to be trusted,you can't be trusted,i can't have confidence that you'll keep it quiet,i don't want to trust you,-0.049,0.927,-0.403,-0.863,-0.715,19.660467,0.668617,0.468348,9.207933,0.313145,63.716781,0.886093,0.000000,29.841604,0.415000
test.enc.prompt.txt::01691,test.enc.prompt.txt::01691__row1630,What'd she die,1.0,content_diversity,from and is it contagious,like compared to others,holding in her hand,at so young an age,while speaking to you,-0.005,0.991,0.091,-0.608,-0.222,2.207305,0.170695,0.442606,0.976966,0.075550,23.993994,0.989392,0.000000,10.619884,0.437911
test.enc.prompt.txt::01691,test.enc.prompt.txt::01691__row1631,What'd she die,0.0,content_diversity,of and can we all get it,sick with and do others have it,from and is it going around,with and is there a vaccine for it,of and is it spreading,-0.106,0.883,-0.409,-0.762,-0.327,34.066330,1.137001,0.370092,12.607668,0.420795,39.942675,1.075009,0.000000,14.782455,0.397852
test.enc.prompt.txt::01741,test.enc.prompt.txt::01741__row1632,So how'd you,1.0,content_diversity,like the new preacher?,find out about me?,manage that anyway?,get the dog to chase his tail?,decide you wanted to be a teacher?,-0.007,0.984,-0.141,-0.667,-0.205,-13.233039,-0.291059,0.497245,-6.580064,-0.144728,27.185859,1.095111,0.000000,13.518035,0.544538
test.enc.prompt.txt::01741,test.enc.prompt.txt::01741__row1633,So how'd you,0.0,content_diversity,discover the truth about me?,get the low down on my whereabouts?,get them to tell you where I was?,come across my information?,figure out where to look for me?,-0.019,0.961,-0.164,-0.790,-0.522,7.057856,0.210501,0.480226,3.389366,0.101088,18.947017,0.638087,0.000000,9.098850,0.306426
test.enc.prompt.txt::01718,test.enc.prompt.txt::01718__row1634,I wonder if,1.0,content_diversity,I'll pass the test tomorrow.,I will like that country.,we should get married.,she will divorce him.,something is wrong with me?,-0.004,0.991,-0.337,-0.617,-0.135,-8.353049,-0.195634,0.461902,-3.858288,-0.090364,21.424658,0.807988,0.000000,9.896088,0.373211
test.enc.prompt.txt::01718,test.enc.prompt.txt::01718__row1635,I wonder if,0.0,content_diversity,they will divorce. They fight all the time.,she will leave him and file for a divorce.,she filed the divorce papers.,"they are legally separated. If so, she should file for divorce.",they always fought this violently. Time for divorce.,-0.059,0.925,-0.433,-0.910,-0.646,13.030801,0.451834,0.416600,5.428628,0.188234,74.906127,1.153659,0.000000,31.205870,0.480614
test.enc.prompt.txt::01758,test.enc.prompt.txt::01758__row1636,"Mr. King, I",1.0,content_diversity,have to leave as soon as possible,need more backup,would like to take you out,want to say something,believe you are wrong,-0.014,0.967,-0.066,-0.605,-0.248,4.553037,0.241978,0.529572,2.411160,0.128145,22.721663,1.527222,0.000000,12.032754,0.808774
test.enc.prompt.txt::01758,test.enc.prompt.txt::01758__row1637,"Mr. King, I",0.0,content_diversity,think you're wrong,think you are not right,think you aren't right,think you're mistaking,believe you are making a mistake,-0.080,0.886,-0.563,-0.896,-0.794,13.349783,0.713767,0.536000,7.155484,0.382579,20.789053,0.621488,0.000000,11.142934,0.333118
test.enc.prompt.txt::01721,test.enc.prompt.txt::01721__row1638,Uh... I'm shipping,1.0,content_diversity,it to boston,you my favourite tshirt,everything I have,to wrong address,a package to your parents,-0.017,0.978,-0.149,-0.556,-0.136,7.508157,0.514506,0.391827,2.941899,0.201597,19.894630,1.792102,0.000000,7.795254,0.702194
test.enc.prompt.txt::01721,test.enc.prompt.txt::01721__row1639,Uh... I'm shipping,0.0,content_diversity,to invalid address,to wrong person,to wrong recipient,to wrong destination,to invalid final destination,-0.133,0.645,-0.425,-0.826,-0.645,24.824138,1.472148,0.323836,8.038948,0.476734,36.535517,1.031538,0.000000,11.831514,0.334049
test.enc.prompt.txt::01717,test.enc.prompt.txt::01717__row1640,"No, you did",1.0,content_diversity,"a great job, don't worry",something wrong and you should apologise,find him,read that magazin,stole from the store,0.000,1.000,-0.073,-0.574,-0.127,16.415041,1.482253,0.295313,4.847568,0.437728,27.241896,2.253631,0.000000,8.044874,0.665526
test.enc.prompt.txt::01717,test.enc.prompt.txt::01717__row1641,"No, you did",0.0,content_diversity,make a larceny,rob the store,something bad,commit a crime,steal,-0.007,0.583,-0.109,-0.673,-0.351,25.887416,2.479314,0.226045,5.851728,0.560437,36.538733,2.143036,0.000000,8.259408,0.484423
test.enc.prompt.txt::01742,test.enc.prompt.txt::01742__row1642,He's just as,1.0,content_diversity,bad as his mom,good as anyone,stupid as you,ugly as his parents,smart as me,-0.071,0.725,-0.393,-0.707,-0.300,9.841803,0.616930,0.496945,4.890839,0.306580,19.035137,0.600378,0.000000,9.459424,0.298355
test.enc.prompt.txt::01742,test.enc.prompt.txt::01742__row1643,He's just as,0.0,content_diversity,bad looking as his parents,disgusting as his mom and dad,unattractive as his parents,bad looking as his mom and dad,unattractive as his mom and dad,-0.352,0.512,-0.653,-0.849,-0.748,39.239431,1.372791,0.484952,19.029249,0.665738,18.934779,0.669606,0.000000,9.182463,0.324727
test.enc.prompt.txt::01692,test.enc.prompt.txt::01692__row1644,What are you,1.0,content_diversity,doing with my sister,gonna do after we finish class,trying to do with her,thinking of,making for dinner,-0.008,0.980,-0.193,-0.663,-0.266,9.225273,0.432269,0.497862,4.592913,0.215210,47.595096,0.942262,0.000000,23.695792,0.469117
test.enc.prompt.txt::01692,test.enc.prompt.txt::01692__row1645,What are you,0.0,content_diversity,making to eat,doing for a dinner,preparing as a meal,cooking,preparing for dinner,-0.022,0.747,-0.322,-0.869,-0.654,18.885130,1.390802,0.410457,7.751532,0.570864,24.340947,1.167327,0.000000,9.990909,0.479138
test.enc.prompt.txt::01726,test.enc.prompt.txt::01726__row1646,I don't need,1.0,content_diversity,another slice of pizza because I’m full!,"friends, I’m perfectly happy being alone.",to listen to you complain about your life!,to go to my yoga class today because it was cancelled.,another drink or I will end up passing out!,-0.015,0.971,-0.175,-0.611,-0.115,18.058380,0.408553,0.502612,9.076349,0.205343,25.855200,0.295788,0.000000,12.995121,0.148667
test.enc.prompt.txt::01726,test.enc.prompt.txt::01726__row1647,I don't need,0.0,content_diversity,to be around other people to be happy.,"to be sociable, in fact, I prefer the opposite.",people in my life because they will only let me down.,anyone around me in order to be satisfied with my life.,other people knowing what I’m really like.,-0.056,0.910,-0.189,-0.761,-0.418,-0.629819,-0.090376,0.553773,-0.348777,-0.050048,46.837284,0.958420,0.000000,25.937202,0.530747
test.enc.prompt.txt::01709,test.enc.prompt.txt::01709__row1648,So many children.,1.0,content_diversity,I can't keep up.,We will make a lot of babysitting money.,Why does she have so many children?,He wants too many kids.,I get a headache thinking about it.,-0.010,0.981,-0.320,-0.598,-0.274,-7.933689,-0.291998,0.503151,-3.991842,-0.146919,37.150858,1.024533,0.000000,18.692486,0.515495
test.enc.prompt.txt::01709,test.enc.prompt.txt::01709__row1649,So many children.,0.0,content_diversity,We went our separate ways because of it.,I don't know why he wants so many.,Why does he want so many children?,He could start his own country wanting that many kids.,I want 1 child and he wants 10.,-0.031,0.950,-0.243,-0.745,-0.269,8.578504,0.117511,0.476076,4.084020,0.055944,61.873254,1.121695,0.000000,29.456373,0.534012
test.enc.prompt.txt::01697,test.enc.prompt.txt::01697__row1650,You've seen only,1.0,content_diversity,the tip of the iceberg.,the best side of him.,what I wanted you to see.,the best doctors.,one way of doing things.,-0.044,0.939,-0.302,-0.647,-0.202,-0.768291,0.013005,0.560585,-0.430692,0.007290,26.723681,1.730256,0.000000,14.980883,0.969955
test.enc.prompt.txt::01697,test.enc.prompt.txt::01697__row1651,You've seen only,0.0,content_diversity,what I have allowed .,that which I chose to show you.,the things I feel worthy of your attention.,what will be in your best interest.,things I decide you can see.,-0.036,0.949,-0.177,-0.806,-0.519,1.947848,-0.195053,0.446079,0.868895,-0.087009,20.350396,1.306035,0.000000,9.077891,0.582595
test.enc.prompt.txt::01740,test.enc.prompt.txt::01740__row1652,"Hey, Jake... When",1.0,content_diversity,can we get together again?,do you want to go see about that old car my friend has.,does your mother get home?,was the last time you mowed the grass?,is your birthday?,-0.011,0.976,-0.155,-0.657,-0.249,6.844820,-0.034904,0.541289,3.705024,-0.018893,103.418857,1.167728,0.000000,55.979459,0.632078
test.enc.prompt.txt::01740,test.enc.prompt.txt::01740__row1653,"Hey, Jake... When",0.0,content_diversity,can I see you again?,will you be free for lunch?,came I come over?,do you want to do that thing we do?,do you plan to come see me?,-0.039,0.934,-0.344,-0.722,-0.463,1.968050,0.259378,0.439862,0.865671,0.114091,39.140539,2.222435,0.000000,17.216452,0.977566
test.enc.prompt.txt::01727,test.enc.prompt.txt::01727__row1654,I am not,1.0,content_diversity,gonna do as you say,gullible,easy to cross,gonna take you out,taking him with me,-0.009,0.976,-0.056,-0.616,-0.311,12.349390,1.137146,0.311835,3.850973,0.354602,15.303366,1.910833,0.000000,4.772126,0.595865
test.enc.prompt.txt::01727,test.enc.prompt.txt::01727__row1655,I am not,0.0,content_diversity,gonna be your puppet,gonna do everything you say,gonna do as you wish,gonna follow your requests,gonna follow your wishes,-0.102,0.866,-0.421,-0.886,-0.605,31.078071,1.345627,0.357749,11.118151,0.481397,6.805946,0.323790,0.000000,2.434821,0.115836
test.enc.prompt.txt::01695,test.enc.prompt.txt::01695__row1656,How many months,1.0,content_diversity,are in a year?,until Christmas?,do they say you have to live?,is an elephant pregnant?,before daddy comes home?,0.000,1.000,-0.251,-0.683,-0.327,2.541243,-0.094359,0.480129,1.220126,-0.045305,48.403775,1.274321,0.000000,23.240075,0.611839
test.enc.prompt.txt::01695,test.enc.prompt.txt::01695__row1657,How many months,0.0,content_diversity,until father is with us?,will it take papa to get here?,are there to go before dad gets out of jail?,do we have to wait for dada?,can pops be gone for?,-0.008,0.988,-0.223,-0.715,-0.425,19.295073,0.281037,0.284986,5.498819,0.080092,27.510868,2.049833,0.000000,7.840203,0.584173
test.enc.prompt.txt::01711,test.enc.prompt.txt::01711__row1658,He thinks people,1.0,content_diversity,should be smarter,can be assholes sometimes,are fun to play with,should be banned from zoos,are wonderful,-0.034,0.944,-0.146,-0.580,-0.224,14.556468,0.545535,0.458371,6.672261,0.250057,39.019125,0.769373,0.000000,17.885231,0.352658
test.enc.prompt.txt::01711,test.enc.prompt.txt::01711__row1659,He thinks people,0.0,content_diversity,should know better,should have higher IQ,should be more intelligent,should have smarter ideas,are not smart enough,-0.044,0.744,-0.361,-0.807,-0.522,14.099440,0.547618,0.515332,7.265892,0.282205,14.756291,0.670686,0.000000,7.604389,0.345626
test.enc.prompt.txt::01739,test.enc.prompt.txt::01739__row1660,Then there it,1.0,content_diversity,"went, down the street.","flew, into the sky.",is!,"slept, in the cave.",dies peacefully.,-0.015,0.773,-0.297,-0.581,-0.173,-3.532570,1.209749,0.287243,-1.014707,0.347492,37.552792,6.528339,0.000000,10.786789,1.875222
test.enc.prompt.txt::01739,test.enc.prompt.txt::01739__row1661,Then there it,0.0,content_diversity,walked on the street.,left down the street quickly.,went and disappeared as quickly as it came.,ran up the street. Quick and we can catch it.,quickly flees down the street.,-0.100,0.886,-0.311,-0.821,-0.541,22.600739,0.483437,0.322346,7.285255,0.155834,67.490936,0.932790,0.000000,21.755425,0.300681
test.enc.prompt.txt::01735,test.enc.prompt.txt::01735__row1662,My name's Grant.,1.0,content_diversity,I am here to help you,I am a world champion,I could be your father,I usually wake up after noon,I will be your new teacher,-0.056,0.933,-0.308,-0.622,-0.224,16.754893,0.770087,0.481271,8.063644,0.370621,32.013369,0.952676,0.000000,15.407106,0.458495
test.enc.prompt.txt::01735,test.enc.prompt.txt::01735__row1663,My name's Grant.,0.0,content_diversity,I'm here to help,I'll help you,My job is to help you,I'm offering my help,I'd like to help,-0.095,0.886,-0.371,-0.888,-0.794,20.863791,1.151951,0.470993,9.826705,0.542561,19.436266,0.782931,0.000000,9.154351,0.368755
test.enc.prompt.txt::01736,test.enc.prompt.txt::01736__row1664,Here's where a,1.0,content_diversity,plane waits for us,meeting will be held,timeless masterpiece was painted,should leave you,countless couples broke up,0.000,0.800,-0.190,-0.557,-0.098,5.079666,0.211159,0.331281,1.682795,0.069953,44.494451,2.394030,0.000000,14.740155,0.793096
test.enc.prompt.txt::01736,test.enc.prompt.txt::01736__row1665,Here's where a,0.0,content_diversity,couples have broken up,many couples split up,so many couples broke their relationship,many people left their loved ones,numerous couple split up,-0.060,0.912,-0.426,-0.867,-0.803,40.501027,1.325956,0.313241,12.686601,0.415344,35.873325,0.857061,0.000000,11.237013,0.268467
test.enc.prompt.txt::01729,test.enc.prompt.txt::01729__row1666,Shit. We don't,1.0,content_diversity,have to do it today.,really need your input.,even know how.,know where to get one even if we had the money.,want any trouble.,-0.010,0.977,-0.246,-0.687,-0.347,-4.693577,-0.315795,0.477735,-2.242285,-0.150866,46.783752,0.804664,0.000000,22.350227,0.384416
test.enc.prompt.txt::01729,test.enc.prompt.txt::01729__row1667,Shit. We don't,0.0,content_diversity,care about your opinion.,want to know what you think.,need any more ideas.,have any need of your expertise.,value your way of thinking.,-0.024,0.960,-0.151,-0.794,-0.401,-1.101982,0.003366,0.472727,-0.520937,0.001591,34.021469,1.108667,0.000000,16.082876,0.524097
test.enc.prompt.txt::01716,test.enc.prompt.txt::01716__row1668,It looks like,1.0,content_diversity,we've made it,it is gonna rain,he likes you,he isn't answering,you should go home,-0.018,0.765,-0.222,-0.596,-0.099,7.905541,0.620320,0.374490,2.960549,0.232304,11.858632,0.927401,0.000000,4.440943,0.347303
test.enc.prompt.txt::01716,test.enc.prompt.txt::01716__row1669,It looks like,0.0,content_diversity,it's about to rain,rain will fall,it's gonna be rainy,we'll have rainy weather,the rain is gonna fall,-0.035,0.940,-0.372,-0.901,-0.820,17.285216,0.943929,0.418462,7.233199,0.394998,13.475065,0.587004,0.000000,5.638797,0.245639
test.enc.prompt.txt::01754,test.enc.prompt.txt::01754__row1670,I lost my,1.0,content_diversity,respect for you,shoes somewhere in woods,virginity when I was 12,mom in the store,presents,-0.005,0.988,-0.159,-0.552,-0.182,13.040839,0.120173,0.365907,4.771731,0.043972,33.939564,2.322050,0.000000,12.418715,0.849654
test.enc.prompt.txt::01754,test.enc.prompt.txt::01754__row1671,I lost my,0.0,content_diversity,sneakers in the wood,shoes in a forest,trainers in a wood,shoes while I was in a forest,sneakers when I was in a wood,-0.164,0.757,-0.487,-0.934,-0.610,36.417035,1.666804,0.347474,12.653990,0.579172,14.227284,0.629897,0.000000,4.943618,0.218873
test.enc.prompt.txt::01771,test.enc.prompt.txt::01771__row1672,"Feeling lucky today,",1.0,content_diversity,might play lottery,I might ask her out,we should bet,I can do anything,This feeling is so good,-0.010,0.980,-0.153,-0.609,-0.295,7.843705,0.816163,0.376549,2.953537,0.307325,33.218742,1.456135,0.000000,12.508473,0.548306
test.enc.prompt.txt::01771,test.enc.prompt.txt::01771__row1673,"Feeling lucky today,",0.0,content_diversity,we should make a bet,we can bet,we could place a bet,do you want to bet,anyone wanna bet against me?,-0.068,0.928,-0.378,-0.927,-0.726,7.677277,0.963546,0.382819,2.939011,0.368864,55.040838,1.428150,0.000000,21.070701,0.546723
test.enc.prompt.txt::01685,test.enc.prompt.txt::01685__row1674,When'd you start,1.0,content_diversity,swimming professionally,going out with her,making mistakes,baking,fighting for your country,0.000,0.800,-0.173,-0.583,-0.094,1.326414,0.541771,0.478529,0.634728,0.259253,24.118897,2.124308,0.000000,11.541603,1.016544
test.enc.prompt.txt::01685,test.enc.prompt.txt::01685__row1675,When'd you start,0.0,content_diversity,dating her,being in love with her,being together,being in romantic relationship,taking her out,-0.048,0.919,-0.254,-0.754,-0.371,19.334142,1.020122,0.429459,8.303224,0.438101,26.858850,0.855559,0.000000,11.534779,0.367427
test.enc.prompt.txt::01755,test.enc.prompt.txt::01755__row1676,Sorry about your,1.0,content_diversity,parents,exam,pet,situation at work,health issues,0.000,0.600,-0.451,-0.580,-0.191,1.454320,1.391444,0.305577,0.444407,0.425194,15.795887,3.603703,0.000000,4.826862,1.101209
test.enc.prompt.txt::01755,test.enc.prompt.txt::01755__row1677,Sorry about your,0.0,content_diversity,work situation,though situation on a job,job situation,kinda hard position on a job,"hard situation you are in, on your job",-0.094,0.875,-0.371,-0.918,-0.752,22.867297,1.217943,0.365109,8.349048,0.444682,53.820097,1.122075,0.000000,19.650184,0.409679
test.enc.prompt.txt::01702,test.enc.prompt.txt::01702__row1678,Just tell me.,1.0,content_diversity,I'm not gonna tell anyone,what do you think,are you trump supporter,do you even love me,did you do it,-0.048,0.943,-0.090,-0.676,-0.287,19.144103,0.869415,0.441080,8.444079,0.383482,31.894930,1.044782,0.000000,14.068212,0.460832
test.enc.prompt.txt::01702,test.enc.prompt.txt::01702__row1679,Just tell me.,0.0,content_diversity,I'll be quiet,I won't say a thing,I'll keep it quiet,I won't tell,I will keep it for myself,-0.051,0.908,-0.383,-0.765,-0.694,11.720381,0.967272,0.477547,5.597028,0.461918,30.685907,0.896663,0.000000,14.653951,0.428198
test.enc.prompt.txt::01759,test.enc.prompt.txt::01759__row1680,You need to,1.0,content_diversity,evaluate all student's papers,hurry up,check your teeth,bring an umbrella,get there by 8,0.000,0.800,-0.077,-0.600,-0.132,3.779057,0.424932,0.371595,1.404279,0.157902,54.755325,1.195700,0.000000,20.346806,0.444316
test.enc.prompt.txt::01759,test.enc.prompt.txt::01759__row1681,You need to,0.0,content_diversity,grade all papers,mark all exams,give grades to every student,evaluate every student,mark every student,-0.071,0.896,-0.409,-0.867,-0.656,30.826433,1.570929,0.330862,10.199285,0.519760,11.277827,1.052964,0.000000,3.731401,0.348385
test.enc.prompt.txt::01696,test.enc.prompt.txt::01696__row1682,I'm a little,1.0,content_diversity,piece of shit,bit shy,and thin but it doesn't matter,but have a big heart,compared to my brother,-0.004,0.990,-0.113,-0.628,-0.244,14.313337,0.593743,0.339130,4.854085,0.201356,35.262383,1.742279,0.000000,11.958538,0.590860
test.enc.prompt.txt::01696,test.enc.prompt.txt::01696__row1683,I'm a little,0.0,content_diversity,shy at first,untalkative,quiet at first,quiet in company,bit uncommunitative,-0.030,0.521,-0.009,-0.724,-0.600,10.292598,1.040057,0.253463,2.608789,0.263615,56.954026,2.457760,0.000000,14.435714,0.622950
test.enc.prompt.txt::01684,test.enc.prompt.txt::01684__row1684,"Doing great, Mom,",1.0,content_diversity,can I have sweets now?,where are we going next,i think you should rethink your decision,can i have a new phone,do you believe me,-0.014,0.970,-0.152,-0.658,-0.269,14.620938,0.234547,0.419780,6.137577,0.098458,41.839009,1.587237,0.000000,17.563177,0.666290
test.enc.prompt.txt::01684,test.enc.prompt.txt::01684__row1685,"Doing great, Mom,",0.0,content_diversity,can i get a candy,please give me sweet,did i deserve sweets,could you give me a candy,please let me have chocolate,-0.042,0.921,-0.377,-0.833,-0.521,33.329734,1.707101,0.313036,10.433402,0.534384,25.662242,1.240213,0.000000,8.033202,0.388231
test.enc.prompt.txt::01712,test.enc.prompt.txt::01712__row1686,"""Homer Wells, born",1.0,content_diversity,in 1954,in russia was a general,two weeks earlier,with c section,during the war times,-0.006,0.988,-0.014,-0.576,-0.189,17.431756,1.045521,0.266054,4.637789,0.278165,53.928910,1.958194,0.000000,14.348005,0.520986
test.enc.prompt.txt::01712,test.enc.prompt.txt::01712__row1687,"""Homer Wells, born",0.0,content_diversity,"in russia, was a commandor",in russia was known as a general,in russia was known as a top officer in military,"in russia, was a top general",in russia was a colonel,-0.241,0.657,-0.596,-0.922,-0.603,78.311801,2.377379,0.210450,16.480717,0.500319,31.730790,1.091406,0.000000,6.677744,0.229686
test.enc.prompt.txt::01751,test.enc.prompt.txt::01751__row1688,I guess it,1.0,content_diversity,makes sense when you read it,does rain a lot here,isn't that hard to learn it,should be classified one rank higher,could've been us,-0.003,0.992,-0.020,-0.567,-0.188,12.500260,0.214378,0.417888,5.223713,0.089586,44.876882,1.425264,0.000000,18.753525,0.595601
test.enc.prompt.txt::01751,test.enc.prompt.txt::01751__row1689,I guess it,0.0,content_diversity,rains a lot,rains often here,does rain quite often,rains almost every single day,rains few times per day,-0.041,0.950,-0.194,-0.962,-0.799,12.149793,0.676564,0.381925,4.640308,0.258397,36.607777,1.370917,0.000000,13.981420,0.523587
test.enc.prompt.txt::01767,test.enc.prompt.txt::01767__row1690,Stop waving that,1.0,content_diversity,thing at me.,hand in my face.,hankie like you're fanning a fire.,money around.,at him I don't want him to see me.,-0.007,0.975,-0.219,-0.579,-0.181,-16.033637,-0.533257,0.490522,-7.864853,-0.261574,93.874995,1.593392,0.000000,46.047760,0.781594
test.enc.prompt.txt::01767,test.enc.prompt.txt::01767__row1691,Stop waving that,0.0,content_diversity,before he notices me.,or he'll look this way.,he'll come over demanding the money I owe him.,else he'll recognize it and want it back.,I don't want him to know I am here.,-0.016,0.960,-0.371,-0.711,-0.257,31.121740,0.772752,0.325723,10.137064,0.251703,53.013201,0.535976,0.000000,17.267615,0.174580
test.enc.prompt.txt::01757,test.enc.prompt.txt::01757__row1692,We had to,1.0,content_diversity,kill him,leave him behind us,draw a painting,read a magazine,take out the bullet out of him,-0.022,0.958,-0.154,-0.664,-0.165,3.457461,0.783112,0.373697,1.292043,0.292647,48.720524,0.494520,0.000000,18.206720,0.184801
test.enc.prompt.txt::01757,test.enc.prompt.txt::01757__row1693,We had to,0.0,content_diversity,leave him to die,execute him,commit a homicide,murder him,slaughter him,-0.051,0.754,-0.499,-0.773,-0.523,19.082470,1.539583,0.302584,5.774057,0.465854,23.332327,1.079118,0.000000,7.059997,0.326524
test.enc.prompt.txt::01774,test.enc.prompt.txt::01774__row1694,"So that's it,",1.0,content_diversity,it's over.,I'll see you tomorrow.,the whole story.,we went our separate ways.,the boat sunk.,-0.007,0.988,-0.269,-0.629,-0.246,-9.167398,-0.930403,0.439738,-4.031257,-0.409134,30.865413,2.534414,0.000000,13.572708,1.114479
test.enc.prompt.txt::01774,test.enc.prompt.txt::01774__row1695,"So that's it,",0.0,content_diversity,we completed the puzzle.,the game is over. You won.,the job is done.,dinner is cooked.,the work is over.,-0.066,0.921,-0.514,-0.701,-0.316,3.586342,0.237127,0.444569,1.594376,0.105419,30.717906,0.955137,0.000000,13.656223,0.424624
test.enc.prompt.txt::01689,test.enc.prompt.txt::01689__row1696,"As it happens,",1.0,content_diversity,watch this for breaking news.,the person was interviewed.,they transcribe the trial.,we have a room for rent.,there is a car for sale.,-0.019,0.968,-0.188,-0.571,-0.209,3.460329,0.124577,0.351746,1.217158,0.043820,41.032617,1.165444,0.000000,14.433077,0.409941
test.enc.prompt.txt::01689,test.enc.prompt.txt::01689__row1697,"As it happens,",0.0,content_diversity,the suspect was interviewed by the cops.,the man was questioned at the station.,woman was brought to the station for an interview.,the cops took him downtown for questioning.,the police think she did it and she has been interviewed.,-0.064,0.925,-0.526,-0.789,-0.524,12.432860,0.373341,0.453424,5.637359,0.169282,56.278076,0.606563,0.000000,25.517837,0.275030
test.enc.prompt.txt::01713,test.enc.prompt.txt::01713__row1698,Is *your* father,1.0,content_diversity,really dead?,the newlly elected mayor?,wanted by the FBI?,married to your mother?,the town drunk.,-0.017,0.776,-0.279,-0.633,-0.129,-1.146844,-0.350014,0.363632,-0.417029,-0.127276,42.863491,1.830331,0.000000,15.586541,0.665567
test.enc.prompt.txt::01713,test.enc.prompt.txt::01713__row1699,Is *your* father,0.0,content_diversity,one of America's most wanted?,on the run from the law?,a fugitive from justice?,a common criminal?,wanted for questioning by the authorities?,-0.015,0.967,-0.283,-0.798,-0.428,1.769904,0.255141,0.450029,0.796507,0.114821,26.027035,0.984813,0.000000,11.712909,0.443194
test.enc.prompt.txt::01747,test.enc.prompt.txt::01747__row1700,She got one,1.0,content_diversity,dollar for her trouble.,apple off the tree.,minute to fix it.,hour to take a nap.,night at the hotel for free.,-0.013,0.974,-0.301,-0.619,-0.121,3.818339,0.531749,0.377907,1.442976,0.200951,19.470747,1.075438,0.000000,7.358126,0.406415
test.enc.prompt.txt::01747,test.enc.prompt.txt::01747__row1701,She got one,0.0,content_diversity,hour to sleep.,hour to rest before work.,hour so she relaxed before she had to leave.,hour to fall into a deep sleep for the exam.,hour to nap before her final exams.,-0.104,0.909,-0.423,-0.934,-0.692,31.243951,0.849652,0.346056,10.812148,0.294027,58.215782,0.622686,0.000000,20.145905,0.215484
test.enc.prompt.txt::01687,test.enc.prompt.txt::01687__row1702,When I first,1.0,content_diversity,"saw him, I fell in love","have time, I will let you know","said it, it felt so good","took you out, I was so happy","purchased it, I wasn't that satisfied",-0.028,0.963,-0.265,-0.642,-0.347,10.956563,0.614678,0.460144,5.041602,0.282841,46.889796,1.046611,0.000000,21.576081,0.481592
test.enc.prompt.txt::01687,test.enc.prompt.txt::01687__row1703,When I first,0.0,content_diversity,took you on a date I was happy,went out with you it made me happy,"took you out, I was the happiest man alive",went on a date with you it made me so happy,"went out with you, you made me smile",-0.130,0.792,-0.483,-0.897,-0.732,42.855107,1.118561,0.446588,19.138582,0.499536,21.221166,0.573591,0.000000,9.477121,0.256159
test.enc.prompt.txt::01703,test.enc.prompt.txt::01703__row1704,Olive told me.,1.0,content_diversity,You are cheating on me,you have most beautiful blue eyes,you could've apologised,you can't keep living like that,why would you do that,-0.029,0.968,-0.061,-0.680,-0.166,21.391721,0.720084,0.393495,8.417531,0.283349,30.506426,0.898691,0.000000,12.004121,0.353630
test.enc.prompt.txt::01703,test.enc.prompt.txt::01703__row1705,Olive told me.,0.0,content_diversity,you are unfaithful,you are a cheater,you're sleeping with other girls,you're screwing around,you're fooling around,-0.043,0.929,-0.421,-0.722,-0.630,41.914581,1.916426,0.354672,14.865927,0.679703,14.436760,0.472986,0.000000,5.120314,0.167755
test.enc.prompt.txt::01777,test.enc.prompt.txt::01777__row1706,So what do,1.0,content_diversity,I need to do,you want me to read,they want to watch,they plan on doing next friday,they think they will do to us,-0.048,0.938,-0.175,-0.644,-0.283,4.455962,0.255819,0.492558,2.194821,0.126006,40.173118,0.556739,0.000000,19.787604,0.274227
test.enc.prompt.txt::01777,test.enc.prompt.txt::01777__row1707,So what do,0.0,content_diversity,you want me to do,I need to get done with,I need to finish,you want me to get done,you want me to get finished with,-0.236,0.641,-0.441,-0.871,-0.590,31.806952,1.523382,0.510660,16.242524,0.777930,15.874589,0.482574,0.000000,8.106511,0.246431
test.enc.prompt.txt::01690,test.enc.prompt.txt::01690__row1708,He *sniffs* that,1.0,content_diversity,powder of the table,stinky socks,cocaine,sugar into his nostril,thing,0.000,0.800,-0.044,-0.679,-0.264,1.997241,-0.373773,0.318188,0.635498,-0.118930,37.001470,2.235611,0.000000,11.773423,0.711344
test.enc.prompt.txt::01690,test.enc.prompt.txt::01690__row1709,He *sniffs* that,0.0,content_diversity,smelly socks,smelly sneakers,stinky shoes,smelly shoes,socks that smell bad,-0.047,0.733,-0.390,-0.890,-0.779,16.299541,1.539102,0.309704,5.048036,0.476666,35.946820,1.473140,0.000000,11.132881,0.456237
test.enc.prompt.txt::01730,test.enc.prompt.txt::01730__row1710,That just ain't,1.0,content_diversity,so.,right.,something my family believes in.,going to happen.,my way of thinking.,-0.004,0.986,-0.440,-0.690,-0.440,-0.710510,-1.559843,0.449551,-0.319410,-0.701228,37.365701,4.924457,0.000000,16.797770,2.213792
test.enc.prompt.txt::01730,test.enc.prompt.txt::01730__row1711,That just ain't,0.0,content_diversity,how I see things.,in line with my beliefs.,the way my mind works.,the direction my gears turn.,how I was brought up.,-0.031,0.948,-0.363,-0.711,-0.346,-1.842594,-0.164758,0.432963,-0.797775,-0.071334,45.499963,1.202309,0.000000,19.699805,0.520555
test.enc.prompt.txt::01762,test.enc.prompt.txt::01762__row1712,I think you'd,1.0,content_diversity,be better off without me,say something if it bothers you,like him,support my team,be a great player,-0.004,0.990,-0.145,-0.648,-0.269,12.050774,0.931137,0.394575,4.754934,0.367403,35.418126,1.843711,0.000000,13.975106,0.727482
test.enc.prompt.txt::01762,test.enc.prompt.txt::01762__row1713,I think you'd,0.0,content_diversity,be fond of him,love him,fall in love with him,start liking him immediately,be head over heels for him,-0.062,0.943,-0.404,-0.774,-0.523,16.038130,0.837889,0.388668,6.233515,0.325661,30.726814,1.086504,0.000000,11.942543,0.422290
test.enc.prompt.txt::01765,test.enc.prompt.txt::01765__row1714,No. You trusted,1.0,content_diversity,the wrong person.,your god not mine.,no one.,them to steal from you.,and your trust was broken.,-0.004,0.989,-0.306,-0.676,-0.284,-11.524656,-0.004674,0.447321,-5.155219,-0.002091,57.077219,3.111294,0.000000,25.531833,1.391747
test.enc.prompt.txt::01765,test.enc.prompt.txt::01765__row1715,No. You trusted,0.0,content_diversity,someone you shouldn't have.,a wolf in sheep's clothing.,a corrupt government.,a no good rat.,A worthless excuse for a human being.,-0.027,0.974,-0.197,-0.612,-0.241,-15.382546,-0.103523,0.461805,-7.103734,-0.047807,59.777159,2.093281,0.000000,27.605381,0.966687
test.enc.prompt.txt::01773,test.enc.prompt.txt::01773__row1716,Exactly. 'Cept this,1.0,content_diversity,can't be forgiven just like that,and move on,reality,and you will learn next time,and start doing it now,-0.014,0.981,-0.111,-0.659,-0.314,14.137636,1.621474,0.283908,4.013794,0.460350,44.730021,1.609736,0.000000,12.699229,0.457018
test.enc.prompt.txt::01773,test.enc.prompt.txt::01773__row1717,Exactly. 'Cept this,0.0,content_diversity,can't go unnoticed,can't go without consequences,can't be like that,isn't forgiveable,shouldn't be accepted,-0.036,0.732,-0.236,-0.716,-0.459,31.457696,1.568105,0.394960,12.424532,0.619339,22.364022,1.600421,0.000000,8.832894,0.632102
test.enc.prompt.txt::01723,test.enc.prompt.txt::01723__row1718,I thought you,1.0,content_diversity,were going to meet me there.,knew that already.,left the gate unlocked.,had to go to work today.,wanted me to move in.,-0.019,0.967,-0.248,-0.619,-0.303,-3.110643,-0.158969,0.480349,-1.494195,-0.076361,22.298063,1.351171,0.000000,10.710859,0.649034
test.enc.prompt.txt::01723,test.enc.prompt.txt::01723__row1719,I thought you,0.0,content_diversity,had heard it before.,"everyone knew, its common knowledge.",told me about it.,remembered what I said.,were aware of that.,-0.005,0.990,-0.264,-0.684,-0.649,2.784125,0.066066,0.440008,1.225037,0.029069,69.947519,1.234329,0.000000,30.777470,0.543115
test.enc.prompt.txt::01779,test.enc.prompt.txt::01779__row1720,Like we told,1.0,content_diversity,"police, we saw nothing","you, it's done deal","him, our job here is finished","the teacher, we did study","your mom, we'll get you back by 11",-0.004,0.993,-0.272,-0.583,-0.152,14.793252,0.757435,0.406172,6.008604,0.307649,36.951570,0.919147,0.000000,15.008691,0.373332
test.enc.prompt.txt::01779,test.enc.prompt.txt::01779__row1721,Like we told,0.0,content_diversity,"police, we didn't see anything","police, we weren't there","police officer, we couldn't see anything","police, it was foggy so we didn't see","police, it was dark and we didn't see anything",-0.161,0.785,-0.505,-0.969,-0.658,33.466065,0.981039,0.474963,15.895157,0.465958,34.538242,0.966683,0.000000,16.404402,0.459139
test.enc.prompt.txt::01746,test.enc.prompt.txt::01746__row1722,We only owe,1.0,content_diversity,you few dollars,them and not you,our workers,money,some materials and not money,-0.029,0.927,-0.148,-0.667,-0.232,8.582851,1.215158,0.358924,3.080594,0.436150,42.651865,1.177377,0.000000,15.308789,0.422589
test.enc.prompt.txt::01746,test.enc.prompt.txt::01746__row1723,We only owe,0.0,content_diversity,our employees,our workforce,our manforce,money to workers,money to people we hired,-0.047,0.921,-0.407,-0.808,-0.512,25.912871,2.205658,0.331930,8.601258,0.732124,34.641287,2.319151,0.000000,11.498481,0.769796
test.enc.prompt.txt::01704,test.enc.prompt.txt::01704__row1724,I know. Is,1.0,content_diversity,she staying long?,he buying the house?,the job taken?,your cat stuck in the tree?,the horse fast?,-0.032,0.968,-0.369,-0.655,-0.178,2.507660,0.101039,0.337027,0.845149,0.034053,17.967405,1.453895,0.000000,6.055503,0.490002
test.enc.prompt.txt::01704,test.enc.prompt.txt::01704__row1725,I know. Is,0.0,content_diversity,the house sold?,he just looking or buying the house?,the family moving into the house he bought?,your house sold? Did he buy it?,he trying to get approved so he can buy the house?,-0.077,0.908,-0.436,-0.963,-0.701,18.828819,0.757603,0.377784,7.113230,0.286211,53.355235,0.833998,0.000000,20.156764,0.315071
test.enc.prompt.txt::01706,test.enc.prompt.txt::01706__row1726,I *helped* you,1.0,content_diversity,when no one else would.,the best I could afford to.,I feel enough!,so return the favor.,"at least, I think I did.",-0.023,0.967,-0.120,-0.665,-0.347,-0.567740,0.440614,0.337363,-0.191534,0.148647,38.445024,3.128375,0.000000,12.969912,1.055396
test.enc.prompt.txt::01706,test.enc.prompt.txt::01706__row1727,I *helped* you,0.0,content_diversity,and I need help now from you.,and it's time to pay me back.,but you never helped me.,so the time has come for payback.,and I need help now. Please help me.,-0.072,0.847,-0.377,-0.754,-0.303,14.982308,0.582583,0.451962,6.771432,0.263305,30.928931,0.791918,0.000000,13.978697,0.357917
test.enc.prompt.txt::01749,test.enc.prompt.txt::01749__row1728,Then he had,1.0,content_diversity,dinner on the boat.,flew off to the island.,robbed the bank.,killed his partner.,died peacefully.,-0.015,0.976,-0.401,-0.621,-0.118,-6.706935,-0.438926,0.313190,-2.100548,-0.137467,31.212114,1.112701,0.000000,9.775336,0.348487
test.enc.prompt.txt::01749,test.enc.prompt.txt::01749__row1729,Then he had,0.0,content_diversity,food on the boat because he was starving.,a buffet on the cruise and got food sickness.,the best dinner of his life on the boat.,supper and met a lot of new people on the cruise.,"a light lunch, and later, a very heavy dinner on the ship.",-0.104,0.885,-0.346,-0.876,-0.448,0.380397,0.155825,0.429952,0.163552,0.066997,50.960407,0.548182,0.000000,21.910519,0.235692
test.enc.prompt.txt::01756,test.enc.prompt.txt::01756__row1730,Alright! Hold up.,1.0,content_diversity,Wait for me.,What have you got there?,I have a bone to pick with you.,You're getting ahead of yourself.,No one is going anywhere.,-0.006,0.985,-0.187,-0.658,-0.172,5.284269,0.025826,0.538193,2.843958,0.013899,14.888073,1.311366,0.000000,8.012662,0.705768
test.enc.prompt.txt::01756,test.enc.prompt.txt::01756__row1731,Alright! Hold up.,0.0,content_diversity,We have unfinished business.,There's some things we need to talk about.,I have a few choice words for you.,I want to tell you a thing or two.,You aren't going any where until we settle this.,-0.015,0.968,-0.279,-0.697,-0.343,5.146024,0.264030,0.563717,2.900902,0.148838,39.481132,0.549548,0.000000,22.256192,0.309789
test.enc.prompt.txt::01768,test.enc.prompt.txt::01768__row1732,Meet me at,1.0,content_diversity,the elementary school,your place,the noon,the city centre,city tower,-0.031,0.550,-0.221,-0.605,-0.298,-3.500635,-0.195234,0.381917,-1.336952,-0.074563,22.175168,3.306991,0.000000,8.469075,1.262996
test.enc.prompt.txt::01768,test.enc.prompt.txt::01768__row1733,Meet me at,0.0,content_diversity,the middle of the city,downtown,centre of the city,midtown,central,-0.035,0.836,-0.287,-0.734,-0.622,20.196874,1.572808,0.340217,6.871313,0.535095,11.384214,1.218742,0.000000,3.873099,0.414636
test.enc.prompt.txt::01750,test.enc.prompt.txt::01750__row1734,Grifter huh? Where,1.0,content_diversity,did you find him,does he live,did he get that stupid name,is he anyway,was his sister,-0.020,0.968,-0.318,-0.663,-0.358,9.000076,0.436811,0.474479,4.270350,0.207258,25.857392,1.685221,0.000000,12.268798,0.799602
test.enc.prompt.txt::01750,test.enc.prompt.txt::01750__row1735,Grifter huh? Where,0.0,content_diversity,can I find him,can he be found,is he,did you look for him,was it that you found him,-0.032,0.943,-0.413,-0.740,-0.737,10.042703,1.244936,0.466920,4.689139,0.581286,29.647750,1.227778,0.000000,13.843127,0.573274
test.enc.prompt.txt::01728,test.enc.prompt.txt::01728__row1736,"Thanks, guys... I'd",1.0,content_diversity,pay you if I had any money.,enjoy the company.,of never finished without your help.,love to be your roommate.,like to but I can't.,-0.011,0.977,-0.142,-0.682,-0.212,11.978919,0.285926,0.462502,5.540273,0.132241,29.462978,0.891968,0.000000,13.626685,0.412537
test.enc.prompt.txt::01728,test.enc.prompt.txt::01728__row1737,"Thanks, guys... I'd",0.0,content_diversity,love to if I could.,take a rain check.,rather not today.,be standing up someone if I did.,never be able to keep up.,-0.021,0.950,-0.137,-0.649,-0.188,14.072496,0.801843,0.388305,5.464416,0.311359,53.942193,1.053743,0.000000,20.946005,0.409173
test.enc.prompt.txt::01737,test.enc.prompt.txt::01737__row1738,That's right. And,1.0,content_diversity,that is why everyone should follow you,you are wrong,if you have questions just ask me,"finally, you can make it that way",you don't have to worry,-0.043,0.959,-0.075,-0.700,-0.228,16.293536,0.579411,0.481346,7.842825,0.278897,57.903294,1.405656,0.000000,27.871506,0.676606
test.enc.prompt.txt::01737,test.enc.prompt.txt::01737__row1739,That's right. And,0.0,content_diversity,that is why you're a leader,that is why people follow you,that is why you have so many followers,that is why you're popular,this explains why you're natural leader,-0.192,0.798,-0.595,-0.908,-0.654,20.517518,0.804109,0.418086,8.578095,0.336187,64.412584,1.420476,0.000000,26.930026,0.593882
test.enc.prompt.txt::01710,test.enc.prompt.txt::01710__row1740,I was just,1.0,content_diversity,up and heard a noise.,walking the dog.,feeding the chickens.,leaving when I saw you.,coming over to say hello.,-0.007,0.990,-0.269,-0.606,-0.123,-3.355885,-0.098036,0.422976,-1.419459,-0.041467,30.553653,1.478714,0.000000,12.923466,0.625461
test.enc.prompt.txt::01710,test.enc.prompt.txt::01710__row1741,I was just,0.0,content_diversity,up and heard a window breaking.,awake and heard something weird.,waking up and heard the fan make a racket.,coming to and heard a loud bang.,awakening when I heard the alarm.,-0.103,0.873,-0.513,-0.806,-0.459,21.842076,0.545839,0.420892,9.193145,0.229739,28.124175,0.537027,0.000000,11.837228,0.226030
test.enc.prompt.txt::01719,test.enc.prompt.txt::01719__row1742,Where are you,1.0,content_diversity,going next friday,taking her out,going on your holiday,going after this meeting,and your sister hiding,-0.022,0.767,-0.105,-0.668,-0.233,2.260208,0.207581,0.426695,0.964419,0.088574,28.426366,1.399134,0.000000,12.129382,0.597003
test.enc.prompt.txt::01719,test.enc.prompt.txt::01719__row1743,Where are you,0.0,content_diversity,going on a date,taking her for your date,taking her on a date,going to end up with her,thinking of going with her,-0.094,0.859,-0.360,-0.830,-0.646,16.511601,0.863871,0.429909,7.098483,0.371386,28.965666,0.960386,0.000000,12.452596,0.412878
test.enc.prompt.txt::01725,test.enc.prompt.txt::01725__row1744,In other parts,1.0,content_diversity,of world that can never happen,"of country, they love us",of the city they have better standard,"of magazine, it can be found","of my life, everything's going well",-0.040,0.960,-0.074,-0.628,-0.218,19.567266,0.694152,0.405369,7.931959,0.281388,16.765570,0.658175,0.000000,6.796238,0.266804
test.enc.prompt.txt::01725,test.enc.prompt.txt::01725__row1745,In other parts,0.0,content_diversity,"of world, it is unimaginable","of world, it's impossible","of world, this could never be happening",of world. it is impossible for something like this to happen,"of world, it can't be done",-0.117,0.877,-0.506,-0.933,-0.722,38.361725,0.984645,0.434731,16.677037,0.428056,40.877460,0.461524,0.000000,17.770706,0.200639
test.enc.prompt.txt::01722,test.enc.prompt.txt::01722__row1746,If you take,1.0,content_diversity,my advice you can win,pills you won't be able to sleep,"drugs, it can damage your body","me out, i am paying",my dog for a walk i will owe you one,-0.018,0.970,-0.033,-0.635,-0.132,28.889118,1.289996,0.371294,10.726345,0.478967,19.466195,1.349388,0.000000,7.227674,0.501019
test.enc.prompt.txt::01722,test.enc.prompt.txt::01722__row1747,If you take,0.0,content_diversity,"drugs, it is harmful for your body","drugs, they will do damage","drugs, it is bad for your body","drugs, they can harm your body","drugs, your health could deteriorate",-0.108,0.845,-0.581,-0.955,-0.775,23.982527,0.825754,0.493278,11.830045,0.407326,23.801302,0.633211,0.000000,11.740651,0.312349
test.enc.prompt.txt::01776,test.enc.prompt.txt::01776__row1748,"Hey, I been",1.0,content_diversity,seeing you around town.,out sick.,walking the dog.,working my tail off.,watching the kids.,-0.007,0.787,-0.308,-0.629,-0.212,0.926391,0.222356,0.334116,0.309523,0.074293,19.017521,2.240705,0.000000,6.354067,0.748657
test.enc.prompt.txt::01776,test.enc.prompt.txt::01776__row1749,"Hey, I been",0.0,content_diversity,very ill.,in the hospital with the coronavirus.,so sick I couldn't leave the house.,bedridden with the flu.,unwell and in bed for a week.,-0.028,0.952,-0.289,-0.710,-0.435,19.455731,0.577799,0.355079,6.908324,0.205165,27.995151,2.452623,0.000000,9.940494,0.870875
test.enc.prompt.txt::01769,test.enc.prompt.txt::01769__row1750,What you're looking,1.0,content_diversity,at is the first one of its kind.,for is probably over there.,to do is going to be difficult.,into could take some time.,around is doing is making everyone nervous.,-0.024,0.969,-0.218,-0.619,-0.329,-6.482694,0.047808,0.457690,-2.967064,0.021881,62.217950,0.896503,0.000000,28.476528,0.410321
test.enc.prompt.txt::01769,test.enc.prompt.txt::01769__row1751,What you're looking,0.0,content_diversity,at has never been seen before.,at is the prototype of what we want.,for has never existed until now.,to accomplish is a whole new way to do things.,at is a brand new type of cancer celll we have never seen.,-0.041,0.924,-0.247,-0.769,-0.394,-15.312595,-0.035764,0.490831,-7.515897,-0.017554,118.826522,1.516921,0.000000,58.323749,0.744552
test.enc.prompt.txt::01775,test.enc.prompt.txt::01775__row1752,He's wheeling around,1.0,content_diversity,town on a bike.,the track now.,the yard.,the rink.,the park.,-0.054,0.754,-0.430,-0.652,-0.316,-6.125606,-0.463640,0.319850,-1.959277,-0.148295,35.900189,1.792074,0.000000,11.482689,0.573195
test.enc.prompt.txt::01775,test.enc.prompt.txt::01775__row1753,He's wheeling around,0.0,content_diversity,on his bike in town.,"the city, riding his bicycle.",riding his bike. He loves to ride around town.,on his bike and broke down in the city.,on his tricycle in the city. H loves his three wheeler.,-0.109,0.858,-0.524,-0.934,-0.529,13.143906,0.634111,0.416883,5.479476,0.264350,103.990233,1.207090,0.000000,43.351800,0.503216
test.enc.prompt.txt::01748,test.enc.prompt.txt::01748__row1754,We're going to,1.0,content_diversity,go to the store.,throw a party.,have a yard sale.,visit your aunt.,play hide and seek.,-0.006,0.789,-0.400,-0.632,-0.224,2.249824,0.245084,0.457901,1.030197,0.112224,11.962641,0.606097,0.000000,5.477709,0.277532
test.enc.prompt.txt::01748,test.enc.prompt.txt::01748__row1755,We're going to,0.0,content_diversity,have a gala affair.,host a get together.,have some friends over.,celebrate your birthday and invite all your friends.,host a dinner party.,-0.035,0.939,-0.370,-0.767,-0.491,11.593593,0.419128,0.453625,5.259140,0.190127,43.676509,1.707008,0.000000,19.812742,0.774341
test.enc.prompt.txt::01681,test.enc.prompt.txt::01681__row1756,Sorry...sorry... Why do,1.0,content_diversity,I always think I’m a better cook than I really am?,you even ask me if you look fat if you don’t want an honest answer?,you expect me to memorize everything instead of just writing it down?,you want me to like your parents if you don’t even like them?,terrible things always happen to us like we’re cursed?,-0.039,0.921,-0.229,-0.690,-0.198,6.975099,-0.014053,0.551201,3.844682,-0.007746,27.504467,0.392214,0.000000,15.160492,0.216189
test.enc.prompt.txt::01681,test.enc.prompt.txt::01681__row1757,Sorry...sorry... Why do,0.0,content_diversity,women always ask men if they look fat in an outfit?,"females expect men to lie to them about looking fat, but nothing else?",the news and media portray big women as something negative?,people want other people to be honest only when it serves them right?,you put me on the spot like this whenever you put on a new dress?,-0.009,0.964,-0.165,-0.671,-0.261,17.167512,0.283053,0.495575,8.507784,0.140274,65.607142,0.740194,0.000000,32.513239,0.366821
test.enc.prompt.txt::01720,test.enc.prompt.txt::01720__row1758,"No, I'm not.",1.0,content_diversity,I lost my job so I'm not working.,I would never leave her.,I turned him down.,I can't go on vacation with work so busy.,I'm perfectly healthy.,-0.026,0.966,-0.316,-0.641,-0.215,4.209082,0.209672,0.448020,1.885752,0.093937,40.618045,0.468323,0.000000,18.197688,0.209818
test.enc.prompt.txt::01720,test.enc.prompt.txt::01720__row1759,"No, I'm not.",0.0,content_diversity,No health problems here.,My doctor said there's nothing wrong with me healthwise.,I'm in good shape.,"Despite my poor diet, I'm hale and hearty.","Per the lawyer, I'm of sound mind and body.",-0.012,0.982,-0.316,-0.687,-0.409,-1.738603,0.164077,0.426306,-0.741177,0.069947,66.392391,0.888007,0.000000,28.303497,0.378563
test.enc.prompt.txt::01733,test.enc.prompt.txt::01733__row1760,"Yeah, you really",1.0,content_diversity,think you're something don't you?,know how to talk the talk but can you walk the walk?,surprised me.,need to get a hold of that temper of yours.,clean up nice.,-0.001,0.975,-0.094,-0.608,-0.166,2.409656,-0.160385,0.507166,1.222097,-0.081342,40.227035,2.271542,0.000000,20.401799,1.152050
test.enc.prompt.txt::01733,test.enc.prompt.txt::01733__row1761,"Yeah, you really",0.0,content_diversity,caught me off guard.,did the unexpected.,made my head spin.,expanded my realm of possibility.,showed me a whole new way to look at things.,-0.008,0.985,-0.232,-0.698,-0.472,9.054109,0.594770,0.473066,4.283195,0.281366,29.177560,0.904052,0.000000,13.802925,0.427677
test.enc.prompt.txt::01700,test.enc.prompt.txt::01700__row1762,The screen is,1.0,content_diversity,wider than we expected,so perfect,should be bigger,broken,repaired,0.000,0.800,-0.297,-0.632,-0.257,7.240755,0.371666,0.366754,2.655578,0.136310,32.228880,1.598843,0.000000,11.820080,0.586383
test.enc.prompt.txt::01700,test.enc.prompt.txt::01700__row1763,The screen is,0.0,content_diversity,in HD,amazing,outstanding,wonderful,extremely good,0.000,0.400,-0.535,-0.673,-0.612,2.946082,0.137683,0.281589,0.829584,0.038770,27.258407,6.574355,0.000000,7.675668,1.851266
test.enc.prompt.txt::01707,test.enc.prompt.txt::01707__row1764,And now that,1.0,content_diversity,I've done it what next,he knows me?,he thinks I like him?,I believe you,I fix my car,-0.021,0.970,-0.209,-0.563,-0.293,0.441995,-0.317608,0.295885,0.130780,-0.093975,26.393853,2.338473,0.000000,7.809541,0.691919
test.enc.prompt.txt::01707,test.enc.prompt.txt::01707__row1765,And now that,0.0,content_diversity,I trust you,I have a trust in you,I do believe your actions,I think you're honest,have confidence in you,-0.060,0.916,-0.396,-0.784,-0.666,25.111735,1.217508,0.374182,9.396350,0.455569,30.891056,0.887179,0.000000,11.558866,0.331966
test.enc.prompt.txt::01688,test.enc.prompt.txt::01688__row1766,You've been over,1.0,content_diversity,your gf for week,these notes so many time,death of your loved one,me whole week,that thing,-0.010,0.979,-0.096,-0.595,-0.244,22.757707,0.967024,0.273118,6.215529,0.264111,43.100714,1.501270,0.000000,11.771561,0.410023
test.enc.prompt.txt::01688,test.enc.prompt.txt::01688__row1767,You've been over,0.0,content_diversity,the notes plenty of time,these papers so many times,notes many times,notes a lot,your notes so many times,-0.095,0.868,-0.317,-0.889,-0.725,23.576556,1.675300,0.339666,8.008154,0.569042,31.158224,1.273034,0.000000,10.583388,0.432406
test.enc.prompt.txt::01734,test.enc.prompt.txt::01734__row1768,You ain't goin',1.0,content_diversity,places with attitude like that,to seaside,to holidays tomorrow,out tonight,to visit our grandma,-0.021,0.975,-0.049,-0.658,-0.224,1.874975,0.544877,0.348266,0.652989,0.189762,59.707548,1.550765,0.000000,20.794087,0.540078
test.enc.prompt.txt::01734,test.enc.prompt.txt::01734__row1769,You ain't goin',0.0,content_diversity,to be successful,to achieve something,succeed,to be your own man,to achieve anything with attitude like that,-0.051,0.919,-0.182,-0.817,-0.445,-0.335227,1.178922,0.380272,-0.127477,0.448311,50.180418,2.484002,0.000000,19.082217,0.944597
test.enc.prompt.txt::01715,test.enc.prompt.txt::01715__row1770,Did you bite,1.0,content_diversity,all your nails?,my kid,the paper,my desk,yourself,-0.010,0.580,-0.151,-0.622,-0.305,2.215590,0.790936,0.301973,0.669048,0.238841,40.465412,3.091206,0.000000,12.219448,0.933460
test.enc.prompt.txt::01715,test.enc.prompt.txt::01715__row1771,Did you bite,0.0,content_diversity,kid of mine,my toddler,my baby,my child,my little boy,-0.054,0.550,-0.442,-0.803,-0.790,9.093097,1.240200,0.230632,2.097163,0.286030,47.745512,4.213198,0.000000,11.011664,0.971700
test.enc.prompt.txt::01698,test.enc.prompt.txt::01698__row1772,But you looked,1.0,content_diversity,in the wrong place.,like you were freezing to death.,so very sad.,both ways I saw you.,good to me.,-0.008,0.981,-0.284,-0.658,-0.189,-8.753517,-0.817490,0.380176,-3.327877,-0.310790,37.154844,2.530709,0.000000,14.125381,0.962115
test.enc.prompt.txt::01698,test.enc.prompt.txt::01698__row1773,But you looked,0.0,content_diversity,like you lost your best friend.,as pitiful as lost little puppy.,as if they took away your birthday.,utterly forlorn.,like your true love left you.,-0.024,0.948,-0.278,-0.676,-0.434,9.032588,0.241989,0.390042,3.523088,0.094386,40.844242,1.555305,0.000000,15.930966,0.606634
test.enc.prompt.txt::01693,test.enc.prompt.txt::01693__row1774,It's time somebody,1.0,content_diversity,puts an end to it,wakes him up,does his chores,gets fired,makes first move,0.000,1.000,-0.185,-0.588,-0.227,12.560337,1.115484,0.342996,4.308151,0.382607,15.717695,0.877050,0.000000,5.391114,0.300825
test.enc.prompt.txt::01693,test.enc.prompt.txt::01693__row1775,It's time somebody,0.0,content_diversity,leaves the job,gets dismissed,gets laid off,gets sacked,goes away,-0.026,0.567,-0.383,-0.699,-0.682,17.972575,1.322051,0.282038,5.068947,0.372869,9.925278,1.298228,0.000000,2.799304,0.366150
test.enc.prompt.txt::01738,test.enc.prompt.txt::01738__row1776,Banks need to,1.0,content_diversity,stop robbing people,think about their actions,revise their business models,employ educated people,be regulated,-0.012,0.775,-0.332,-0.659,-0.224,14.803008,0.426744,0.481995,7.134973,0.205688,27.087648,0.616881,0.000000,13.056105,0.297333
test.enc.prompt.txt::01738,test.enc.prompt.txt::01738__row1777,Banks need to,0.0,content_diversity,have educated employees,employ highly educated workers,have skillful workforce,be a workplace for educated people,employ skilled workers,-0.033,0.947,-0.531,-0.946,-0.649,37.936673,1.432700,0.438943,16.652033,0.628873,38.464022,1.056798,0.000000,16.883509,0.463874
test.enc.prompt.txt::01745,test.enc.prompt.txt::01745__row1778,You know what,1.0,content_diversity,she did?,happened?,he ran over?,game he played?,that dog drug into the house?,-0.007,0.987,-0.418,-0.704,-0.289,-14.082230,-0.299313,0.269195,-3.790866,-0.080574,60.893259,0.994651,0.000000,16.392162,0.267755
test.enc.prompt.txt::01745,test.enc.prompt.txt::01745__row1779,You know what,0.0,content_diversity,he hit in the street?,he ran over in the car?,he hit a dog in the street!,his car ran over? A poor cat.,his car hit as he was driving? I think a kid.,-0.075,0.902,-0.395,-0.807,-0.358,32.436885,1.581073,0.267752,8.685025,0.423335,73.525726,1.355708,0.000000,19.686624,0.362993
test.enc.prompt.txt::01732,test.enc.prompt.txt::01732__row1780,I told him,1.0,content_diversity,to leave.,he was fired.,I was happy to see him.,to get me a pizza.,his wife loved him.,-0.025,0.960,-0.384,-0.560,-0.156,-5.634533,-0.522912,0.408050,-2.299169,-0.213374,26.014686,0.889985,0.000000,10.615283,0.363158
test.enc.prompt.txt::01732,test.enc.prompt.txt::01732__row1781,I told him,0.0,content_diversity,I was hungry.,to go buy me some pizza.,I was starved and to get me some food.,that I liked pepperoni pizza.,we need some food and the kids liked pizza.,-0.056,0.903,-0.333,-0.812,-0.350,-8.752178,-0.172674,0.426806,-3.735481,-0.073698,84.047896,0.943502,0.000000,35.872141,0.402692
test.enc.prompt.txt::01764,test.enc.prompt.txt::01764__row1782,He was looking,1.0,content_diversity,at me in the strangest way.,out the window.,for trouble and found it.,into a new job,under the bed.,-0.016,0.981,-0.225,-0.584,-0.188,2.061161,0.062857,0.419492,0.864640,0.026368,42.289042,1.214196,0.000000,17.739910,0.509345
test.enc.prompt.txt::01764,test.enc.prompt.txt::01764__row1783,He was looking,0.0,content_diversity,at me with the oddest leer.,like he was too high on pills.,a little peculiar when I saw him.,queerly in my direction.,at me as though I were a ghost.,-0.014,0.968,-0.136,-0.641,-0.368,14.029642,0.494725,0.368004,5.162966,0.182061,45.728088,1.560022,0.000000,16.828125,0.574094
test.enc.prompt.txt::01705,test.enc.prompt.txt::01705__row1784,Stop it! Just,1.0,content_diversity,give me back my ball.,wait until I tell mother what you've done.,let me back in the car.,pay the man and go.,look at him you're going to kill him.,-0.015,0.968,-0.224,-0.659,-0.132,-3.636403,0.132755,0.385166,-1.400618,0.051133,40.067543,1.249778,0.000000,15.432648,0.481372
test.enc.prompt.txt::01705,test.enc.prompt.txt::01705__row1785,Stop it! Just,0.0,content_diversity,you see what happens when mom finds out.,wait until mother gets home.,be ready for the wrath of our mom.,remember what mother did last time.,keep it up and mom will make sure you are sorry.,-0.015,0.974,-0.280,-0.836,-0.494,20.999242,0.738460,0.397783,8.353145,0.293747,41.556172,0.754561,0.000000,16.530345,0.300152
test.enc.prompt.txt::01714,test.enc.prompt.txt::01714__row1786,Don't get too,1.0,content_diversity,excited because we won’t even be at the park until a week from now.,"used to me cooking, because I’m not gonna do it all the time.",clingy because I really can’t stand being smothered.,cocky during your interview if you really want the job.,drunk if you’re the one that will be driving home.,-0.022,0.971,-0.200,-0.597,-0.161,15.267034,0.263832,0.513091,7.833383,0.135370,49.182046,0.379236,0.000000,25.234882,0.194583
test.enc.prompt.txt::01714,test.enc.prompt.txt::01714__row1787,Don't get too,0.0,content_diversity,narcissistic when you’re talking to a potential employer.,used to having good jobs without having to put in an effort.,hopeful that you’ll land your dream job because not everyone does.,caught up in trying to say the perfect thing to an interviewer.,arrogant when you’re talking to the head of a job you want.,-0.050,0.923,-0.313,-0.761,-0.384,26.967058,0.404767,0.520261,14.029903,0.210584,52.040557,0.847288,0.000000,27.074662,0.440811
test.enc.prompt.txt::01760,test.enc.prompt.txt::01760__row1788,We're going to,1.0,content_diversity,go see your grandma.,talk to your teacher.,get him a lawyer.,find out one way or another.,bed.,-0.005,0.989,-0.283,-0.629,-0.127,2.848915,-1.630852,0.261995,0.746401,-0.427275,25.221980,6.254762,0.000000,6.608026,1.638715
test.enc.prompt.txt::01760,test.enc.prompt.txt::01760__row1789,We're going to,0.0,content_diversity,discover the truth.,get to the bottom of this.,keep going until we find what really happened.,know as soon as the call.,keep asking until someone tells us.,-0.017,0.966,-0.222,-0.736,-0.352,9.587540,0.245427,0.444607,4.262684,0.109119,57.720267,2.360471,0.000000,25.662812,1.049481
test.enc.prompt.txt::01683,test.enc.prompt.txt::01683__row1790,It seemed like,1.0,content_diversity,you weren't ready to forgive me,you knew what you were doing,something was bothering you,you were looking for your friend,you were crying,-0.082,0.924,-0.136,-0.709,-0.176,12.576359,0.316618,0.520525,6.546315,0.164807,29.720343,0.744116,0.000000,15.470195,0.387331
test.enc.prompt.txt::01683,test.enc.prompt.txt::01683__row1791,It seemed like,0.0,content_diversity,you weren't willing to forgive,you weren't ready to accept my apology,you didn't want to forgive,you weren't ready to put things behind,you didn't want to smooth things out,-0.158,0.779,-0.587,-0.840,-0.675,26.669008,0.807421,0.493454,13.159935,0.398425,22.747120,0.537373,0.000000,11.224663,0.265169
test.enc.prompt.txt::01724,test.enc.prompt.txt::01724__row1792,Doubtless you'll let,1.0,content_diversity,me down,him do that do you,her choose on her own,these people to snitch,this car in front of you,-0.003,0.973,0.031,-0.531,-0.156,13.136286,0.725802,0.345828,4.542899,0.251003,42.868385,1.169948,0.000000,14.825100,0.404601
test.enc.prompt.txt::01724,test.enc.prompt.txt::01724__row1793,Doubtless you'll let,0.0,content_diversity,him hurt you,him do something wrong to you,him play with your feelings,him be selfish,him to dissapoint you,-0.069,0.933,-0.305,-0.795,-0.478,22.951705,1.241675,0.319673,7.337031,0.396929,32.069564,1.364791,0.000000,10.251760,0.436286
test.enc.prompt.txt::01686,test.enc.prompt.txt::01686__row1794,Talk is cheap.,1.0,content_diversity,actions count,you can avoid talking,make it more expensive,what do you think about the weather,do you believe in karma,-0.019,0.961,-0.095,-0.606,-0.157,18.371002,0.688894,0.308397,5.665554,0.212453,14.061123,1.550694,0.000000,4.336402,0.478229
test.enc.prompt.txt::01686,test.enc.prompt.txt::01686__row1795,Talk is cheap.,0.0,content_diversity,you can stop talking,please stop talking,don't talk,please don't speak,avoid saying too much,-0.035,0.732,-0.406,-0.820,-0.661,10.462985,0.939604,0.320456,3.352931,0.301102,42.048212,1.755116,0.000000,13.474622,0.562438
test.enc.prompt.txt::01699,test.enc.prompt.txt::01699__row1796,What's the *medical*,1.0,content_diversity,equipment doing here,student doing on a party,staff doing,bed's length,doctor's salary,-0.020,0.971,-0.134,-0.640,-0.217,20.000492,1.438221,0.310547,6.211083,0.446635,38.438391,2.272264,0.000000,11.936909,0.705644
test.enc.prompt.txt::01699,test.enc.prompt.txt::01699__row1797,What's the *medical*,0.0,content_diversity,staff's job,staff's description of a job,staff responsible for,staff's work consists of,staff's primary job,-0.061,0.929,-0.265,-0.969,-0.870,22.211296,1.082210,0.359471,7.984310,0.389023,40.202431,1.132525,0.000000,14.451597,0.407110
test.enc.prompt.txt::01701,test.enc.prompt.txt::01701__row1798,Aren't you worried,1.0,content_diversity,about dying on a job,that you're gonna break up,about passing that exam,about your health,your dog is gonna bite that kid,-0.035,0.950,-0.149,-0.613,-0.156,9.739760,0.543363,0.466375,4.542384,0.253411,40.475330,1.518499,0.000000,18.876696,0.708190
test.enc.prompt.txt::01701,test.enc.prompt.txt::01701__row1799,Aren't you worried,0.0,content_diversity,that she's gonna leave you,your relationship has come to an end,your relationship is finished,that she is gonna dump you,that you are about to break up,-0.043,0.930,-0.427,-0.712,-0.686,36.746284,1.279870,0.471597,17.329452,0.603583,10.330085,0.340310,0.000000,4.871641,0.160489
test.enc.prompt.txt::00680,test.enc.prompt.txt::00680__row1800,Patrick? Is that,1.0,content_diversity,you? It's so dark in this hallway.,really what you're wearing tonight?,"your brother over there, with the mustache?",the same book you were reading last week?,your drink or is it mine? Does it matter?,-0.005,0.983,-0.053,-0.680,-0.146,9.521731,0.217489,0.491124,4.676348,0.106814,33.038450,0.847468,0.000000,16.225967,0.416212
test.enc.prompt.txt::00680,test.enc.prompt.txt::00680__row1801,Patrick? Is that,0.0,content_diversity,actually what you're going out in?,really the pants you want to wear? Really?,your idea of getting dressed up? Honestly.,your nicest shirt? I said wear your nicest shirt.,warm enough for this weather? I don't think so.,-0.006,0.974,-0.086,-0.769,-0.278,30.169671,0.732650,0.402842,12.153604,0.295142,41.830773,0.611625,0.000000,16.851184,0.246388
test.enc.prompt.txt::00681,test.enc.prompt.txt::00681__row1802,A model? An,1.0,content_diversity,exquisite creature.,exciting life.,woman who makes money.,short-lived career.,worldwide traveler.,0.000,0.800,-0.415,-0.647,-0.337,8.822314,0.424588,0.267695,2.361692,0.113660,23.270174,0.833228,0.000000,6.229317,0.223051
test.enc.prompt.txt::00681,test.enc.prompt.txt::00681__row1803,A model? An,0.0,content_diversity,life of excitement.,new destination every day.,daily dose of excitement.,day of where nothing is the same.,exciting job.,-0.032,0.947,-0.297,-0.801,-0.513,32.051286,0.939836,0.244692,7.842692,0.229970,47.377072,1.122592,0.000000,11.592789,0.274689
test.enc.prompt.txt::00682,test.enc.prompt.txt::00682__row1804,Oh really? DAISY,1.0,content_diversity,STOP IT.,COME HERE.,LET GO.,STOP LYING,QUIT RUNNING AWAY.,-0.010,0.582,-0.301,-0.744,-0.444,12.719183,2.038750,0.146708,1.866011,0.299102,27.456547,1.746379,0.000000,4.028107,0.256209
test.enc.prompt.txt::00682,test.enc.prompt.txt::00682__row1805,Oh really? DAISY,0.0,content_diversity,TELL ME THE TRUTH.,CAN YOU TELL THE TRUTH FOR ONCE?,WHY DO YOU ALWAYS LIE?,PLEASE JUST BE HONEST.,STOP OBFUSCATING THE TRUTH,-0.048,0.929,-0.147,-0.892,-0.467,12.505577,0.594238,0.365836,4.574990,0.217393,27.939865,0.882956,0.000000,10.221408,0.323017
test.enc.prompt.txt::00683,test.enc.prompt.txt::00683__row1806,You think I'm,1.0,content_diversity,a very stupid person.,cute I believe.,"ugly, don't you?",the smartest person in the world and I am not.,the queen of the universe!,-0.015,0.960,-0.151,-0.624,-0.292,-1.263238,0.074111,0.458401,-0.579070,0.033973,29.382434,2.642161,0.000000,13.468939,1.211170
test.enc.prompt.txt::00683,test.enc.prompt.txt::00683__row1807,You think I'm,0.0,content_diversity,a truly dumb individual.,not very bright.,completely lacking intelligence.,someone who is not smart.,an extreme idiot.,-0.005,0.989,-0.442,-0.675,-0.577,4.381202,-0.144050,0.395417,1.732401,-0.056960,22.242490,1.524541,0.000000,8.795053,0.602829
test.enc.prompt.txt::00684,test.enc.prompt.txt::00684__row1808,Did you know,1.0,content_diversity,I have never noticed how beautiful your eyes are?,that she never found out? Never had a single clue.,"he killed his father? Yes, he got away with it as well.",dogs see their farts as colours?,50% of the popuklation of the UK died in the black death?,-0.004,0.971,-0.108,-0.555,-0.096,8.495377,0.302830,0.402177,3.416647,0.121791,43.377405,1.837412,0.000000,17.445403,0.738965
test.enc.prompt.txt::00684,test.enc.prompt.txt::00684__row1809,Did you know,0.0,content_diversity,"he killed his brother? Yes, he got away with it as well.",he murdered his aunt? Managed to get away it in fact.,he stabbed his mother to death? Found not guilty though.,"he killed his sister? Yes, he got away with it as well.","he shot his twin sister to death and still got away with it,",-0.143,0.795,-0.528,-0.893,-0.602,47.071119,0.872405,0.413994,19.487147,0.361170,74.674757,1.338161,0.000000,30.914879,0.553990
test.enc.prompt.txt::00685,test.enc.prompt.txt::00685__row1810,"So, what's the",1.0,content_diversity,plan for tonight,deal between you guys,thing that is holding us back,most amazing tv show,problem with his behaviour,0.000,1.000,-0.154,-0.563,-0.174,14.381723,0.628840,0.450288,6.475920,0.283159,30.907772,1.285608,0.000000,13.917405,0.578894
test.enc.prompt.txt::00685,test.enc.prompt.txt::00685__row1811,"So, what's the",0.0,content_diversity,best show you've seen,favourite tv show,most awesome tv show you've seen,coolest show on tv,best thing you've seen on tv,-0.125,0.825,-0.424,-0.898,-0.724,31.283282,1.429653,0.389090,12.172020,0.556264,11.595456,0.929438,0.000000,4.511679,0.361635
test.enc.prompt.txt::00686,test.enc.prompt.txt::00686__row1812,"Ah, I see...Yes.",1.0,content_diversity,Now I understand everything. It's much clearer seeing it written down.,I apologize for all of the problems we've had. We didn't know.,I hadn't looked at the painting in quite that way before.,You're the first one who's been able to explain cold fusion to me.,"Well, I understand why he's infatuated. She's quite beautiful.",-0.022,0.968,-0.156,-0.632,-0.181,7.853679,0.156718,0.521511,4.095779,0.081730,26.430652,0.486682,0.000000,13.783871,0.253810
test.enc.prompt.txt::00686,test.enc.prompt.txt::00686__row1813,"Ah, I see...Yes.",0.0,content_diversity,I'm sorry for all the missteps. We were ignorant.,My apologies for everything that's happened. We just weren't aware.,We had no idea. I hope you'll accept our apology for what's occurred.,I deeply regret what took place. No one had informed us.,"I'm so sincerely sorry for all of it. If we'd known, it would never have happened.",-0.031,0.948,-0.446,-0.895,-0.591,39.038132,0.681260,0.447918,17.485871,0.305149,37.954882,0.780367,0.000000,17.000664,0.349540
test.enc.prompt.txt::00687,test.enc.prompt.txt::00687__row1814,"Oh no, I'm",1.0,content_diversity,"so sorry, it shouldn't have gone off so soon.","just joking, your nose is the perfect shape.","just off to the town, I shan't be long.",afraid it isn't good and it is going to cost you a lot of money.,"really no good at this at all, I feel such a fool.",-0.017,0.955,-0.132,-0.649,-0.222,2.682720,0.166947,0.455974,1.223249,0.076124,20.408937,0.551905,0.000000,9.305936,0.251654
test.enc.prompt.txt::00687,test.enc.prompt.txt::00687__row1815,"Oh no, I'm",0.0,content_diversity,"about to go to the cinema, goodbye for now.","just going to the toilet, won't be a tick.","going to the museum today, I won't be too long though.","just off to the seaside, I will see you later.","acually going to the bakers, I will be quite quck about it though.",-0.109,0.880,-0.175,-0.689,-0.212,6.466512,0.287209,0.413770,2.675647,0.118838,100.379042,0.958409,0.000000,41.533808,0.396561
test.enc.prompt.txt::00688,test.enc.prompt.txt::00688__row1816,Where did you,1.0,content_diversity,go last summer?,vacation in the winter?,go to lunch today?,see him at?,shop at for this gift?,-0.006,0.989,-0.186,-0.728,-0.263,-2.433354,0.122657,0.374655,-0.911669,0.045954,37.425741,2.089810,0.000000,14.021752,0.782958
test.enc.prompt.txt::00688,test.enc.prompt.txt::00688__row1817,Where did you,0.0,content_diversity,go on vacation last summer?,did you vacationing for that great tan during the summer?,disappear to over the summer?,travel to on your summer break?,enjoy vacationing during this past summer?,-0.038,0.943,-0.425,-0.913,-0.685,5.297112,0.160395,0.524816,2.780011,0.084178,119.758269,1.612528,0.000000,62.851103,0.846281
test.enc.prompt.txt::00689,test.enc.prompt.txt::00689__row1818,"Pardon me, but",1.0,content_diversity,I saw you seem lost.,I need to get through here.,I couldn't help overhearing what you were saying.,I dropped something over here.,can you grab something for me?,-0.038,0.953,-0.185,-0.696,-0.246,4.054999,0.040222,0.440535,1.786369,0.017719,30.136899,2.092988,0.000000,13.276362,0.922035
test.enc.prompt.txt::00689,test.enc.prompt.txt::00689__row1819,"Pardon me, but",0.0,content_diversity,can you get that for me?,can you go get me that thing on the shelf?,are you able to hand that to me?,can you get the thing on the counter for me?,can you reach over and get that for me?,-0.148,0.809,-0.559,-0.883,-0.562,24.844585,0.675869,0.437590,10.871742,0.295753,35.844541,0.730472,0.000000,15.685213,0.319647
test.enc.prompt.txt::00690,test.enc.prompt.txt::00690__row1820,Would you rather,1.0,content_diversity,eat in and go out somewhere?,visit a museum or go to a movie?,marry a nice guy or a bad boy?,not know that something bad was going to happen?,see me in this pink chiffon number or something tweed?,-0.025,0.951,-0.096,-0.659,-0.154,-28.755073,-0.405970,0.441799,-12.703972,-0.179357,110.504168,1.765840,0.000000,48.820668,0.780147
test.enc.prompt.txt::00690,test.enc.prompt.txt::00690__row1821,Would you rather,0.0,content_diversity,be aware of bad luck in your future or be in the dark?,know if a terrible event were on the horizon or not?,have knowledge of an unfortunate future or be oblivious?,"always know what was coming, even if it was bad, or be clueless?",know what bad things to expect or just be surprised by whatever happened?,-0.055,0.920,-0.268,-0.838,-0.604,13.613138,0.322797,0.520187,7.081374,0.167915,37.349044,0.292838,0.000000,19.428477,0.152331
test.enc.prompt.txt::00691,test.enc.prompt.txt::00691__row1822,So...there's nothing you,1.0,content_diversity,can do about it so there.,need to know that you aren't already aware of.,"can see from up here, just hills and trees.",can say to make this better. You should have stayed quiet.,"have I really need, thanks for offering though.",-0.011,0.981,-0.029,-0.645,-0.248,7.519431,0.153218,0.505569,3.801588,0.077462,46.471365,1.032508,0.000000,23.494463,0.522004
test.enc.prompt.txt::00691,test.enc.prompt.txt::00691__row1823,So...there's nothing you,0.0,content_diversity,have got that I can  make use of. Thanks anyway though.,have offered that I really need.,"have on display that I haven't already got, thanks for taking the time though,",gave me that I really need.,are selling that I need really.,-0.132,0.884,-0.322,-0.893,-0.493,49.333264,0.925847,0.395808,19.526481,0.366457,93.287276,0.975271,0.000000,36.923813,0.386020
test.enc.prompt.txt::00692,test.enc.prompt.txt::00692__row1824,What kind of,1.0,content_diversity,place is this?,tattoo is that?,job is this?,food do you like?,art is that supposed to be?,-0.051,0.944,-0.513,-0.705,-0.318,-5.649246,0.122342,0.430691,-2.433082,0.052692,33.161120,0.679962,0.000000,14.282212,0.292854
test.enc.prompt.txt::00692,test.enc.prompt.txt::00692__row1825,What kind of,0.0,content_diversity,food is your favorite?,food would you like to eat?,things do you like to eat?,foods are the best?,cuisine is your favorite?,-0.084,0.816,-0.506,-0.929,-0.750,12.797424,0.569576,0.499372,6.390681,0.284430,17.454242,1.069517,0.000000,8.716168,0.534087
test.enc.prompt.txt::00693,test.enc.prompt.txt::00693__row1826,Do you feel,1.0,content_diversity,up to going to the museum today?,like pulling your hair out when you watch politics?,like screaming at the TV when your football team is losing?,going to the grocery store for me today?,helping me move a few pieces of furniture?,-0.034,0.937,-0.236,-0.680,-0.143,18.908695,0.298241,0.476501,9.010008,0.142112,24.834945,0.614765,0.000000,11.833871,0.292936
test.enc.prompt.txt::00693,test.enc.prompt.txt::00693__row1827,Do you feel,0.0,content_diversity,"like throwing a brick at the TV when you watch the daily ""briefings?""",like poking your eye out with a sharp stick when political stuff is on TV?,like screaming at the top of your lungs when you see White House people lying to the public?,like turning the channel when the political bigots come on TV?,like crying when you see what our once-proud White House is reduced to?,-0.071,0.907,-0.346,-0.767,-0.310,32.349571,0.395791,0.460620,14.900852,0.182309,15.865111,0.503988,0.000000,7.307784,0.232147
test.enc.prompt.txt::00694,test.enc.prompt.txt::00694__row1828,Where did Paul,1.0,content_diversity,go so early this morning?,get that outrageous shirt that he's wearing?,learn to speak Portuguese?,meet his second wife?,"leave his keys, does anyone know? He's panicking right now.",-0.003,0.987,-0.101,-0.638,-0.117,2.849898,0.474326,0.438313,1.249148,0.207903,92.526563,0.672026,0.000000,40.555606,0.294558
test.enc.prompt.txt::00694,test.enc.prompt.txt::00694__row1829,Where did Paul,0.0,content_diversity,pick up that unbelievable shirt he's got on?,manage to find that one-of-a-kind shirt?,stumble across such a unique article of clothing?,buy that colorful shirt he wears all the time?,happen upon that crazy shirt with the zigzag pattern?,-0.024,0.970,-0.302,-0.919,-0.587,36.209420,0.831213,0.392935,14.227939,0.326612,38.682623,0.561902,0.000000,15.199746,0.220791
test.enc.prompt.txt::00695,test.enc.prompt.txt::00695__row1830,He had a,1.0,content_diversity,suit on that you wouldn't believe!,major heart attack and he's been in the ICU since.,younger brother who was a comedian or actor or something.,job in San Francisco at some tech start-up.,"very troubling lack of respect for himself, and it showed.",-0.004,0.986,-0.031,-0.523,-0.117,-1.602383,0.003022,0.437591,-0.701187,0.001323,29.928198,0.722977,0.000000,13.096295,0.316368
test.enc.prompt.txt::00695,test.enc.prompt.txt::00695__row1831,He had a,0.0,content_diversity,"disturbing lack of self-esteem, which was obvious.","very low opinion of himself, and it was clear to see.",disdain for himself that he never even cared to hide.,horrible self-image and absolutely everyone knew it.,"serious case of self-hatred going on, which was palpable.",-0.025,0.959,-0.323,-0.746,-0.551,30.815795,0.602805,0.445368,13.724356,0.268470,41.906670,0.779213,0.000000,18.663873,0.347036
test.enc.prompt.txt::00696,test.enc.prompt.txt::00696__row1832,Don't you know,1.0,content_diversity,you have to take me out first,you cant leave toddlers alone,you should be more careful,about basics of economy,that he is my best friend,-0.011,0.985,-0.104,-0.618,-0.106,8.288501,0.295534,0.462402,3.832624,0.136656,45.980982,1.888209,0.000000,21.261721,0.873113
test.enc.prompt.txt::00696,test.enc.prompt.txt::00696__row1833,Don't you know,0.0,content_diversity,you can't leave kids alone,you can't leave babies alone,you shouldn't leave babies without adults,you can't leave babies without someone supervising them,you mustn't leave toddlers alone,-0.177,0.782,-0.676,-0.881,-0.708,32.048780,0.772907,0.472718,15.150040,0.365367,29.158209,0.652358,0.000000,13.783615,0.308381
test.enc.prompt.txt::00697,test.enc.prompt.txt::00697__row1834,I mean no,1.0,content_diversity,"so it's no, okay?","man should ever have to live like that, set him free.","harm, I just need answers.","money could buy such a beautiful thing, it is priceless.",offence but your breath absolutely honks.,0.000,1.000,-0.077,-0.548,-0.151,-15.866697,-0.389498,0.344857,-5.471739,-0.134321,56.881258,3.003425,0.000000,19.615889,1.035752
test.enc.prompt.txt::00697,test.enc.prompt.txt::00697__row1835,I mean no,0.0,content_diversity,"harm, I just need to get our of here.","malice, I just need to escape this place.","ill intent, I just have to have answers.","harm, let me take the boy and I am gone.","harm, I just want to be with her, she is everything to me.",-0.092,0.884,-0.343,-0.838,-0.517,5.423178,0.291491,0.453600,2.459955,0.132220,35.952495,0.949911,0.000000,16.308059,0.430880
test.enc.prompt.txt::00698,test.enc.prompt.txt::00698__row1836,The earth just,1.0,content_diversity,keeps getting more and more populated,can't be defined as flat,is a part of a solar system,keeps getting more and more polluted,is our only planet,-0.075,0.819,-0.099,-0.638,-0.151,24.750732,0.692474,0.515011,12.746896,0.356632,51.680462,2.512566,0.000000,26.616000,1.293999
test.enc.prompt.txt::00698,test.enc.prompt.txt::00698__row1837,The earth just,0.0,content_diversity,keeps getting more crowded,continues being more populated,is a home to more people,is being overcrowded,keeps being home to more people than ever,-0.077,0.843,-0.342,-0.778,-0.681,28.783623,1.244253,0.439012,12.636360,0.546242,25.188580,1.089309,0.000000,11.058092,0.478220
test.enc.prompt.txt::00699,test.enc.prompt.txt::00699__row1838,"Listen, if anything",1.0,content_diversity,you should apologise,he can only help you,happens to him it's your responsibility,"happens between us, we can't be friends",you should be more careful,-0.033,0.952,-0.178,-0.672,-0.202,27.539936,0.922405,0.477233,13.142958,0.440202,33.435172,1.531389,0.000000,15.956358,0.730829
test.enc.prompt.txt::00699,test.enc.prompt.txt::00699__row1839,"Listen, if anything",0.0,content_diversity,you should say sorry,you need to apologise for your behaviour,you need to tell him you're sorry,you gotta say sorry first,i think you should be the one to apologise,-0.089,0.879,-0.409,-0.813,-0.762,32.523729,1.209184,0.398438,12.958694,0.481785,31.300957,0.849547,0.000000,12.471495,0.338492
test.enc.prompt.txt::00700,test.enc.prompt.txt::00700__row1840,"Listen, I'm a",1.0,content_diversity,bit impatient with you.,tired guy today.,passionate artist.,very mean jackass.,animal lover.,0.000,0.800,-0.373,-0.627,-0.241,-4.967239,-0.484328,0.333935,-1.658734,-0.161734,24.051866,1.567095,0.000000,8.031754,0.523307
test.enc.prompt.txt::00700,test.enc.prompt.txt::00700__row1841,"Listen, I'm a",0.0,content_diversity,exhausted guy with work and everything.,very tired and cranky man because of lack of sleep.,person who needs a nap.,kid who is tired from school. I'm going to bed early.,guy who's got jet lag. I'm exhausted.,-0.015,0.964,-0.308,-0.830,-0.505,13.129773,0.422177,0.440828,5.787971,0.186108,42.640510,0.568216,0.000000,18.797130,0.250486
test.enc.prompt.txt::00701,test.enc.prompt.txt::00701__row1842,"No, I like",1.0,content_diversity,the warm weather much better.,how free and easygoing she always is.,how they tried to put one over on us again.,what you've done with the new house!,"all of your old friends, I've told you that!",-0.006,0.989,-0.099,-0.619,-0.150,2.181641,0.060082,0.438205,0.956005,0.026328,48.436845,0.670259,0.000000,21.225247,0.293711
test.enc.prompt.txt::00701,test.enc.prompt.txt::00701__row1843,"No, I like",0.0,content_diversity,the tropical climate a lot more.,when the sun is shining and it's hot out.,"when it really heats up outside, for sure!","a nice, hot day, right up into the nineties.",spending time in the sun working up a sweat!,-0.039,0.946,-0.139,-0.721,-0.460,7.724351,0.167238,0.436135,3.368861,0.072939,52.963970,1.103855,0.000000,23.099450,0.481430
test.enc.prompt.txt::00702,test.enc.prompt.txt::00702__row1844,According to his,1.0,content_diversity,story the two of them never met.,phone records he phoned her about 4:55 pm,statistics the car should easily win the race.,watch it was almost noon.,mother he was a pretty nasty kid as well.,-0.010,0.978,-0.173,-0.559,-0.077,7.649160,0.222095,0.403061,3.083079,0.089518,52.857564,0.583227,0.000000,21.304832,0.235076
test.enc.prompt.txt::00702,test.enc.prompt.txt::00702__row1845,According to his,0.0,content_diversity,mother he was a horrible child as well.,mother even when he was young he was trouble.,parents he was a rotten person as he grew up as well.,"mother he was never a nice person, almost not since he was old enough to talk.",mother hehad quite the temper as a young boy.,-0.112,0.877,-0.384,-0.870,-0.620,22.316090,0.279990,0.432894,9.660504,0.121206,75.787335,0.938152,0.000000,32.807890,0.406121
test.enc.prompt.txt::00703,test.enc.prompt.txt::00703__row1846,He does? You're,1.0,content_diversity,totally sure about that?,telling me he is a ballet dancer in his spare time?,"bound to say that though, he is your father after all.",playing a very dangerous game there if that is true?,"joking of course, he never used to be a woman for real!",-0.022,0.962,0.001,-0.620,-0.138,-1.172972,-0.050368,0.506628,-0.594261,-0.025518,88.963168,0.975977,0.000000,45.071249,0.494457
test.enc.prompt.txt::00703,test.enc.prompt.txt::00703__row1847,He does? You're,0.0,content_diversity,telling me he is a butcher in his spare time?,expecting me to believe in his spare time he hunts badgers?,telling me he is a plate spinner in his spare time?,"kidding, he is never a plumber in his spare time, he's a doctor!",telling me he is a lion tamer in his spare time?,-0.276,0.726,-0.561,-0.824,-0.359,45.915446,0.826210,0.466866,21.436365,0.385730,101.419227,1.429497,0.000000,47.349198,0.667384
test.enc.prompt.txt::00704,test.enc.prompt.txt::00704__row1848,"Listen, what's your",1.0,content_diversity,"name again, if you don't mind?","problem, buddy? You've been on my ass all night.",phone number? I want to call you about this.,asking price. I am very interested.,husband do for a living? He looks like the architect type.,-0.005,0.990,-0.029,-0.642,-0.188,-1.395615,0.106754,0.498247,-0.695361,0.053190,56.947022,0.941278,0.000000,28.373683,0.468989
test.enc.prompt.txt::00704,test.enc.prompt.txt::00704__row1849,"Listen, what's your",0.0,content_diversity,"damage, man? You're bugging me.","issue with me, dude? Why don't you back off?","complaint, sir? I don't understand the reason for your dissatisfaction.","malfunction, moron? You got something to say to me?","concern about this, huh? Why are you even involved?",-0.007,0.981,-0.243,-0.690,-0.514,12.143432,0.126636,0.488469,5.931686,0.061858,49.565661,0.852542,0.000000,24.211274,0.416440
test.enc.prompt.txt::00705,test.enc.prompt.txt::00705__row1850,And how's Cecilia?,1.0,content_diversity,Is she still a total pain?,Did she recover from the virus?,"What did she have, a boy or a girl?",It must be hard for her having no legs now.,Is she still dating Cecil?,-0.045,0.941,-0.287,-0.657,-0.238,3.996849,-0.090111,0.432803,1.729849,-0.039000,35.294075,0.493396,0.000000,15.275392,0.213543
test.enc.prompt.txt::00705,test.enc.prompt.txt::00705__row1851,And how's Cecilia?,0.0,content_diversity,is she still with that John chap?,is she still seeing Mickey?,is her romantic status the same as in dating Nathan?,Is she still dating Phil?,Is she still being given the runaround by that rake Neil?,-0.094,0.892,-0.477,-0.710,-0.390,13.446503,0.557621,0.359965,4.840272,0.200724,105.143163,0.890460,0.000000,37.847871,0.320534
test.enc.prompt.txt::00706,test.enc.prompt.txt::00706__row1852,I just don't,1.0,content_diversity,understand him.,get why Trump is so hateful.,care about spiders much.,want to go on vacation during the coronavirus.,think that it is safe to do that.,-0.005,0.979,-0.238,-0.612,-0.104,-0.613747,-0.028537,0.454727,-0.279087,-0.012976,47.366451,0.987368,0.000000,21.538785,0.448982
test.enc.prompt.txt::00706,test.enc.prompt.txt::00706__row1853,I just don't,0.0,content_diversity,understand what makes Trump hate.,comprehend the reason Trump shows such loathing.,cognize the meaning behind the hate Trump has.,see why Trump expresses such abhorrence.,really know what it is that causes Trump to show the opposite of love.,-0.045,0.950,-0.443,-0.922,-0.728,34.331873,0.991176,0.357929,12.288386,0.354771,80.415076,0.881862,0.000000,28.782919,0.315644
test.enc.prompt.txt::00707,test.enc.prompt.txt::00707__row1854,You are a,1.0,content_diversity,very fat man indeed!,"blot on the landscape of humanity, sort yourself out.",mere two miles from the very centre of the earth.,"very lucky boy, that missed you by inches.","bit of a tease madam, I like it!",-0.019,0.969,-0.047,-0.566,-0.134,15.514769,0.044669,0.337681,5.239045,0.015084,43.859044,1.295997,0.000000,14.810372,0.437634
test.enc.prompt.txt::00707,test.enc.prompt.txt::00707__row1855,You are a,0.0,content_diversity,"fortunate young man, that just missed you.","very lucky boy, that missed you by centimetres.","blessed boy, that nearly got you.","person with an angel, that nearly took your head off.","very lucky boy, that missed you by a hairs breadth.",-0.136,0.785,-0.373,-0.869,-0.514,51.885969,1.279819,0.324342,16.828810,0.415099,58.020378,1.020261,0.000000,18.818457,0.330914
test.enc.prompt.txt::00708,test.enc.prompt.txt::00708__row1856,Alice? You gotta,1.0,content_diversity,take a look at this outside.,be kidding me!,"trust me on this one, it will all work out,","stop doing that to yourself, you will make yourself ill.",stop calling me Alice when my name is Joan!,-0.009,0.979,-0.051,-0.656,-0.166,2.432441,0.112408,0.567813,1.381172,0.063826,65.070318,1.072779,0.000000,36.947776,0.609138
test.enc.prompt.txt::00708,test.enc.prompt.txt::00708__row1857,Alice? You gotta,0.0,content_diversity,stop calling me by the wrong name.,stop calling me Alice when my name is June.,"stop saying Alice, you know my name is Sarah.","stop using the wrong name, my name is Susan.","stop calling me Alice, my name is Becky.",-0.177,0.809,-0.479,-0.891,-0.443,35.452254,0.812824,0.519559,18.419530,0.422310,31.348404,0.546146,0.000000,16.287339,0.283755
test.enc.prompt.txt::00709,test.enc.prompt.txt::00709__row1858,When I was,1.0,content_diversity,"young, things were very different around here.","there this morning, they said they didn't even know you.","in Acapulco, I met a man who owned three houses.","trying to get the job, you were no help whatsoever.","still drinking, this was the kind of night where anything could happen.",-0.008,0.980,-0.191,-0.647,-0.139,6.992271,0.313008,0.499630,3.493547,0.156388,55.660726,0.556490,0.000000,27.809755,0.278039
test.enc.prompt.txt::00709,test.enc.prompt.txt::00709__row1859,When I was,0.0,content_diversity,"a child, it was a very different story in this place.","not as old as I am now, everything wasn't like it is now here.","a few years younger, this place was unrecognizable compared to now.","enjoying my younger days, all these things were so far off from what they are now.","young and innocent, these kinds of affairs were not the same, to say the least.",-0.021,0.955,-0.236,-0.766,-0.561,23.249225,0.378741,0.485221,11.281008,0.183773,75.333686,0.617053,0.000000,36.553472,0.299407
test.enc.prompt.txt::00710,test.enc.prompt.txt::00710__row1860,If my dad'd,1.0,content_diversity,been still alive he would have had something to say about this.,seen my sister he would have been so proud.,just been a little more careful he would still be here today.,walk in the room right now I would punch hum on the nose.,stuck around when I was young maybe I'd turned out better.,-0.037,0.946,-0.123,-0.646,-0.298,-6.108499,-0.082887,0.555267,-3.391847,-0.046024,70.465628,1.213363,0.000000,39.127227,0.673740
test.enc.prompt.txt::00710,test.enc.prompt.txt::00710__row1861,If my dad'd,0.0,content_diversity,seen my brother he would have been very proud,seen my mother he would have been so proud,seen my cousin he would have been extremely proud,seen me he would have been so proud,seen his sister he would have been immensely proud,-0.352,0.678,-0.729,-0.982,-0.666,43.182402,0.989905,0.524938,22.668075,0.519638,21.545394,0.347555,0.000000,11.309992,0.182445
test.enc.prompt.txt::00711,test.enc.prompt.txt::00711__row1862,"C'mon, I wouldn't",1.0,content_diversity,"let anything happen to you, trust me.","sell you a faulty one, its 100% okay.","lie about this, it is too important.",be doing it myself it were in the least bit dangerous.,"buy a cat from any other shop,",-0.007,0.985,-0.095,-0.629,-0.247,7.039188,0.118703,0.442328,3.113632,0.052506,72.081223,1.664981,0.000000,31.883566,0.736468
test.enc.prompt.txt::00711,test.enc.prompt.txt::00711__row1863,"C'mon, I wouldn't",0.0,content_diversity,"purchase a dog from any other shop,","buy my fish from any other shop,",get my hamsters from any other place.,buy my guinea pigs anywhere else.,"purchase a mouse from any other shop,",-0.186,0.774,-0.509,-0.783,-0.503,49.638603,1.438745,0.389853,19.351752,0.560899,14.716273,0.439208,0.000000,5.737181,0.171227
test.enc.prompt.txt::00712,test.enc.prompt.txt::00712__row1864,I can't see,1.0,content_diversity,the light.,where I'm going.,what you mean.,doing anything like that.,following any type of plan.,0.000,1.000,-0.254,-0.624,-0.433,-21.170528,-0.906111,0.435611,-9.222122,-0.394712,61.654056,1.848950,0.000000,26.857204,0.805424
test.enc.prompt.txt::00712,test.enc.prompt.txt::00712__row1865,I can't see,0.0,content_diversity,what's up ahead.,in the dark.,what's going on in front of me.,what's going on ahead.,the way forward.,-0.054,0.883,-0.292,-0.791,-0.481,-3.574091,-0.504442,0.463189,-1.655479,-0.233652,12.642144,1.669441,0.000000,5.855699,0.773266
test.enc.prompt.txt::00713,test.enc.prompt.txt::00713__row1866,Go where? You,1.0,content_diversity,"are so mysterious, I swear!",are just going to have to wait and find out.,are going to have to tell me a little more if you want to join you.,are trying to involve me in one of your little adventures again?,are not getting it out of me that easily. It's a surprise!,-0.055,0.909,-0.118,-0.749,-0.326,21.369326,0.315082,0.503426,10.757864,0.158620,50.188886,1.461764,0.000000,25.266365,0.735889
test.enc.prompt.txt::00713,test.enc.prompt.txt::00713__row1867,Go where? You,0.0,content_diversity,will just have to be patient. You'll know soon enough.,mustn't be in such a rush. All in due time.,will not ruin the surprise. You have to bide your time.,will know everything before very long. Try to relax.,"need to calm down and pace yourself. Soon, I promise.",-0.028,0.956,-0.245,-0.775,-0.596,27.976692,0.555237,0.437682,12.244884,0.243017,41.973594,0.776362,0.000000,18.371071,0.339799
test.enc.prompt.txt::00714,test.enc.prompt.txt::00714__row1868,It's the only,1.0,content_diversity,hope I have left.,thing I am allowed to have.,thing she left to me in her will.,food I know how to make.,way I can leave my abusive husband.,-0.041,0.948,-0.348,-0.695,-0.242,-3.142971,-0.093065,0.443176,-1.392890,-0.041244,31.011766,0.330673,0.000000,13.743681,0.146546
test.enc.prompt.txt::00714,test.enc.prompt.txt::00714__row1869,It's the only,0.0,content_diversity,thing I inherited from her.,she decided to leave for me as an inheritance.,thing she left for me as an inheritance.,inheritance I received from her.,she left as my inheritance.,-0.102,0.794,-0.515,-0.978,-0.791,21.401700,0.513529,0.387739,8.298270,0.199115,36.191624,1.021149,0.000000,14.032897,0.395939
test.enc.prompt.txt::00715,test.enc.prompt.txt::00715__row1870,I know how,1.0,content_diversity,"it's done, you don't have to show me.","you feel and I feel the same way, believe me.","they got themselves into this mess, but I don't how they can get out.",beautiful it can be there this time of year.,"children get on Christmas morning, and that's how I am right now.",-0.018,0.955,-0.150,-0.630,-0.186,0.117754,0.023815,0.526164,0.061958,0.012531,48.868637,0.499300,0.000000,25.712933,0.262714
test.enc.prompt.txt::00715,test.enc.prompt.txt::00715__row1871,I know how,0.0,content_diversity,"to do it, no need to get involved.","this gets done, don't worry about me.","to handle something like this, thank you very much.","it all works, which probably surprises you.","to go about it, so just mind your own business.",-0.017,0.971,-0.192,-0.748,-0.479,22.982210,0.536835,0.468871,10.775688,0.251706,31.814987,0.807824,0.000000,14.917120,0.378765
test.enc.prompt.txt::00716,test.enc.prompt.txt::00716__row1872,That was --,1.0,content_diversity,"well, awkward, to say the least.",a better play than I would have expected.,"a truly frightening experience, seeing them again.","a fine home for a young couple, but not for us.",probably some of the worst advice your mother has ever given us.,-0.014,0.973,-0.163,-0.568,-0.274,1.295866,0.123257,0.452009,0.585744,0.055713,53.874811,0.623896,0.000000,24.351920,0.282007
test.enc.prompt.txt::00716,test.enc.prompt.txt::00716__row1873,That was --,0.0,content_diversity,"a genuinely scary thing, running into them like that.","unsettling, wasn't it? I mean, seeing the two of them.",quite a scare we had. Running into them was frightening.,"very startling to me, happening across those two once more.",entirely too nerve-racking for my taste. I hate seeing them.,-0.025,0.963,-0.219,-0.762,-0.551,48.350410,0.880387,0.392199,18.962977,0.345287,53.357037,0.751994,0.000000,20.926570,0.294931
test.enc.prompt.txt::00717,test.enc.prompt.txt::00717__row1874,This is the,1.0,content_diversity,Most amazing thing i've seen,Karma for what you've done,Easiest exam ever,Most disgusting thing you've done,Payback for my brother,-0.025,0.943,-0.088,-0.635,-0.156,27.820107,1.115384,0.318601,8.863520,0.355363,22.306094,1.911158,0.000000,7.106749,0.608897
test.enc.prompt.txt::00717,test.enc.prompt.txt::00717__row1875,This is the,0.0,content_diversity,Best thing i've seen,Most awesome thing,One of the best things,Coolest thing i've seen,Single best thing,-0.073,0.886,-0.351,-0.842,-0.727,34.711466,1.647240,0.302906,10.514322,0.498959,14.804122,0.878735,0.000000,4.484262,0.266174
test.enc.prompt.txt::00718,test.enc.prompt.txt::00718__row1876,Is it your,1.0,content_diversity,turn to go.,chance to make a difference in the world.,biggest opportunity ever.,dog modelling for that advertisement?,only option.,-0.004,0.990,-0.222,-0.653,-0.142,9.641981,-0.132512,0.320564,3.090874,-0.042478,90.677479,2.548982,0.000000,29.067951,0.817112
test.enc.prompt.txt::00718,test.enc.prompt.txt::00718__row1877,Is it your,0.0,content_diversity,greatest chance that you have ever had.,largest moment to seize.,most wonderful potential thing to grab hold of.,best good shot you've experienced.,most beneficial moment to utilize the best possible circumstance.,-0.022,0.963,-0.235,-0.809,-0.542,24.583588,0.892300,0.324929,7.987921,0.289934,63.180693,1.469152,0.000000,20.529239,0.477370
test.enc.prompt.txt::00719,test.enc.prompt.txt::00719__row1878,That's gotta kill,1.0,content_diversity,anyone who tries it.,everyone alive.,pesky ants really well.,the economy.,the earth's environment.,-0.008,0.787,-0.323,-0.623,-0.212,-0.014681,0.102877,0.377830,-0.005547,0.038870,46.354281,1.641580,0.000000,17.514061,0.620239
test.enc.prompt.txt::00719,test.enc.prompt.txt::00719__row1879,That's gotta kill,0.0,content_diversity,annoying ants superbly.,irritating ants effectively.,ants that are bothering you successfully.,those burdensome ants without any trouble.,bothersome ants very well.,-0.049,0.964,-0.393,-0.963,-0.765,48.218559,1.423937,0.288983,13.934364,0.411494,49.540996,0.766702,0.000000,14.316526,0.221564
test.enc.prompt.txt::00720,test.enc.prompt.txt::00720__row1880,Milo. Surprised he's,1.0,content_diversity,still alive.,working there.,disappeared over the winter.,having kids.,homeless now.,0.000,0.800,-0.380,-0.662,-0.199,-3.624473,-0.814355,0.400674,-1.452231,-0.326291,39.817320,1.736992,0.000000,15.953756,0.695967
test.enc.prompt.txt::00720,test.enc.prompt.txt::00720__row1881,Milo. Surprised he's,0.0,content_diversity,not under the ground by now.,still breathing after his shenanigans.,in one piece after his stunts.,not two feet under already.,walking around on two legs and not buried.,-0.028,0.952,-0.150,-0.691,-0.279,1.620146,0.235968,0.482843,0.782275,0.113936,40.242913,0.715000,0.000000,19.430994,0.345233
test.enc.prompt.txt::00721,test.enc.prompt.txt::00721__row1882,We could move,1.0,content_diversity,"closer to your sister, if that would make you happier.",the brown chairs and glass table over next to the fireplace.,to the other table if those people are too loud for you.,the date to the following Sunday so there's no conflict.,the proscenium downstage a little bit to make more room.,-0.053,0.943,-0.090,-0.605,-0.200,0.745535,0.000069,0.526328,0.392396,0.000036,27.891019,0.417734,0.000000,14.679818,0.219865
test.enc.prompt.txt::00721,test.enc.prompt.txt::00721__row1883,We could move,0.0,content_diversity,"it to the Sunday after, which would eliminate the problem.",the date by a week because that day's free and clear.,the whole thing one week later so there's no issue.,"it to the next Sunday, which would clear up that issue.",up by a week and then it wouldn't interfere with the other thing.,-0.068,0.898,-0.263,-0.834,-0.543,28.481256,0.609111,0.454981,12.958438,0.277134,48.187014,0.889549,0.000000,21.924189,0.404728
test.enc.prompt.txt::00722,test.enc.prompt.txt::00722__row1884,The content filer,1.0,content_diversity,should improve his work,shouldn't fill it with boring content,usually creates great content,is absent from work today,is a very nice man,-0.013,0.975,-0.205,-0.620,-0.225,27.298632,0.859540,0.375700,10.256087,0.322929,43.676724,0.754432,0.000000,16.409331,0.283440
test.enc.prompt.txt::00722,test.enc.prompt.txt::00722__row1885,The content filer,0.0,content_diversity,didn't come to work today,is missing from work,is not here,skipped the job today,didn't arrive today,-0.031,0.947,-0.226,-0.721,-0.649,35.858367,2.029529,0.322235,11.554814,0.653985,27.721132,1.414442,0.000000,8.932714,0.455783
test.enc.prompt.txt::00723,test.enc.prompt.txt::00723__row1886,You really wrote,1.0,content_diversity,"a great play, they loved it.",her a letter saying that you loved her?,him a ticket for being 1 mph over the limit?,"the book on that one, I cannot tell you anything to help.",that on the staff room wall?,-0.029,0.957,-0.179,-0.589,-0.100,15.485261,0.059644,0.441795,6.841312,0.026350,67.366670,1.429812,0.000000,29.762264,0.631684
test.enc.prompt.txt::00723,test.enc.prompt.txt::00723__row1887,You really wrote,0.0,content_diversity,"a fantastic book, it got rave reviews.","a moving song, it nearly made me cry.",some heartwarming poetry there.,"a clever and funny Haku, well done.","a meaningful letter, it made your point so well.",-0.028,0.960,-0.325,-0.658,-0.360,17.471564,0.637447,0.420988,7.355327,0.268358,58.865116,1.963481,0.000000,24.781534,0.826603
test.enc.prompt.txt::00724,test.enc.prompt.txt::00724__row1888,Everything I do,1.0,content_diversity,turns out to be wrong.,works out to hurt someone somehow.,is a great success,is a total failure.,is so much fun.,-0.038,0.934,-0.264,-0.708,-0.364,-5.851868,-0.497720,0.458833,-2.685030,-0.228370,52.547349,1.806246,0.000000,24.110453,0.828765
test.enc.prompt.txt::00724,test.enc.prompt.txt::00724__row1889,Everything I do,0.0,content_diversity,works out perfectly.,ends up flawless.,has a perfect result.,is without any fault.,is completely impeccable.,-0.006,0.788,-0.409,-0.792,-0.710,13.056731,0.685948,0.406163,5.303157,0.278606,13.797519,1.084411,0.000000,5.604037,0.440447
test.enc.prompt.txt::00725,test.enc.prompt.txt::00725__row1890,You've been coming,1.0,content_diversity,To practice so rare,"At me for a while, without success",To my house so often,At the wrong classroom,To wrong restaurant,-0.029,0.957,-0.148,-0.614,-0.187,27.399073,1.173212,0.247103,6.770406,0.289905,47.977326,1.385987,0.000000,11.855364,0.342482
test.enc.prompt.txt::00725,test.enc.prompt.txt::00725__row1891,You've been coming,0.0,content_diversity,To training rarely,To training not so often,To practice once a month,To training very rare,To practice twice a month,-0.105,0.871,-0.447,-0.848,-0.572,55.124195,2.496810,0.223108,12.298648,0.557058,19.331835,0.910015,0.000000,4.313087,0.203032
test.enc.prompt.txt::00726,test.enc.prompt.txt::00726__row1892,You could've handwritten,1.0,content_diversity,this script,a letter for your grandma,this signature,a book,rules everyone should follow,-0.016,0.973,-0.153,-0.589,-0.236,-1.127262,0.636243,0.437957,-0.493693,0.278647,49.593461,0.912773,0.000000,21.719816,0.399756
test.enc.prompt.txt::00726,test.enc.prompt.txt::00726__row1893,You could've handwritten,0.0,content_diversity,this personalised letter for granny,this letter for your nana,a letter for your grandmother,this specific letter you've sent to your grandma,a letter you had written last week to your grandma,-0.118,0.855,-0.559,-0.948,-0.715,14.243940,0.590405,0.479143,6.824878,0.282888,53.086310,0.768735,0.000000,25.435910,0.368334
test.enc.prompt.txt::00727,test.enc.prompt.txt::00727__row1894,This is good.,1.0,content_diversity,Now we can get started.,I couldn't make one as fine as this.,All we need to do now is find a way to pin it on him.,So good in fact I will have another serving thank you.,I had no idea we would get so lucky.,-0.016,0.971,-0.076,-0.627,-0.303,14.123949,0.135443,0.459164,6.485214,0.062191,65.015002,0.601140,0.000000,29.852574,0.276022
test.enc.prompt.txt::00727,test.enc.prompt.txt::00727__row1895,This is good.,0.0,content_diversity,We can now set sail.,Now it can begin.,We can start our adventure.,Now we can get on with it.,It begins right now.,-0.045,0.934,-0.437,-0.889,-0.663,14.666581,0.552088,0.315537,4.627844,0.174204,17.733861,1.095005,0.000000,5.595684,0.345514
test.enc.prompt.txt::00728,test.enc.prompt.txt::00728__row1896,Hasn't affected his,1.0,content_diversity,ability to run and jump.,chances of winning the race has it?,"sense of humour I see, just as well really.","hearing, he heard me say that no problem.","putting though has it, the lucky man!",-0.008,0.983,-0.023,-0.581,-0.265,-1.592616,-0.205207,0.422518,-0.672909,-0.086703,79.852728,1.729077,0.000000,33.739231,0.730567
test.enc.prompt.txt::00728,test.enc.prompt.txt::00728__row1897,Hasn't affected his,0.0,content_diversity,"driving though has it, see how far that went.","chip shot has it, that was nearly perfect.","getting out the rough, he made that look easy.","sand wedge shot has it, that very nearly went in.","game one bit, he has been so lucky.",-0.065,0.906,-0.165,-0.722,-0.358,36.500224,0.610403,0.341999,12.483039,0.208757,36.698610,1.221351,0.000000,12.550887,0.417701
test.enc.prompt.txt::00729,test.enc.prompt.txt::00729__row1898,Help me change,1.0,content_diversity,"out of these wet clothes, I am freezing.",this wheel or they will get too far ahead.,his mind will you - he is so stubborn.,this country and we will change the world.,"this bike chain, I cannot do it.",-0.017,0.976,-0.184,-0.602,-0.221,22.228297,0.491474,0.412579,9.170932,0.202772,47.736518,1.182130,0.000000,19.695093,0.487722
test.enc.prompt.txt::00729,test.enc.prompt.txt::00729__row1899,Help me change,0.0,content_diversity,"this bikes break, I am finding it difficult.","the bell on this bike, its quite fiddly.","the bike saddle, it is worn and tattered.","the wheel on this bike, its really tricky.","the bulb in bikes light please, I do not know how to do it.",-0.057,0.911,-0.276,-0.902,-0.489,20.403930,0.723730,0.369081,7.530699,0.267115,76.063569,1.010444,0.000000,28.073604,0.372935
test.enc.prompt.txt::00730,test.enc.prompt.txt::00730__row1900,Ready for number,1.0,content_diversity,six. Number six please come forward.,nine now or would you like to wait a while?,two? Have you seen enough of the first one?,sequencing? Standing by for component synchronization.,"confirmation, on your mark. Number four-four-three-four.",-0.005,0.984,-0.143,-0.659,-0.189,3.814881,0.242877,0.408941,1.560061,0.099322,90.769736,0.909238,0.000000,37.119462,0.371825
test.enc.prompt.txt::00730,test.enc.prompt.txt::00730__row1901,Ready for number,0.0,content_diversity,computations to begin. Standing by.,integration starting in three...two...one.,"set two-two-eight, next in the sequence.",twelve to be powered down and restarted.,six circuit to transmit to number twelve.,-0.021,0.966,-0.096,-0.726,-0.271,36.936194,0.926261,0.322289,11.904110,0.298523,36.914506,0.850660,0.000000,11.897121,0.274158
test.enc.prompt.txt::00731,test.enc.prompt.txt::00731__row1902,I know you,1.0,content_diversity,have your heart in the right place.,want to help me but I can't deal with it right now.,earn some more money but there are no openings right now.,get better grades so you need to start studying more.,want to have children so have you considered adoption?,-0.031,0.942,-0.177,-0.648,-0.183,14.958345,0.222430,0.534243,7.991395,0.118832,56.952074,0.756163,0.000000,30.426260,0.403975
test.enc.prompt.txt::00731,test.enc.prompt.txt::00731__row1903,I know you,0.0,content_diversity,want to graduate so stop partying and start studying.,want to get out there and work but you need to get through college first.,study more if you want to get the grades you need to graduate.,need to get a tutor so you can raise your grades.,understand the importance of an education so let's do some serious studying.,-0.080,0.882,-0.273,-0.891,-0.528,20.042815,0.412819,0.522028,10.462909,0.215503,41.952376,0.499426,0.000000,21.900311,0.260714
test.enc.prompt.txt::00732,test.enc.prompt.txt::00732__row1904,...You wanna work,1.0,content_diversity,or you wanna just sit around?,out what is is all about or do you not care?,this through or shall we just call it a day?,out or are you too tired?,towards a greater good or just look out for yourself?,-0.047,0.944,-0.092,-0.734,-0.283,2.714604,0.180627,0.510693,1.386329,0.092245,52.742289,0.768766,0.000000,26.935112,0.392603
test.enc.prompt.txt::00732,test.enc.prompt.txt::00732__row1905,...You wanna work,0.0,content_diversity,out this problem or are you not interested?,out what this is about or do you not give a damn?,out who is doing this or not?,out what is going on or do you not want to know?,this out or ar eyou not bothered?,-0.106,0.871,-0.194,-0.886,-0.633,23.848022,0.531713,0.431484,10.290040,0.229426,40.384306,1.656907,0.000000,17.425183,0.714929
test.enc.prompt.txt::00733,test.enc.prompt.txt::00733__row1906,Could it be,1.0,content_diversity,that he just love the taste of meat?,true when they say he is a cheater?,the end of the world?,the start of something new?,that we just don't need to work in an office?,-0.031,0.956,-0.225,-0.706,-0.093,-7.799324,0.071432,0.451217,-3.519190,0.032231,67.126873,1.162566,0.000000,30.288803,0.524570
test.enc.prompt.txt::00733,test.enc.prompt.txt::00733__row1907,Could it be,0.0,content_diversity,a new beginning?,the kick off of a new thing?,the inception of an original?,emergence of a something fresh?,the beginning of something never seen before?,-0.061,0.915,-0.367,-0.868,-0.620,25.708144,0.929625,0.350240,9.004016,0.325592,41.022286,1.461536,0.000000,14.367639,0.511888
test.enc.prompt.txt::00734,test.enc.prompt.txt::00734__row1908,Every entry was,1.0,content_diversity,"very different, it was refreshing to see.",done in a different way.,"carried out to the law, we have them bang to rights.","sealed, there was no way in or out.","signed at the bottom by the entrant,",-0.019,0.958,-0.142,-0.618,-0.156,30.034392,0.632098,0.462635,13.894953,0.292431,83.036460,1.034335,0.000000,38.415549,0.478519
test.enc.prompt.txt::00734,test.enc.prompt.txt::00734__row1909,Every entry was,0.0,content_diversity,"blocked, the place was locked up tight.","impassable, we couldnt get in,they couldnt get out.","sealed, there was no way in at all.",bricked up. It looked like it had been for years.,locked and nobody had a key so we couldn't get in.,-0.017,0.954,-0.177,-0.758,-0.520,9.707326,0.302719,0.440361,4.274733,0.133306,57.649135,0.806089,0.000000,25.386460,0.354971
test.enc.prompt.txt::00735,test.enc.prompt.txt::00735__row1910,Delbert seems to,1.0,content_diversity,be very nervous around the opposite sex.,have figured out a solution to the problem.,want to say something. Has anyone asked him?,be losing a lot of weight. Is he trying to?,more interested in the bottom of his shoe than anything else.,-0.016,0.973,-0.248,-0.594,-0.153,0.539603,0.170609,0.535473,0.288943,0.091357,46.787278,0.614406,0.000000,25.053332,0.328998
test.enc.prompt.txt::00735,test.enc.prompt.txt::00735__row1911,Delbert seems to,0.0,content_diversity,have come up with a way to solve the issue.,have stumbled upon a way to fix everything.,found some sort of resolution to this conundrum.,"have answered the question, in a way.",have unraveled the snags in a unique way.,-0.078,0.903,-0.398,-0.807,-0.587,18.912493,0.388059,0.464927,8.792932,0.180419,56.752071,1.332604,0.000000,26.385581,0.619564
test.enc.prompt.txt::00736,test.enc.prompt.txt::00736__row1912,"Get the backslash,",1.0,content_diversity,and exclamation mark,and use it to divide two numbers,"and if you don't know where it is, then find out",and put it in the middle of the sentence,it is easy to use it,-0.047,0.938,-0.072,-0.661,-0.181,15.223011,0.012555,0.533422,8.120284,0.006697,32.578838,1.506295,0.000000,17.378258,0.803491
test.enc.prompt.txt::00736,test.enc.prompt.txt::00736__row1913,"Get the backslash,",0.0,content_diversity,find out where it is located if you don't know,"if you're not sure, look it up","if you're not familiar with the keyboard, google it",find out where can you find it,and look it up if you're not sure,-0.115,0.842,-0.313,-0.829,-0.481,42.330482,1.093085,0.476141,20.155265,0.520462,38.817591,0.782653,0.000000,18.482635,0.372653
test.enc.prompt.txt::00737,test.enc.prompt.txt::00737__row1914,Now what are,1.0,content_diversity,you doing here?,you talking about?,we going to do about this mess?,the odds of that happening all at once?,the children doing that for?,-0.018,0.969,-0.146,-0.670,-0.346,-2.007169,-0.133712,0.573160,-1.150430,-0.076638,47.257225,0.981566,0.000000,27.085974,0.562595
test.enc.prompt.txt::00737,test.enc.prompt.txt::00737__row1915,Now what are,0.0,content_diversity,the chances of that happening?,the possibilities of that occuring?,the likelihood of that going to happen?,the outlook of that turning out to be?,the prospects for that ending up like that?,-0.109,0.906,-0.556,-0.949,-0.795,20.988787,0.586373,0.482138,10.119502,0.282713,44.601363,0.977391,0.000000,21.504034,0.471238
test.enc.prompt.txt::00738,test.enc.prompt.txt::00738__row1916,Me too! Were,1.0,content_diversity,the others all into it as well?,all the red ones gone by then?,those responsible all caught?,the stairs hard for you to climb as well in your condition?,we the only ones picked or are more coming later?,-0.029,0.965,-0.139,-0.715,-0.211,-2.463402,0.195676,0.435918,-1.073841,0.085299,59.125039,0.699627,0.000000,25.773667,0.304980
test.enc.prompt.txt::00738,test.enc.prompt.txt::00738__row1917,Me too! Were,0.0,content_diversity,all the green ones gone when you got there?,the orange ones all gone when you arrived?,the yellow ones still available or not at that point?,all the blue ones taken by the time you showed up?,there any purple ones remaining when you got there?,-0.101,0.872,-0.503,-0.888,-0.313,48.967148,1.006541,0.494540,24.216210,0.497775,47.678297,0.831441,0.000000,23.578822,0.411181
test.enc.prompt.txt::00739,test.enc.prompt.txt::00739__row1918,What've you got,1.0,content_diversity,in your purse,after this class,on a menu,on your schedule,with my sister,-0.013,0.573,-0.257,-0.589,-0.207,8.744126,0.879797,0.355336,3.107106,0.312624,24.604815,2.541913,0.000000,8.742986,0.903234
test.enc.prompt.txt::00739,test.enc.prompt.txt::00739__row1919,What've you got,0.0,content_diversity,in your bag,in your fannypack,in that backpack,in that shoulderbag,in that pouch,-0.133,0.447,-0.563,-0.838,-0.619,18.920810,1.065531,0.450047,8.515255,0.479539,25.007547,1.240288,0.000000,11.254573,0.558188
test.enc.prompt.txt::00740,test.enc.prompt.txt::00740__row1920,"So, when you",1.0,content_diversity,"lock the front door, turn on the alarm, okay?","get to Mission Drive, make a left and you'll see the place on the right hand side.","wake up in the morning, make sure to call me first thing.","know what you want, I'll be right over there.","start acting like that, that's when I don't want to be around you.",-0.026,0.960,-0.080,-0.685,-0.140,0.974690,0.081437,0.510189,0.497276,0.041548,48.460433,0.690114,0.000000,24.723969,0.352088
test.enc.prompt.txt::00740,test.enc.prompt.txt::00740__row1921,"So, when you",0.0,content_diversity,"get up tomorrow, get ahold of me right away.","get out of bed in the AM, get me on the phone immediately.","first wake up, call me before you do anything else.","open your eyes tomorrow, phone me up before you do anything else.","are up tomorrow morning, the first thing you should do is call me, okay?",-0.069,0.882,-0.336,-0.939,-0.692,25.723624,0.509101,0.496654,12.775746,0.252847,43.289046,0.447813,0.000000,21.499686,0.222408
test.enc.prompt.txt::00741,test.enc.prompt.txt::00741__row1922,That's great. I,1.0,content_diversity,am so glad you received such exciting news!,am just so relieved to find out you're okay!,had a feeling it would all work out for you.,never know what to expect when they get involved.,"was imagining the most awful things, so I'm glad it's all good.",-0.019,0.967,-0.148,-0.673,-0.404,-7.908942,-0.010066,0.514534,-4.069418,-0.005179,47.726574,0.638891,0.000000,24.556935,0.328731
test.enc.prompt.txt::00741,test.enc.prompt.txt::00741__row1923,That's great. I,0.0,content_diversity,was confident that everything would be okay.,was pretty sure things would be fine.,knew deep down that it would all get sorted out.,never doubted that it would be a happy ending.,can always count on you to work through the snags.,-0.051,0.931,-0.329,-0.660,-0.579,-0.472709,0.051369,0.522998,-0.247226,0.026866,60.856614,1.066539,0.000000,31.827877,0.557798
test.enc.prompt.txt::00742,test.enc.prompt.txt::00742__row1924,"Yeah, they dig",1.0,content_diversity,up dinosaur bones.,for gold.,the good life.,in the sand.,for pirates treasure.,-0.015,0.571,-0.389,-0.660,-0.219,-9.094379,-0.306528,0.424320,-3.858927,-0.130066,33.717979,2.105812,0.000000,14.307214,0.893538
test.enc.prompt.txt::00742,test.enc.prompt.txt::00742__row1925,"Yeah, they dig",0.0,content_diversity,a life of leisure.,all play and no work.,living high on the hog.,getting everything they want from life.,a life of fun and play.,-0.044,0.922,-0.191,-0.735,-0.286,10.152317,0.327594,0.353141,3.585204,0.115687,30.058630,0.876294,0.000000,10.614949,0.309456
test.enc.prompt.txt::00743,test.enc.prompt.txt::00743__row1926,It's how on-line,1.0,content_diversity,businesses work these days.,"payments are made, its all automatic.","money is earned, sometimes its easy, other times tough.","dating works, just pick one you like and get in touch.","stuff is found, just type what you ar elooking for and hit search.",-0.010,0.977,-0.125,-0.680,-0.209,9.988504,0.247970,0.478974,4.784232,0.118771,74.676421,0.377099,0.000000,35.768052,0.180621
test.enc.prompt.txt::00743,test.enc.prompt.txt::00743__row1927,It's how on-line,0.0,content_diversity,companies operate now.,stores put themelves out there.,pharmacys sell stuff nowadays.,pet shops do a lot of their business these days.,"banks work, its really handy  actually.",0.000,1.000,-0.162,-0.705,-0.333,-9.711133,-0.166288,0.390052,-3.787846,-0.064861,89.669802,1.904838,0.000000,34.975878,0.742986
test.enc.prompt.txt::00744,test.enc.prompt.txt::00744__row1928,Gary knows I'm,1.0,content_diversity,"allergic to shellfish, why would he order that?","not interested in him, yet he persists.",a Libra. He tells everyone he sees.,not going to put up with his shenanigans anymore. That's why he's behaving.,a Beatles fan and he made the greatest mix tape.,-0.024,0.969,-0.212,-0.591,-0.126,1.372794,0.185513,0.519334,0.712938,0.096343,49.348250,1.174202,0.000000,25.628205,0.609803
test.enc.prompt.txt::00744,test.enc.prompt.txt::00744__row1929,Gary knows I'm,0.0,content_diversity,"fed up with his foolishness, which is why he's being good.","tired of his jokes, so he's behaving himself tonight.","annoyed with his childishness, so he's trying to improve.","irritated by his nonsense, so he's cleaning up his act.","not fond of his goofier side, so he's trying to be better.",-0.096,0.888,-0.480,-0.818,-0.612,15.156337,0.290532,0.500059,7.579056,0.145283,50.148803,0.828266,0.000000,25.077337,0.414182
test.enc.prompt.txt::00745,test.enc.prompt.txt::00745__row1930,"Oh, man. I'd",1.0,content_diversity,kill for a beer right now.,love to see her in the shower!,do anything for a good nights sleep.,"like to help you but I can't, I have to be somewhere.","give you it right back next week, I swear.",-0.021,0.955,-0.108,-0.635,-0.171,-5.954502,-0.155638,0.503705,-2.999310,-0.078396,70.718669,1.304559,0.000000,35.621321,0.657112
test.enc.prompt.txt::00745,test.enc.prompt.txt::00745__row1931,"Oh, man. I'd",0.0,content_diversity,kill for something really cold just this moment.,do anything for a decent meal right now.,kill just to have a piece of that pie right now.,walk on water just to taste that one more time.,kill for one of Ma's old cookies right at this moment.,-0.051,0.915,-0.248,-0.741,-0.291,-3.579899,0.008018,0.506153,-1.811977,0.004059,62.301824,0.964435,0.000000,31.534263,0.488152
test.enc.prompt.txt::00746,test.enc.prompt.txt::00746__row1932,I don't know,1.0,content_diversity,which way we're supposed to go and I'm low on gas.,"which one I'd rather have, the prawns of the lamb.","where she gets off talking to me like that, the little snot.","I left those goddamn keys, I'm losing my mind.",what I was thinking when I took this apartment.,-0.013,0.973,-0.096,-0.583,-0.085,12.978692,0.188172,0.432976,5.619463,0.081474,66.345631,1.454817,0.000000,28.726070,0.629901
test.enc.prompt.txt::00746,test.enc.prompt.txt::00746__row1933,I don't know,0.0,content_diversity,where my mind was when I agreed to move in here.,why I ever decided to rent this place.,what could have possessed me to decide on this house.,led me to believe living here would be a good idea.,what I ever saw in this miserable little hovel.,-0.040,0.942,-0.275,-0.780,-0.341,23.147582,0.465353,0.460071,10.649534,0.214096,44.144803,0.743051,0.000000,20.309749,0.341856
test.enc.prompt.txt::00747,test.enc.prompt.txt::00747__row1934,"Hardly anybody does,",1.0,content_diversity,but it is actually the easiest way of all!,that is why it is so quiet with hardly any queues.,you are one of only a few thousand people in the whole world.,but if you tell anyone I would have to kill you.,there is only me and my brother who know about it and a few select others.,-0.029,0.946,-0.146,-0.665,-0.300,-2.693417,0.064092,0.484869,-1.305954,0.031076,48.972549,0.738857,0.000000,23.745257,0.358249
test.enc.prompt.txt::00747,test.enc.prompt.txt::00747__row1935,"Hardly anybody does,",0.0,content_diversity,there is only me and my sister who know about it and a couple of others.,only my uncle and me know about it and four other people I know of.,my cousin and me are the ony ones who know about it except the founders.,only my son and I and a couple of others know it is even here.,there is only me and my father who know about it and a few select others.,-0.213,0.730,-0.502,-0.900,-0.654,54.692933,0.795052,0.453358,24.795502,0.360443,76.205087,1.184963,0.000000,34.548218,0.537213
test.enc.prompt.txt::00748,test.enc.prompt.txt::00748__row1936,Same with the,1.0,content_diversity,"women, they are just as bad if not worse really.","other towns around here, they are all suffering.","kids, they have no idea the trouble thats coming their way,","pork chops, this place does the best of anywhere around here.","aliens, all they want to do is try to kill us, we are getting it all ways.",-0.025,0.961,-0.145,-0.651,-0.195,3.572307,0.229023,0.425037,1.518362,0.097343,112.906846,0.886795,0.000000,47.989578,0.376921
test.enc.prompt.txt::00748,test.enc.prompt.txt::00748__row1937,Same with the,0.0,content_diversity,"coq au vin, nowhere does it better.","dish you ordered, they make the best salmon salads in the city.","mussels, this place does the best of anywhere around here.","meal I have got, it is the best peach cobbler anywhere around here.","lasagne, this place does the best of anywhere around here.",-0.148,0.774,-0.337,-0.766,-0.423,63.135716,1.076364,0.341400,21.554508,0.367470,102.786724,1.693590,0.000000,35.091346,0.578191
test.enc.prompt.txt::00749,test.enc.prompt.txt::00749__row1938,Maybe it's the,1.0,content_diversity,"weather, but I feel very strange tonight.",necklace he said he'd buy you for your anniversary.,wrong package. I don't think you should open it.,"fudge brownies they brought. Hey, does anyone know if there are nuts in this?","same one as before. It's hard to tell, they all look alike.",-0.006,0.988,-0.179,-0.595,-0.105,8.940410,0.145138,0.484935,4.335519,0.070383,66.631755,0.540720,0.000000,32.312084,0.262214
test.enc.prompt.txt::00749,test.enc.prompt.txt::00749__row1939,Maybe it's the,0.0,content_diversity,"nonstop rain, but I'm not myself this evening.","conditions, but I just feel nervous right now.","storm, but something has got me on edge.","wind, but I'm sensing some kind of trouble tonight.","thunder, but I've been a nervous wreck all night.",-0.031,0.966,-0.457,-0.750,-0.548,13.851956,0.331309,0.491684,6.810787,0.162899,33.392717,0.747467,0.000000,16.418669,0.367518
test.enc.prompt.txt::00750,test.enc.prompt.txt::00750__row1940,...You got my,1.0,content_diversity,"back, I got yours",money? You better have my money.,magazine in stock today Bert?,"deepest sympathies, I was really sorry to hear what happened.","number, just call if you need me.",-0.003,0.994,-0.030,-0.594,-0.158,26.706094,0.807692,0.459322,12.266698,0.370991,80.395705,2.413176,0.000000,36.927520,1.108425
test.enc.prompt.txt::00750,test.enc.prompt.txt::00750__row1941,...You got my,0.0,content_diversity,cell number? Ring anytime you want.,mobile details? Feel free to call anytime.,landline number? The cell service there is sketchy at best.,contact details? I'll need yo to call me as soon as you get there.,phone number? I will expect you to call right away.,-0.041,0.935,-0.229,-0.893,-0.396,29.517171,0.510289,0.454029,13.401642,0.231686,51.795520,0.617787,0.000000,23.516652,0.280493
test.enc.prompt.txt::00751,test.enc.prompt.txt::00751__row1942,Is that how,1.0,content_diversity,things are supposed to be?,I should behave?,I make more money?,I cook pasta?,I should avoid a prison sentence?,-0.043,0.949,-0.341,-0.698,-0.217,-12.988396,-0.058883,0.411969,-5.350814,-0.024258,36.874596,1.704066,0.000000,15.191182,0.702022
test.enc.prompt.txt::00751,test.enc.prompt.txt::00751__row1943,Is that how,0.0,content_diversity,things work around here?,things happen around here?,things are?,everything is here?,everything happens around here?,-0.092,0.673,-0.452,-0.885,-0.631,3.932141,0.412370,0.510535,2.007497,0.210530,11.553909,1.257182,0.000000,5.898678,0.641836
test.enc.prompt.txt::00752,test.enc.prompt.txt::00752__row1944,"But these, like,",1.0,content_diversity,"they're my all-time favorites, you know what I mean?",are just not as good as the more expensive ones.,aren't they the ones you told me to get?,are for little kids and I'm just about to turn fourteen.,"are too cheap to wear to school, I'll be embarrassed.",-0.022,0.959,-0.052,-0.719,-0.136,1.415850,0.125494,0.476753,0.675012,0.059830,31.090901,0.501529,0.000000,14.822696,0.239106
test.enc.prompt.txt::00752,test.enc.prompt.txt::00752__row1945,"But these, like,",0.0,content_diversity,didn't you say to get these ones?,I'm sure they're the ones that you said.,have to be the right ones because they didn't have anything else.,"couldn't be a mistake, I made sure I got the kind you said.",are the only ones that were even close and I looked at a million of them.,-0.040,0.931,-0.099,-0.815,-0.380,14.858377,0.383786,0.416011,6.181255,0.159659,72.566551,0.765045,0.000000,30.188517,0.318267
test.enc.prompt.txt::00753,test.enc.prompt.txt::00753__row1946,A beautiful geek?,1.0,content_diversity,Is there such a thing?,I am going to take that as a compliment.,Did you mean to write a beautiful Greek?,Then I am in love with her already.,Is that the name of a movie?,-0.033,0.951,-0.168,-0.624,-0.218,12.028560,0.174668,0.553641,6.659502,0.096704,37.732091,0.641560,0.000000,20.890025,0.355194
test.enc.prompt.txt::00753,test.enc.prompt.txt::00753__row1947,A beautiful geek?,0.0,content_diversity,Does such a thing exist?,Well I have never seen one.,I will believe it when I see it!,Are you telling me they are for real?,Do they make beautiful geeks?,-0.008,0.981,-0.152,-0.680,-0.270,6.848227,0.139403,0.526194,3.603495,0.073353,29.399151,0.470028,0.000000,15.469653,0.247326
test.enc.prompt.txt::00754,test.enc.prompt.txt::00754__row1948,That kid's the,1.0,content_diversity,worst.,best.,school bully.,world champion.,class clown.,0.000,0.400,-0.546,-0.630,-0.213,2.629334,0.353340,0.398326,1.047333,0.140745,23.992268,1.801150,0.000000,9.556753,0.717446
test.enc.prompt.txt::00754,test.enc.prompt.txt::00754__row1949,That kid's the,0.0,content_diversity,funniest kid.,jokester of the class.,class comedian.,biggest riot.,most funny kid I've heard.,-0.013,0.973,-0.288,-0.771,-0.433,-7.105294,0.013550,0.378313,-2.688026,0.005126,41.970104,1.946956,0.000000,15.877840,0.736559
test.enc.prompt.txt::00755,test.enc.prompt.txt::00755__row1950,How do you,1.0,content_diversity,"do, my name is Horace Shimmyshammy.",do that? It's amazing!,make a chocolate chip cookie anyway?,explain this then if you say there was no signs of a struggle?,ride a horse? Is it easy?,-0.008,0.989,-0.017,-0.568,-0.153,13.990809,0.164558,0.348620,4.877477,0.057368,112.265477,2.155151,0.000000,39.138002,0.751329
test.enc.prompt.txt::00755,test.enc.prompt.txt::00755__row1951,How do you,0.0,content_diversity,"do, Terence gabblegibble at your service.","do, you can call me maximillian showbodywhack.","do, my name is Mike Annical Turke.","do, you have the pleasure of meeting Gilbert Thrusting.","do, my name is Aires Earch.",-0.069,0.902,-0.039,-0.772,-0.360,43.946942,0.803604,0.183036,8.043881,0.147089,63.917924,1.694678,0.000000,11.699294,0.310187
test.enc.prompt.txt::00756,test.enc.prompt.txt::00756__row1952,'Pardon me for,1.0,content_diversity,make assumptions,asking questions,barging in,having my own opinion,asking for my rights to be respected,-0.009,0.976,0.035,-0.629,-0.314,0.088142,0.555905,0.457054,0.040285,0.254079,44.178723,2.459303,0.000000,20.192075,1.124035
test.enc.prompt.txt::00756,test.enc.prompt.txt::00756__row1953,'Pardon me for,0.0,content_diversity,coming in without knocking,not announcing my presence before coming in,coming in swiftly,not waiting before coming in,interrupting,-0.105,0.848,-0.300,-0.787,-0.488,25.133536,0.893192,0.550505,13.836125,0.491706,24.500404,1.132328,0.000000,13.487583,0.623352
test.enc.prompt.txt::00757,test.enc.prompt.txt::00757__row1954,"'Milk, milk, lemonade.",1.0,content_diversity,"Wait, how does the rest of that saying go?","Round the corner...oh, you know the rest.",Is that a dirty rhyme? I never knew what it meant.,"Two of my favorite beverages, if you care to know.",Which would you like? I also have soda.,-0.025,0.955,-0.071,-0.641,-0.181,13.766574,0.156557,0.450657,6.204007,0.070554,28.783273,0.686569,0.000000,12.971391,0.309407
test.enc.prompt.txt::00757,test.enc.prompt.txt::00757__row1955,"'Milk, milk, lemonade.",0.0,content_diversity,"Do you have a preference? I have soda, too.",Either one is fine. Unless you'd like soda.,Your choice. You can also have a soda.,"Or soda, too. What do you feel like?","Let me know when you decide. We have sodas, too, if you'd prefer.",-0.032,0.947,-0.321,-0.962,-0.804,17.004614,0.638221,0.432483,7.354209,0.276020,52.821909,0.634790,0.000000,22.844587,0.274536
test.enc.prompt.txt::00758,test.enc.prompt.txt::00758__row1956,I'm going to,1.0,content_diversity,take you out to a nice restaurant,take the trash out,buy you earrings you've always wanted,take a shot,order a new pants,-0.035,0.950,-0.031,-0.654,-0.122,5.978021,-0.248117,0.422468,2.525520,-0.104821,45.777332,2.721817,0.000000,19.339440,1.149879
test.enc.prompt.txt::00758,test.enc.prompt.txt::00758__row1957,I'm going to,0.0,content_diversity,treat you with a fancy meal,take you out for a dinner,take you out so we can dine,take you to a fancy restaurant,treat you with a special meal in a restaurant,-0.125,0.822,-0.413,-0.896,-0.699,30.397327,1.171759,0.432828,13.156801,0.507170,37.157914,0.941275,0.000000,16.082970,0.407410
test.enc.prompt.txt::00759,test.enc.prompt.txt::00759__row1958,Just where you'd,1.0,content_diversity,expect to find it really!,go for a holiday if you had that amount of money.,"see me any given day of the week really, I am a man of habit.","think she would go, she is shocking.",want to see a thief - in a cell.,-0.015,0.966,-0.130,-0.603,-0.218,23.419650,0.134311,0.416379,9.751452,0.055924,75.322651,1.319691,0.000000,31.362775,0.549492
test.enc.prompt.txt::00759,test.enc.prompt.txt::00759__row1959,Just where you'd,0.0,content_diversity,wish to see a pickpocket - in jail.,want to see a rapist - in gaol.,"prefer to see a mugger, locked up inside.","want to see a scam artist, banged up in jail!","want to see a gangster, behind bars!",-0.214,0.797,-0.589,-0.807,-0.588,44.515018,1.095198,0.327317,14.570503,0.358476,27.065236,0.647920,0.000000,8.858900,0.212075
test.enc.prompt.txt::00760,test.enc.prompt.txt::00760__row1960,Russian Intelligence? Are,1.0,content_diversity,they any good?,they after you?,you saying it was them who caused the explosion?,they bugging the meeting room?,you being followed by them?,-0.023,0.968,-0.286,-0.770,-0.242,9.302935,0.052655,0.481487,4.479242,0.025353,43.889649,1.015809,0.000000,21.132294,0.489099
test.enc.prompt.txt::00760,test.enc.prompt.txt::00760__row1961,Russian Intelligence? Are,0.0,content_diversity,you thinking they are following you?,you being tracked by them?,you aware of them monitoring you?,they onto you do you think?,they detailing your movements?,-0.042,0.948,-0.324,-0.864,-0.480,7.532237,0.255331,0.441966,3.328989,0.112848,30.351416,1.245232,0.000000,13.414279,0.550350
test.enc.prompt.txt::00761,test.enc.prompt.txt::00761__row1962,"I'm sorry, Basil,",1.0,content_diversity,I didn't mean to keep you wating.,she slipped right by us.,could you repeat that one more time.,what do you mean he's guilty?,"we tried, but we couldn't save her.",-0.012,0.975,-0.110,-0.612,-0.194,1.765053,0.151957,0.450466,0.795096,0.068451,19.081540,1.124145,0.000000,8.595578,0.506389
test.enc.prompt.txt::00761,test.enc.prompt.txt::00761__row1963,"I'm sorry, Basil,",0.0,content_diversity,we didn't see her at the gate.,she walked right by us and we didn't notice.,she was able to get by us undetected.,she was quicker than we thought.,she got by us quickly without being noticed.,-0.058,0.918,-0.374,-0.864,-0.478,17.113045,0.469697,0.395316,6.765062,0.185679,16.935541,0.732028,0.000000,6.694892,0.289382
test.enc.prompt.txt::00762,test.enc.prompt.txt::00762__row1964,"Hey Austin Powers,",1.0,content_diversity,what's wrong with your face?,why are you even here?,who is your boss?,what's for dinner?,can you help me out?,-0.014,0.973,-0.240,-0.683,-0.202,-7.550708,-0.263125,0.506663,-3.825665,-0.133316,11.244586,0.778383,0.000000,5.697216,0.394378
test.enc.prompt.txt::00762,test.enc.prompt.txt::00762__row1965,"Hey Austin Powers,",0.0,content_diversity,what is there to eat?,what are you making for supper?,did you make anything for us to eat?,what do you want for dinner?,what are we going to be eating for dinner?,-0.072,0.903,-0.371,-0.917,-0.684,11.373429,0.425123,0.493979,5.618231,0.210001,21.430952,0.518249,0.000000,10.586432,0.256004
test.enc.prompt.txt::00763,test.enc.prompt.txt::00763__row1966,Are you more,1.0,content_diversity,a dog or a cat person?,inclined to drink or take drugs?,stupid than the last time I saw you? It certainly seems that way.,wanting a short hair cut or shouls I just tidy it up?,"thinking of her now, or less?",-0.022,0.972,-0.066,-0.649,-0.132,13.675730,-0.196379,0.419521,5.737254,-0.082385,125.832936,1.647784,0.000000,52.789545,0.691280
test.enc.prompt.txt::00763,test.enc.prompt.txt::00763__row1967,Are you more,0.0,content_diversity,fatter than the last time I saw you? It certainly seems that way.,beautiful than when last we met?,compulsive or less since we were last here together?,spendthrift than you used to be? I hope so!,confident in yourself than you used to be?,-0.067,0.893,-0.219,-0.740,-0.456,29.119466,0.674109,0.494503,14.399657,0.333349,77.279237,1.008798,0.000000,38.214798,0.498853
test.enc.prompt.txt::00764,test.enc.prompt.txt::00764__row1968,"Good afternoon, Mr.",1.0,content_diversity,Johnson,Smarty-pants,Charity Case,Can't-do-wrong,World Champion,0.000,0.400,-0.042,-0.584,-0.190,16.790373,1.156760,0.248634,4.174661,0.287610,25.901855,2.048735,0.000000,6.440087,0.509386
test.enc.prompt.txt::00764,test.enc.prompt.txt::00764__row1969,"Good afternoon, Mr.",0.0,content_diversity,First Place,Best in the World,Championship Player,Gold Medal,Blue Ribbon,0.000,0.800,-0.143,-0.646,-0.467,27.885874,1.953334,0.233944,6.523719,0.456970,17.635093,0.910614,0.000000,4.125616,0.213032
test.enc.prompt.txt::00765,test.enc.prompt.txt::00765__row1970,"Mr. Powers, my",1.0,content_diversity,"name is Benjamin Tucker, I'm your three o'clock appointment.",daughter speaks so highly of you. She loves your class.,"attorney will be in touch with you. Good day, sir.","apologies, I did not expect this whole thing to be such a disaster.",staff made a terrible mistake. This is the wrong presentation.,-0.010,0.981,-0.112,-0.618,-0.152,-3.253965,0.002032,0.525036,-1.708449,0.001067,34.743066,0.406865,0.000000,18.241365,0.213619
test.enc.prompt.txt::00765,test.enc.prompt.txt::00765__row1971,"Mr. Powers, my",0.0,content_diversity,girl simply adores you. You're her favorite teacher.,daughter raves about you. This class is her favorite one.,little girl loves your class so much. She's quite fond of you.,daughter has learned so much from you. She thinks you're the best.,child is so delighted with your class and the way you teach!,-0.050,0.928,-0.473,-0.879,-0.756,26.348204,0.431916,0.520918,13.725253,0.224993,31.779963,0.518662,0.000000,16.554754,0.270180
test.enc.prompt.txt::00766,test.enc.prompt.txt::00766__row1972,My mother's told,1.0,content_diversity,me never to tell anyone about that.,a lot of lies in their time.,of a land far away full of monsters and treasures.,my brother to go drown himself.,each other never to get angry with each other.,-0.019,0.947,-0.102,-0.623,-0.183,2.948535,0.106430,0.446772,1.317322,0.047550,49.072484,0.924250,0.000000,21.924207,0.412929
test.enc.prompt.txt::00766,test.enc.prompt.txt::00766__row1973,My mother's told,0.0,content_diversity,Me never to mention it to anyone.,Me to keep it a great secret.,Me to not open my mouth about it to a soul.,Me to promise to never let it slip to anybody.,Me that I couldn't breathe a word about it to anyone.,-0.128,0.868,-0.410,-0.849,-0.583,34.684034,0.881449,0.385168,13.359170,0.339506,36.564160,0.810890,0.000000,14.083334,0.312329
test.enc.prompt.txt::00767,test.enc.prompt.txt::00767__row1974,Pretty groovy Jumbo,1.0,content_diversity,size box of jelly beans. Yummy.,jet. I love to fly.,I gotta tell you. You're a smart elephant.,shrimp cocktail. This place is far out!,Juice franchise you bought. But isn't Jamba Juice suing you?,-0.005,0.983,-0.250,-0.606,-0.163,-1.967572,0.578831,0.342842,-0.674566,0.198447,144.781789,1.005726,0.000000,49.637218,0.344805
test.enc.prompt.txt::00767,test.enc.prompt.txt::00767__row1975,Pretty groovy Jumbo,0.0,content_diversity,"for sure. You are a talented pachyderm, you know that?",you did good. You're the best elephant in the circus.,"great trick. Here, have some peanuts.",you learn fast. They were right when they said elephants were smart.,you're the best. I'm so glad to be training you.,-0.018,0.966,-0.234,-0.719,-0.315,40.961801,0.834320,0.370163,15.162549,0.308835,46.286641,0.866850,0.000000,17.133608,0.320876
test.enc.prompt.txt::00768,test.enc.prompt.txt::00768__row1976,"You know, a",1.0,content_diversity,good friend is hard to find,friend of mine really likes you,phone is expensive gift,different type of personality is what you need,gym buddy can help you,-0.026,0.959,-0.144,-0.652,-0.237,13.380747,0.401185,0.481191,6.438694,0.193047,55.502879,2.192166,0.000000,26.707484,1.054850
test.enc.prompt.txt::00768,test.enc.prompt.txt::00768__row1977,"You know, a",0.0,content_diversity,great friend is hard to find,great buddy is hard to come by,good pal is hard to find,good friend is rare,great mate is hard to find,-0.228,0.733,-0.655,-0.861,-0.793,29.576795,1.200437,0.459930,13.603264,0.552118,11.432256,0.597860,0.000000,5.258041,0.274974
test.enc.prompt.txt::00769,test.enc.prompt.txt::00769__row1978,Brrrr! She must,1.0,content_diversity,be freezing in that short skirt.,crazy diving in that lake.,have anti freeze in her blood staying out that long.,"get cold sometimes camping in this weather,",really like to get a tan sunbathing in this weather.,-0.049,0.946,-0.222,-0.623,-0.146,18.671996,0.468225,0.460125,8.591448,0.215442,49.758259,1.587548,0.000000,22.895007,0.730470
test.enc.prompt.txt::00769,test.enc.prompt.txt::00769__row1979,Brrrr! She must,0.0,content_diversity,be so cold in just that lacey top.,"be shivering not wearing any tights in this weather,","really cold, look at her nipples!",be absolutely frozen without a good jacket.,be freezing wearing shorts today.,-0.022,0.971,-0.295,-0.890,-0.501,19.930993,0.426878,0.479039,9.547731,0.204491,29.639323,0.906991,0.000000,14.198404,0.434484
test.enc.prompt.txt::00770,test.enc.prompt.txt::00770__row1980,"Hey, who put",1.0,content_diversity,The toilet seat down,This bet,Down my phone,His face down,This apple on the table,-0.012,0.976,-0.126,-0.557,-0.230,24.314631,2.237183,0.178943,4.350937,0.400329,7.697943,2.991068,0.000000,1.377494,0.535231
test.enc.prompt.txt::00770,test.enc.prompt.txt::00770__row1981,"Hey, who put",0.0,content_diversity,An apple here,The fruit on a table,These fruit on the table,His apple on a table,An apple on a dinning table,-0.127,0.808,-0.501,-0.927,-0.705,39.376222,1.972609,0.216554,8.527090,0.427177,22.263043,1.242432,0.000000,4.821158,0.269054
test.enc.prompt.txt::00771,test.enc.prompt.txt::00771__row1982,"Good morning, luv,",1.0,content_diversity,I'll have a bacon sandwich please.,How are you today?,where is the problem?,Did you have a good night last night?,did you sleep well?,-0.021,0.960,-0.191,-0.676,-0.162,0.974633,0.005791,0.569815,0.555360,0.003300,41.884743,1.564166,0.000000,23.866551,0.891285
test.enc.prompt.txt::00771,test.enc.prompt.txt::00771__row1983,"Good morning, luv,",0.0,content_diversity,I'll have some toast please.,I'll have a nice cup of tea please.,I think I'll go for the full English breakfast today please.,"just a coffee for me today, I am in a hurry.",please may I have the smoked herring on toast please?,-0.051,0.933,-0.305,-0.839,-0.299,1.624310,0.033801,0.507278,0.823977,0.017147,70.392884,1.015625,0.000000,35.708774,0.515205
test.enc.prompt.txt::00772,test.enc.prompt.txt::00772__row1984,"Good morning, Vanessa!",1.0,content_diversity,Did you sleep well?,Would you like some coffee?,Time to start working.,It's a beautiful day.,What's for breakfast?,-0.004,0.990,-0.159,-0.680,-0.115,11.653276,0.532070,0.540996,6.304378,0.287848,23.346104,0.994859,0.000000,12.630153,0.538215
test.enc.prompt.txt::00772,test.enc.prompt.txt::00772__row1985,"Good morning, Vanessa!",0.0,content_diversity,Look how pretty it is outside.,The sun is shining.,It's perfect outside right now.,Go look at how nice it is outside.,The weather's great.,-0.043,0.915,-0.418,-0.778,-0.672,24.707524,0.760562,0.435046,10.748913,0.330880,32.690418,0.562581,0.000000,14.221841,0.244749
test.enc.prompt.txt::00773,test.enc.prompt.txt::00773__row1986,Not a good,1.0,content_diversity,"way to start a major campaign, by telling lies.","way to start out the school year, by getting expelled.","show for kids to watch, too much violence.","way to get hired for the job, by being late to the interview.",car for a young driver since it'll make them want to speed.,-0.059,0.925,-0.279,-0.675,-0.229,0.199112,0.113442,0.483068,0.096185,0.054800,63.902351,0.963692,0.000000,30.869170,0.465529
test.enc.prompt.txt::00773,test.enc.prompt.txt::00773__row1987,Not a good,0.0,content_diversity,tactic to employ when you're trying to land a position.,way to get into the good graces of an interviewer.,to start your new career by pissing off the hiring manager.,make an employer want to hire you.,impress a company that's looking to fill a position.,-0.039,0.953,-0.286,-0.807,-0.416,13.845274,0.310312,0.449772,6.227215,0.139570,47.543101,0.677271,0.000000,21.383550,0.304618
test.enc.prompt.txt::00774,test.enc.prompt.txt::00774__row1988,It's a shame,1.0,content_diversity,what happened to those children next door.,they don't make movies like that any more.,that he always has to behave like such a thug.,how these chairs have become all shiny in the seat.,"they never met each other, they would have hit it off.",-0.013,0.974,-0.128,-0.555,-0.075,6.028333,0.170130,0.509132,3.069216,0.086618,67.708349,1.222152,0.000000,34.472472,0.622236
test.enc.prompt.txt::00774,test.enc.prompt.txt::00774__row1989,It's a shame,0.0,content_diversity,that films like that are a thing of the past.,that Hollywood doesn't make those kinds of pictures these days.,you never see those kinds of movies any more.,that a film like that wouldn't find an audience nowadays.,those kind of movies don't show up in theaters now.,-0.051,0.924,-0.492,-0.899,-0.696,19.188359,0.376362,0.541226,10.385230,0.203697,32.849695,0.551222,0.000000,17.779094,0.298336
test.enc.prompt.txt::00775,test.enc.prompt.txt::00775__row1990,It's not what,1.0,content_diversity,you think it is.,you say but what you do.,others think that matters.,want but it should do for now.,want but what you needs that's important.,-0.056,0.891,-0.160,-0.760,-0.382,-11.270091,-0.163251,0.527849,-5.948909,-0.086172,83.373562,1.945207,0.000000,44.008675,1.026776
test.enc.prompt.txt::00775,test.enc.prompt.txt::00775__row1991,It's not what,0.0,content_diversity,you tell others you'll do for them but what you actually do.,comes out of your mouth but from of your heart.,someones brags about but what someone does for others.,a man will pledge to do in public but what a man does when no one's looking.,a person talks about but what a person delivers.,-0.056,0.887,-0.221,-0.773,-0.374,20.779590,0.302255,0.515768,10.717444,0.155894,61.245025,0.690865,0.000000,31.588213,0.356326
test.enc.prompt.txt::00776,test.enc.prompt.txt::00776__row1992,"OK, Austin Danger",1.0,content_diversity,let's see what you are made of.,are you up for a shag?,your time is up.,give us a look at your teeth!,"you've failed, how does it feel?",-0.017,0.967,-0.144,-0.691,-0.154,-0.203921,0.342870,0.324983,-0.066271,0.111427,43.179728,1.591169,0.000000,14.032677,0.517103
test.enc.prompt.txt::00776,test.enc.prompt.txt::00776__row1993,"OK, Austin Danger",0.0,content_diversity,prepare to die.,your are going to meet your maker.,now I must kill you.,it is time for you to die.,say goodbye.,-0.024,0.948,-0.376,-0.755,-0.390,18.723175,0.542394,0.265748,4.975655,0.144140,34.319705,1.582924,0.000000,9.120409,0.420660
test.enc.prompt.txt::00777,test.enc.prompt.txt::00777__row1994,One warranty card,1.0,content_diversity,should be kept in your glove compartment for easy reference.,is all you need. It's not necessary to have back-up copies.,should have been provided to you upon purchase.,"will be on file with the company, so you don't have to worry about it.",will need to be presented if you ever bring the unit in for repairs.,-0.041,0.945,-0.194,-0.759,-0.280,14.591643,0.311929,0.559277,8.160770,0.174455,50.839596,0.743441,0.000000,28.433414,0.415789
test.enc.prompt.txt::00777,test.enc.prompt.txt::00777__row1995,One warranty card,0.0,content_diversity,would have been given to you when you bought it.,comes attached to the receipt and other paperwork.,is included when you buy it and get your information pack.,is always handed to the customer as soon as they've paid.,is delivered directly to the consumer at the time of the transaction.,-0.043,0.930,-0.235,-0.761,-0.499,22.379001,0.471643,0.519578,11.627632,0.245055,39.807692,0.675746,0.000000,20.683193,0.351103
test.enc.prompt.txt::00778,test.enc.prompt.txt::00778__row1996,Everything seems to,1.0,content_diversity,"be fine here, i will be going home now.","be on fire, the world is alight, we are all going to die.","look so much smaller from up here, it's nice.","be painted red, i think I like it but I am not sure why.","be spinning, I have drunk far too much!",-0.024,0.966,-0.094,-0.634,-0.105,22.584580,0.339789,0.425090,9.600488,0.144441,33.148694,0.467699,0.000000,14.091192,0.198814
test.enc.prompt.txt::00778,test.enc.prompt.txt::00778__row1997,Everything seems to,0.0,content_diversity,"be painted blue, i think I like it but I am not sure why.","orange, i think I like its all painted that colour.","be painted green, i think I like it but I am not sure why.","black, it's a bit odd but I think I like it.","be painted yellow, i think I like it but I am not sure why.",-0.388,0.556,-0.583,-0.915,-0.418,74.605568,1.387031,0.359632,26.830534,0.498821,101.815855,2.167522,0.000000,36.616219,0.779510
test.enc.prompt.txt::00779,test.enc.prompt.txt::00779__row1998,"Oh my God,",1.0,content_diversity,you can't be serious!,that explains it.,he's dead!,would you look at that?,that's beautiful.,-0.004,0.988,-0.253,-0.638,-0.337,-3.162656,0.068386,0.482476,-1.525907,0.032995,11.193020,1.508537,0.000000,5.400367,0.727834
test.enc.prompt.txt::00779,test.enc.prompt.txt::00779__row1999,"Oh my God,",0.0,content_diversity,surely you're kidding?,that can't be sincere.,"you aren't being serious, are you?","you're kidding, yes?",stop joking.,-0.007,0.989,-0.255,-0.844,-0.606,12.482108,0.162573,0.370157,4.620334,0.060177,15.716857,1.317964,0.000000,5.817698,0.487853
