sample_id,sidecar_key,context,label_value,label_name,resp_0,resp_1,resp_2,resp_3,resp_4,metric_averaged_cosine_similarity,metric_averaged_distinct_ngrams,metric_bert_score,metric_bert_sts,metric_sent_bert,metric_icl_E_qwen3_30b_a3b,metric_icl_E_rate_qwen3_30b_a3b,metric_icl_C_qwen3_30b_a3b,metric_icl_D_qwen3_30b_a3b,metric_icl_D_rate_qwen3_30b_a3b,metric_icl_E_qwen3_30b_a3b_std,metric_icl_E_rate_qwen3_30b_a3b_std,metric_icl_C_qwen3_30b_a3b_std,metric_icl_D_qwen3_30b_a3b_std,metric_icl_D_rate_qwen3_30b_a3b_std
test.enc.prompt.txt::01240,test.enc.prompt.txt::01240,Not if it,1.0,content_diversity,it's the wrong way to do it.,hurts someone.,cannot be explained logically.,doesn't work.,cannot be completed on time.,-0.015,0.967,-0.319,-0.656,-0.477,-9.559275,-0.374842,0.460949,-4.406340,-0.172783,39.291380,0.627434,0.000000,18.111331,0.289215
test.enc.prompt.txt::01241,test.enc.prompt.txt::01241__row1,But I would,1.0,content_diversity,do anything.,pay whatever you want.,like to get to know you.,take you out to eat.,show you how I do it.,-0.034,0.948,-0.210,-0.736,-0.317,0.739992,-0.115318,0.342093,0.253146,-0.039450,18.695947,0.862364,0.000000,6.395757,0.295009
test.enc.prompt.txt::01241,test.enc.prompt.txt::01241__row2,But I would,0.0,content_diversity,teach you how to do it.,help you learn how to do it.,instruct you.,coach you.,explain to you how to do it.,-0.185,0.667,-0.496,-0.887,-0.594,19.930458,1.464092,0.283318,5.646654,0.414803,14.069556,1.896736,0.000000,3.986156,0.537379
test.enc.prompt.txt::01244,test.enc.prompt.txt::01244__row3,I didn't say,1.0,content_diversity,that.,what she said I said.,I couldn't help you.,I didn't understand.,you couldn't see him.,-0.024,0.941,-0.360,-0.658,-0.342,-9.659789,-1.039169,0.478184,-4.619156,-0.496914,24.289000,2.501068,0.000000,11.614610,1.195971
test.enc.prompt.txt::01244,test.enc.prompt.txt::01244__row4,I didn't say,0.0,content_diversity,there's nothing I can do.,I couldn't do anything for you.,I could not assist.,I couldn't aid with this.,give you a helping hand.,-0.040,0.942,-0.377,-0.739,-0.595,0.220098,0.086740,0.386756,0.085124,0.033547,41.354806,1.803000,0.000000,15.994228,0.697321
test.enc.prompt.txt::01245,test.enc.prompt.txt::01245,During the road,0.0,content_diversity,you cant get distracted,you should remain focused,you can't sleep,you need to focus,you can't lose control,-0.067,0.733,-0.354,-0.775,-0.589,23.325969,1.317025,0.309176,7.211829,0.407193,12.813474,0.379048,0.000000,3.961618,0.117193
test.enc.prompt.txt::01246,test.enc.prompt.txt::01246__row6,Your mind kept,1.0,content_diversity,going everywhere,you awake,making you think,up with everything,dreaming,-0.008,0.582,-0.191,-0.646,-0.349,7.589173,0.262557,0.492337,3.736430,0.129267,16.857224,1.105835,0.000000,8.299435,0.544443
test.enc.prompt.txt::01246,test.enc.prompt.txt::01246__row7,Your mind kept,0.0,content_diversity,i like to make you think about stuff,stop and think,gotta think first,think before anything else,always think about it,-0.058,0.943,-0.117,-0.866,-0.412,30.233135,1.695996,0.283217,8.562535,0.480335,69.659132,1.552507,0.000000,19.728645,0.439696
test.enc.prompt.txt::01247,test.enc.prompt.txt::01247__row8,But you haven't,1.0,content_diversity,gone there yet,bught me a soda,nailed the wall,fed the dog,gotten a job,-0.012,0.775,-0.072,-0.631,-0.093,14.434320,0.994668,0.282757,4.081398,0.281249,52.586995,3.076361,0.000000,14.869317,0.869861
test.enc.prompt.txt::01247,test.enc.prompt.txt::01247__row9,But you haven't,0.0,content_diversity,obtained a way to get paid,started working anywhere,gotten off of unemployment,becomea  productive member of society,found a legitimate way to make money,-0.017,0.958,-0.121,-0.742,-0.421,24.581155,0.891523,0.412849,10.148294,0.368064,53.024631,1.479576,0.000000,21.891142,0.610841
test.enc.prompt.txt::01248,test.enc.prompt.txt::01248,I'd like you,0.0,content_diversity,to introduce you to my parents,to come and meet my parents,to finally meet with my parents,to meet my mom and dad,to introduce you my mom and dad,-0.166,0.775,-0.470,-0.914,-0.780,25.103329,0.926453,0.507532,12.740745,0.470205,31.342678,0.901431,0.000000,15.907415,0.457505
test.enc.prompt.txt::01249,test.enc.prompt.txt::01249,Nothing. She wanted,1.0,content_diversity,to know directions to the drive through is all.,money but I gave her nothing.,it all just to go away so that she was free again.,to know if I knew someone and I didn't.,to arrest me but couldnt pin anything on me.,-0.029,0.951,-0.133,-0.638,-0.150,-3.190742,-0.061003,0.485415,-1.548834,-0.029612,66.079027,0.805848,0.000000,32.075756,0.391171
test.enc.prompt.txt::01250,test.enc.prompt.txt::01250__row12,Are you for,1.0,content_diversity,a dance,a date in a restaurant,democrats or republicans,a coffee after desert,this new movie,-0.025,0.965,-0.047,-0.571,-0.096,17.153902,0.736684,0.261352,4.483213,0.192534,43.080739,1.630408,0.000000,11.259253,0.426111
test.enc.prompt.txt::01250,test.enc.prompt.txt::01250__row13,Are you for,0.0,content_diversity,a nice dinner in a restaurant,dinner in a fancy restaurant,a date somewhere nice,a date with me in a fancy dinner,a dinner in a classy restaurant,-0.188,0.786,-0.489,-0.882,-0.729,32.732959,1.243061,0.388313,12.710633,0.482697,24.626879,0.909313,0.000000,9.562937,0.353098
test.enc.prompt.txt::01251,test.enc.prompt.txt::01251,It's a good,1.0,content_diversity,day to go shopping.,day to plan a wedding.,day to get some chores done.,time to invest in the stock market.,time to get some work done.,-0.094,0.874,-0.445,-0.737,-0.329,13.025663,0.495802,0.500310,6.516875,0.248055,19.103829,0.700926,0.000000,9.557844,0.350681
test.enc.prompt.txt::01252,test.enc.prompt.txt::01252__row15,It seems your,1.0,content_diversity,"dress is on backwards, Miss.",checking account has been overdrawn.,adorable cat has taken quite a liking to me!,actions have gotten you a first class seat in detention.,party doesn’t have quite as many people as we’d expected.,-0.009,0.974,-0.105,-0.601,-0.125,6.373046,0.222860,0.476318,3.035594,0.106152,55.206227,1.197356,0.000000,26.295692,0.570321
test.enc.prompt.txt::01252,test.enc.prompt.txt::01252__row16,It seems your,0.0,content_diversity,sweet little kitten adores getting attention!,"cat is begging for attention, so have you been giving her any?",cat is very sociable and friendly around other people!,"kitty is extremely affectionate, what a sweetheart!",time spent with your cat isn’t enough because she is starved for attention.,-0.021,0.970,-0.252,-0.840,-0.458,13.450593,0.384190,0.478541,6.436658,0.183850,49.009625,0.365177,0.000000,23.453106,0.174752
test.enc.prompt.txt::01253,test.enc.prompt.txt::01253,I wouldn't accept,1.0,content_diversity,anything but the truth,not loving you anymore,money from her,you leaving,mediocreness,-0.007,0.786,0.028,-0.564,-0.275,4.215839,0.091126,0.345333,1.455867,0.031469,40.353815,4.027193,0.000000,13.935487,1.390721
test.enc.prompt.txt::01254,test.enc.prompt.txt::01254,In a magazine,1.0,content_diversity,so many pages,theres lots of advertisements,i saw there was a model who was pretty,there was a car,that was boring,-0.038,0.919,-0.183,-0.636,-0.191,32.308980,1.128205,0.330071,10.664265,0.372388,43.934757,1.174176,0.000000,14.501600,0.387562
test.enc.prompt.txt::01255,test.enc.prompt.txt::01255,I don't know...,1.0,content_diversity,why this happens,think so,know anyone who can,what time it is,where it went,-0.006,0.787,-0.137,-0.629,-0.350,19.080793,1.288439,0.331463,6.324576,0.427070,18.904938,2.123474,0.000000,6.266287,0.703853
test.enc.prompt.txt::01256,test.enc.prompt.txt::01256,Why do you,1.0,content_diversity,think is was,always do that,not think first,not like me,eat that first,-0.027,0.547,-0.154,-0.637,-0.249,7.824243,0.552783,0.286310,2.240163,0.158268,29.351523,2.408148,0.000000,8.403649,0.689478
test.enc.prompt.txt::01257,test.enc.prompt.txt::01257,Don't you think,1.0,content_diversity,you should check?,you should hear him out?,you've done enough?,it's time to quit?,it's time to try again?,-0.051,0.890,-0.390,-0.716,-0.380,-0.994979,-0.002222,0.479303,-0.476897,-0.001065,9.904329,0.655152,0.000000,4.747177,0.314016
test.enc.prompt.txt::01258,test.enc.prompt.txt::01258__row22,You know what,1.0,content_diversity,"I've had enough, I'm, out of here.",I really think I like the bigger one better than the smaller one.,you have some knid of nerve coming here today.,"I think you are really, really dumb.",this is used for? I bet you can't guess.,-0.025,0.951,-0.092,-0.675,-0.204,8.892496,0.081461,0.400171,3.558517,0.032598,47.124051,1.183441,0.000000,18.857668,0.473579
test.enc.prompt.txt::01258,test.enc.prompt.txt::01258__row23,You know what,0.0,content_diversity,I'd go for the big one over the small one.,I think the small one isn't as good as the bigger one.,I really think the bigger one is the best of the two.,I would choose the big one over the small one every time.,"I like the bigger one much better than the smaller one,",-0.185,0.782,-0.537,-0.935,-0.584,47.732921,0.896653,0.445690,21.274093,0.399630,13.557281,0.288889,0.000000,6.042346,0.128755
test.enc.prompt.txt::01259,test.enc.prompt.txt::01259,Where the hell,1.0,content_diversity,did you find these socks,do you think we're going,did you get these scars,do you think we should take him,did you leave your phone,-0.089,0.885,-0.266,-0.667,-0.282,12.113993,0.472697,0.521266,6.314610,0.246401,20.668622,0.547236,0.000000,10.773845,0.285255
test.enc.prompt.txt::01260,test.enc.prompt.txt::01260,May I ask,1.0,content_diversity,where did you get this number?,how did you find me,how did you get your driving license,how didn't you see him crossing the road,do you like eggs,-0.087,0.888,-0.297,-0.675,-0.250,9.015245,-0.058891,0.445360,4.015031,-0.026228,42.513364,1.855235,0.000000,18.933757,0.826248
test.enc.prompt.txt::01262,test.enc.prompt.txt::01262,How many questions,1.0,content_diversity,can you possibly have?,are on the test?,are on the intake form?,does she have for me?,am I allowed to ask?,-0.033,0.936,-0.317,-0.715,-0.403,8.786730,0.366236,0.506272,4.448475,0.185415,26.320445,0.873911,0.000000,13.325302,0.442437
test.enc.prompt.txt::01264,test.enc.prompt.txt::01264,Maybe you're fed,0.0,content_diversity,payment will be processed quickly,money will show in your bank account by the end of the day,cash will arrive soon,credit will not give you reason for patience,advance will get to you within the hour,-0.035,0.963,-0.321,-0.781,-0.413,44.544812,1.385725,0.295962,13.183560,0.410122,72.977475,1.544897,0.000000,21.598540,0.457230
test.enc.prompt.txt::01265,test.enc.prompt.txt::01265__row28,"Eve, I don't",1.0,content_diversity,think you have the skills for the job.,think you want to make any hasty decisions.,want you to leave.,think you should stay with your husband.,think you should keep using drugs.,-0.084,0.896,-0.323,-0.768,-0.121,-5.343875,-0.062430,0.557144,-2.977306,-0.034783,27.546373,0.890267,0.000000,15.347288,0.496007
test.enc.prompt.txt::01265,test.enc.prompt.txt::01265__row29,"Eve, I don't",0.0,content_diversity,think you want to make any rash decisions.,know why you don't want to think this through.,think you should rush this decision.,know why you need to make such a sudden decision.,know why you need to make a hasty decision.,-0.147,0.774,-0.476,-0.934,-0.636,26.994555,0.626251,0.559378,15.100159,0.350311,20.591607,0.455039,0.000000,11.518491,0.254539
test.enc.prompt.txt::01266,test.enc.prompt.txt::01266,Get out of,1.0,content_diversity,my house!,here scoundrel!,"the car, right now.",there.,"there, it's going to blow.",0.000,1.000,-0.242,-0.670,-0.221,-3.174687,0.277392,0.324337,-1.029667,0.089968,39.005761,1.879215,0.000000,12.650994,0.609498
test.enc.prompt.txt::01267,test.enc.prompt.txt::01267,"Say,...did you just",1.0,content_diversity,say what I think you did?,see that in the sky or was it just me?,pick up my cup of coffee by mistake?,Turn off the TV? I was watching that!,Cut in line? That'svery rude you know.,-0.013,0.974,-0.003,-0.644,-0.158,6.813356,0.192846,0.465391,3.170875,0.089749,74.563625,1.627574,0.000000,34.701250,0.757459
test.enc.prompt.txt::01268,test.enc.prompt.txt::01268,What's wrong with,0.0,content_diversity,"you, has your dog died?","your face, you look so sad, has someone croaked?",your eyes? Are you crying? Did he die?,"You, you lost a relative or something?","you, why so sad? Did something bad happen?",-0.027,0.957,-0.214,-0.709,-0.591,33.167389,0.880982,0.344578,11.428757,0.303567,50.059734,0.859233,0.000000,17.249490,0.296073
test.enc.prompt.txt::01269,test.enc.prompt.txt::01269,Yes! Yes! The,1.0,content_diversity,others said the same thing,boss said we are gonna leave soon,dinner is almost ready,same thing happened to me,light is still on,-0.021,0.958,-0.199,-0.593,-0.237,14.053208,0.446993,0.493158,6.930450,0.220438,52.822992,1.160219,0.000000,26.050073,0.572171
test.enc.prompt.txt::01270,test.enc.prompt.txt::01270,I don't have,0.0,content_diversity,anything to give you.,what you're asking for.,whatever it is you are looking for.,what you need.,anything you want.,-0.046,0.943,-0.344,-0.826,-0.603,11.963317,0.457454,0.479433,5.735607,0.219319,18.146119,0.526009,0.000000,8.699846,0.252186
test.enc.prompt.txt::01272,test.enc.prompt.txt::01272,I think it's,1.0,content_diversity,gonna rain,the best film i've seen,more than complicated,impossible to travel on mars,so ugly sweater,0.000,1.000,-0.085,-0.521,-0.138,9.333871,0.090947,0.356385,3.326451,0.032412,42.311147,2.820667,0.000000,15.079054,1.005243
test.enc.prompt.txt::01273,test.enc.prompt.txt::01273__row36,Watching television in,1.0,content_diversity,my underwear.,my room.,my parent's bedroom.,my car.,my living room.,-0.094,0.517,-0.515,-0.766,-0.382,-2.847786,-0.195485,0.328137,-0.934463,-0.064146,18.885723,1.955312,0.000000,6.197101,0.641610
test.enc.prompt.txt::01273,test.enc.prompt.txt::01273__row37,Watching television in,0.0,content_diversity,my panties.,my boxers.,my undergarments.,my skivvies.,my briefs.,-0.100,0.320,-0.615,-0.783,-0.448,6.920774,0.410716,0.226878,1.570171,0.093182,11.269363,0.579717,0.000000,2.556770,0.131525
test.enc.prompt.txt::01274,test.enc.prompt.txt::01274__row38,Why not buy,1.0,content_diversity,in bulk,more toilet paper,his product,new book for uni,this fancy phone,0.000,0.800,-0.223,-0.582,-0.153,8.429622,0.712299,0.325806,2.746425,0.232071,43.577119,2.263432,0.000000,14.197707,0.737441
test.enc.prompt.txt::01274,test.enc.prompt.txt::01274__row39,Why not buy,0.0,content_diversity,new textbook,this book that is for your course,textbook for university,this new book that will help you at uni,textbook for your course at uni,-0.079,0.854,-0.285,-0.917,-0.673,48.890374,1.777296,0.369624,18.071065,0.656932,31.141552,0.617670,0.000000,11.510671,0.228306
test.enc.prompt.txt::01276,test.enc.prompt.txt::01276,Adam? Don't even,1.0,content_diversity,think about it!,utter his name!,know who that is.,tell me.,want to see him.,0.000,0.800,-0.343,-0.687,-0.407,0.453914,0.120392,0.494838,0.224614,0.059574,17.443894,2.018185,0.000000,8.631898,0.998674
test.enc.prompt.txt::01278,test.enc.prompt.txt::01278,I didn't know,1.0,content_diversity,"you like boys, i'm not homophobic btw",you are a virgin,you can't swim,you are such a good student,you don't have any friends,-0.056,0.942,-0.218,-0.668,-0.176,11.880958,0.900354,0.394871,4.691445,0.355523,77.624804,1.519006,0.000000,30.651780,0.599811
test.enc.prompt.txt::01279,test.enc.prompt.txt::01279__row42,It didn't used,1.0,content_diversity,to be that way,work before so i see why,to go out all of the time,get so cold this time of the year,"begin that way, it kinda happened",-0.022,0.954,-0.022,-0.672,-0.288,8.803526,0.455053,0.436949,3.846690,0.198835,76.612451,2.306212,0.000000,33.475718,1.007696
test.enc.prompt.txt::01279,test.enc.prompt.txt::01279__row43,It didn't used,0.0,content_diversity,why is it already getting col,it got cold faster than usual,its pretty cold out so sonn,its really cool already,i cant believe how cold it is already,-0.036,0.947,-0.083,-0.754,-0.339,64.238898,2.422050,0.219871,14.124251,0.532538,41.538643,1.842401,0.000000,9.133130,0.405090
test.enc.prompt.txt::01280,test.enc.prompt.txt::01280,He has a,1.0,content_diversity,medical issue.,wife at home.,huge problem with me.,girlfriend already.,mental problem.,-0.007,0.785,-0.442,-0.656,-0.157,13.940768,0.647588,0.285385,3.978491,0.184812,22.750332,1.212900,0.000000,6.492612,0.346144
test.enc.prompt.txt::01281,test.enc.prompt.txt::01281,The guy with,0.0,content_diversity,the playful german shepherd,the hyperactive large canine,the frisbee playing golden retriever,that really happy great pyrennees,a smiling poodle that is light on it's feet,-0.017,0.978,-0.152,-0.566,-0.257,14.244041,0.608117,0.351255,5.003285,0.213604,75.943125,1.655165,0.000000,26.675371,0.581384
test.enc.prompt.txt::01282,test.enc.prompt.txt::01282__row46,"Yep. You know,",1.0,content_diversity,they always act like that,I feel the same way,the beach is relaxing,having a job is a good thing,this pandemic has been bizarre,-0.008,0.977,-0.143,-0.575,-0.238,5.441473,0.483538,0.442413,2.407377,0.213923,44.876013,1.101478,0.000000,19.853718,0.487308
test.enc.prompt.txt::01282,test.enc.prompt.txt::01282__row47,"Yep. You know,",0.0,content_diversity,this virus has not followed norms in any way at all,there are just no models to predict how this epidemic will be,the things everyone is doing for this illness are just stranger than strange,I have never seen anything like covid-19,everything that has been happening with the pandemic has us in a new normal society,-0.016,0.969,-0.057,-0.638,-0.355,28.717305,0.604419,0.440133,12.639421,0.266024,86.467031,0.503276,0.000000,38.056956,0.221508
test.enc.prompt.txt::01283,test.enc.prompt.txt::01283,Then just help,1.0,content_diversity,me instead,everyone please,if you can,as best as you can,all of the kids only,-0.016,0.948,-0.136,-0.623,-0.370,1.718527,0.442294,0.389520,0.669401,0.172282,40.541543,1.574895,0.000000,15.791756,0.613454
test.enc.prompt.txt::01284,test.enc.prompt.txt::01284,I thought I,1.0,content_diversity,knew you i guess not,could trust you,called you this morning,told you about it,confirmed everything,-0.031,0.967,-0.068,-0.661,-0.364,8.620615,0.486385,0.428466,3.693644,0.208400,37.185413,1.618023,0.000000,15.932700,0.693269
test.enc.prompt.txt::01285,test.enc.prompt.txt::01285,Why?! I think,1.0,content_diversity,I may like it here.,the brown color looks better than the blue.,cats are better pets than dogs.,she is far prettier than your wife.,it is raining outside.,-0.019,0.960,-0.241,-0.593,-0.194,1.429183,-0.307639,0.452194,0.646269,-0.139113,37.286980,1.996482,0.000000,16.860965,0.902798
test.enc.prompt.txt::01286,test.enc.prompt.txt::01286,"Yes, I have",1.0,content_diversity,been waiting for you a long time,many friends,the newest technology,parents who support me,an umbrella here,0.000,1.000,-0.034,-0.548,-0.180,4.752210,0.226541,0.449313,2.135231,0.101788,33.071870,1.490762,0.000000,14.859631,0.669819
test.enc.prompt.txt::01287,test.enc.prompt.txt::01287__row52,No. I admire,1.0,content_diversity,you and your efforts,what you do,that you are good,everything about you,your skills,-0.042,0.750,-0.272,-0.717,-0.552,13.738916,0.826766,0.485902,6.675767,0.401727,20.901176,0.883875,0.000000,10.155924,0.429477
test.enc.prompt.txt::01287,test.enc.prompt.txt::01287__row53,No. I admire,0.0,content_diversity,the things you do are cool,"everything you do, its unique",how come everything you do is awesome?,very cool things that you do,everything you do seems cool,-0.122,0.865,-0.383,-0.870,-0.705,47.787061,1.494346,0.347576,16.609613,0.519398,39.056866,0.880907,0.000000,13.575211,0.306182
test.enc.prompt.txt::01289,test.enc.prompt.txt::01289__row54,"Adam...dumb question, but",1.0,content_diversity,do you like me as a friend,do you think we could be together,do you believe in ghosts,do you think trump should resign,do you believe in karma,-0.161,0.827,-0.349,-0.699,-0.270,30.913858,1.065267,0.467335,14.447137,0.497837,34.865335,0.920321,0.000000,16.293802,0.430099
test.enc.prompt.txt::01289,test.enc.prompt.txt::01289__row55,"Adam...dumb question, but",0.0,content_diversity,do you think we could end up together,do you think we can be a couple,do you think we can be in a relationship,do you think we could be romantic partners,do you think we could be lovers,-0.416,0.579,-0.770,-0.973,-0.816,50.874442,1.369281,0.442888,22.531694,0.606438,13.561066,0.331377,0.000000,6.006037,0.146763
test.enc.prompt.txt::01292,test.enc.prompt.txt::01292__row56,We can make,1.0,content_diversity,the project work.,dinner together.,our kids happy.,everything better.,our love last.,-0.007,0.585,-0.417,-0.676,-0.245,1.324372,0.027089,0.361951,0.479358,0.009805,18.065089,1.147146,0.000000,6.538676,0.415210
test.enc.prompt.txt::01292,test.enc.prompt.txt::01292__row57,We can make,0.0,content_diversity,the plan successful.,proposal great.,design really good.,the work get done.,plan work out.,-0.018,0.760,-0.435,-0.791,-0.507,18.055067,0.943585,0.239000,4.315159,0.225517,11.917506,1.272657,0.000000,2.848283,0.304165
test.enc.prompt.txt::01294,test.enc.prompt.txt::01294,Helen-Thomas-Webber! Maybe we,1.0,content_diversity,can ask her!,can get in touch with her.,can call her.,should find her.,include her.,-0.054,0.941,-0.612,-0.821,-0.641,-5.489129,-0.764339,0.363214,-1.993727,-0.277619,27.794083,3.170689,0.000000,10.095195,1.151638
test.enc.prompt.txt::01296,test.enc.prompt.txt::01296,This is great,0.0,content_diversity,"film, so enjoyable","movie, i enjoyed watching it","movie, everyone should give it a try","movie, i really liked it","film, i think it is worth watching",-0.055,0.924,-0.423,-0.958,-0.646,23.632861,0.869302,0.444785,10.511541,0.386652,18.912967,1.105618,0.000000,8.412203,0.491762
test.enc.prompt.txt::01297,test.enc.prompt.txt::01297__row60,You have very,1.0,content_diversity,pretty eyes,longing smile,soft hands,well got to be kidding me,tall friends,0.000,1.000,-0.131,-0.607,-0.295,8.937134,0.790322,0.319786,2.857970,0.252734,60.476678,2.364153,0.000000,19.339593,0.756023
test.enc.prompt.txt::01297,test.enc.prompt.txt::01297__row61,You have very,0.0,content_diversity,your friends are really tall,they are really tall,"everyone you know, are so tall",how come your friends are so tall,they are very tall,-0.150,0.796,-0.505,-0.955,-0.696,66.295019,2.439344,0.254468,16.869959,0.620735,51.308793,1.429897,0.000000,13.056444,0.363863
test.enc.prompt.txt::01298,test.enc.prompt.txt::01298,I've got goose-bumps,1.0,content_diversity,just thinking about it,from this weather,talking about the past,all over me,from drinking cold water,-0.011,0.778,-0.144,-0.623,-0.242,11.573446,0.597679,0.573325,6.635345,0.342664,19.143247,1.147990,0.000000,10.975301,0.658171
test.enc.prompt.txt::01299,test.enc.prompt.txt::01299,"Oh, yes. It",0.0,content_diversity,hard to stay friends with you,is hard to be your friend,is really hard to be a friend of yours,is impossible to be your friend,is kinda hard to be your pal,-0.200,0.775,-0.544,-0.919,-0.796,22.077135,0.660130,0.415704,9.177563,0.274419,40.751305,1.494000,0.000000,16.940499,0.621062
test.enc.prompt.txt::01301,test.enc.prompt.txt::01301,How old are,1.0,content_diversity,these puppies,your parents,these dirty socks,"people in japan, on average",these tomatoes,-0.026,0.971,-0.270,-0.567,-0.087,15.928555,0.890607,0.419517,6.682302,0.373625,50.280913,1.265174,0.000000,21.093704,0.530762
test.enc.prompt.txt::01302,test.enc.prompt.txt::01302,He seems to,1.0,content_diversity,be sicker than we originally thought.,really like his date.,like driving trucks.,want a dog for his next pet.,hate his job.,-0.020,0.974,-0.302,-0.591,-0.079,9.031634,0.289975,0.361768,3.267357,0.104904,47.296567,0.487213,0.000000,17.110389,0.176258
test.enc.prompt.txt::01303,test.enc.prompt.txt::01303__row66,...and his church,1.0,content_diversity,fought the shooter off quickly,defied the orders on social distancing,became a cult group,snubbed a family that wanted to join,isn't really spiritual it's more a social gathering place,-0.016,0.974,-0.095,-0.551,-0.225,-7.729231,0.346803,0.367865,-2.843314,0.127577,52.787585,1.640626,0.000000,19.418709,0.603529
test.enc.prompt.txt::01303,test.enc.prompt.txt::01303__row67,...and his church,0.0,content_diversity,congregation got together regardless of the rules,refused to comply with the governor's orders,had a large meeting in spite of the virus situation,angrily said they will stay open no matter what,infected a large amount of people due to their actions,-0.026,0.957,-0.227,-0.610,-0.194,34.097228,0.727165,0.443511,15.122483,0.322505,40.238939,0.743982,0.000000,17.846397,0.329964
test.enc.prompt.txt::01305,test.enc.prompt.txt::01305,Unless we get,1.0,content_diversity,"our revenge, I give up","his notes, it is not possible","the files, we can't succeed","the weather forecast, we can't be sure","our hands on drugs, we can't be profitable",-0.045,0.922,-0.267,-0.657,-0.276,7.681802,0.402697,0.440568,3.384355,0.177416,33.159342,1.350184,0.000000,14.608940,0.594847
test.enc.prompt.txt::01306,test.enc.prompt.txt::01306,"So...you...survived the blast,",1.0,content_diversity,are you ok after that?,that is insane,how does that happen?,wow how did you do that,that is impressive,-0.056,0.930,-0.200,-0.621,-0.385,20.439096,1.102274,0.409871,8.377402,0.451791,33.205247,1.301935,0.000000,13.609883,0.533626
test.enc.prompt.txt::01309,test.enc.prompt.txt::01309__row70,"Hi, honey! Feeling",1.0,content_diversity,frisky?,hungry?,like going out?,happy today?,like doing the taxes today?,-0.011,0.967,-0.391,-0.710,-0.239,-16.306188,-0.840110,0.444166,-7.242651,-0.373148,44.186239,1.990077,0.000000,19.626018,0.883924
test.enc.prompt.txt::01309,test.enc.prompt.txt::01309__row71,"Hi, honey! Feeling",0.0,content_diversity,like going to do something?,like going on a date?,like getting out and having fun?,letting me take you out?,stepping out with me?,-0.024,0.958,-0.262,-0.806,-0.390,8.006701,0.201971,0.403450,3.230306,0.081485,21.344345,0.996829,0.000000,8.611383,0.402171
test.enc.prompt.txt::01310,test.enc.prompt.txt::01310,We have to,1.0,content_diversity,think logically,go soon,believe in each other,be more clear next time,call again,0.000,1.000,-0.137,-0.693,-0.278,8.904682,0.386450,0.351864,3.133237,0.135978,16.805745,2.547812,0.000000,5.913336,0.896483
test.enc.prompt.txt::01311,test.enc.prompt.txt::01311__row73,Get the presents,1.0,content_diversity,for our family,and pack them,"into car, we'll deliver them",for my orphans,and put them on the table,-0.025,0.960,-0.194,-0.680,-0.227,22.277547,1.074351,0.441136,9.827439,0.473936,53.876940,2.443761,0.000000,23.767083,1.078032
test.enc.prompt.txt::01311,test.enc.prompt.txt::01311__row74,Get the presents,0.0,content_diversity,for our relatives,for the kids,for my parents,for my grandparents,our siblings,-0.065,0.506,-0.521,-0.748,-0.426,5.346537,0.165146,0.462240,2.471381,0.076337,30.518839,2.824903,0.000000,14.107014,1.305782
test.enc.prompt.txt::01312,test.enc.prompt.txt::01312,"Yes, yes it",0.0,content_diversity,will be sure to put your mind to the test.,is the determining factor of whether you go to the next grade or not!,is an important achievement to accomplish.,is up to you what you do with the knowledge you have acquired.,but I have faith you will perform wonderfully.,-0.042,0.937,-0.190,-0.760,-0.354,0.575929,-0.057314,0.473879,0.272920,-0.027160,52.727045,1.220262,0.000000,24.986222,0.578256
test.enc.prompt.txt::01313,test.enc.prompt.txt::01313__row76,We stay down,1.0,content_diversity,"we stay alive, it's as simple as that.",south for the first week the north the second.,"at the lakeside, we've been here about a fortnight.","town in the swankiest hotel there is, we deserve it!","where the pollution is the thinnest, its healthier that way,",-0.032,0.961,0.002,-0.634,-0.140,14.956584,0.357189,0.434275,6.495276,0.155118,51.431442,0.535986,0.000000,22.335410,0.232765
test.enc.prompt.txt::01313,test.enc.prompt.txt::01313__row77,We stay down,0.0,content_diversity,"south for a while then head north,",south first and the north.,south for a while then go north.,south for 7 days and then north for another 7.,south to begin with then move north.,-0.124,0.819,-0.384,-0.965,-0.730,13.285517,0.431946,0.433702,5.761957,0.187336,44.768815,1.003714,0.000000,19.416332,0.435313
test.enc.prompt.txt::01315,test.enc.prompt.txt::01315,How long will,0.0,content_diversity,spending time at your mothers be,the doctor appointment last,we spend at the funeral home visitation,you stay over at her house,she sit on my couch today,-0.013,0.979,-0.159,-0.657,-0.297,17.864968,0.409032,0.364793,6.517015,0.149212,38.112606,1.369067,0.000000,13.903211,0.499426
test.enc.prompt.txt::01316,test.enc.prompt.txt::01316,What are you,1.0,content_diversity,thinking about,doing tonight,gonna do about this,having for dinner tonight,calling this now,-0.020,0.760,-0.097,-0.681,-0.312,2.165942,0.050787,0.559282,1.211372,0.028404,31.508941,1.912122,0.000000,17.622386,1.069416
test.enc.prompt.txt::01318,test.enc.prompt.txt::01318,"Stop it, you",0.0,content_diversity,sorry this is off limits,you cant come into here,"you cant go in, sorry",sorry you are not allowed,you cannot come in,-0.051,0.931,-0.339,-0.790,-0.690,56.799738,2.518369,0.246754,14.015576,0.621418,24.100505,0.960596,0.000000,5.946902,0.237031
test.enc.prompt.txt::01320,test.enc.prompt.txt::01320__row81,It means that,1.0,content_diversity,we get to go today,we should rethink everything,you should be more careful,try again,go home,-0.015,0.967,-0.168,-0.672,-0.224,13.897962,0.494253,0.255385,3.549334,0.126225,36.216074,2.657990,0.000000,9.249049,0.678811
test.enc.prompt.txt::01320,test.enc.prompt.txt::01320__row82,It means that,0.0,content_diversity,try harder,make an effirt again,be gentle and try another time,try to do it again,maybe have another go again,-0.032,0.955,-0.253,-0.804,-0.573,29.276024,1.521760,0.216755,6.345728,0.329849,54.638569,1.547715,0.000000,11.843190,0.335475
test.enc.prompt.txt::01322,test.enc.prompt.txt::01322__row83,Are you kidding?!,1.0,content_diversity,I can't believe it!,I had no idea.,She said what?,I have to see it!,What?!,-0.018,0.965,-0.132,-0.650,-0.413,8.799329,0.059118,0.358546,3.154965,0.021197,24.268137,2.952659,0.000000,8.701247,1.058664
test.enc.prompt.txt::01322,test.enc.prompt.txt::01322__row84,Are you kidding?!,0.0,content_diversity,Show me!,Let me see!,Let's have a look.,I want to see it.,I must see this.,-0.009,0.978,-0.299,-0.742,-0.673,9.331227,0.717669,0.294049,2.743838,0.211030,20.191703,1.231672,0.000000,5.937349,0.362172
test.enc.prompt.txt::01323,test.enc.prompt.txt::01323,Go to the,1.0,content_diversity,mall and get me some clothes,store and buy me cigarettes,frank's house,gas station and pick me up,post office and get the package for me,-0.045,0.939,-0.171,-0.632,-0.238,26.676213,1.538123,0.339483,9.056134,0.522167,21.272228,2.492159,0.000000,7.221570,0.846047
test.enc.prompt.txt::01324,test.enc.prompt.txt::01324,Or pee in,1.0,content_diversity,the glass,the field,the sea,a restaurant toilet,"there, behind that bush",-0.030,0.769,-0.065,-0.596,-0.156,-7.503370,0.101466,0.440586,-3.305879,0.044705,47.949289,0.803992,0.000000,21.125781,0.354227
test.enc.prompt.txt::01326,test.enc.prompt.txt::01326,And if we,0.0,content_diversity,Take a different route we can save time.,want to save time we can go by the river.,need to get there on time we can take the river route.,"go by the river we will get there faster,",take the river road we will save time.,-0.145,0.804,-0.505,-0.961,-0.648,39.976162,0.856526,0.417130,16.675252,0.357283,42.646732,0.993837,0.000000,17.789226,0.414559
test.enc.prompt.txt::01327,test.enc.prompt.txt::01327,Millions upon millions,1.0,content_diversity,of dollars constantly wasted,and its mine,of money,is great,would be cool,-0.007,0.786,-0.222,-0.574,-0.318,5.347626,1.106347,0.221268,1.183260,0.244799,42.838437,2.090255,0.000000,9.478790,0.462507
test.enc.prompt.txt::01328,test.enc.prompt.txt::01328,I'm going to,1.0,content_diversity,make you a dinner,"the bar, don't wait for me",take the trash out,learn how to play a guitar,make a plan,-0.024,0.965,-0.084,-0.644,-0.100,11.251861,0.295515,0.425947,4.792699,0.125874,38.928802,1.249970,0.000000,16.581615,0.532421
test.enc.prompt.txt::01329,test.enc.prompt.txt::01329__row90,I don't want,1.0,content_diversity,to go home yet,cry right now,more food,to move,to go to sleep,-0.038,0.727,-0.129,-0.675,-0.151,9.988901,1.173654,0.359975,3.595751,0.422486,35.283680,2.808840,0.000000,12.701229,1.011111
test.enc.prompt.txt::01329,test.enc.prompt.txt::01329__row91,I don't want,0.0,content_diversity,i need food now,"more please, i am hungry",we need food for everyone,this is not enough food,not sure if the food will be enough,-0.044,0.939,-0.215,-0.911,-0.607,35.561221,1.761377,0.260748,9.272528,0.459276,40.726469,1.274731,0.000000,10.619358,0.332384
test.enc.prompt.txt::01331,test.enc.prompt.txt::01331,"To your health,",0.0,content_diversity,you should avoid junk food,you need to avoid burgers,you shouldn't be eating fast food,don't eat junk food,you better avoid processed food,-0.070,0.918,-0.569,-0.866,-0.754,22.922341,0.904084,0.458378,10.507092,0.414412,22.768646,0.760438,0.000000,10.436641,0.348568
test.enc.prompt.txt::01332,test.enc.prompt.txt::01332,"Frank, I have",1.0,content_diversity,a question for you,been waiting for you 30 minutes,something to tell you,a juicy gossip to tell you,a practice today so I can't go with you,-0.082,0.902,-0.121,-0.726,-0.198,-4.149907,0.073556,0.590584,-2.450868,0.043441,62.135394,1.287787,0.000000,36.696154,0.760546
test.enc.prompt.txt::01333,test.enc.prompt.txt::01333,Detective Williams here.,0.0,content_diversity,Can I help you?,Are you in need of help?,What can I do for you?,I am available to help.,Do you need some help?,-0.032,0.946,-0.387,-0.846,-0.645,-1.255629,-0.138556,0.549119,-0.689490,-0.076084,19.499488,0.630661,0.000000,10.707533,0.346308
test.enc.prompt.txt::01334,test.enc.prompt.txt::01334,Why do you,1.0,content_diversity,think its ok,not know the time,keep calling me,continue to yell,speak like that,0.000,0.800,-0.129,-0.586,-0.271,8.080581,0.451530,0.354828,2.867218,0.160216,17.162462,1.421469,0.000000,6.089725,0.504377
test.enc.prompt.txt::01335,test.enc.prompt.txt::01335,And that man,0.0,content_diversity,isn't reliable,", we can't trust him",we can't rely on him,isn't honest,can never be trusted,-0.027,0.940,-0.353,-0.715,-0.609,29.045094,1.753747,0.265920,7.723678,0.466357,19.120901,1.188945,0.000000,5.084634,0.316165
test.enc.prompt.txt::01336,test.enc.prompt.txt::01336,"Well now Jeffrey,",0.0,content_diversity,no more complaining,just stop,can you stop doing that,no complaing anymore,i dont want to hear complaints,-0.013,0.979,-0.158,-0.775,-0.565,30.543964,1.865055,0.357251,10.911848,0.666292,36.854369,1.280941,0.000000,13.166244,0.457617
test.enc.prompt.txt::01337,test.enc.prompt.txt::01337,Yes it's me!!!,1.0,content_diversity,i am here,who did it,i am the 1,hello everyone,hi there,-0.020,0.749,-0.283,-0.617,-0.437,15.442421,1.357751,0.300178,4.635470,0.407566,22.041601,2.274861,0.000000,6.616397,0.682862
test.enc.prompt.txt::01339,test.enc.prompt.txt::01339,"Oh God, that",1.0,content_diversity,explains it.,can't be true.,looks like a dead body.,looks like purse I lost.,looks like the guy who robbed me.,-0.035,0.940,-0.334,-0.686,-0.184,7.388453,0.405396,0.377397,2.788376,0.152995,35.927059,1.716515,0.000000,13.558747,0.647807
test.enc.prompt.txt::00350,test.enc.prompt.txt::00350,"Yeah, I study",0.0,content_diversity,to get an A,To have the highest score possible,to get good grades,for my exams,for better grade in my exam,-0.026,0.954,-0.287,-0.775,-0.412,6.205065,0.547989,0.423923,2.630469,0.232305,61.769006,1.133893,0.000000,26.185298,0.480683
test.enc.prompt.txt::00351,test.enc.prompt.txt::00351__row101,Pop it open.,1.0,content_diversity,my friend,or else,if you think you can,like a champagne bottle on new year's eve,in order to complete your task,0.000,0.991,-0.062,-0.577,-0.153,11.833469,1.231783,0.251969,2.981662,0.310371,49.424363,1.614525,0.000000,12.453386,0.406810
test.enc.prompt.txt::00351,test.enc.prompt.txt::00351__row102,Pop it open.,0.0,content_diversity,buddy,my dude,bucko,pal,my amigo,-0.010,0.371,-0.288,-0.618,-0.325,28.667469,6.777689,0.019595,0.561747,0.132811,23.932627,3.071951,0.000000,0.468967,0.060196
test.enc.prompt.txt::00352,test.enc.prompt.txt::00352__row103,"Mr. President, it's",1.0,content_diversity,raining outside,time to go,not within your jurisdiction,the President of France,wife on the phone,-0.005,0.788,-0.144,-0.544,-0.109,9.558464,0.392678,0.450968,4.310566,0.177086,40.725244,1.860158,0.000000,18.365801,0.838872
test.enc.prompt.txt::00352,test.enc.prompt.txt::00352__row104,"Mr. President, it's",0.0,content_diversity,the First Lady calling you,your spouse waiting on the phone,Mrs. President waiting to speak with you,the mother of your children wanting to talk to you,a phone call from your significant other,-0.035,0.943,-0.304,-0.767,-0.383,43.876368,1.163913,0.435666,19.115446,0.507077,19.139723,0.273005,0.000000,8.338528,0.118939
test.enc.prompt.txt::00353,test.enc.prompt.txt::00353,Who's flying the,1.0,content_diversity,airplane so low to the ground?,drone and making so much noise at 5:00 AM on a Sunday?,kite close to that tree.  They are going to get tangled in the branches?,hot air ballon that almost landed in my strawberry field?,helicopter that is going to take us to the Grand Canyon?,-0.034,0.950,-0.120,-0.713,-0.168,42.454685,0.642886,0.475619,20.192259,0.305769,72.946983,0.605267,0.000000,34.694978,0.287877
test.enc.prompt.txt::00354,test.enc.prompt.txt::00354,"Uh, we got",1.0,content_diversity,a ticket from that cop that pulled us over.,suspended from school for our senior day prank.,two tickets for the Superbowl so only we can go.,arrested for drinking in public in San Antonio last weekend.,in trouble for getting bad grades and now we are both grounded.,-0.019,0.967,-0.189,-0.630,-0.209,0.218696,0.119523,0.486317,0.106356,0.058126,46.405516,0.721624,0.000000,22.567808,0.350938
test.enc.prompt.txt::00355,test.enc.prompt.txt::00355__row107,It was a,1.0,content_diversity,Cold and frosty morning,a starry night,a great tragedy,a huge achievement for the team,start which lead into something good,-0.016,0.982,-0.099,-0.651,-0.242,2.533620,0.859367,0.333413,0.844743,0.286524,63.983358,0.998871,0.000000,21.332906,0.333037
test.enc.prompt.txt::00355,test.enc.prompt.txt::00355__row108,It was a,0.0,content_diversity,Sad moment,Upsetting and tiresome time,loss to the entire community,a huge blow to the team,catastrophe on which they had never seen before,-0.012,0.974,-0.046,-0.667,-0.474,6.396628,0.819447,0.318935,2.040108,0.261350,74.633035,1.433144,0.000000,23.803079,0.457080
test.enc.prompt.txt::00356,test.enc.prompt.txt::00356__row109,General Greely says,1.0,content_diversity,go West!,get in line,don’t quit!,Be a good soldier,Don’t be a hero,-0.005,0.787,-0.185,-0.694,-0.167,15.407763,1.111685,0.207402,3.195608,0.230566,14.678629,3.847460,0.000000,3.044384,0.797973
test.enc.prompt.txt::00356,test.enc.prompt.txt::00356__row110,General Greely says,0.0,content_diversity,Salute me!,Pivot left!,Go to Grub Hall,Jump in the trenches,Hoorah soldier!,0.000,0.800,-0.052,-0.670,-0.306,20.087019,1.378021,0.124248,2.495763,0.171216,26.008987,2.074765,0.000000,3.231553,0.257785
test.enc.prompt.txt::00357,test.enc.prompt.txt::00357,The Chief Justice?,0.0,content_diversity,loves cold cuts on his lunch hour.,"tried smoked turkey one week, but didn't much care for it.","sometimes adds a slice of raw onion, much to the dismay of the court after reconvening for the afternoon.",has a very high cholesterol percentage.,should try salads for a change.,-0.013,0.967,-0.188,-0.635,-0.153,63.629361,0.663825,0.322558,20.524160,0.214122,110.098057,0.750579,0.000000,35.513009,0.242105
test.enc.prompt.txt::00358,test.enc.prompt.txt::00358,The rest of,0.0,content_diversity,the day was eneventful.,the day following the meeting was dull.,the workday was pretty boring.,the day was fairly uneventful.,the day after the meeting was pretty dull.,-0.170,0.810,-0.602,-0.837,-0.525,13.393237,0.355446,0.448084,6.001298,0.159270,46.582019,2.534139,0.000000,20.872667,1.135508
test.enc.prompt.txt::00359,test.enc.prompt.txt::00359__row113,How many others,1.0,content_diversity,Are here?,will cut me off?,arrived early?,enjoy shrimp and chips?,really love raising cats?,0.000,0.800,-0.293,-0.632,-0.103,-9.542289,-0.416527,0.239546,-2.285816,-0.099777,29.422168,4.019891,0.000000,7.047961,0.962949
test.enc.prompt.txt::00359,test.enc.prompt.txt::00359__row114,How many others,0.0,content_diversity,are vegan?,love to eat steak?,will order shrimp on the menu?,got shrimp on Valentines Day?,ate out on their birthday?,-0.019,0.961,-0.306,-0.740,-0.215,14.450508,0.428967,0.312192,4.511330,0.133920,38.366621,1.035755,0.000000,11.977745,0.323354
test.enc.prompt.txt::00360,test.enc.prompt.txt::00360,"Tower, Air Force",0.0,content_diversity,hears you loud and clear,is ready for landing,wants to know if we are good to go,sees no obstacles in our way,plans to go home now,-0.012,0.971,-0.054,-0.561,-0.233,30.300588,0.962013,0.319508,9.681274,0.307371,32.460812,1.708344,0.000000,10.371483,0.545829
test.enc.prompt.txt::00364,test.enc.prompt.txt::00364__row116,Leave my daughter,1.0,content_diversity,a note and I'll make sure she gets it.,at the alter and you're a dead man.,alone or I will make sure you regret it.,something in the fridge she can eat for dinner.,at school by 8 am so she isn't late.,-0.025,0.954,-0.053,-0.589,-0.126,-1.820163,-0.122561,0.512281,-0.932435,-0.062786,36.922395,1.025800,0.000000,18.914653,0.525498
test.enc.prompt.txt::00364,test.enc.prompt.txt::00364__row117,Leave my daughter,0.0,content_diversity,food that she can easily cook for supper.,something to eat because she will be hungry.,some snacks or something to munch on.,an easy meal she can make for herself.,A slice or two of pizza shecn have for dinner.,-0.031,0.950,-0.253,-0.881,-0.406,-11.603102,-0.138530,0.417163,-4.840383,-0.057790,116.556260,2.342177,0.000000,48.622945,0.977069
test.enc.prompt.txt::00365,test.enc.prompt.txt::00365__row118,What do you,1.0,content_diversity,think is the purpose of his visit?,suppose we should do about it?,mean by that?,want to do when we go camping?,like the most about hiking?,-0.013,0.971,-0.134,-0.734,-0.319,3.400542,0.317889,0.466137,1.585119,0.148180,32.646890,0.775811,0.000000,15.217932,0.361634
test.enc.prompt.txt::00365,test.enc.prompt.txt::00365__row119,What do you,0.0,content_diversity,think is the best resolution?,suggest we do to handle this?,feel is the proper route to take?,hope to achieve by handling this?,fear you will lose if you don't come up with a solution?,-0.024,0.960,-0.331,-0.774,-0.533,6.948449,0.478781,0.470810,3.271399,0.225415,45.240848,0.525360,0.000000,21.299845,0.247345
test.enc.prompt.txt::00367,test.enc.prompt.txt::00367,Nor will there,1.0,content_diversity,be light in your house.,be someone to pick you up at the airport.,be people to support you.,be money in your checking account.,your mom telling you what to do.,-0.056,0.930,-0.317,-0.714,-0.152,-3.152125,-0.152599,0.424506,-1.338097,-0.064779,46.465455,1.677832,0.000000,19.724874,0.712250
test.enc.prompt.txt::00368,test.enc.prompt.txt::00368,Now since we've,0.0,content_diversity,"messed up, let's try it again.","failed the experiment, let's restart.","failed, let's reboot the system.","messed it up, let's reboot the system.","failed, let's try again tomorrow.",-0.117,0.810,-0.552,-0.953,-0.656,20.003111,0.545938,0.431912,8.639584,0.235797,25.591176,0.697522,0.000000,11.053137,0.301268
test.enc.prompt.txt::00369,test.enc.prompt.txt::00369__row122,Thank you for,1.0,content_diversity,Telling me I have the best smile you have seen all day,Stopping to help that older woman cross the street,Helping to watch the kids while I run errands,taking me out to dinner,all the work you have done for the team.,-0.038,0.940,-0.057,-0.586,-0.112,20.285808,0.421842,0.478096,9.698558,0.201681,46.567250,0.443434,0.000000,22.263604,0.212004
test.enc.prompt.txt::00369,test.enc.prompt.txt::00369__row123,Thank you for,0.0,content_diversity,allowing me to go out alone.,"saving my sanity, by not having my wild kids while I am running errands.",letting me run an errand with no meltdowns.,giving time to myself to get things done.,knowing I needed some time to myself.,-0.032,0.946,-0.299,-0.746,-0.515,25.968962,0.467290,0.398023,10.336235,0.185992,111.573012,0.770133,0.000000,44.408586,0.306530
test.enc.prompt.txt::00370,test.enc.prompt.txt::00370,* CBS said,1.0,content_diversity,They had bad news this evening,They were actively reporting the story,the news was delayed until tomorrow,the suspect was still at large,the politician was going to appear on the news tomorrow,-0.049,0.934,-0.134,-0.718,-0.246,19.219214,0.756029,0.425116,8.170400,0.321400,43.337728,0.799884,0.000000,18.423572,0.340044
test.enc.prompt.txt::00371,test.enc.prompt.txt::00371,With all due,1.0,content_diversity,"respect, no.","respect, you are wrong.","respect, that's a lie.","respect, you are a robot.","respect, that isn't a car.",-0.095,0.873,-0.448,-0.897,-0.559,-5.890265,-0.285388,0.501641,-2.954800,-0.143162,32.479529,1.138931,0.000000,16.293069,0.571335
test.enc.prompt.txt::00372,test.enc.prompt.txt::00372__row126,"Mr. President, how",1.0,content_diversity,do you do it. You're incredible.,do you manage to make a fool out of yourself every time you go in front of an audience?,are you doing this morning? It was a busy day yesterday.,come you didn't invite your wife to the ceremony?,are you going to fix the U.S. economy?,-0.043,0.943,-0.233,-0.652,-0.100,12.275081,0.059129,0.551018,6.763787,0.032581,46.461107,1.036570,0.000000,25.600894,0.571168
test.enc.prompt.txt::00372,test.enc.prompt.txt::00372__row127,"Mr. President, how",0.0,content_diversity,come every time you go on stage I have to hear about it afterwards?,do you manage to be such an entertaining character?,did you get to office?,do you live with yourself?,are you going to spend the holidays? Golfing I presume?,-0.048,0.953,-0.206,-0.698,-0.234,-21.852562,-0.090929,0.518649,-11.333810,-0.047160,103.372951,1.099428,0.000000,53.614282,0.570217
test.enc.prompt.txt::00373,test.enc.prompt.txt::00373,It's got to,1.0,content_diversity,"be right, I mean I went over it a hundred times.",the biggest highlight of my career.,be perfect with 100% precision.,the most hilarious thing I've ever seen.,be drilled into your mind that that is the way it's done.,-0.014,0.971,-0.145,-0.674,-0.361,-5.971399,0.200184,0.463465,-2.767537,0.092779,49.699248,1.036332,0.000000,23.033887,0.480304
test.enc.prompt.txt::00374,test.enc.prompt.txt::00374__row129,His name's David,1.0,content_diversity,so he must be the one we are looking for,he was named from the Bible,he is named after his father,that must be a family name because it is not a modern name,he is the convict I heard about,-0.044,0.932,-0.077,-0.661,-0.286,24.971219,0.657847,0.362309,9.047304,0.238344,65.289831,1.305071,0.000000,23.655112,0.472839
test.enc.prompt.txt::00374,test.enc.prompt.txt::00374__row130,His name's David,0.0,content_diversity,he is the one that escaped from prison,he spent most of his life in prision,he has not had a good life outside of prison bars,the guy who escaped from prision,the man you read about who escaped from prision,-0.076,0.892,-0.352,-0.807,-0.374,63.287182,1.601483,0.340345,21.539485,0.545057,67.006143,1.126372,0.000000,22.805216,0.383355
test.enc.prompt.txt::00375,test.enc.prompt.txt::00375__row131,"Ted, we're taking",1.0,content_diversity,taking your life,your kids away,a stool sample,the house,off a leg,-0.013,0.571,-0.142,-0.572,-0.182,5.196772,0.065611,0.299552,1.556705,0.019654,23.851312,3.062745,0.000000,7.144717,0.917452
test.enc.prompt.txt::00375,test.enc.prompt.txt::00375__row132,"Ted, we're taking",0.0,content_diversity,your breath away,everything you hold dear including your life,your existence,everything and going to kill you,soul,-0.024,0.958,0.059,-0.686,-0.264,16.088993,-0.935814,0.284607,4.579047,-0.266340,34.287407,8.490048,0.000000,9.758450,2.416331
test.enc.prompt.txt::00376,test.enc.prompt.txt::00376,I've never used,0.0,content_diversity,I get lost a lot but still haven't take the time to figure out the GPS.,I use maps instead of the GPS.,"I sometimes pull up Google maps on my phone, but don't use the GPS.","I have a great sense of direction, so I just drive off and don't try to figure out how to get somewhere.",I need to have my brother show me how to set up the GPS in my car.,-0.079,0.901,-0.347,-0.887,-0.299,41.026415,0.667331,0.389754,15.990219,0.260095,76.758800,0.386133,0.000000,29.917068,0.150497
test.enc.prompt.txt::00377,test.enc.prompt.txt::00377__row134,The word is,1.0,content_diversity,not to be spoken,not up for discussion,easy to spell,simple to memorize,fun to say,-0.042,0.753,-0.173,-0.665,-0.310,8.940859,0.395757,0.401627,3.590891,0.158947,25.982250,1.107319,0.000000,10.435175,0.444729
test.enc.prompt.txt::00377,test.enc.prompt.txt::00377__row135,The word is,0.0,content_diversity,is not to be debated,is not for you to ask questions about,final,the only thing you need to worry about,the one and only truth,-0.030,0.932,-0.071,-0.589,-0.387,32.587283,2.161218,0.308976,10.068702,0.667765,28.113278,2.630022,0.000000,8.686340,0.812615
test.enc.prompt.txt::00378,test.enc.prompt.txt::00378__row136,"Elaine, I'm going",1.0,content_diversity,so be ready when I get back,so you wont see me ever again,I will be back later,and don't come looking for me when you feel bad,to the supermarket,-0.020,0.956,-0.074,-0.678,-0.180,27.536346,0.856833,0.402336,11.078870,0.344735,51.557678,0.822091,0.000000,20.743522,0.330757
test.enc.prompt.txt::00378,test.enc.prompt.txt::00378__row137,"Elaine, I'm going",0.0,content_diversity,make sure you are fully dressed when I get back,make sure you have your shoes on when I return,make sure you have showered by the time I get back,I will see you when I return,I expect that you will be ready to go when I get back,-0.162,0.804,-0.457,-0.882,-0.539,46.200326,1.171813,0.442118,20.426001,0.518080,38.665237,0.768740,0.000000,17.094602,0.339874
test.enc.prompt.txt::00380,test.enc.prompt.txt::00380__row138,"So you see,",1.0,content_diversity,I am beautiful.,he got away!,I am right!,there is a lot to live for.,"it is a plane, not a bird.",-0.034,0.934,-0.286,-0.585,-0.239,-4.348924,0.236479,0.277688,-1.207644,0.065667,29.353435,1.671650,0.000000,8.151097,0.464197
test.enc.prompt.txt::00380,test.enc.prompt.txt::00380__row139,"So you see,",0.0,content_diversity,I’m attractive.,my looks are the finest!,there’s nobody better looking than me.,I am cute.,my parents blessed me with great genetics!,-0.006,0.983,-0.338,-0.652,-0.510,11.194567,0.883924,0.281307,3.149113,0.248654,51.276493,2.088349,0.000000,14.424447,0.587468
test.enc.prompt.txt::00381,test.enc.prompt.txt::00381__row140,For the best,1.0,content_diversity,my new job is just too stressfull,this exercises are just killing,i have to deprive myself sleep just to make good grades,here i go again to take that painful injection i hate hospitals,i have no choice but to swallow the bitter pills,-0.028,0.955,-0.150,-0.675,-0.363,61.662190,1.240062,0.330158,20.358236,0.409416,72.240603,0.986119,0.000000,23.850778,0.325575
test.enc.prompt.txt::00381,test.enc.prompt.txt::00381__row141,For the best,0.0,content_diversity,i have no choice but to go to gym,i have some new clothes i must try on not with all this fat,well the physiotherapist recommended it,at least the ladies will love my new abs,my self esteem would finally be restored after this,-0.015,0.960,-0.115,-0.608,-0.242,46.092997,1.133702,0.312793,14.417552,0.354614,66.928594,0.660453,0.000000,20.934774,0.206585
test.enc.prompt.txt::00382,test.enc.prompt.txt::00382__row142,I guess this,1.0,content_diversity,hat is too big for your head,movie has a runtime of 3 hours,isn't the first time someone has told you that,is where I get off,time his luck ran out.,-0.009,0.982,-0.011,-0.537,-0.130,1.122326,-0.261430,0.458597,0.514695,-0.119891,36.668637,1.716663,0.000000,16.816127,0.787257
test.enc.prompt.txt::00382,test.enc.prompt.txt::00382__row143,I guess this,0.0,content_diversity,ain't your first rodeo,is something you're used to hearing,is a commonplace event for you,doesn't come as a surprise to you.,is probably the 700th time you've heard this today.,-0.018,0.969,-0.100,-0.712,-0.318,8.502956,0.493809,0.518638,4.409960,0.256108,67.373507,0.968581,0.000000,34.942486,0.502343
test.enc.prompt.txt::00383,test.enc.prompt.txt::00383,Elaine! Ted's a,0.0,content_diversity,"sharp guy, he teaches engineering","intellectual, he is very bright","genious, he has a really high IQ.",valedictorian of his class,intelligent man,-0.011,0.983,-0.135,-0.692,-0.394,34.155775,1.045737,0.393016,13.423759,0.410991,46.707469,0.745935,0.000000,18.356773,0.293164
test.enc.prompt.txt::00384,test.enc.prompt.txt::00384,"Meet me onboard,",0.0,content_diversity,you scurvy soul.,or I'll keelhaul you.,or Bluebeard's ghost will stalk the boards.,and we'll split up the booty.,"ye wretched cur, before I send ye to the briny deep.",-0.017,0.968,-0.188,-0.662,-0.253,-0.898773,0.070796,0.363614,-0.326806,0.025743,89.890138,1.482850,0.000000,32.685291,0.539185
test.enc.prompt.txt::00386,test.enc.prompt.txt::00386__row146,My career is,1.0,content_diversity,so great that i can never imagine switching,coming to it's peak,making me get close to celebrities,very nice that i usually have time for myself,continually going to an end,-0.020,0.968,-0.020,-0.625,-0.255,16.096600,0.320527,0.407875,6.565409,0.130735,32.661438,1.079614,0.000000,13.321800,0.440348
test.enc.prompt.txt::00386,test.enc.prompt.txt::00386__row147,My career is,0.0,content_diversity,i really like meeting celebrities,i also like meeting new people,makes me feel like i am a celebrity,commands respect for me,work with people i never thought of,-0.043,0.939,-0.182,-0.700,-0.347,33.247729,1.176784,0.333326,11.082317,0.392252,27.419225,1.334971,0.000000,9.139528,0.444980
test.enc.prompt.txt::00387,test.enc.prompt.txt::00387__row148,"Come on up,",1.0,content_diversity,I'm in the bedroom.,I am waiting for you.,you are the next person in line.,what would you like to order today?,I am excited to see you.,-0.042,0.936,-0.267,-0.686,-0.272,-4.495075,-0.369058,0.519997,-2.337424,-0.191909,38.567300,2.049887,0.000000,20.054866,1.065934
test.enc.prompt.txt::00387,test.enc.prompt.txt::00387__row149,"Come on up,",0.0,content_diversity,I am on the bed waiting for you.,I am all alone.,the bed is warm and ready for you.,the door to my room is open.,I'm in the back bedroom.,-0.045,0.922,-0.365,-0.785,-0.327,4.271658,0.085395,0.434799,1.857311,0.037130,19.401179,0.984817,0.000000,8.435608,0.428197
test.enc.prompt.txt::00388,test.enc.prompt.txt::00388__row150,A couple eggs,1.0,content_diversity,hatched yesterday on the farm.,would make the perfect size omelette.,will be needed for this cake.,were violently thrown at the house.,were colored by the kids for Easter.,-0.026,0.967,-0.224,-0.548,-0.155,6.007107,0.230414,0.505537,3.036815,0.116483,22.473735,0.435527,0.000000,11.361305,0.220175
test.enc.prompt.txt::00388,test.enc.prompt.txt::00388__row151,A couple eggs,0.0,content_diversity,can be fun to play around with on holiday.,were scattered around the yard for the children.,"were colored red, white and blue.",could be seen by the youngsters.,turned into toys for the group of kids.,-0.025,0.956,-0.224,-0.669,-0.355,-6.227391,-0.080457,0.455944,-2.839339,-0.036684,40.704982,1.107311,0.000000,18.559179,0.504871
test.enc.prompt.txt::00389,test.enc.prompt.txt::00389,He's carrying a,0.0,content_diversity,bag of enchanted stones out of plain view,bag of unusual trinkets unbeknownst to his peers,bag with high quality items in a secret compartment,bag with sacred jewels hidden,"bag with ideal jewels, stowed away",-0.055,0.936,-0.252,-0.877,-0.587,37.543436,0.813301,0.348091,13.068534,0.283103,44.354375,1.232674,0.000000,15.439361,0.429083
test.enc.prompt.txt::00390,test.enc.prompt.txt::00390,"Whenever your're ready,",0.0,content_diversity,and let the party start,and speak the truth,and grill me some steaks,and then let's get outta here,and lets get moving,-0.051,0.950,-0.208,-0.701,-0.169,28.242233,1.116355,0.313158,8.844284,0.349596,24.512823,0.953348,0.000000,7.676389,0.298549
test.enc.prompt.txt::00391,test.enc.prompt.txt::00391,You folks need,0.0,content_diversity,to clean up a little bit.,to freshen up.,to make sure you are tidy before going out.,focus on your hygiene for many reasons.,to clean yourselves before going on the bus.,-0.042,0.937,-0.321,-0.828,-0.484,4.732392,0.285486,0.450894,2.133809,0.128724,67.559139,1.149472,0.000000,30.462038,0.518291
test.enc.prompt.txt::00392,test.enc.prompt.txt::00392,"Say, isn't that",0.0,content_diversity,something you've told me a million times.,information which is of no use to me at all.,interesting and absolutely worthless.,about the dumbest thing I've ever heard.,"nice, if it actually had any impact on me whatsoever.",-0.007,0.989,-0.124,-0.627,-0.343,1.341130,0.213290,0.479410,0.642951,0.102253,67.769935,0.967642,0.000000,32.489599,0.463897
test.enc.prompt.txt::00393,test.enc.prompt.txt::00393,"You're tired, Striker,",0.0,content_diversity,why don't you take a nap before you leave.,you should go lay down and try to sleep.,a good night's sleep would do you some good.,take the day off and rest up.,go home and go to bed.,-0.030,0.940,-0.241,-0.842,-0.690,9.945953,0.137130,0.590322,5.871310,0.080951,28.874512,0.438799,0.000000,17.045246,0.259033
test.enc.prompt.txt::00394,test.enc.prompt.txt::00394,No. I mean,0.0,content_diversity,it's all good.,it all worked out for the best.,its great!,there are no more problems.,this is wonderful.,-0.004,0.990,-0.356,-0.686,-0.644,9.865328,0.736372,0.355576,3.507878,0.261837,16.007122,2.298232,0.000000,5.691755,0.817197
test.enc.prompt.txt::00395,test.enc.prompt.txt::00395__row158,"Shep, sit...sit! So,",1.0,content_diversity,what were we talking about again?,let's get back to work everyone.,we can move on to something else now.,"there is nothing to see here, let's keep going.",did you see that fireball in the sky last night?,-0.016,0.974,-0.082,-0.667,-0.240,8.229243,0.325723,0.539736,4.441622,0.175805,48.964171,0.918667,0.000000,26.427747,0.495838
test.enc.prompt.txt::00395,test.enc.prompt.txt::00395__row159,"Shep, sit...sit! So,",0.0,content_diversity,I saw a big bright light in the sky last night.,did you hear a huge boom outside?,I have no idea what that fireball was.,let me go ahead and report the fireball to the local news.,there is no explanation to that fireball yesterday.,-0.024,0.956,-0.261,-0.746,-0.313,23.680940,0.578272,0.426872,10.108727,0.246848,55.473770,0.966263,0.000000,23.680192,0.412471
test.enc.prompt.txt::00396,test.enc.prompt.txt::00396__row160,...but after...awhile...you begin,1.0,content_diversity,to get tired of the whole thing,"to get used to it, and it gets easier and easier","to bleed, and you have to go to the hospital",to understand why she did the things she did,to know what your true life's passion is,-0.051,0.923,-0.219,-0.678,-0.162,7.615691,0.122050,0.600874,4.576070,0.073337,40.043012,0.898512,0.000000,24.060803,0.539893
test.enc.prompt.txt::00396,test.enc.prompt.txt::00396__row161,...but after...awhile...you begin,0.0,content_diversity,to get weary of doing it over and over,to realize the whole thing is very tiring and dull,to get more and more sleepy and drained,to not want to do it anymore,to become tired of the drudgery,-0.051,0.924,-0.314,-0.789,-0.684,25.356671,0.624189,0.526599,13.352804,0.328697,47.125567,0.748380,0.000000,24.816288,0.394096
test.enc.prompt.txt::00397,test.enc.prompt.txt::00397__row162,"Captain, how soon",1.0,content_diversity,do we shit out?,until we leave?,until we line up for formation?,until chow time?,is quitting time?,-0.044,0.933,-0.348,-0.753,-0.407,7.125543,0.082503,0.293456,2.091034,0.024211,31.365872,2.033140,0.000000,9.204507,0.596637
test.enc.prompt.txt::00397,test.enc.prompt.txt::00397__row163,"Captain, how soon",0.0,content_diversity,can we be relived from duty?,can I stop thinking of taking this uniform off?,until you release your control of us?,until the end of the day?,do you want us to leave your presence?,-0.018,0.961,-0.264,-0.713,-0.430,5.951553,0.142583,0.437550,2.604105,0.062387,41.452346,0.727160,0.000000,18.137492,0.318169
test.enc.prompt.txt::00398,test.enc.prompt.txt::00398__row164,"What is it,",1.0,content_diversity,is it alive?,can I eat it?,where did you get it?,maybe you should leave it.,it looks interesting.,-0.025,0.960,-0.315,-0.702,-0.242,5.516338,0.263895,0.370516,2.043892,0.097777,29.742661,0.787554,0.000000,11.020132,0.291801
test.enc.prompt.txt::00398,test.enc.prompt.txt::00398__row165,"What is it,",0.0,content_diversity,I can't believe they would serve that at this restaurant.,It barely looks edible.,who would want to eat that?,it has an interesting color.,maybe we should ask the server if we can eat it.,-0.007,0.978,-0.249,-0.736,-0.250,16.443219,0.786287,0.353435,5.811601,0.277901,41.880090,1.287019,0.000000,14.801870,0.454877
test.enc.prompt.txt::00401,test.enc.prompt.txt::00401,Sluggish. Like a,0.0,content_diversity,teen that just came out of daytime hibernation.,young adult who thought staying up all night and sleeping all day would work.,"typical youth, having fun all night and paying for it the next day.",teenage kid dragging themselves out of a bed they got into at dawn.,teen yet to learn that people aren't nocturnal or functional on four hours of sleep.,-0.025,0.954,-0.134,-0.900,-0.416,5.960979,0.143709,0.475239,2.832887,0.068296,74.221717,0.743425,0.000000,35.273019,0.353304
test.enc.prompt.txt::00403,test.enc.prompt.txt::00403__row167,He's all over,1.0,content_diversity,the road,his relationship with Amy,his diet,the place,working on his degree,-0.029,0.757,-0.201,-0.554,-0.195,-3.453308,0.227137,0.382469,-1.320782,0.086873,49.915162,2.156930,0.000000,19.090985,0.824958
test.enc.prompt.txt::00403,test.enc.prompt.txt::00403__row168,He's all over,0.0,content_diversity,route 77,the berm,the exit,rest areas,the fast food restaurant,-0.024,0.767,-0.185,-0.645,-0.152,9.292939,1.716675,0.159581,1.482972,0.273948,21.752635,4.286807,0.000000,3.471297,0.684091
test.enc.prompt.txt::00405,test.enc.prompt.txt::00405__row169,There's a little,1.0,content_diversity,bit left in the bottle.,man in the backyard.,bird outside.,snow on the ground.,food left in the fridge.,-0.072,0.880,-0.488,-0.632,-0.117,3.940582,0.457251,0.516214,2.034183,0.236039,19.867794,1.225373,0.000000,10.256029,0.632555
test.enc.prompt.txt::00405,test.enc.prompt.txt::00405__row170,There's a little,0.0,content_diversity,white stuff out there.,snow out there.,bit of snow.,accumulation on the ground.,snow outside.,-0.043,0.732,-0.387,-0.816,-0.544,8.128824,0.361758,0.399261,3.245524,0.144436,25.686643,1.000026,0.000000,10.255679,0.399271
test.enc.prompt.txt::00406,test.enc.prompt.txt::00406,Fourteen-B. It's halfway,0.0,content_diversity,at top speed to the water's edge,"assuming a quick pace, to the skinny dipping rendezvous",towards midnight swim with a cool sprint,"for our ocean meet up, running",moving quickly down to the seaside,-0.029,0.958,-0.222,-0.752,-0.425,77.057342,1.970005,0.267178,20.588025,0.526342,79.382142,1.558641,0.000000,21.209160,0.416435
test.enc.prompt.txt::00407,test.enc.prompt.txt::00407,"Excuse me, sir.",1.0,content_diversity,You said I was mad.,You wanted to have a good time with me.,You asked me what to do around here.,Please stop staring at me.,I have a weight issues.,-0.033,0.943,-0.337,-0.679,-0.188,4.286006,-0.229711,0.361662,1.550086,-0.083078,38.626038,2.185075,0.000000,13.969575,0.790259
test.enc.prompt.txt::00409,test.enc.prompt.txt::00409,"Well, I flew",1.0,content_diversity,all the way out here.,for the first time and it was scary.,down to Australia to meet her.,on a wide-body airplane for the first time.,three times this week.,-0.036,0.907,-0.123,-0.580,-0.246,5.189512,-0.046847,0.561846,2.915705,-0.026321,29.038677,0.793859,0.000000,16.315253,0.446026
test.enc.prompt.txt::00410,test.enc.prompt.txt::00410,Oooh. Hardball. That,1.0,content_diversity,reminds me of my father.,is what Sr. Annunciata used to hit me with in grade school.,means I'll have to wear a cup.,is surprising coming from a girl.,hurts like a mother.,-0.018,0.971,-0.226,-0.618,-0.133,21.898246,0.388842,0.447712,9.804117,0.174090,105.870875,0.913758,0.000000,47.399708,0.409101
test.enc.prompt.txt::00411,test.enc.prompt.txt::00411,I like my,0.0,content_diversity,yard to have a lot of wild flowers.,gardening duties to be kept to a minimum and it definitely shows.,weekends to be free of weeding so I just let nature run its course.,untamed assortment of plants and blooms out back.,property to have an untended but colorful look.,-0.035,0.951,-0.187,-0.781,-0.456,29.842807,0.388671,0.438829,13.095875,0.170560,71.397945,1.106157,0.000000,31.331454,0.485413
test.enc.prompt.txt::00412,test.enc.prompt.txt::00412,So what've you,0.0,content_diversity,picked up on by observing them together?,been told by your mutual friends? I bet they have some juicy gossip.,overheard them saying while you were cleaning their house?,been privy to about their situation?,listened to them say or do without them knowing about it?,-0.022,0.965,-0.135,-0.801,-0.370,24.921859,0.556385,0.449401,11.199909,0.250040,64.517983,0.575486,0.000000,28.994448,0.258624
test.enc.prompt.txt::00413,test.enc.prompt.txt::00413,"Move a finger,",0.0,content_diversity,and you're done.,and it's over for you.,and you can say goodbye to tomorrow.,and I'll end you.,and sleep forever.,-0.061,0.945,-0.371,-0.720,-0.561,10.774361,0.240172,0.368184,3.966942,0.088428,27.892302,1.255996,0.000000,10.269487,0.462437
test.enc.prompt.txt::00414,test.enc.prompt.txt::00414,"That cop, the",1.0,content_diversity,one over there.,guy in the uniform.,one who was shot.,one who shot the criminal.,one I spoke to earlier.,-0.048,0.930,-0.288,-0.749,-0.312,-8.343816,-0.382964,0.515200,-4.298732,-0.197303,19.923300,0.968588,0.000000,10.264478,0.499016
test.enc.prompt.txt::00416,test.enc.prompt.txt::00416,A large number,0.0,content_diversity,makes me anxious.,is unbearable to deal with.,effects my emotions.,renders me useless.,makes me feel like I cannot breathe.,-0.026,0.959,-0.421,-0.731,-0.445,19.241590,1.113808,0.274653,5.284753,0.305910,28.130758,1.298966,0.000000,7.726186,0.356764
test.enc.prompt.txt::00417,test.enc.prompt.txt::00417__row180,She's going to,1.0,content_diversity,upset me all the way to the baseball game.,use comments that came from my mouth.,make an excuse not to see me this weekend.,throw a surprise bash party.,make me look like a pretty little boy.,-0.014,0.968,-0.183,-0.639,-0.117,0.155917,0.025022,0.389364,0.060708,0.009742,33.095820,1.147359,0.000000,12.886317,0.446740
test.enc.prompt.txt::00417,test.enc.prompt.txt::00417__row181,She's going to,0.0,content_diversity,makes me cry when i see the faul ball.,take my innerds and make curry of them all.,teach my that crying is for kids.,why i should choose gum as i cry.,Why i don't go to a ball game.,-0.018,0.971,-0.180,-0.686,-0.186,26.301900,0.709208,0.206996,5.444401,0.146804,69.921219,1.105908,0.000000,14.473446,0.228919
test.enc.prompt.txt::00418,test.enc.prompt.txt::00418__row182,"Well, let's roll,",1.0,content_diversity,we have nothing to lose.,I'm feeling lucky.,I want to get there early.,I have a lot to do today.,we have a long trip.,-0.040,0.927,-0.430,-0.667,-0.299,-1.254897,-0.180467,0.463889,-0.582133,-0.083717,19.079665,1.161567,0.000000,8.850845,0.538838
test.enc.prompt.txt::00418,test.enc.prompt.txt::00418__row183,"Well, let's roll,",0.0,content_diversity,I don't want to be late.,It's important that we're early.,I want to get good seats.,We need time to grab food.,I like to have my choice of seats.,-0.038,0.947,-0.383,-0.729,-0.418,10.088957,0.505893,0.370209,3.735022,0.187286,48.033699,1.427986,0.000000,17.782502,0.528653
test.enc.prompt.txt::00420,test.enc.prompt.txt::00420,But there's no,0.0,content_diversity,visibility and the wipers can't keep up with the snow.,safe route to take if all the roads are closed due to the storm.,good reason to travel in bad weather.,chance we can make it there safely when the conditions are this bad.,one else on the road because it's too icy to drive.,-0.031,0.964,-0.262,-0.749,-0.390,19.820488,0.365725,0.480053,9.514877,0.175567,24.894734,0.310135,0.000000,11.950782,0.148881
test.enc.prompt.txt::00421,test.enc.prompt.txt::00421,How do I,1.0,content_diversity,tie this knot,understand these questions,make a chocolate cake,install this ceiling fan,find my way home,-0.006,0.789,-0.147,-0.559,-0.155,20.630513,0.915814,0.425917,8.786878,0.390061,23.858736,0.673239,0.000000,10.161831,0.286744
test.enc.prompt.txt::00422,test.enc.prompt.txt::00422,"Yeah, right. Don't",1.0,content_diversity,take too long,eat too much of that,spend too much money,go to the party,stay up too late,-0.041,0.947,-0.251,-0.712,-0.355,16.195824,0.922766,0.488551,7.912492,0.450819,15.678398,1.068556,0.000000,7.659703,0.522045
test.enc.prompt.txt::00423,test.enc.prompt.txt::00423,"Oh, here's an",0.0,content_diversity,answer to the problem with that animal.,animal shelter we can bring the dog to.,actual solution to help that animal.,event with staff we can ask quesstions of for our pet.,orthopedist that treats animal injuries.,-0.053,0.928,-0.231,-0.816,-0.512,24.124578,0.564499,0.368273,8.884437,0.207890,116.687148,1.770024,0.000000,42.972759,0.651853
test.enc.prompt.txt::00424,test.enc.prompt.txt::00424__row188,You guys finished,1.0,content_diversity,so now it is time to clean up,1st and 2nd place,how are you feeling?,now it is time to go home and rest,it is about time,-0.076,0.814,-0.009,-0.640,-0.217,20.866370,0.723172,0.395448,8.251557,0.285977,17.850462,1.040195,0.000000,7.058923,0.411343
test.enc.prompt.txt::00424,test.enc.prompt.txt::00424__row189,You guys finished,0.0,content_diversity,now we can go home and go to bed,we can go home and take a nap,it is time now for relaxation,it is time to take a siesta,now it is time to rest your bodies,-0.137,0.765,-0.428,-0.769,-0.545,43.261567,1.533022,0.351216,15.194135,0.538421,20.187816,0.622505,0.000000,7.090275,0.218633
test.enc.prompt.txt::00425,test.enc.prompt.txt::00425,Does that look,1.0,content_diversity,like a haunted house?,better on her?,like an antique?,safe?,like the outfit of an award winner?,-0.018,0.967,-0.380,-0.708,-0.281,-14.612939,0.016689,0.340119,-4.970136,0.005676,56.471248,3.079270,0.000000,19.206936,1.047318
test.enc.prompt.txt::00426,test.enc.prompt.txt::00426__row191,"First squad up,",1.0,content_diversity,let's go over there.,we are ready for this.,we were born for this.,we need to get a move on quick..,this should be a lot of fun.,-0.033,0.950,-0.278,-0.704,-0.480,2.276108,0.146443,0.428952,0.976341,0.062817,49.386250,1.111204,0.000000,21.184329,0.476653
test.enc.prompt.txt::00426,test.enc.prompt.txt::00426__row192,"First squad up,",0.0,content_diversity,this is going to be a festive time.,this will be enjoyable.,i am very happy about this.,we are excited about this.,I can't wait to make this happen.,-0.049,0.945,-0.359,-0.809,-0.642,7.686106,0.431371,0.416717,3.202928,0.179759,24.805429,0.380976,0.000000,10.336833,0.158759
test.enc.prompt.txt::00427,test.enc.prompt.txt::00427__row193,Flame-units only. I,1.0,content_diversity,This is comparable to fire and sparks.,A blaze of heat surrounds an area.,A fire that smolders for days as firemen extinguish the flames.,The smoke rises from the residence and people evacuate.,The heat permeates the atmosphere and people stand in awe.,-0.027,0.954,-0.260,-0.795,-0.381,29.667880,0.536447,0.357725,10.612938,0.191901,38.269080,0.920088,0.000000,13.689801,0.329138
test.enc.prompt.txt::00427,test.enc.prompt.txt::00427__row194,Flame-units only. I,0.0,content_diversity,Smoke extends into the atmosphere.,Crowds gather to watch the spectacle as firemen arrive.,People stand in awe and smoke escapes from the residence.,An ambulance arrives promptly at the scene.,People are dismayed as they hear sirens in the distance.,-0.032,0.966,-0.313,-0.721,-0.296,41.520855,0.816106,0.367588,15.262567,0.299991,44.425935,0.677578,0.000000,16.330439,0.249069
test.enc.prompt.txt::00428,test.enc.prompt.txt::00428__row195,Could it be,1.0,content_diversity,I forgot to put it back.,That Someone did that on purpose.,Really acceptable.,Possible to do so?,She never liked him.,-0.004,0.991,-0.233,-0.572,-0.186,10.078251,0.540219,0.252343,2.543179,0.136321,18.747024,1.075927,0.000000,4.730685,0.271503
test.enc.prompt.txt::00428,test.enc.prompt.txt::00428__row196,Could it be,0.0,content_diversity,I would have done better.,He stole the money.,The reason of there breakup?,The safe way out?,So easy.,-0.004,0.990,-0.226,-0.623,-0.176,20.926193,0.021376,0.168837,3.533119,0.003609,37.572007,3.792598,0.000000,6.343551,0.640331
test.enc.prompt.txt::00432,test.enc.prompt.txt::00432,You never said,0.0,content_diversity,"you didn't like my cooking, this is a fine time to tell me!","you think my cooking sucks, don't you think you should have mentioned this before?","you don't like the way I cook meals, I sure wish you would have said so!","my cooking isn't any good, you should have said something instead of just eating it!","that my cooking is terrible, I'd rather you tell me that kind of stuff right away!",-0.060,0.912,-0.293,-0.945,-0.778,38.529819,0.511850,0.489143,18.846593,0.250368,24.753488,0.358634,0.000000,12.107996,0.175423
test.enc.prompt.txt::00433,test.enc.prompt.txt::00433__row198,That the atmosphere,1.0,content_diversity,smells funny,is colder,is getting thin,is polluted,is worse now,-0.049,0.550,-0.319,-0.636,-0.356,8.952888,0.697705,0.328870,2.944334,0.229454,21.506693,1.436436,0.000000,7.072899,0.472400
test.enc.prompt.txt::00433,test.enc.prompt.txt::00433__row199,That the atmosphere,0.0,content_diversity,is toxic,is filled with poison,is getting worse,is being polluted,will never recover,-0.042,0.760,-0.235,-0.631,-0.420,8.782402,0.548035,0.410247,3.602952,0.224830,16.981002,1.256034,0.000000,6.966402,0.515284
test.enc.prompt.txt::00434,test.enc.prompt.txt::00434,You son of,1.0,content_diversity,a gun! How were you able to get all that done?,bitch! How dare you call me that!,whore. You're going down for that!`,mine; you are the most cherished person to me.,"nope, not gonna say it. I'm not going to let you bring me down to that level!",-0.032,0.948,-0.142,-0.645,-0.129,2.286695,0.581502,0.452969,1.035803,0.263403,104.199151,1.408779,0.000000,47.199028,0.638134
test.enc.prompt.txt::00435,test.enc.prompt.txt::00435,You've been doing,0.0,content_diversity,good therapy with the sad family members.,"a sort of Karma building thing, helping people who have dead relatives.","helping behavior, allowing people to work through stages of death.","family therapy, focusing on profound loss.","something to help pastors, add support to those left by dead.",-0.014,0.970,-0.268,-0.822,-0.376,6.924997,0.102625,0.373248,2.584738,0.038304,106.861433,1.125939,0.000000,39.885765,0.420254
test.enc.prompt.txt::00436,test.enc.prompt.txt::00436,These Colonial Marines,0.0,content_diversity,are the distinguished brave in our community.,are the real idols that we all look up to.,represent the true champions that we aspire to be.,live as an exemplar to our children.,are the Superman's of this world.,-0.049,0.931,-0.271,-0.656,-0.288,18.742319,0.297396,0.397233,7.445073,0.118136,27.841161,0.974117,0.000000,11.059435,0.386952
test.enc.prompt.txt::00437,test.enc.prompt.txt::00437__row203,Looks like you,1.0,content_diversity,did not get the memo!,got up on the wrong side of the bed today,have your work cut out for you with this one,could use a big hug,had a fun weekend,-0.010,0.982,0.010,-0.603,-0.157,9.786203,0.045520,0.507019,4.961791,0.023080,24.706572,1.753460,0.000000,12.526703,0.889038
test.enc.prompt.txt::00437,test.enc.prompt.txt::00437__row204,Looks like you,0.0,content_diversity,are going to have a tough time here,certainly will earn every penny today,will be tested in every way,picked the worst client,need all of the patience in the world,-0.016,0.969,-0.047,-0.596,-0.308,16.087700,0.657091,0.425391,6.843557,0.279520,36.002889,1.416666,0.000000,15.315292,0.602636
test.enc.prompt.txt::00439,test.enc.prompt.txt::00439,Where are your,0.0,content_diversity,pride and empathy? Don't you care about them anymore?,thoughts and prayers now? Didn't you use to care?,best intentions? When did everything go so wrong for you?,endless ambitions taking us? Didn't you once say this was the wrong path?,goals ending? Why must we be here?,-0.014,0.975,-0.227,-0.732,-0.402,11.348751,-0.185733,0.404934,4.595498,-0.075210,50.961192,1.692637,0.000000,20.635932,0.685407
test.enc.prompt.txt::00440,test.enc.prompt.txt::00440__row206,At ease. I'm,1.0,content_diversity,completely relaxed.,not upset with you.,never going to find fault with you.,leaving now.,taking control.,-0.012,0.960,-0.364,-0.666,-0.300,1.546839,-0.370461,0.472195,0.730410,-0.174930,26.783459,1.415645,0.000000,12.647021,0.668461
test.enc.prompt.txt::00440,test.enc.prompt.txt::00440__row207,At ease. I'm,0.0,content_diversity,going home.,heading out.,finished here and taking my leave.,saying goodbye.,outta here!,0.000,1.000,-0.267,-0.689,-0.576,11.675908,0.061462,0.358140,4.181605,0.022012,35.340490,1.153992,0.000000,12.656829,0.413290
test.enc.prompt.txt::00441,test.enc.prompt.txt::00441,Hah! Stop your,0.0,content_diversity,Horrible jokes you keep making,Ways of making fun of others,Tendency to joke too much,Picking on other people,Weird jokes with us,-0.008,0.975,-0.073,-0.785,-0.604,36.195351,1.280325,0.271734,9.835499,0.347908,23.184214,1.897647,0.000000,6.299934,0.515655
test.enc.prompt.txt::00442,test.enc.prompt.txt::00442,We're not making,1.0,content_diversity,it to the Hamptons.,a cake here.,a bomb.,love to this song.,fences.,-0.013,0.771,-0.338,-0.566,-0.183,-7.917984,-1.059035,0.234395,-1.855938,-0.248233,25.439798,4.090854,0.000000,5.962970,0.958877
test.enc.prompt.txt::00444,test.enc.prompt.txt::00444,And how are,1.0,content_diversity,you this fine evening?,going to get to the party?,the neighbors reacting to your new fence?,the kids adapting to their new school?,all these people going to fit into this car?,-0.043,0.938,-0.250,-0.622,-0.208,0.499702,-0.066833,0.504235,0.251967,-0.033699,17.706262,1.111404,0.000000,8.928115,0.560409
test.enc.prompt.txt::00445,test.enc.prompt.txt::00445__row211,Bad dreams again?,1.0,content_diversity,I can’t believe it.,That’s so scary.,Why did you see a scary movie?,That’s weird.,I knew that was going to happen.,-0.016,0.974,-0.320,-0.695,-0.331,7.245172,0.474556,0.457344,3.313534,0.217035,44.040165,1.129748,0.000000,20.141492,0.516683
test.enc.prompt.txt::00445,test.enc.prompt.txt::00445__row212,Bad dreams again?,0.0,content_diversity,How could that happen.,I hope you don’t see them again.,Wow that’s scary.,Hope you feeling better.,So what did you see?,-0.012,0.983,-0.187,-0.669,-0.256,8.314020,0.290488,0.426588,3.546665,0.123919,9.782821,0.719310,0.000000,4.173238,0.306849
test.enc.prompt.txt::00446,test.enc.prompt.txt::00446,They'd be here,1.0,content_diversity,if they weren't dead.,if they really cared.,again.,if you let them.,tomorrow.,-0.027,0.735,-0.432,-0.691,-0.301,-2.437099,0.054616,0.404444,-0.985670,0.022089,12.165669,2.429518,0.000000,4.920334,0.982604
test.enc.prompt.txt::00447,test.enc.prompt.txt::00447__row214,Ripley...she doesn't have,1.0,content_diversity,the brains to start that new job.,any legs to run the NYC marathon.,confidence to leave her boyfriend.,money to do the things that she wants to do.,a clue on how to move forward with her life.,-0.045,0.943,-0.330,-0.645,-0.242,7.298098,0.274009,0.448161,3.270722,0.122800,32.421403,1.404366,0.000000,14.530005,0.629382
test.enc.prompt.txt::00447,test.enc.prompt.txt::00447__row215,Ripley...she doesn't have,0.0,content_diversity,the means to go out with her friends.,her finances in order to travel.,cash to go buy food even though she is starving.,credit to rent a new car for her road trip.,coins to use on the slot machines as she wants to gamble her life away.,-0.049,0.951,-0.334,-0.671,-0.337,10.228936,0.461836,0.421628,4.312809,0.194723,64.578482,0.648958,0.000000,27.228113,0.273619
test.enc.prompt.txt::00449,test.enc.prompt.txt::00449__row216,I knew you'd,1.0,content_diversity,would be here.,certainly be in the area.,want to be part of this group.,consider this event to be you.,couldn't resist being here.,-0.040,0.942,-0.244,-0.690,-0.589,3.355535,0.000294,0.395366,1.326666,0.000116,44.718091,1.068710,0.000000,17.680029,0.422532
test.enc.prompt.txt::00449,test.enc.prompt.txt::00449__row217,I knew you'd,0.0,content_diversity,would be attending.,wouldn't miss the event.,considered this event you didn't want to miss.,made plans to attend.,could be counted on to be here.,-0.024,0.954,-0.267,-0.762,-0.613,25.051143,0.806018,0.361487,9.055661,0.291365,47.677249,0.435801,0.000000,17.234702,0.157536
test.enc.prompt.txt::00790,test.enc.prompt.txt::00790,"Normally, we'd be",1.0,content_diversity,at the beach in the sun by now,happier about being at home,"at work all day, instead of home",chatting about the weather,all in this together.,-0.030,0.943,-0.171,-0.674,-0.207,11.536423,0.233065,0.480532,5.543616,0.111995,22.283749,0.749921,0.000000,10.708046,0.360361
test.enc.prompt.txt::00791,test.enc.prompt.txt::00791,As real as,1.0,content_diversity,"it seems, it is not real.",real can get.,the stars in the sky.,it is in your head.,a fantasy can be.,-0.027,0.928,-0.267,-0.713,-0.315,-9.878733,-0.536960,0.498922,-4.928721,-0.267902,19.667581,0.626013,0.000000,9.812597,0.312332
test.enc.prompt.txt::00792,test.enc.prompt.txt::00792__row220,I want you,1.0,content_diversity,to know,more than anything,LIKE YESTERDAY,to tell me the time,to call me later,-0.022,0.963,0.002,-0.652,-0.327,11.948246,0.845998,0.421075,5.031102,0.356228,34.932878,2.097802,0.000000,14.709345,0.883331
test.enc.prompt.txt::00792,test.enc.prompt.txt::00792__row221,I want you,0.0,content_diversity,to tell me what time it is,to give me the time,let me know what time it is,to tell the time right now,let me know next time,-0.131,0.794,-0.286,-0.927,-0.606,13.737293,0.459405,0.464390,6.379466,0.213343,40.018357,1.917038,0.000000,18.584137,0.890254
test.enc.prompt.txt::00794,test.enc.prompt.txt::00794,Mrs. Peel ...,1.0,content_diversity,your exams are way too hard,you should behave yourself,why don't you like me,what is your dirty secret,i think you should dress more formaly,-0.024,0.961,-0.137,-0.679,-0.174,-4.226188,0.113862,0.446938,-1.888843,0.050889,46.071170,0.974258,0.000000,20.590939,0.435433
test.enc.prompt.txt::00795,test.enc.prompt.txt::00795,May I help,1.0,content_diversity,with that heavy box,you with your homework,his dad? he looks tired,building new house,with food rationing? I could volunteer,-0.013,0.982,-0.118,-0.577,-0.138,5.368479,0.797144,0.336603,1.807044,0.268321,88.337675,2.298996,0.000000,29.734695,0.773848
test.enc.prompt.txt::00796,test.enc.prompt.txt::00796,Your voice --,0.0,content_diversity,"horrible, like nails on a chalkboard.",awful and screeching.,so terrible. Give up the singing.,I've never heard something worse in my life.,God help us all. It's bad.,0.000,1.000,-0.134,-0.744,-0.496,22.221655,0.608741,0.381019,8.466865,0.231942,35.289953,1.742149,0.000000,13.446131,0.663791
test.enc.prompt.txt::00797,test.enc.prompt.txt::00797,"Congratulations, Mrs. Peel.",1.0,content_diversity,You don't have cancer.,You won a trip to Hawaii!,We would like you to work for us.,You just got promoted!,You are pregnant!,-0.032,0.968,-0.286,-0.670,-0.252,6.180620,0.008601,0.510328,3.154146,0.004389,28.781014,0.480851,0.000000,14.687770,0.245392
test.enc.prompt.txt::00798,test.enc.prompt.txt::00798,Close. We're so,1.0,content_diversity,near the shore.,going to that new restaurant.,leaving for vacation soon.,close to starting our own business.,going to buy our own house.,-0.029,0.937,-0.341,-0.668,-0.292,16.010409,0.454537,0.386090,6.181453,0.175492,12.877096,2.128162,0.000000,4.971713,0.821661
test.enc.prompt.txt::00799,test.enc.prompt.txt::00799,My number two.,0.0,content_diversity,why not first?,ok but why 2,who wants to be second?,second place sucks,your number 1 would be better than 2,-0.012,0.974,-0.036,-0.731,-0.359,22.282817,1.669207,0.245770,5.476458,0.410242,39.129449,2.021557,0.000000,9.616862,0.496839
test.enc.prompt.txt::00800,test.enc.prompt.txt::00800,For starters. Of,1.0,content_diversity,course I want the soup.,what do you recommend?,course I want you gone?,"the moon, is where I'm from.",course we are going to the hospital.,-0.050,0.918,-0.229,-0.675,-0.159,5.617555,0.452053,0.372005,2.089758,0.168166,39.948992,1.691438,0.000000,14.861222,0.629223
test.enc.prompt.txt::00801,test.enc.prompt.txt::00801__row229,"Doctor Peel, I",1.0,content_diversity,don't feel good,think you aren't real doctor,believe i have every right to demand payback,think you should have given me prescription,can't find my antibiotics,-0.014,0.969,-0.137,-0.663,-0.164,25.055601,0.456881,0.454031,11.376027,0.207438,75.894997,1.223139,0.000000,34.458703,0.555344
test.enc.prompt.txt::00801,test.enc.prompt.txt::00801__row230,"Doctor Peel, I",0.0,content_diversity,am not well,feel sick,think I might be sick,feel unwell,feel exhausted,-0.036,0.957,-0.423,-0.712,-0.610,9.079788,0.695521,0.406019,3.686566,0.282395,17.300726,0.750821,0.000000,7.024423,0.304848
test.enc.prompt.txt::00802,test.enc.prompt.txt::00802,Red herring would,1.0,content_diversity,be a perfect choice for dinner,be so hard to catch,not exist in warmer waters,be best choice of protein,be classified as a blue fish,-0.029,0.963,-0.098,-0.627,-0.138,13.918652,0.632525,0.438818,6.107759,0.277564,18.961521,0.972102,0.000000,8.320661,0.426576
test.enc.prompt.txt::00803,test.enc.prompt.txt::00803,... Showers followed,1.0,content_diversity,the day before,the next day,me around seemingly,close behind,by a a long bath,-0.013,0.963,-0.128,-0.627,-0.301,0.177586,0.052827,0.357030,0.063403,0.018861,75.663004,4.254623,0.000000,27.013940,1.519027
test.enc.prompt.txt::00804,test.enc.prompt.txt::00804,That place is,0.0,content_diversity,so pretty,"pretty, they just fixed it up",all fixed up and gorgeous,so nice now that it's redone,beautiful after the remodel.,-0.013,0.974,-0.255,-0.837,-0.576,24.314611,1.063000,0.367176,8.927748,0.390308,44.828454,0.838303,0.000000,16.459944,0.307805
test.enc.prompt.txt::00806,test.enc.prompt.txt::00806,Not so much,1.0,content_diversity,lately,"sugar, it is too sweet","time, you should be done sooner","perfume, it doesn't smell good","money, it is too expensive",-0.037,0.925,-0.264,-0.670,-0.212,40.239013,1.017769,0.313505,12.615131,0.319076,44.320607,5.424382,0.000000,13.894731,1.700571
test.enc.prompt.txt::00807,test.enc.prompt.txt::00807__row235,So ... I,1.0,content_diversity,bet you weren't expecting to see me.,think it better if we both get dressed and leave.,suppose you want to go to the park?,"have a plan, you may not like it though.","shot him and ran away, I think he is dead",-0.018,0.968,-0.091,-0.648,-0.190,-5.365926,-0.113451,0.459474,-2.465503,-0.052128,38.236783,0.587676,0.000000,17.568804,0.270022
test.enc.prompt.txt::00807,test.enc.prompt.txt::00807__row236,So ... I,0.0,content_diversity,guess you want to go to the park?,think you would like a walk to the funfair?,suppose you want to go to the meadow?,will be taking you to the park then?,think a trip to the park is in order then?,-0.166,0.795,-0.505,-0.851,-0.618,27.737540,0.758013,0.420683,11.668722,0.318884,43.815450,0.909364,0.000000,18.432432,0.382554
test.enc.prompt.txt::00808,test.enc.prompt.txt::00808,That's possible. Sir,0.0,content_diversity,watch your language,don't be rude,stop threatening me,watch what you're saying,stop behaving so rude,-0.017,0.765,-0.203,-0.769,-0.386,25.308326,1.350257,0.330828,8.372705,0.446703,32.568633,1.487690,0.000000,10.774618,0.492170
test.enc.prompt.txt::00810,test.enc.prompt.txt::00810,Not quite. This,0.0,content_diversity,is by far the worst thing you've done,is so cruel,is the biggest mistake you've commited,is so wrong on many levels,is one of the most selfish and worse things you've done,-0.064,0.927,-0.179,-0.789,-0.667,28.693435,1.391793,0.406099,11.652384,0.565206,49.304785,1.488370,0.000000,20.022640,0.604426
test.enc.prompt.txt::00811,test.enc.prompt.txt::00811,The Prospero Project,0.0,content_diversity,isn't good at all,in my honest opinion is worthless,isn't relevant,shouldn't be considered good,is not worth at all,-0.030,0.940,-0.238,-0.710,-0.683,28.843580,1.349883,0.310054,8.943068,0.418537,32.389923,0.989221,0.000000,10.042626,0.306712
test.enc.prompt.txt::00812,test.enc.prompt.txt::00812,Exactly. There'd been,1.0,content_diversity,more of those snakes in the past.,fewer hate crimes before.,a lot more money in the bank.,proof she cheated.,food to eat just a week before.,-0.019,0.956,-0.278,-0.597,-0.086,-7.612293,-0.137107,0.361697,-2.753347,-0.049591,24.528152,2.080594,0.000000,8.871769,0.752546
test.enc.prompt.txt::00813,test.enc.prompt.txt::00813,That's what we,0.0,content_diversity,all thought at first,were thinking,thought about the situation,thought was the problem,we starting to think,-0.020,0.767,-0.222,-0.895,-0.622,1.055235,-0.035964,0.495497,0.522866,-0.017820,45.127408,2.199788,0.000000,22.360504,1.089989
test.enc.prompt.txt::00814,test.enc.prompt.txt::00814,Three agents killed,0.0,content_diversity,shouldn't be not punished,should be revenged,should be avenged,requires vendetta,shouldn't go without consequences,-0.040,0.732,-0.203,-0.806,-0.569,22.293543,1.359301,0.287046,6.399271,0.390182,38.715777,2.045241,0.000000,11.113206,0.587078
test.enc.prompt.txt::00816,test.enc.prompt.txt::00816,I'm playing to,1.0,content_diversity,win,get better,beat you basically,impress people,go further,0.000,0.600,-0.223,-0.638,-0.448,8.306460,0.162036,0.422615,3.510434,0.068479,40.235572,1.867834,0.000000,17.004155,0.789375
test.enc.prompt.txt::00817,test.enc.prompt.txt::00817,Please don't tell,1.0,content_diversity,him it's a suprise,on me for doing it like that,"the others, it's a secret",her that she lost all of it,them that it will soon be over.,-0.032,0.952,-0.203,-0.600,-0.231,4.601077,0.261941,0.418105,1.923734,0.109519,29.929387,1.092310,0.000000,12.513630,0.456701
test.enc.prompt.txt::00818,test.enc.prompt.txt::00818,"Teddy bears, cuckoo",1.0,content_diversity,for cocoa puffs.,"clocks, and old mansions.","birds, I don't know what I mean.",is what I am.,were my favorite pets.,-0.015,0.961,-0.127,-0.614,-0.080,8.422315,0.467797,0.262890,2.214140,0.122979,43.093172,1.843216,0.000000,11.328754,0.484563
test.enc.prompt.txt::00819,test.enc.prompt.txt::00819,'The owl and,1.0,content_diversity,the bee sat atop the tree,it's babies rested in the nest,it's friends flew by the light of the moon.,the eagle never flew at the same time,the opossum shared the same branch,-0.084,0.930,-0.259,-0.638,-0.136,32.075259,0.849999,0.421396,13.516373,0.358186,21.233842,0.921995,0.000000,8.947848,0.388525
test.enc.prompt.txt::00820,test.enc.prompt.txt::00820,Your mission is,1.0,content_diversity,to bring your troops home safely,to confiscate money from dealers,to be the best in your class,get better at chess,not to eat so much junk food,-0.023,0.972,-0.176,-0.530,-0.115,9.143050,0.414254,0.418889,3.829923,0.173527,32.368890,1.364231,0.000000,13.558971,0.571461
test.enc.prompt.txt::00822,test.enc.prompt.txt::00822,Talk to the,1.0,content_diversity,hand,man behind the counter,"boss, he's over there",person who told you that to begin with,other man if he won't listen,-0.004,0.991,0.113,-0.578,-0.176,11.415227,0.420126,0.301380,3.440317,0.126617,46.184801,5.136004,0.000000,13.919157,1.547887
test.enc.prompt.txt::00823,test.enc.prompt.txt::00823,"Ah, here we",0.0,content_diversity,can buy a house.,is where we can live,should stay forever,never leave this spot,have the best location to live.,-0.008,0.982,-0.263,-0.671,-0.367,15.813117,1.037860,0.282359,4.464969,0.293049,31.354935,1.133280,0.000000,8.853334,0.319991
test.enc.prompt.txt::00824,test.enc.prompt.txt::00824,Privately owned by,1.0,content_diversity,the Gates family.,whoever wants to own it.,them and you cannot trespass.,that old family and rumored to be haunted.,the people that lost their son in the war.,-0.020,0.960,-0.206,-0.612,-0.177,2.335937,0.125578,0.419162,0.979135,0.052637,48.648213,0.822076,0.000000,20.391463,0.344583
test.enc.prompt.txt::00825,test.enc.prompt.txt::00825__row251,You're not venturing,1.0,content_diversity,into the wilderness alone.,into that house.,around this foreign country.,up the river without the rest of the people.,across the ocean without a crew.,-0.026,0.954,-0.387,-0.622,-0.225,8.442359,0.329818,0.486669,4.108637,0.160512,48.989279,1.354768,0.000000,23.841578,0.659324
test.enc.prompt.txt::00825,test.enc.prompt.txt::00825__row252,You're not venturing,0.0,content_diversity,around the forest without me.,into the woods alone without protection.,around the wilds of Alaska without the rest of the team.,"out, into the wilderness, alone.","alone, into a wild area filled with bears.",-0.060,0.918,-0.431,-0.810,-0.602,16.479790,0.325955,0.473330,7.800376,0.154284,46.753643,0.869032,0.000000,22.129893,0.411339
test.enc.prompt.txt::00827,test.enc.prompt.txt::00827__row253,I was hoping,1.0,content_diversity,you could take me out for a dinner,i wouldn't have to see him,you could borrow me some money,he has changed,i wouldn't have to do whole project by myself,-0.045,0.897,-0.175,-0.630,-0.187,16.799248,0.936629,0.446195,7.495740,0.417919,42.338669,1.679024,0.000000,18.891301,0.749172
test.enc.prompt.txt::00827,test.enc.prompt.txt::00827__row254,I was hoping,0.0,content_diversity,you could lend me money,i could borrow money from you,you can give me some money,"you can lend me money, I'll pay you back",you can give me money and I'll pay back,-0.133,0.819,-0.558,-0.963,-0.820,25.617069,0.844298,0.467790,11.983400,0.394954,34.733936,0.816426,0.000000,16.248176,0.381916
test.enc.prompt.txt::00828,test.enc.prompt.txt::00828,Cocky little bastard.,0.0,content_diversity,you should be dead,i should kill you,you shouldn't be alive,you should be burried,i will strangle you,-0.108,0.663,-0.360,-0.786,-0.575,27.438239,1.387127,0.331636,9.099520,0.460022,25.661618,1.182202,0.000000,8.510328,0.392061
test.enc.prompt.txt::00829,test.enc.prompt.txt::00829__row256,I think she,1.0,content_diversity,is the perfect girl for you,might be the best student in our class,might be suicidal,is the best softball player around,is the best possible friend,-0.084,0.881,-0.227,-0.629,-0.347,12.926445,0.552960,0.537927,6.953488,0.297452,13.760739,0.869560,0.000000,7.402277,0.467760
test.enc.prompt.txt::00829,test.enc.prompt.txt::00829__row257,I think she,0.0,content_diversity,might be having suicidal thoughts,is severely depressed,is mentally unstable,is a threat to herself,is suicidal,-0.046,0.956,-0.392,-0.729,-0.471,15.847988,0.731277,0.447901,7.098331,0.327540,20.672419,0.532341,0.000000,9.259199,0.238436
test.enc.prompt.txt::00830,test.enc.prompt.txt::00830,Look at that,1.0,content_diversity,pimple in the middle of your forehead,man swimming so fast,amazing natural beauty,"phone, it so ahead of the time",man without pants on,-0.014,0.968,-0.044,-0.566,-0.144,12.907864,0.520887,0.402067,5.189823,0.209431,54.028007,1.532237,0.000000,21.722864,0.616062
test.enc.prompt.txt::00831,test.enc.prompt.txt::00831__row259,I don't get,1.0,content_diversity,why you don't want to date her,it why are you such a baby,it why we need to learn music theory,how people can be so selfish,how people can vote for trump,-0.042,0.924,-0.190,-0.609,-0.089,26.655327,0.842180,0.449390,11.978632,0.378467,26.869966,0.876373,0.000000,12.075089,0.393833
test.enc.prompt.txt::00831,test.enc.prompt.txt::00831__row260,I don't get,0.0,content_diversity,why you don't want to be with her,why you don't want to get involved with her,why wouldn't you want to be in a relationship,it how can you say no to her,why you don't wanna go on a date with her,-0.154,0.802,-0.483,-0.835,-0.610,29.998525,0.808991,0.501739,15.051430,0.405902,32.153688,1.272465,0.000000,16.132759,0.638445
test.enc.prompt.txt::00833,test.enc.prompt.txt::00833__row261,I don't want,1.0,content_diversity,to go out with you,my mom to find out about drugs,to cheat on my girlfriend,to say i'm sorry,die isolated from my family,-0.038,0.954,-0.181,-0.609,-0.133,-6.286592,-0.192062,0.466529,-2.932878,-0.089603,57.318644,1.867997,0.000000,26.740814,0.871475
test.enc.prompt.txt::00833,test.enc.prompt.txt::00833__row262,I don't want,0.0,content_diversity,to be with you,go out on a date with you,to date you,have a date with you,to go anywhere with you,-0.158,0.788,-0.407,-0.839,-0.548,7.577324,0.555991,0.480463,3.640625,0.267133,23.756394,0.768888,0.000000,11.414071,0.369422
test.enc.prompt.txt::00834,test.enc.prompt.txt::00834,I'm ready to,0.0,content_diversity,let it go when you apologise,forgive when you say sorry,forgive when you apologise to me,let it go once you apologise,let it go if you say sorry first,-0.178,0.758,-0.507,-0.906,-0.742,38.931371,1.374465,0.383831,14.943085,0.527563,26.254082,0.746968,0.000000,10.077143,0.286710
test.enc.prompt.txt::00838,test.enc.prompt.txt::00838__row264,Thanks for the,1.0,content_diversity,help. I appreciate it.,add on Facebook.,loan.,dinner invite.,surprise party.,0.000,0.800,-0.367,-0.670,-0.213,2.781081,1.244336,0.251159,0.698494,0.312527,28.636824,2.134459,0.000000,7.192404,0.536089
test.enc.prompt.txt::00838,test.enc.prompt.txt::00838__row265,Thanks for the,0.0,content_diversity,assistance getting that project done.,help getting the aid I needed.,aid in setting up the trip.,support. It's really appreciated.,service. I cannot thank you enough.,-0.014,0.970,-0.281,-0.762,-0.513,11.901662,0.503153,0.424349,5.050454,0.213512,16.580217,0.855852,0.000000,7.035792,0.363180
test.enc.prompt.txt::00839,test.enc.prompt.txt::00839,"So, he's playing",1.0,content_diversity,our song.,the drums loudly.,football now.,on the beach.,her like a fiddle.,-0.007,0.786,-0.284,-0.625,-0.098,-8.672275,-0.445192,0.379958,-3.295104,-0.169155,19.583585,1.382574,0.000000,7.440949,0.525321
test.enc.prompt.txt::00841,test.enc.prompt.txt::00841,"Cole, we've got",1.0,content_diversity,a big problem.,lots of money on hand.,a ton of vacation time to take.,to fire him.,the crown jewels.,-0.012,0.971,-0.262,-0.622,-0.210,-2.855047,-0.551464,0.419215,-1.196879,-0.231182,38.088883,1.379611,0.000000,15.967438,0.578354
test.enc.prompt.txt::00842,test.enc.prompt.txt::00842,"Cole, I'm marrying",0.0,content_diversity,you. I care about you.,no one else but you.,you tomorrow. I'm so excited.,and having the baby for you.,"you before I die. Make me happy, Cole.",-0.048,0.959,-0.239,-0.732,-0.344,-0.869343,0.165446,0.484010,-0.420770,0.080078,42.841567,0.789258,0.000000,20.735741,0.382009
test.enc.prompt.txt::00843,test.enc.prompt.txt::00843,"That's all right,",1.0,content_diversity,I was going to throw that away anyway.,I have nowhere else to be today. Let's talk.,you can crash here for a while.,you can call me later.,you can borrow it for a while.,-0.055,0.917,-0.266,-0.607,-0.345,14.014944,0.454068,0.514017,7.203926,0.233399,57.645326,1.037748,0.000000,29.630706,0.533421
test.enc.prompt.txt::00844,test.enc.prompt.txt::00844__row270,Of course. I'm,1.0,content_diversity,certain that I can do what you ask,going to finish once I started,going to pay for all of it,always sure about these things,"not always right, but I try",-0.023,0.961,-0.142,-0.622,-0.367,14.885787,0.527676,0.500077,7.444041,0.263879,22.852694,0.613633,0.000000,11.428109,0.306864
test.enc.prompt.txt::00844,test.enc.prompt.txt::00844__row271,Of course. I'm,0.0,content_diversity,going to buy all of it,purchasing it all,paying for it,buying it all,all in when it comes to paying.,-0.096,0.906,-0.384,-0.866,-0.662,3.544639,1.007330,0.373012,1.322191,0.375746,74.719101,1.895184,0.000000,27.871095,0.706926
test.enc.prompt.txt::00845,test.enc.prompt.txt::00845,Stop fooling around...,0.0,content_diversity,and start writing an essay,and start working on a piece of paper,and start doing your essay,and start writing a report,and start your homework,-0.152,0.854,-0.596,-0.937,-0.664,26.028253,0.920357,0.499689,13.006019,0.459892,27.739684,0.667548,0.000000,13.861202,0.333566
test.enc.prompt.txt::00848,test.enc.prompt.txt::00848,Wouldn't think of,0.0,content_diversity,packing up and leaving.,moving to another city all of a sudden.,leaving my family for another life.,moving away overnight.,splitting sudden on them like that.,-0.014,0.970,-0.208,-0.715,-0.426,-13.371468,-0.360097,0.450552,-6.024541,-0.162242,69.065466,1.682870,0.000000,31.117580,0.758220
test.enc.prompt.txt::00849,test.enc.prompt.txt::00849__row274,"This is it,",1.0,content_diversity,i'm done with relationships,i have to start studying more,i give up with you,i have to stop drinking,this might be the chance of a lifetime,-0.038,0.936,-0.243,-0.640,-0.243,15.709235,0.982605,0.405026,6.362656,0.397981,29.742002,1.026832,0.000000,12.046298,0.415894
test.enc.prompt.txt::00849,test.enc.prompt.txt::00849__row275,"This is it,",0.0,content_diversity,i can't be drinking anymore,i have to reduce drinking,i need to stop with alcohol,i need to reduce alcohol consumption,i have to reduce alcohol intake,-0.152,0.779,-0.546,-0.952,-0.725,45.805720,1.550257,0.339285,15.541174,0.525978,20.908724,0.916875,0.000000,7.094008,0.311082
test.enc.prompt.txt::00850,test.enc.prompt.txt::00850,"Okay, I promise...",1.0,content_diversity,I will try harder,I won't do it again,to buy the bigger size,not to look at the presants,to think more about it next time.,-0.022,0.963,-0.193,-0.633,-0.250,15.387648,0.886559,0.408350,6.283551,0.362027,64.489695,1.961785,0.000000,26.334389,0.801096
test.enc.prompt.txt::00855,test.enc.prompt.txt::00855,Are you sure,0.0,content_diversity,Carol didn't murder him?,she didn't feed Harold to the tigers?,Harold was killed and thrown into the septic tank?,he was robbed and shot dead?,he was killed and the body just disappeared?,-0.047,0.912,-0.380,-0.728,-0.344,22.608518,0.543890,0.379142,8.571843,0.206212,19.076460,1.104498,0.000000,7.232690,0.418762
test.enc.prompt.txt::00856,test.enc.prompt.txt::00856__row278,"Jumbo, where the",1.0,content_diversity,people go?,guns disappear to?,dog run away from?,pots and pans at?,holiday parade start at?,-0.005,0.788,-0.283,-0.668,-0.147,8.885728,0.621951,0.192164,1.707519,0.119517,32.202340,0.872697,0.000000,6.188136,0.167701
test.enc.prompt.txt::00856,test.enc.prompt.txt::00856__row279,"Jumbo, where the",0.0,content_diversity,people disappear?,men exit to?,crowds go in the building?,women and children leave to go see?,group travel to? They are missing.,-0.008,0.983,-0.358,-0.716,-0.316,10.870476,0.844853,0.229420,2.493902,0.193826,74.869151,1.535787,0.000000,17.176464,0.352340
test.enc.prompt.txt::00857,test.enc.prompt.txt::00857,Screw you... Screw,0.0,content_diversity,screw all of the existence of everything i guess,you and everyone else can go away,"screw me, i did it again","you, you'r a screw up","i cant , so screw you",-0.030,0.958,-0.012,-0.768,-0.391,18.074368,0.682696,0.299436,5.412109,0.204424,49.991522,1.504815,0.000000,14.969242,0.450595
test.enc.prompt.txt::00859,test.enc.prompt.txt::00859__row281,Sounds swell... I'm,1.0,content_diversity,heading there myself,gonna get going,not very interested..,really tired so goodbye,really hungry,-0.007,0.787,-0.107,-0.633,-0.259,19.826173,0.921294,0.416813,8.263815,0.384008,38.467486,1.144242,0.000000,16.033765,0.476936
test.enc.prompt.txt::00859,test.enc.prompt.txt::00859__row282,Sounds swell... I'm,0.0,content_diversity,on my way there,going there myself,leaving to go there right after,going up there too,leaving to go there too,-0.107,0.809,-0.246,-0.870,-0.556,26.452566,1.154618,0.425261,11.249257,0.491014,18.096577,0.683600,0.000000,7.695777,0.290709
test.enc.prompt.txt::00860,test.enc.prompt.txt::00860,Give the guy,0.0,content_diversity,something to fill him up,"something to eat, he is starved","food, he looks like he hasn't eaten in ages","food, he looks so thin","something to eat, he is underweight",-0.134,0.787,-0.304,-0.851,-0.472,31.760253,1.059515,0.450643,14.312535,0.477463,11.999744,0.798964,0.000000,5.407600,0.360048
test.enc.prompt.txt::00861,test.enc.prompt.txt::00861,Looks like the,0.0,content_diversity,very end of the line.,"completion of the job, good or bad.",road has ended and we get off here.,bus is stopping. There is no further to go.,tram is pulling into the last station on the map.,-0.024,0.963,-0.172,-0.625,-0.307,16.810430,0.616605,0.376886,6.335623,0.232390,58.292876,1.035356,0.000000,21.969792,0.390211
test.enc.prompt.txt::00862,test.enc.prompt.txt::00862__row285,What can I,1.0,content_diversity,"say, I've got the best family",do to help out a little more,give you to find out about the hotel,"have, are there choices?",every do to repay you?,-0.022,0.959,-0.090,-0.656,-0.251,13.179709,0.227305,0.372568,4.910335,0.084686,28.587741,1.239947,0.000000,10.650872,0.461964
test.enc.prompt.txt::00862,test.enc.prompt.txt::00862__row286,What can I,0.0,content_diversity,do around here,help you with,do to help you out,finish to help,work on that needs to be done,-0.054,0.918,-0.111,-0.747,-0.499,11.951713,0.980988,0.421770,5.040879,0.413752,28.913229,1.560317,0.000000,12.194743,0.658096
test.enc.prompt.txt::00863,test.enc.prompt.txt::00863,Not one minute,1.0,content_diversity,sooner.,later.,and she disappeared.,and the dog attacked.,and the dish was empty.,-0.026,0.935,-0.494,-0.620,-0.247,-1.473461,-0.241421,0.300200,-0.442333,-0.072475,41.925652,1.774031,0.000000,12.586089,0.532564
test.enc.prompt.txt::00864,test.enc.prompt.txt::00864__row288,You want to,1.0,content_diversity,put all the ingredients in the bowl first.,go to the park while it's warm out?,go to dinner with all of us?,make sure the edges are straight before cutting.,do all that you can to make sure it's correct.,-0.041,0.935,-0.080,-0.653,-0.198,10.093980,0.529073,0.431783,4.358412,0.228445,23.136300,0.688337,0.000000,9.989868,0.297212
test.enc.prompt.txt::00864,test.enc.prompt.txt::00864__row289,You want to,0.0,content_diversity,make sure it's right,try your best to make it right,not mess it up,do it so it's correct,make it correctly the first time.,-0.045,0.937,-0.300,-0.860,-0.627,19.058911,1.306180,0.352298,6.714411,0.460164,37.446661,1.092558,0.000000,13.192373,0.384906
test.enc.prompt.txt::00865,test.enc.prompt.txt::00865__row290,She hates me.,1.0,content_diversity,i think i did something wrong,it's because i set her house on fire,i don't think we can be together anymore,why would she hate me,i think it might be cause someone's been saying lies about me,-0.035,0.953,-0.212,-0.700,-0.218,1.039980,0.376605,0.487902,0.507409,0.183746,83.829607,0.967932,0.000000,40.900672,0.472257
test.enc.prompt.txt::00865,test.enc.prompt.txt::00865__row291,She hates me.,0.0,content_diversity,i think we'll break up,think we will have to break up,we can't be in relationship anymore,i can't be with her anymore,there's no chance our relationship can survive,-0.038,0.927,-0.378,-0.763,-0.655,22.654322,0.862286,0.429097,9.720902,0.370004,34.892189,0.770828,0.000000,14.972133,0.330760
test.enc.prompt.txt::00866,test.enc.prompt.txt::00866,You're trying to,0.0,content_diversity,get the raise.,earn that big corner office.,get promoted to a manager's position.,make more pay with a higher position.,show the boss your hard work.,-0.016,0.970,-0.250,-0.742,-0.431,3.966500,-0.012459,0.372883,1.479039,-0.004646,42.856713,0.892020,0.000000,15.980522,0.332619
test.enc.prompt.txt::00867,test.enc.prompt.txt::00867,You're all under,0.0,content_diversity,the insurance coverage,protection in time of need.,the insurance protection,the same plan,the protection of your policy,-0.070,0.912,-0.226,-0.813,-0.393,17.333316,0.800489,0.418917,7.261227,0.335339,47.318705,2.077200,0.000000,19.822627,0.870175
test.enc.prompt.txt::00869,test.enc.prompt.txt::00869,I'm not really,0.0,content_diversity,interested in buying this,in the market for your product,considering buying,in a position to buy anything,seeing a need to buy this,-0.037,0.931,-0.262,-0.854,-0.649,13.230500,0.587137,0.510686,6.756625,0.299842,27.457669,0.993770,0.000000,14.022235,0.507504
test.enc.prompt.txt::00871,test.enc.prompt.txt::00871__row295,"You're late again,",1.0,content_diversity,you're fired.,I'm angry.,who were you with?,dinner is cold.,and I'm leaving you.,-0.012,0.773,-0.344,-0.630,-0.262,2.807379,0.278935,0.371398,1.042655,0.103596,19.925917,1.090597,0.000000,7.400445,0.405046
test.enc.prompt.txt::00871,test.enc.prompt.txt::00871__row296,"You're late again,",0.0,content_diversity,I'm letting you go.,and we are letting go of your services.,you are being discharged.,we are dismissing you.,pack your bags and leave the property now.,-0.047,0.927,-0.427,-0.743,-0.711,6.580792,0.543195,0.401884,2.644716,0.218302,61.638384,0.744826,0.000000,24.771490,0.299334
test.enc.prompt.txt::00872,test.enc.prompt.txt::00872,How the hell,1.0,content_diversity,did he get here before me,do you lose a dog,is this possible,can you be late every single day,did he break free from solitary,-0.014,0.969,-0.148,-0.596,-0.318,-3.866393,0.123129,0.509269,-1.969033,0.062706,46.961063,1.073242,0.000000,23.915799,0.546568
test.enc.prompt.txt::00873,test.enc.prompt.txt::00873__row298,Oh these moments,1.0,content_diversity,are the best,make the best memories,can never be replaced,are the greatest,can never be lived down,-0.082,0.847,-0.235,-0.699,-0.478,5.775709,0.411750,0.544968,3.147579,0.224391,40.702053,1.477918,0.000000,22.181335,0.805419
test.enc.prompt.txt::00873,test.enc.prompt.txt::00873__row299,Oh these moments,0.0,content_diversity,are the ones I will remember forever,will last a life time,will stay with me,will be looked back on,are everlasting,-0.029,0.965,-0.062,-0.732,-0.563,7.203105,0.350983,0.551570,3.973013,0.193592,21.813157,0.695985,0.000000,12.031472,0.383884
test.enc.prompt.txt::00876,test.enc.prompt.txt::00876,I like what,0.0,content_diversity,he says,"he is saying, sounds amazing",his plan is,"he is thinking, i believe it is a feasible plan","he thinks, seems like a good plan",-0.056,0.924,-0.264,-0.785,-0.467,27.609672,1.362586,0.381521,10.533665,0.519855,60.166896,1.037708,0.000000,22.954925,0.395907
test.enc.prompt.txt::00877,test.enc.prompt.txt::00877,In the Field,0.0,content_diversity,you can get my package,you should deliver my package,you can get my parcel,you could pick up my parcel,you can get the package for me,-0.170,0.790,-0.666,-0.972,-0.797,41.766454,1.707290,0.269453,11.254092,0.460034,24.877612,0.696975,0.000000,6.703344,0.187802
test.enc.prompt.txt::00880,test.enc.prompt.txt::00880__row302,"Jesus, it's too",1.0,content_diversity,"big, it's not going to fit.",much to do in a short time,hard to make them all straight,cold to do anything outside,long of a show to sit through,-0.043,0.954,-0.117,-0.632,-0.343,6.748476,0.234749,0.456197,3.078637,0.107092,32.909259,1.089297,0.000000,15.013116,0.496934
test.enc.prompt.txt::00880,test.enc.prompt.txt::00880__row303,"Jesus, it's too",0.0,content_diversity,long of a movie,much to listen to,long to sit for a period,long of a time to sit and listen,"much, make it shorter next time.",-0.066,0.884,-0.127,-0.765,-0.416,12.992917,0.712006,0.388112,5.042702,0.276338,58.826208,1.455133,0.000000,22.831133,0.564754
test.enc.prompt.txt::00881,test.enc.prompt.txt::00881,That's not what,1.0,content_diversity,I expected from you,I applied for,what I want to do with his shirt,happens after you apply,you need to do,-0.040,0.937,-0.178,-0.618,-0.360,20.923131,0.608097,0.434434,9.089722,0.264178,58.342863,1.411296,0.000000,25.346130,0.613115
test.enc.prompt.txt::00882,test.enc.prompt.txt::00882,"When dad died,",0.0,content_diversity,my mom was sad,my mom was devastated,my mother was extremely sad,my mom was upset,my mom was in tears,-0.254,0.770,-0.787,-0.920,-0.804,18.792399,0.931725,0.465476,8.747403,0.433695,23.859807,0.867702,0.000000,11.106157,0.403894
test.enc.prompt.txt::00884,test.enc.prompt.txt::00884__row306,"-- Stephen, wait",1.0,content_diversity,I forgot to tell you something,I thought you didn't like that,your not supposed to do it like that,you will loose all your tools,I can't find the papers you needed.,-0.044,0.938,-0.194,-0.659,-0.261,18.774277,0.633933,0.388797,7.299390,0.246471,52.916559,1.552913,0.000000,20.573821,0.603768
test.enc.prompt.txt::00884,test.enc.prompt.txt::00884__row307,"-- Stephen, wait",0.0,content_diversity,your doing it wrong,you didn't do it right,that's not how you do it,it's not correct,your doing it incorretly.,-0.076,0.875,-0.301,-0.795,-0.671,24.207968,1.292858,0.300458,7.273489,0.388450,46.184556,1.660455,0.000000,13.876540,0.498898
test.enc.prompt.txt::00885,test.enc.prompt.txt::00885,Don't tell them,0.0,content_diversity,no problem my lips are sealed,cool i get to keep a secret,ok no telling from me,why can't i tell again?,i will definetly not tell anyone,-0.017,0.972,-0.102,-0.709,-0.379,41.135399,1.809909,0.242186,9.962428,0.438335,31.712502,1.894580,0.000000,7.680332,0.458841
test.enc.prompt.txt::00887,test.enc.prompt.txt::00887,"No, he's more",0.0,content_diversity,of a meanie,meaner,very rude,not nice and rude,kinda ruder than the others,-0.007,0.987,-0.243,-0.740,-0.625,6.701081,1.667817,0.217326,1.456321,0.362460,52.644613,0.876613,0.000000,11.441056,0.190511
test.enc.prompt.txt::00889,test.enc.prompt.txt::00889__row310,Will you please,1.0,content_diversity,pass the sugar,stop harrassing me,move across the room,hand me the money,stay on the line,-0.038,0.756,-0.057,-0.639,-0.173,9.437881,0.416815,0.391337,3.693396,0.163115,14.550159,0.414784,0.000000,5.694022,0.162321
test.enc.prompt.txt::00889,test.enc.prompt.txt::00889__row311,Will you please,0.0,content_diversity,quit bothering me,end your constant attempts to upset me,desist in attacking my emotions,leave me alone,kill all the annoying things your are doing,-0.018,0.977,-0.195,-0.729,-0.504,12.771482,0.749295,0.416027,5.313284,0.311727,87.940846,1.380345,0.000000,36.585787,0.574261
test.enc.prompt.txt::01570,test.enc.prompt.txt::01570__row312,Get out. Both,1.0,content_diversity,"of you, right now!",these people are clearly shaken.,things you claim cannot possibly be true!,times I issued clear instructions to be followed.,the fire Marshall and the officer will be here shortly.,-0.007,0.982,-0.141,-0.531,-0.251,12.824452,0.366922,0.433872,5.564171,0.159197,75.559854,0.642484,0.000000,32.783310,0.278756
test.enc.prompt.txt::01570,test.enc.prompt.txt::01570__row313,Get out. Both,0.0,content_diversity,scenarios are not likely.,events you describe wouldn't happen at once.,of those occurrences have almost zero chance of taking place together.,this and that happening simultaneously are impossible!,lightning striking and the world ending are more conceivable excuses than yours.,-0.011,0.980,-0.168,-0.751,-0.521,4.131079,0.240766,0.445567,1.840671,0.107277,127.723198,0.907034,0.000000,56.909184,0.404144
test.enc.prompt.txt::01571,test.enc.prompt.txt::01571,I can't believe,1.0,content_diversity,the luck he has,what a clown he is,how rude he is,how stupid some people are,your words,-0.029,0.947,-0.258,-0.626,-0.333,5.897684,0.025229,0.402148,2.371743,0.010146,9.928033,2.156300,0.000000,3.992541,0.867152
test.enc.prompt.txt::01572,test.enc.prompt.txt::01572__row315,"I don't understand,",1.0,content_diversity,how anyone can be so mean,you at all,we used to be so happy,how you could do this,what that means,-0.019,0.954,-0.039,-0.681,-0.227,19.345025,1.013517,0.382300,7.395600,0.387468,23.343100,2.187161,0.000000,8.924064,0.836151
test.enc.prompt.txt::01572,test.enc.prompt.txt::01572__row316,"I don't understand,",0.0,content_diversity,im not sure what it entails,can you tell me what it means please,what does that mean,what is the meaning,elaborate for me,-0.033,0.950,-0.199,-0.746,-0.518,7.717519,0.211765,0.510208,3.937541,0.108044,43.708894,2.009335,0.000000,22.300634,1.025179
test.enc.prompt.txt::01573,test.enc.prompt.txt::01573,I can't put,1.0,content_diversity,the package on the ground,you on hold,the bedsheets on,her first,down the papers,-0.040,0.938,-0.137,-0.535,-0.241,5.773398,0.527587,0.373696,2.157494,0.197157,16.045099,1.870721,0.000000,5.995983,0.699080
test.enc.prompt.txt::01574,test.enc.prompt.txt::01574__row318,"Oh, I'm sorry.",1.0,content_diversity,I shouldn't have said that,I didn't know that,"however, you can still help",i thought that was your grandma,i will never do it again,-0.020,0.969,-0.097,-0.602,-0.227,18.386977,0.654180,0.519668,9.555121,0.339957,51.256497,1.531570,0.000000,26.636355,0.795908
test.enc.prompt.txt::01574,test.enc.prompt.txt::01574__row319,"Oh, I'm sorry.",0.0,content_diversity,I could apologise,I should have rephrased it,i should have wrapped it up different,It would be better if I kept my mouth shut,I had to be quiet,-0.041,0.945,-0.211,-0.693,-0.345,23.333438,0.404450,0.421861,9.843464,0.170622,37.768955,1.489114,0.000000,15.933244,0.628199
test.enc.prompt.txt::01575,test.enc.prompt.txt::01575,What's happened to,1.0,content_diversity,the other girl,work today,the weather,everyone else,you lately,-0.008,0.582,-0.274,-0.613,-0.206,3.667465,0.323886,0.407973,1.496228,0.132137,20.591710,1.801573,0.000000,8.400871,0.734994
test.enc.prompt.txt::01578,test.enc.prompt.txt::01578,I just thought,0.0,content_diversity,it would be my secret forever.,I could take it to my grave,it was long buried and gone.,the vault would keep it safe.,it was between me and my gods.,-0.054,0.936,-0.255,-0.732,-0.278,18.893130,0.709444,0.353165,6.672386,0.250550,27.737742,0.930405,0.000000,9.795991,0.328586
test.enc.prompt.txt::01579,test.enc.prompt.txt::01579__row322,Kayleigh? Do you,1.0,content_diversity,want to come with me,want to just leave,have to tell me something,think this looks good,need anything,-0.027,0.947,-0.163,-0.681,-0.317,17.415486,0.693709,0.533867,9.297553,0.370348,33.890638,1.245825,0.000000,18.093092,0.665105
test.enc.prompt.txt::01579,test.enc.prompt.txt::01579__row323,Kayleigh? Do you,0.0,content_diversity,hey so need something?,do you guys need stuff?,need somethin,hey i can get you stuff,need any thing else?,-0.042,0.952,-0.119,-0.807,-0.522,17.065833,0.887526,0.264936,4.521361,0.235138,32.787026,0.865742,0.000000,8.686478,0.229367
test.enc.prompt.txt::01580,test.enc.prompt.txt::01580,I don't get,0.0,content_diversity,illnesses that everyone else gets,in an unhealthy way when something is going around,infections like the general public does,to feeling bad even when a great many around me are,under the weather regardless of how the majority is,-0.011,0.975,-0.086,-0.677,-0.372,42.418020,1.009003,0.410024,17.392424,0.413716,53.093189,0.622907,0.000000,21.769504,0.255407
test.enc.prompt.txt::01581,test.enc.prompt.txt::01581,Let's just say,1.0,content_diversity,that we agree to disagree and move on.,"that is an alien, what do we do then?","the president is in on it, who else might be as well?",we buy tickets for the Titanic and start afresh.,"for arguments sake John is telling the truth, what does that prove?",-0.031,0.948,-0.112,-0.646,-0.097,13.372664,0.401868,0.457401,6.116664,0.183814,65.869276,1.294307,0.000000,30.128641,0.592017
test.enc.prompt.txt::01582,test.enc.prompt.txt::01582,That's dangerous! You,0.0,content_diversity,you gotta be more safe,got to stay safe,be more careful,try to be safe,careful next time,-0.053,0.912,-0.254,-0.822,-0.669,18.502928,1.175984,0.341295,6.314965,0.401358,22.248589,0.910872,0.000000,7.593342,0.310876
test.enc.prompt.txt::01583,test.enc.prompt.txt::01583,You can't play,0.0,content_diversity,doe eyed and innocent and get away with it forever!,naive with us and think we will fall for it every time.,the clueless virgin for much longer,people because they will see through the boy scout act eventually,pious and expect to get over on others.,-0.021,0.962,-0.014,-0.590,-0.320,15.012377,0.256607,0.436502,6.552939,0.112009,43.647408,0.928309,0.000000,19.052198,0.405209
test.enc.prompt.txt::01584,test.enc.prompt.txt::01584__row328,"Thanks. Wow. Hey,",1.0,content_diversity,"not sure what I did to deserve a kiss, but I'll take it!","easy there tiger, no need to get so pissed.",I was still eating that.,who knew that aliens were among us this whole time?,watch your language in front of the kids.,-0.007,0.987,-0.071,-0.526,-0.087,6.386534,0.411316,0.497486,3.177214,0.204624,54.142823,1.259647,0.000000,26.935322,0.626657
test.enc.prompt.txt::01584,test.enc.prompt.txt::01584__row329,"Thanks. Wow. Hey,",0.0,content_diversity,I wasn't done picking at that plate.,there's a ton of nachos and guac there.,can I continue to graze while we finish our drinks?,I didn't say I was done!,"watch it, I want my leftovers!",-0.024,0.978,-0.073,-0.587,-0.227,29.117097,0.572670,0.371552,10.818518,0.212777,53.888740,0.919019,0.000000,20.022472,0.341463
test.enc.prompt.txt::01585,test.enc.prompt.txt::01585__row330,Just don't drop,1.0,content_diversity,the food,the ball,anything alright?,the truth yet,your pants infront of everyone,-0.026,0.971,-0.058,-0.553,-0.153,5.141171,0.924362,0.400521,2.059148,0.370227,49.078027,2.409742,0.000000,19.656795,0.965153
test.enc.prompt.txt::01585,test.enc.prompt.txt::01585__row331,Just don't drop,0.0,content_diversity,be careful with our food,so the  korean food is really good,i love it when the chinese food is spicy,our day is not complete without food,food is the shit,-0.076,0.923,-0.124,-0.800,-0.384,49.364574,1.123995,0.247818,12.233430,0.278546,51.550065,1.328551,0.000000,12.775035,0.329239
test.enc.prompt.txt::01586,test.enc.prompt.txt::01586,Most guys tuck,1.0,content_diversity,"their shirt in these days, its the fashion.",into their food too quickly.,their gear under the bed but you can use that cupboard as well.,like this just before they jump.,the envelope in rather than lick it and seal it.,-0.015,0.971,-0.134,-0.551,-0.161,8.623773,0.135933,0.461782,3.982301,0.062771,64.133718,0.559562,0.000000,29.615780,0.258396
test.enc.prompt.txt::01587,test.enc.prompt.txt::01587,"Freeze! No ""worm-boy"".",0.0,content_diversity,you will be held accountable.,you won't get away this time.,I'll have none of your excuses.,the cards are stacked against you.,no one is going to save you now.,-0.020,0.981,-0.250,-0.696,-0.321,16.746049,0.538220,0.469042,7.854608,0.252448,23.660533,0.654552,0.000000,11.097795,0.307013
test.enc.prompt.txt::01588,test.enc.prompt.txt::01588__row334,Can... can... Can,1.0,content_diversity,he still see?,you shut up?,you make dinner?,you go away?,you tell me more?,-0.037,0.762,-0.351,-0.702,-0.237,-11.604634,-0.771377,0.400567,-4.648436,-0.308988,30.571011,2.624580,0.000000,12.245745,1.051321
test.enc.prompt.txt::01588,test.enc.prompt.txt::01588__row335,Can... can... Can,0.0,content_diversity,you explain further?,you expand on that?,you expound?,show me more?,explain more of what you're talking about?,-0.025,0.968,-0.215,-0.799,-0.680,1.670685,0.882461,0.341203,0.570042,0.301098,43.446007,2.381082,0.000000,14.823890,0.812431
test.enc.prompt.txt::01589,test.enc.prompt.txt::01589__row336,I couldn't cut,1.0,content_diversity,the well done steak.,the actor from the play.,the freshman from the basketball team.,it on my own.,in line at the grocery store.,-0.048,0.942,-0.294,-0.549,-0.053,4.483210,0.011129,0.459269,2.058998,0.005111,23.946112,1.858357,0.000000,10.997701,0.853486
test.enc.prompt.txt::01589,test.enc.prompt.txt::01589__row337,I couldn't cut,0.0,content_diversity,it without assistance.,it by myself.,it solo.,it with no help.,all alone.,-0.042,0.757,-0.413,-0.727,-0.641,-5.497232,-0.535387,0.292948,-1.610406,-0.156841,26.210952,3.549202,0.000000,7.678457,1.039733
test.enc.prompt.txt::01590,test.enc.prompt.txt::01590,"Uh, we should",1.0,content_diversity,start over,try again perhaps,keep going,ask someone maybe,get it ourselves,0.000,0.600,-0.217,-0.719,-0.315,5.667091,0.562998,0.385111,2.182461,0.216817,29.538263,1.123600,0.000000,11.375523,0.432711
test.enc.prompt.txt::01592,test.enc.prompt.txt::01592__row339,What the hell,1.0,content_diversity,happened to the earlier ending we worked on?,is going on in that city?,am I supposed to do now!,do I care if I never see him again?,"was that all about, I would like to know!",-0.025,0.963,-0.061,-0.660,-0.395,-15.749772,-0.224770,0.501233,-7.894300,-0.112662,67.512219,0.953783,0.000000,33.839328,0.478067
test.enc.prompt.txt::01592,test.enc.prompt.txt::01592__row340,What the hell,0.0,content_diversity,choice can I make at this stage!,can I reasonably be expected to accomplish with this?,direction do I move in now?,would Jesus do?,should someone in my position do?,-0.022,0.960,-0.193,-0.745,-0.465,6.115191,0.288977,0.417276,2.551723,0.120583,50.270542,1.369365,0.000000,20.976694,0.571403
test.enc.prompt.txt::01595,test.enc.prompt.txt::01595,"Just get out,",0.0,content_diversity,"get some fresh air, ok?","enjoy the smell of nature, and enjoy the weather.","take in some of that beautiful air, and relax.",some clean air will do ya a lot of good.,go off on a hike and fill your lungs with that mountain air.,-0.027,0.943,-0.293,-0.833,-0.466,-8.821419,-0.105680,0.507314,-4.475233,-0.053613,56.408236,0.499085,0.000000,28.616709,0.253193
test.enc.prompt.txt::01596,test.enc.prompt.txt::01596,What did I,1.0,content_diversity,do to deserve you,bring to the cookout,say,tell you about him,think i was doing,-0.010,0.776,-0.100,-0.624,-0.297,1.002727,0.695759,0.356465,0.357437,0.248013,39.344706,1.412825,0.000000,14.024996,0.503622
test.enc.prompt.txt::01597,test.enc.prompt.txt::01597__row343,Maybe it went,1.0,content_diversity,the way of the dodo bird!,away after seeing the chaos we call life on earth!,downhill the minute he opened his mouth,to get some air,downstream with the current,-0.026,0.974,-0.042,-0.549,-0.161,21.831611,0.642485,0.467309,10.202109,0.300239,80.946129,0.848286,0.000000,37.826859,0.396412
test.enc.prompt.txt::01597,test.enc.prompt.txt::01597__row344,Maybe it went,0.0,content_diversity,extinct after being in existence for so long.,to the archives to remain a thing of the past,obsolete while we weren't paying attention,on to become useless to us,away from the marketplace.,-0.013,0.971,-0.114,-0.646,-0.493,13.861309,0.219023,0.462340,6.408643,0.101263,22.724298,0.876473,0.000000,10.506361,0.405229
test.enc.prompt.txt::01598,test.enc.prompt.txt::01598__row345,"No, I mean,",1.0,content_diversity,"if you must have your revenge, then that's the way.",I have no idea where it came from,I'm exhausted but I still want to do it!,"as long as you keep it between us, I'm game.",I want to wait and see what happens next.,-0.022,0.956,-0.193,-0.632,-0.268,1.609067,0.098772,0.499090,0.803070,0.049296,60.927427,0.913102,0.000000,30.408293,0.455720
test.enc.prompt.txt::01598,test.enc.prompt.txt::01598__row346,"No, I mean,",0.0,content_diversity,"it will work, but do it only if you will not forgo your pound of flesh!",take that action if you'd rather die than live with the injustice.,that's an extreme plan to be executed if vindication is impossible otherwise.,I would do that if I had no other way to get back at them.,seems like a rough measure best reserved as a last resort.,-0.012,0.970,-0.132,-0.707,-0.447,23.306826,0.248275,0.433982,10.114753,0.107747,93.848504,1.163087,0.000000,40.728603,0.504759
test.enc.prompt.txt::01599,test.enc.prompt.txt::01599,Does he know,1.0,content_diversity,that you are cheating on him,who is behind this,count to 10 on spanish,how to fix a car,how to follow rules,-0.027,0.956,-0.149,-0.533,-0.114,15.091689,0.727658,0.436173,6.582581,0.317384,53.889271,2.351979,0.000000,23.505023,1.025869
test.enc.prompt.txt::01600,test.enc.prompt.txt::01600,Nobody ever loved,1.0,content_diversity,me this much,ice cream like you,cookies this much,donkeys,this more than me,-0.041,0.727,-0.071,-0.646,-0.209,9.636064,0.774676,0.379035,3.652406,0.293629,21.893313,3.288547,0.000000,8.298333,1.246474
test.enc.prompt.txt::01603,test.enc.prompt.txt::01603,But Sacha always,1.0,content_diversity,is on time,lies to everyone,trusts everyone,calls me after work,tells everyone's business,-0.008,0.787,-0.206,-0.626,-0.272,11.348203,0.902547,0.366767,4.162146,0.331024,24.378326,1.391750,0.000000,8.941164,0.510448
test.enc.prompt.txt::01604,test.enc.prompt.txt::01604,I'd better be,0.0,content_diversity,studying hard,learning and trying hard,trying my best to learn,studying for the exam,studying as much as possible,-0.028,0.950,-0.119,-0.866,-0.567,21.959199,1.058438,0.476634,10.466494,0.504487,25.546100,0.940297,0.000000,12.176132,0.448177
test.enc.prompt.txt::01606,test.enc.prompt.txt::01606,I see the,0.0,content_diversity,nebula lights in the sky,planets shining brightly above me,lights from other far off worlds flashing overhead,glows of far off galaxies blinking in the distant heavens,asteroidal lights flickering as they glide upon the darkness,-0.030,0.950,-0.152,-0.896,-0.573,19.240491,0.516749,0.400445,7.704760,0.206929,81.068518,0.830181,0.000000,32.463490,0.332442
test.enc.prompt.txt::01607,test.enc.prompt.txt::01607__row352,"Rick, I'll put",1.0,content_diversity,it in my car,everything on my tab,down more money,any bet on that,more time into it,-0.021,0.758,-0.170,-0.636,-0.166,12.902139,0.828159,0.399692,5.156883,0.331009,30.380682,1.879406,0.000000,12.142918,0.751184
test.enc.prompt.txt::01607,test.enc.prompt.txt::01607__row353,"Rick, I'll put",0.0,content_diversity,its in my vehicle,lets place it into the car,"my car will work, lets put it here",we can use my car,its inside of my car,-0.066,0.918,-0.304,-0.911,-0.682,57.322777,2.275548,0.227183,13.022764,0.516966,41.308528,0.760807,0.000000,9.384598,0.172842
test.enc.prompt.txt::01608,test.enc.prompt.txt::01608__row354,Shall we draw,1.0,content_diversity,anything we want,the bird,a huge house,the game intentionally,your desk,-0.008,0.585,-0.260,-0.538,-0.174,8.350825,0.442481,0.304676,2.544298,0.134813,33.871197,1.716569,0.000000,10.319749,0.522998
test.enc.prompt.txt::01608,test.enc.prompt.txt::01608__row355,Shall we draw,0.0,content_diversity,arbitrarily,whatever we want,what we wish to draw,something we like,anything we would like to draw,-0.047,0.918,-0.389,-0.838,-0.422,19.158187,1.106511,0.414421,7.939559,0.458562,17.241081,2.089740,0.000000,7.145069,0.866033
test.enc.prompt.txt::01613,test.enc.prompt.txt::01613,-- It was,0.0,content_diversity,i take the blame,EVERYTHING was on me,it is my fault really,its on me,its my fauly,-0.032,0.944,-0.144,-0.692,-0.632,37.795121,2.742274,0.123758,4.677467,0.339380,37.233564,1.514197,0.000000,4.607970,0.187395
test.enc.prompt.txt::01615,test.enc.prompt.txt::01615__row357,Ten years ago?,1.0,content_diversity,I can't believe it was that long.,I had no idea it was that old.,or was it twenty,that makes me a lot older,so it is time for a new one,-0.053,0.922,-0.107,-0.695,-0.299,7.190364,0.474177,0.486061,3.494958,0.230479,17.938454,0.894754,0.000000,8.719189,0.434905
test.enc.prompt.txt::01615,test.enc.prompt.txt::01615__row358,Ten years ago?,0.0,content_diversity,seems like just yesterday,I remember it like it happened a week ago,time sure has flown,the years went by fast,it's like I blinked and time went by,-0.024,0.945,-0.043,-0.688,-0.430,18.655714,0.950749,0.425405,7.936226,0.404453,43.280342,1.056517,0.000000,18.411656,0.449447
test.enc.prompt.txt::01617,test.enc.prompt.txt::01617,I didn't count,1.0,content_diversity,this one,on your help,his cousins,my parents,on my family's support,-0.013,0.769,-0.178,-0.593,-0.328,12.229745,1.262987,0.379942,4.646594,0.479862,24.933140,2.709272,0.000000,9.473147,1.029366
test.enc.prompt.txt::01618,test.enc.prompt.txt::01618,Did you run,0.0,content_diversity,"out of fire, or is it the booze?","through all of your energy, or can we say it was the alcohol?",yourself ragged or are you buzzed from that drink?,"until you reached e, or does the liquor have a part to play in your mood?",dry or did that cocktail put you over your limit?,-0.040,0.954,-0.282,-0.810,-0.601,42.849836,0.682086,0.375356,16.083960,0.256025,90.055482,0.740518,0.000000,33.802901,0.277958
test.enc.prompt.txt::01621,test.enc.prompt.txt::01621__row361,Do I have,1.0,content_diversity,to repeat myself?,to tell you every thing to do?,to do my homework.,something between my teeth?,something wrong with me?,-0.030,0.955,-0.148,-0.661,-0.212,12.631375,0.553810,0.428544,5.413097,0.237332,29.570585,1.176539,0.000000,12.672289,0.504198
test.enc.prompt.txt::01621,test.enc.prompt.txt::01621__row362,Do I have,0.0,content_diversity,to explain every detail?,act like your boss?,to spell it out for you?,constantly remind you?,tell you step by step?,-0.009,0.982,-0.259,-0.738,-0.322,17.622329,0.828403,0.312292,5.503313,0.258703,21.756496,1.460526,0.000000,6.794380,0.456111
test.enc.prompt.txt::01622,test.enc.prompt.txt::01622,Put them on,1.0,content_diversity,so we can go,the other foot,alright?,the table,over there,-0.008,0.783,-0.100,-0.590,-0.284,12.114861,1.419203,0.303549,3.677450,0.430797,26.059108,3.059275,0.000000,7.910208,0.928639
test.enc.prompt.txt::01623,test.enc.prompt.txt::01623,"But Richard, no,",1.0,content_diversity,do not go there,you have to be up early,go ahead and do what you want,listen to me,can you please just go,-0.030,0.952,-0.007,-0.722,-0.221,5.683145,0.174567,0.468946,2.665087,0.081863,29.074064,0.998894,0.000000,13.634159,0.468427
test.enc.prompt.txt::01624,test.enc.prompt.txt::01624,This time they,0.0,content_diversity,guys that was too far,you went way too far,that was too much,they definetely went to far with this,its going too far,-0.099,0.875,-0.412,-0.776,-0.685,36.649412,1.652067,0.233415,8.554532,0.385618,33.326175,0.862371,0.000000,7.778838,0.201291
test.enc.prompt.txt::01625,test.enc.prompt.txt::01625,We are only,0.0,content_diversity,a small group,limited in number,the three of us,a handful of humans,a sprinkling of mortals,-0.032,0.756,-0.228,-0.641,-0.428,11.206346,0.877030,0.407285,4.564176,0.357201,44.471219,1.746543,0.000000,18.112460,0.711341
test.enc.prompt.txt::01627,test.enc.prompt.txt::01627,"No, Victor, there",1.0,content_diversity,"has been a change since then, it is vastly different now.","is no way I would have said that, you must be mistaken.",is nothing for you here.,"were at least twenty people there, couldn't you see?","was nothing we could have done for him, if it helps he felt no pain.",-0.024,0.965,-0.061,-0.684,-0.295,-18.325519,-0.039433,0.518059,-9.493704,-0.020429,73.323358,0.637479,0.000000,37.985840,0.330252
test.enc.prompt.txt::01628,test.enc.prompt.txt::01628,There must be,1.0,content_diversity,something wrong with how this is put together.,more places to put that,people wondering what happened to us,something more we can do to help them,a lot more of them over there.,-0.027,0.959,-0.158,-0.744,-0.332,11.949173,0.359463,0.472483,5.645781,0.169840,23.698500,1.075772,0.000000,11.197137,0.508284
test.enc.prompt.txt::01629,test.enc.prompt.txt::01629,I beg your,1.0,content_diversity,forgiveness for my actions,ruler to grant me leave,dog to let go of me,God to grant me good health,sense of justice to act accordingly,-0.053,0.918,-0.218,-0.624,-0.297,14.109763,0.886619,0.396252,5.591028,0.351325,34.260204,1.583511,0.000000,13.575690,0.627470
test.enc.prompt.txt::01630,test.enc.prompt.txt::01630,Don't you sometimes,1.0,content_diversity,wonder why we live where it's cold all the time?,want to run away and never look back?,think of all the things you could be doing?,look and your children and feel pure love?,want to sell everything and live in a tent on the beach?,-0.031,0.948,-0.104,-0.689,-0.126,-7.955273,-0.062769,0.554538,-4.411501,-0.034808,59.872922,1.372715,0.000000,33.201807,0.761223
test.enc.prompt.txt::01631,test.enc.prompt.txt::01631,But we made,1.0,content_diversity,"a serious error of judgment, we are so screwed.",a cake and everything and they just don't show up?,the world a better place for every one of us.,"him so scared, maybe we shouldn't have been so harsh.",good time and we will be there very soon.,-0.022,0.963,-0.089,-0.663,-0.190,0.057409,-0.095056,0.458952,0.026348,-0.043626,37.350442,0.535427,0.000000,17.142064,0.245735
test.enc.prompt.txt::01632,test.enc.prompt.txt::01632,And the honor,1.0,content_diversity,is all mine,of the soldiers is something great,is great,roll students are very smart,academy,-0.024,0.965,-0.172,-0.610,-0.328,7.055078,-0.201591,0.328570,2.318090,-0.066237,44.134855,3.310150,0.000000,14.501410,1.087618
test.enc.prompt.txt::01633,test.enc.prompt.txt::01633__row373,I am making,1.0,content_diversity,some cake,progress i think,lunch,breakfast,tacos for dinner,0.000,0.600,-0.229,-0.673,-0.237,1.792071,0.768242,0.324735,0.581948,0.249475,46.502195,2.544379,0.000000,15.100883,0.826248
test.enc.prompt.txt::01633,test.enc.prompt.txt::01633__row374,I am making,0.0,content_diversity,i made a cake,BAKING A CAKE,making some yummy cake today,birthday cake is being made,i need alot of of cake,-0.031,0.948,-0.139,-0.956,-0.728,28.779334,1.433054,0.205658,5.918691,0.294719,54.506219,2.151491,0.000000,11.209622,0.442471
test.enc.prompt.txt::01634,test.enc.prompt.txt::01634,This is hardly,1.0,content_diversity,the first time you've done this.,my first rodeo.,the way to get a girl interested in you.,the time for telling secrets!,your best look!,-0.018,0.969,-0.208,-0.651,-0.243,1.928673,-0.375730,0.431030,0.831316,-0.161951,29.117725,2.125343,0.000000,12.550620,0.916087
test.enc.prompt.txt::01636,test.enc.prompt.txt::01636,For the time,1.0,content_diversity,it takes,of my life,it is whats best,being,of doubts,-0.015,0.767,-0.131,-0.632,-0.372,11.016593,0.334983,0.343601,3.785310,0.115100,51.126340,3.909018,0.000000,17.567050,1.343142
test.enc.prompt.txt::01637,test.enc.prompt.txt::01637__row377,I strongly suspect,1.0,content_diversity,they are breaking the law,he is cheating on me,there is a little chance for us to win,I have a food poisoning,I have a cancer,-0.042,0.936,-0.316,-0.588,-0.188,29.631751,0.844980,0.426487,12.637549,0.360373,48.672081,1.138603,0.000000,20.757998,0.485599
test.enc.prompt.txt::01637,test.enc.prompt.txt::01637__row378,I strongly suspect,0.0,content_diversity,he is a cheater,he is sleeping with other girls,he is screwing around,he's fooling around,he cheats on me,-0.063,0.918,-0.381,-0.723,-0.545,26.498615,1.259882,0.357755,9.480012,0.450729,13.608275,0.512432,0.000000,4.868428,0.183325
test.enc.prompt.txt::01638,test.enc.prompt.txt::01638__row379,"Captain Renault, are",1.0,content_diversity,you ok,gonna go home soon,take me home?,sign the paper,there any left,0.000,0.800,-0.017,-0.656,-0.230,23.912086,1.837215,0.185619,4.438538,0.341022,40.342036,2.093941,0.000000,7.488250,0.388675
test.enc.prompt.txt::01638,test.enc.prompt.txt::01638__row380,"Captain Renault, are",0.0,content_diversity,we are going home soon,gonna go home ok?,leaving really soon,when are we leaving?,we have to go home in a few,-0.040,0.931,-0.163,-0.806,-0.602,32.937962,1.747950,0.227807,7.503514,0.398196,36.849942,2.516691,0.000000,8.394692,0.573321
test.enc.prompt.txt::01639,test.enc.prompt.txt::01639,We are concerned,1.0,content_diversity,about your health.,that you don't recognize the levity of the situation.,you will make a mistake.,you won't wake up from surgery.,about how you will take the news.,-0.034,0.945,-0.341,-0.636,-0.175,13.198928,0.417043,0.428193,5.651691,0.178575,52.844210,0.544047,0.000000,22.627529,0.232957
test.enc.prompt.txt::01640,test.enc.prompt.txt::01640,You see what,0.0,content_diversity,the cat brought in from the yard.,the feline retrieved from outdoors.,the animal has in its mouth.,the cat dragged in.,the tabby fetched.,-0.075,0.918,-0.347,-0.690,-0.322,19.408320,0.599653,0.369201,7.165575,0.221393,19.536979,1.358455,0.000000,7.213076,0.501543
test.enc.prompt.txt::01641,test.enc.prompt.txt::01641,It is my,0.0,content_diversity,judgement based on what I've heard.,"feeling, despite not having any real hard evidence.","gut telling me this, so take it at that!",position but it's really based on what I think.,"two cents, for what it's worth!",-0.027,0.954,-0.089,-0.664,-0.265,26.377592,0.455799,0.397028,10.472638,0.180965,47.938810,0.794473,0.000000,19.033041,0.315428
test.enc.prompt.txt::01644,test.enc.prompt.txt::01644,Serves me right,0.0,content_diversity,to make a mistake,that I errored on this,to be so incorrect,that I answered it falsely,to inaccurately judge the situation,-0.027,0.954,-0.237,-0.837,-0.700,19.724653,1.135915,0.380883,7.512789,0.432651,39.992601,1.178251,0.000000,15.232510,0.448776
test.enc.prompt.txt::01645,test.enc.prompt.txt::01645,Why do you,1.0,content_diversity,think that is?,do that?,love me?,eat like that,lie to me,-0.007,0.585,-0.218,-0.676,-0.306,7.815642,0.922630,0.262935,2.055005,0.242592,17.427618,0.733281,0.000000,4.582328,0.192805
test.enc.prompt.txt::01646,test.enc.prompt.txt::01646__row386,How can you,1.0,content_diversity,be that way,be so nice to me after that,lie to my face,do these things,be so mean,-0.034,0.937,-0.117,-0.725,-0.271,20.920794,1.364836,0.280887,5.876383,0.383365,31.301979,0.867326,0.000000,8.792325,0.243621
test.enc.prompt.txt::01646,test.enc.prompt.txt::01646__row387,How can you,0.0,content_diversity,how are you so mean,how can anyone be that mean,"so mean, you are","how is it , you're not nice",you are just plain mean,-0.058,0.924,-0.108,-0.796,-0.705,46.088924,2.164692,0.189883,8.751520,0.411039,51.628104,1.778493,0.000000,9.803318,0.337706
test.enc.prompt.txt::01647,test.enc.prompt.txt::01647__row388,And I'm taking,1.0,content_diversity,classes.,the day off.,her with me.,my sweet time.,my clothes off.,-0.013,0.569,-0.360,-0.688,-0.303,-8.666026,-0.773207,0.402864,-3.491231,-0.311498,8.118164,2.450403,0.000000,3.270518,0.987180
test.enc.prompt.txt::01647,test.enc.prompt.txt::01647__row389,And I'm taking,0.0,content_diversity,as long as I need to.,however long it takes.,all the time I need.,it slow and easy.,unknown amount of time.,-0.024,0.937,-0.208,-0.749,-0.410,-4.342815,-0.170483,0.436186,-1.894274,-0.074362,37.265401,1.665683,0.000000,16.254636,0.726547
test.enc.prompt.txt::01648,test.enc.prompt.txt::01648__row390,I thought I,1.0,content_diversity,"could be the best, but i was wrong","saw bigfoot, but it was a bear","could trust you, but it turns out I was wrong","believed in you, but you lied","could change your mind about things, but it didn't work.",-0.064,0.919,-0.344,-0.689,-0.435,4.025777,0.303749,0.503384,2.026511,0.152903,33.298762,0.958795,0.000000,16.762052,0.482642
test.enc.prompt.txt::01648,test.enc.prompt.txt::01648__row391,I thought I,0.0,content_diversity,could persuade you,could make you think like me,could pull you to this side of things,persuade you to think like me,would make you change your mind,-0.096,0.865,-0.392,-0.838,-0.538,31.193462,1.050855,0.455670,14.213912,0.478843,47.066661,1.185600,0.000000,21.446845,0.540242
test.enc.prompt.txt::01650,test.enc.prompt.txt::01650,Call off your,0.0,content_diversity,"action, its doing more harm than good.","strike, it's costing lives.","demonstration, you are hurting people.","picket line, people need to get in to save people.","strike, you ar ekilling people in here.",-0.021,0.958,-0.347,-0.754,-0.314,4.457328,0.058327,0.370843,1.652970,0.021630,71.881566,1.513050,0.000000,26.656790,0.561104
test.enc.prompt.txt::01651,test.enc.prompt.txt::01651,If you don't,0.0,content_diversity,i need you to call me back,i need you to call as soon as possible,i need to hear from you soon,email me back please,return my call when you can,-0.102,0.803,-0.215,-0.853,-0.502,35.501636,1.260548,0.376018,13.349257,0.473989,27.620888,1.338581,0.000000,10.385953,0.503330
test.enc.prompt.txt::01653,test.enc.prompt.txt::01653,And that ten,0.0,content_diversity,it is a lot,there is way too many of them,so much left,its definetly alot,theres so many,-0.015,0.970,-0.098,-0.641,-0.488,40.309872,2.555874,0.196402,7.916928,0.501978,34.451607,2.015639,0.000000,6.766355,0.395875
test.enc.prompt.txt::01654,test.enc.prompt.txt::01654,Will I see,0.0,content_diversity,the MVP tonight,best player out tonight,the MVP on the pitch,the best player on the stadium,the MVP playing today,-0.108,0.853,-0.388,-0.879,-0.749,36.966586,1.753710,0.284527,10.518003,0.498978,32.178714,1.094889,0.000000,9.155723,0.311526
test.enc.prompt.txt::01655,test.enc.prompt.txt::01655,"Rick, I'm sick",1.0,content_diversity,to my stomach.,of fighting with you.,and tired of all this.,to death with all your complaining.,of this god forsaken place.,-0.029,0.948,-0.229,-0.617,-0.354,-6.905891,-0.290468,0.593059,-4.095602,-0.172265,40.152344,0.738961,0.000000,23.812712,0.438248
test.enc.prompt.txt::01656,test.enc.prompt.txt::01656,"Come on, we're",0.0,content_diversity,"only kidding, happy up a bit!","only having a joke, stop being so grumpy.","only messing with you, get a sense of humour.","just trying to make you smile, stop being sad.","really only messing about, cheer up!",-0.038,0.946,-0.224,-0.841,-0.502,19.899899,0.406348,0.401439,7.988591,0.163124,24.068880,1.217898,0.000000,9.662181,0.488911
test.enc.prompt.txt::01657,test.enc.prompt.txt::01657__row398,Are my eyes,1.0,content_diversity,red from smoking weed?,blue,looking good,saying something,hazelnut colour,0.000,0.800,-0.045,-0.609,-0.177,-8.333811,0.052477,0.354169,-2.951578,0.018586,50.278257,1.510473,0.000000,17.807005,0.534963
test.enc.prompt.txt::01657,test.enc.prompt.txt::01657__row399,Are my eyes,0.0,content_diversity,on point,looking fine,good looking,nice,fine looking,-0.040,0.333,-0.246,-0.691,-0.662,14.809463,1.811786,0.216212,3.201980,0.391729,20.342803,3.155004,0.000000,4.398353,0.682149
test.enc.prompt.txt::01658,test.enc.prompt.txt::01658,May I? Too,0.0,content_diversity,its way too heavy,i think its heavy,its very large and big to carry,too much weight to handle for you,it is very big to handle,-0.047,0.918,-0.305,-0.810,-0.826,50.587479,2.031743,0.256443,12.972801,0.521026,35.424206,0.857041,0.000000,9.084287,0.219782
test.enc.prompt.txt::01659,test.enc.prompt.txt::01659,"But why? Oh,",1.0,content_diversity,because you knew,me oh my,i thought you knew,im not sure,why else,-0.020,0.753,0.089,-0.668,-0.274,12.234244,0.583387,0.306698,3.752220,0.178924,15.641171,3.282088,0.000000,4.797118,1.006610
test.enc.prompt.txt::01660,test.enc.prompt.txt::01660__row402,But think of,1.0,content_diversity,all the good memories,what he would say,our kids Karen,my best friends,something you would like,-0.005,0.789,-0.206,-0.615,-0.250,9.517723,0.990327,0.397743,3.785611,0.393896,22.192254,2.179124,0.000000,8.826822,0.866732
test.enc.prompt.txt::01660,test.enc.prompt.txt::01660__row403,But think of,0.0,content_diversity,all the positive memories,all the good things,all happy memories,all the positive moments,all happiness we shared,-0.116,0.651,-0.445,-0.826,-0.816,12.659617,0.655561,0.481036,6.089735,0.315349,26.062276,1.110660,0.000000,12.536900,0.534268
test.enc.prompt.txt::01661,test.enc.prompt.txt::01661,"Well, Rick, after",0.0,content_diversity,"people have had some time to forget, you  could return.","it all dies down, just come home.","a bit of time has passed, I'm sure you will find your way back.","the story gets old, you can reenter the community.","it really gets to be old news, come back in like it never happened.",-0.017,0.963,-0.174,-0.760,-0.469,23.421368,0.576466,0.408326,9.563563,0.235386,52.500596,0.594816,0.000000,21.437379,0.242879
test.enc.prompt.txt::01663,test.enc.prompt.txt::01663__row405,He'll double what,1.0,content_diversity,exactly?,-ever you want,your pay,"the timing, if you call",the pleasure,-0.011,0.969,-0.022,-0.688,-0.311,8.854183,0.506889,0.249295,2.207305,0.126365,49.810762,1.692696,0.000000,12.417584,0.421981
test.enc.prompt.txt::01663,test.enc.prompt.txt::01663__row406,He'll double what,0.0,content_diversity,hows the work pay,what does your weekly pay look like now,your new payment is good,how do you like the pay?,hows your payments now?,-0.027,0.956,-0.191,-0.863,-0.472,41.704640,1.662585,0.216071,9.011160,0.359236,22.382565,1.062468,0.000000,4.836221,0.229568
test.enc.prompt.txt::01664,test.enc.prompt.txt::01664,"No. Not me,",1.0,content_diversity,i never just leave without saying goodbye,it was you,that was definetly your dad,i am going out later,so stop saying it was me,-0.031,0.952,-0.101,-0.618,-0.237,20.442015,1.065189,0.364059,7.442098,0.387791,44.748702,0.786070,0.000000,16.291164,0.286176
test.enc.prompt.txt::01665,test.enc.prompt.txt::01665,"Well, stop it.",1.0,content_diversity,I'm tired of you,I have to concentrate,I need to change the tires,I need a break,Stop teasing your brother,-0.026,0.952,-0.335,-0.669,-0.196,10.337635,0.586167,0.467168,4.829417,0.273839,29.909212,0.619018,0.000000,13.972641,0.289186
test.enc.prompt.txt::01666,test.enc.prompt.txt::01666,This sort of,0.0,content_diversity,activity is not okay.,way of acting is beyond wrong.,way of being is completely off base.,conduct is wholly beyond the pale.,etiquette is totally wrong.,-0.056,0.932,-0.448,-0.669,-0.505,15.748621,0.332854,0.382106,6.017647,0.127186,11.152248,0.753025,0.000000,4.261344,0.287736
test.enc.prompt.txt::01668,test.enc.prompt.txt::01668,You fucking bleeding,1.0,content_diversity,are you kidding me,everywhere,"troll, you're ridiculous",like you wont die,clean up,-0.005,0.786,-0.010,-0.631,-0.201,16.191161,0.347226,0.299892,4.855595,0.104130,51.591488,2.566237,0.000000,15.471859,0.769593
test.enc.prompt.txt::01669,test.enc.prompt.txt::01669,"Look, just slip",1.0,content_diversity,this into her milk and she will never bother us again.,into bed and sleep on it.,into the is shop until the rain stops.,"off the end and let yourself go, thats all there is to it.",this note under the door and then leg it.,-0.040,0.949,-0.127,-0.658,-0.227,10.442210,0.349562,0.498425,5.204659,0.174230,72.861231,1.267040,0.000000,36.315859,0.631524
test.enc.prompt.txt::00570,test.enc.prompt.txt::00570,What's wrong with,0.0,content_diversity,her. She's always in bed.,Mary. All I hear is snoring coming from her room.,"her. Every time I look, she's sleeping.","Mary. Every hour, she goes back to bed.","sleeping all the time, she asked me.",-0.025,0.957,-0.385,-0.868,-0.641,31.539093,0.789593,0.350419,11.051895,0.276688,53.549272,1.259337,0.000000,18.764678,0.441296
test.enc.prompt.txt::00571,test.enc.prompt.txt::00571,Listen to me!,1.0,content_diversity,you can't behave like that,you need to study more,she likes you,you should be the one to take responsibility,never do that again,-0.032,0.960,-0.201,-0.655,-0.169,22.622632,1.110570,0.342470,7.747569,0.380337,28.401385,1.274995,0.000000,9.726617,0.436647
test.enc.prompt.txt::00572,test.enc.prompt.txt::00572,The supernatural! The,1.0,content_diversity,Strange and uneasy.,Uncanny and silent.,Unknown and unforgotten.,Amazing and terrifying.,Electrifying and innovative.,-0.067,0.547,-0.429,-0.685,-0.422,12.576027,0.652684,0.250515,3.150489,0.163508,18.990249,0.723909,0.000000,4.757351,0.181350
test.enc.prompt.txt::00573,test.enc.prompt.txt::00573__row415,I understand all,1.0,content_diversity,things needs to change over time.,commands.,that was taught to me.,french language questions.,that was said during the speech.,-0.015,0.959,-0.339,-0.560,-0.216,-9.721417,-0.101280,0.376922,-3.664218,-0.038175,51.362802,2.578677,0.000000,19.359781,0.971961
test.enc.prompt.txt::00573,test.enc.prompt.txt::00573__row416,I understand all,0.0,content_diversity,things that were spokend,concepts.,ideas that were told during class.,knowledge that was passed on to us.,topics that the teacher told us.,-0.037,0.939,-0.387,-0.829,-0.437,22.696361,0.732598,0.354718,8.050818,0.259866,30.692605,1.791923,0.000000,10.887234,0.635628
test.enc.prompt.txt::00574,test.enc.prompt.txt::00574,Because this must,1.0,content_diversity,be true love,be done as soon as possible,be done very carefully,have been a mistake,"be our turning point, better things are coming",-0.032,0.950,-0.064,-0.701,-0.303,-11.727069,0.077655,0.497014,-5.828514,0.038595,90.399509,2.321847,0.000000,44.929792,1.153990
test.enc.prompt.txt::00575,test.enc.prompt.txt::00575__row418,I don't rightly,1.0,content_diversity,know what you are talking about.,know who that person is.,know what is going on.,know where that is.,know what occured that long ago.,-0.088,0.904,-0.278,-0.867,-0.634,-23.177699,-0.625364,0.544260,-12.614698,-0.340360,67.823245,1.862888,0.000000,36.913488,1.013896
test.enc.prompt.txt::00575,test.enc.prompt.txt::00575__row419,I don't rightly,0.0,content_diversity,know what you are referring to.,know what you are asking about.,know what you are inquiring about.,know what you are speaking about.,know what you are referencing.,-0.453,0.635,-0.653,-0.976,-0.816,11.519596,0.340958,0.610987,7.038326,0.208321,15.475939,0.527592,0.000000,9.455600,0.322352
test.enc.prompt.txt::00578,test.enc.prompt.txt::00578,"And listen, wise",0.0,content_diversity,citizens. We will take over the government.,people. The government is over as we know it.,"men and women, gather your arms. The government is ours!",countrymen. Let's start our civil war.,friend and neighbors. The time has come for a takeover.,-0.027,0.950,-0.366,-0.751,-0.382,37.119622,0.819049,0.421292,15.638206,0.345059,59.248120,1.119775,0.000000,24.960769,0.471752
test.enc.prompt.txt::00579,test.enc.prompt.txt::00579,When he comes,1.0,content_diversity,you should move your car,then we will leave,he will hear from me,i think we should hide,he will bring you food,-0.034,0.939,-0.257,-0.677,-0.191,16.541378,0.849270,0.380116,6.287641,0.322821,20.507820,0.729331,0.000000,7.795349,0.277230
test.enc.prompt.txt::00580,test.enc.prompt.txt::00580__row422,What good will,1.0,content_diversity,come out of this one,happen if I leave you alone,come out if he starts training,he do if we let him go out alone,happen if we don't save this puppies?,-0.056,0.912,-0.146,-0.729,-0.309,5.426288,0.354968,0.424006,2.300778,0.150508,72.416668,1.354781,0.000000,30.705099,0.574435
test.enc.prompt.txt::00580,test.enc.prompt.txt::00580__row423,What good will,0.0,content_diversity,happen if I leave immediately,happen if I don't bother with you anymore,happen if you're on your own,happen if I abandon you,happen if I leave you with yourself,-0.211,0.791,-0.425,-0.885,-0.548,26.971611,0.978612,0.435126,11.736057,0.425820,20.861750,0.387179,0.000000,9.077496,0.168472
test.enc.prompt.txt::00581,test.enc.prompt.txt::00581__row424,I hope you,1.0,content_diversity,have a wonderful vacation.,like the new job.,two are happy together.,leave him for good.,count your blessings.,0.000,0.800,-0.289,-0.658,-0.313,2.222598,0.145337,0.437999,0.973495,0.063657,13.364837,1.214025,0.000000,5.853782,0.531741
test.enc.prompt.txt::00581,test.enc.prompt.txt::00581__row425,I hope you,0.0,content_diversity,have a happy life together.,will be happy together forever.,enjoy each other for life.,last and have a happy life.,love and laugh together until death do you part.,-0.076,0.883,-0.339,-0.852,-0.640,1.972334,0.343169,0.454063,0.895565,0.155821,48.082487,1.162346,0.000000,21.832499,0.527779
test.enc.prompt.txt::00584,test.enc.prompt.txt::00584__row426,You know what,1.0,content_diversity,I am tired of this,its a beautiful day,this work is hard,working from home is hard,I am almost done,-0.034,0.931,-0.221,-0.690,-0.300,28.530072,1.449967,0.313423,8.941975,0.454453,17.948329,0.500915,0.000000,5.625416,0.156998
test.enc.prompt.txt::00584,test.enc.prompt.txt::00584__row427,You know what,0.0,content_diversity,the sun is shining,it is warm outside,lets go out and enjoy the outdoors,lets take advantage of the sunlight,lets get a tan,-0.027,0.960,-0.288,-0.755,-0.543,40.473726,1.426657,0.310933,12.584603,0.443594,18.227851,1.155124,0.000000,5.667634,0.359166
test.enc.prompt.txt::00585,test.enc.prompt.txt::00585,That's your funeral.,0.0,content_diversity,there's a lot of people here,lot of folks have made it in time,a lot of people are attending,it is packed with people,so many familiar faces here,-0.074,0.875,-0.314,-0.728,-0.727,35.338465,1.269636,0.349880,12.364223,0.444220,54.332734,1.527664,0.000000,19.009938,0.534499
test.enc.prompt.txt::00586,test.enc.prompt.txt::00586,What do you,1.0,content_diversity,do for a living?,want for Christmas?,like to do?,shop for at that store.,do for a good time?,-0.058,0.903,-0.143,-0.745,-0.331,-2.284949,-0.041585,0.416802,-0.952372,-0.017333,55.915830,2.131994,0.000000,23.305845,0.888620
test.enc.prompt.txt::00588,test.enc.prompt.txt::00588,For a celebrated,0.0,content_diversity,"Easter, decorate eggs.","Easter, dip eggs in colored water.","Easter, make and design hard boiled eggs.","Easter, make eggs many different colors.","Easter, use a dye kit from the store.",-0.066,0.939,-0.442,-0.928,-0.609,33.569564,0.913002,0.324469,10.892269,0.296240,40.372842,0.646871,0.000000,13.099718,0.209889
test.enc.prompt.txt::00589,test.enc.prompt.txt::00589,Why are you,0.0,content_diversity,smiling at me?,glaring at me?,frowning at me?,winking at me?,staring at me?,-0.233,0.413,-0.730,-0.851,-0.448,2.042930,0.130328,0.362380,0.740316,0.047228,7.958602,0.582823,0.000000,2.884035,0.211203
test.enc.prompt.txt::00590,test.enc.prompt.txt::00590__row432,And now fair,1.0,content_diversity,"man, be fair!","is fair, don't be a baby now",players should be rewarded,game will be played in the next few minutes,play should be secured by everyone,-0.047,0.957,-0.120,-0.701,-0.280,22.810258,0.778476,0.295539,6.741313,0.230070,31.371517,3.370984,0.000000,9.271495,0.996256
test.enc.prompt.txt::00590,test.enc.prompt.txt::00590__row433,And now fair,0.0,content_diversity,players should somehow be rewarded,participants are getting their rewards,play prize for players,play reward for the most fair player,player will receive his prize,-0.020,0.962,-0.322,-0.862,-0.614,40.458516,1.373260,0.325586,13.172717,0.447114,28.537879,0.631360,0.000000,9.291527,0.205562
test.enc.prompt.txt::00592,test.enc.prompt.txt::00592,"Oh, I did",0.0,content_diversity,not see the whole picture.,not seem aware of it.,become familiar with that.,not know what it was.,not suspect that.,-0.037,0.955,-0.399,-0.684,-0.454,3.680743,0.019998,0.496278,1.826673,0.009925,30.894896,0.831801,0.000000,15.332466,0.412805
test.enc.prompt.txt::00593,test.enc.prompt.txt::00593,"Listen, dear. Now",0.0,content_diversity,please take a deep breath.,try to control yourself.,try and keep your cool.,don't lose your temper.,settle down if you can.,-0.009,0.983,-0.221,-0.743,-0.431,-3.687530,-0.145112,0.524063,-1.932498,-0.076048,25.748062,1.145008,0.000000,13.493606,0.600056
test.enc.prompt.txt::00594,test.enc.prompt.txt::00594,"Oh, Mr. Dickson",1.0,content_diversity,you forgot about my exam,you shouldn't have done this,what is it that you do for living,you should've been smarter,i really like your dressing style,-0.023,0.979,-0.072,-0.634,-0.128,16.883717,0.611943,0.409251,6.909686,0.250439,32.278681,1.153448,0.000000,13.210098,0.472050
test.enc.prompt.txt::00595,test.enc.prompt.txt::00595,Come on in,1.0,content_diversity,the water is fine,I wont bite,she wont bite,no one hear bites,and sweat it out,-0.023,0.762,-0.307,-0.722,-0.331,13.533421,1.077812,0.279618,3.784192,0.301376,56.294321,3.045133,0.000000,15.740921,0.851475
test.enc.prompt.txt::00596,test.enc.prompt.txt::00596__row438,You haven't got,1.0,content_diversity,all day,the time,the resources,the leverage,the feels yet.,-0.054,0.545,-0.281,-0.645,-0.410,-13.258188,-1.034659,0.351617,-4.661801,-0.363803,62.013824,4.506500,0.000000,21.805100,1.584561
test.enc.prompt.txt::00596,test.enc.prompt.txt::00596__row439,You haven't got,0.0,content_diversity,the hours,the minute,the daylight,the seconds to do this,enough free seconds to do this,-0.097,0.771,-0.231,-0.715,-0.405,10.871033,1.303372,0.319902,3.477665,0.416951,50.544911,1.165405,0.000000,16.169417,0.372815
test.enc.prompt.txt::00597,test.enc.prompt.txt::00597__row440,We haven't got,1.0,content_diversity,all day,all the money,all the time,all the patience,the luxury to do this,-0.110,0.889,-0.201,-0.725,-0.427,0.055810,0.291066,0.408323,0.022788,0.118849,48.684911,2.131729,0.000000,19.879161,0.870434
test.enc.prompt.txt::00597,test.enc.prompt.txt::00597__row441,We haven't got,0.0,content_diversity,too much time to do this,all the hours to do this,the minutes to do this,all the seconds to do this,all the daylight to do this,-0.284,0.757,-0.522,-0.924,-0.469,31.456304,1.309310,0.379158,11.926912,0.496435,19.152325,0.728857,0.000000,7.261759,0.276352
test.enc.prompt.txt::00598,test.enc.prompt.txt::00598,That's what he,0.0,content_diversity,consumed for the first meal of the day.,injested this morning.,devoured from the breakfast plate.,swallowed at 9am.,gobbled up with his orange juice.,-0.006,0.984,-0.148,-0.705,-0.358,21.731306,0.954053,0.325717,7.078248,0.310751,17.532564,1.743606,0.000000,5.710647,0.567921
test.enc.prompt.txt::00600,test.enc.prompt.txt::00600__row443,The fools! If,1.0,content_diversity,only they knew.,"they are so stupid, they shouldn't be here.","they shut up, let me know.","they leave, it's for the best.",only the fools will die.,-0.039,0.957,-0.228,-0.693,-0.268,10.823586,0.189743,0.425946,4.610266,0.080820,41.691615,1.478700,0.000000,17.758389,0.629847
test.enc.prompt.txt::00600,test.enc.prompt.txt::00600__row444,The fools! If,0.0,content_diversity,they quiet down I need told.,"it gets silent, I want to be told.",only they would shut up! I wanna know!,only it could be peace and quiet. Someone tell me.,"they won't shut up, I will kill them all. I need to know either way.",-0.046,0.936,-0.263,-0.819,-0.509,33.612518,1.162305,0.328258,11.033567,0.381535,56.233767,0.847578,0.000000,18.459165,0.278224
test.enc.prompt.txt::00601,test.enc.prompt.txt::00601,What did you,1.0,content_diversity,think was going to happen?,do with the rest of the money?,spill all over the floor?,take with you to mom's house?,say to the police officer?,-0.030,0.957,-0.238,-0.697,-0.187,7.311635,0.260271,0.517489,3.783694,0.134687,35.175204,1.157481,0.000000,18.202794,0.598984
test.enc.prompt.txt::00602,test.enc.prompt.txt::00602,"What's the matter,",1.0,content_diversity,why are you so sad,did you lose your phone?,i think you should not take it personal,you look like something terrible happened,you look like you saw a ghost,-0.060,0.930,-0.094,-0.683,-0.284,27.072666,0.763256,0.515129,13.945918,0.393175,50.813780,1.357722,0.000000,26.175657,0.699402
test.enc.prompt.txt::00603,test.enc.prompt.txt::00603,"Oh Matt, you",0.0,content_diversity,need to stop at red lights.,need to slow down at yellow lights.,cannot go 70 mph in a residential area.,cannot crash into cars when parallel parking.,should relearn driving methods.,-0.019,0.961,-0.354,-0.695,-0.308,10.243761,0.109493,0.394526,4.041427,0.043198,64.730392,1.989601,0.000000,25.537801,0.784949
test.enc.prompt.txt::00604,test.enc.prompt.txt::00604__row448,"Say Matt, you",1.0,content_diversity,should call her.,can quit the job.,could move there.,still can have children.,want that house.,-0.005,0.788,-0.449,-0.661,-0.187,-6.641115,-0.521576,0.331414,-2.200955,-0.172857,25.038911,0.900945,0.000000,8.298234,0.298585
test.enc.prompt.txt::00604,test.enc.prompt.txt::00604__row449,"Say Matt, you",0.0,content_diversity,can tell her how you feel. You have her number.,should phone her and tell her what's going on.,could call her. I'm sure she would love to hear from you.,will pick up that phone and call her. I know you too well.,"always can communicate by phone, if you are scared.",-0.045,0.943,-0.335,-0.847,-0.581,2.297253,0.008557,0.488117,1.121329,0.004177,81.353116,1.542331,0.000000,39.709876,0.752838
test.enc.prompt.txt::00605,test.enc.prompt.txt::00605__row450,What did you,1.0,content_diversity,tell Jay about tomorrow?,do last night?,make for dinner?,want to tell me?,give to the charity?,-0.010,0.778,-0.268,-0.729,-0.209,-7.463233,-0.241872,0.409580,-3.056792,-0.099066,46.594690,1.415755,0.000000,19.084257,0.579865
test.enc.prompt.txt::00605,test.enc.prompt.txt::00605__row451,What did you,0.0,content_diversity,want to say to me about him? Is he dangerous?,want to tell me about the incident last night?,do yesterday? Please tell me what you wanted.,say to her? You said you wanted to tell me.,do at the forest. Tell me now. You said you would.,-0.090,0.864,-0.279,-0.815,-0.364,10.188005,0.304483,0.445724,4.541041,0.135715,75.255351,1.358594,0.000000,33.543136,0.605558
test.enc.prompt.txt::00608,test.enc.prompt.txt::00608,Gatling! They've got,0.0,content_diversity,lots of routes available to them.,multiple paths in life for them.,several options available.,a lot of avenues available to them.,a ton of different paths available.,-0.064,0.900,-0.378,-0.817,-0.730,19.965742,0.681359,0.438615,8.757273,0.298854,42.535227,1.329874,0.000000,18.656587,0.583302
test.enc.prompt.txt::00609,test.enc.prompt.txt::00609,Never thought that,1.0,content_diversity,we would break up,he is so smart kid,you would grow up to be a drug dealer,he can lift so heavy,he would become a professional cricket player,-0.030,0.953,-0.223,-0.542,-0.132,14.356286,0.755456,0.420109,6.031211,0.317374,28.191896,1.976717,0.000000,11.843680,0.830437
test.enc.prompt.txt::00610,test.enc.prompt.txt::00610,That's what the,1.0,content_diversity,doctor said,senator said,mom said,teacher said,scientist said,-0.100,0.320,-0.992,-0.630,-0.282,12.296515,1.279389,0.417315,5.131517,0.533908,14.200231,1.740116,0.000000,5.925965,0.726176
test.enc.prompt.txt::00611,test.enc.prompt.txt::00611__row455,I ain't done,1.0,content_diversity,with this dish,with this project,with this recipe,white this meal,with this relationship,-0.167,0.447,-0.568,-0.712,-0.400,14.719657,1.024963,0.360686,5.309174,0.369690,52.421063,3.638162,0.000000,18.907543,1.312234
test.enc.prompt.txt::00611,test.enc.prompt.txt::00611__row456,I ain't done,0.0,content_diversity,with this job,with this task,with this question,with this paper,with this assignment,-0.233,0.413,-0.505,-0.903,-0.500,23.782588,1.552080,0.454244,10.803098,0.705023,8.991516,0.619597,0.000000,4.084342,0.281448
test.enc.prompt.txt::00612,test.enc.prompt.txt::00612__row457,"""The outlaws calling",1.0,content_diversity,from a distance,for a truce,demanding that we surrender,for the sherrif to duel them,for us to give them out money,-0.025,0.957,-0.052,-0.647,-0.154,19.691275,1.031099,0.352294,6.937121,0.363250,48.504648,0.857751,0.000000,17.087903,0.302181
test.enc.prompt.txt::00612,test.enc.prompt.txt::00612__row458,"""The outlaws calling",0.0,content_diversity,to compromise,to meet for a peace agreement,to talk things out,to make a deal,to agree not to fight anymore,-0.067,0.945,-0.340,-0.752,-0.452,28.147481,1.647495,0.285225,8.028363,0.469907,29.066842,0.419009,0.000000,8.290587,0.119512
test.enc.prompt.txt::00615,test.enc.prompt.txt::00615,Thanks for the,1.0,content_diversity,tip,"invitation, I will come","afternoon, we had so much fun","money, I will pay you back asap","gift, I really appreciate it",-0.020,0.963,-0.116,-0.654,-0.326,26.210492,0.635216,0.418958,10.981082,0.266129,34.469880,3.799075,0.000000,14.441415,1.591651
test.enc.prompt.txt::00617,test.enc.prompt.txt::00617,"See, Frank's being",1.0,content_diversity,honest with me,rude to these strangers,"homophobic, you shouldn't act like that","irrational, you just can't talk with him",true to himself,-0.013,0.974,-0.104,-0.597,-0.204,28.424479,0.647322,0.485669,13.804898,0.314385,52.195514,0.916878,0.000000,25.349760,0.445300
test.enc.prompt.txt::00618,test.enc.prompt.txt::00618,"Smells funny, it",1.0,content_diversity,smells like rotten cheese.,really gets into your nose.,can't be dinner!,needs tossed out.,should be buried.,-0.007,0.989,-0.228,-0.623,-0.170,3.656181,0.285679,0.405236,1.481616,0.115767,30.249081,1.895123,0.000000,12.258019,0.767972
test.enc.prompt.txt::00619,test.enc.prompt.txt::00619,"Bob, rip up",0.0,content_diversity,the proof so you don't get caught.,the escape plan diagram.,the binding contract.,the written documentation.,the indication that could put you away.,-0.049,0.958,-0.298,-0.670,-0.237,-7.006792,0.102265,0.407101,-2.852472,0.041632,50.447361,1.216931,0.000000,20.537171,0.495414
test.enc.prompt.txt::00620,test.enc.prompt.txt::00620__row463,WHAT?! We follow,1.0,content_diversity,this bad artist?,his directions?,my favourite boy band?,that cat?,the wrong guy?,0.000,0.800,-0.371,-0.668,-0.251,7.118326,0.375381,0.244401,1.739723,0.091743,27.436821,1.495946,0.000000,6.705576,0.365610
test.enc.prompt.txt::00620,test.enc.prompt.txt::00620__row464,WHAT?! We follow,0.0,content_diversity,that poor atrist?,this extremely bad performer?,bad singer?,this guy who doesn't know how to sing?,this artist that is really bad?,-0.022,0.965,-0.366,-0.802,-0.557,18.582427,1.200949,0.228459,4.245318,0.274367,38.461678,3.645942,0.000000,8.786906,0.832947
test.enc.prompt.txt::00621,test.enc.prompt.txt::00621,"You know, you",1.0,content_diversity,don't have to be so annoying.,can do something else besides watch tv.,only have 30 minutes to get ready.,can be more polite to our guests.,need to pick up the groceries later.,-0.027,0.965,-0.174,-0.671,-0.204,0.239727,0.008853,0.483327,0.115867,0.004279,23.765896,0.424398,0.000000,11.486706,0.205123
test.enc.prompt.txt::00623,test.enc.prompt.txt::00623__row466,I think one,1.0,content_diversity,of your wheels is loose,of your friends did it,book per week is manageable,time you can do it for the team,dollar more doesn't mattter,-0.020,0.961,-0.136,-0.606,-0.198,13.144072,0.500414,0.393548,5.172821,0.196937,47.520133,1.379863,0.000000,18.701447,0.543042
test.enc.prompt.txt::00623,test.enc.prompt.txt::00623__row467,I think one,0.0,content_diversity,of your friends is to blame,of your friends made a mistake,of your friends commited a fault,of your buddies is a culprit,of your buddies is to blame this time,-0.196,0.762,-0.476,-0.921,-0.757,34.739699,1.205288,0.447936,15.561157,0.539892,38.633124,1.073666,0.000000,17.305161,0.480933
test.enc.prompt.txt::00624,test.enc.prompt.txt::00624__row468,"Oh, Lord, the",1.0,content_diversity,crowd is going crazy.,man is dancing around.,party is out of hand.,spirit is moving through me.,ship is going down with the captain.,-0.050,0.950,-0.381,-0.619,-0.173,-1.190170,0.261197,0.371917,-0.442644,0.097144,35.901986,0.802506,0.000000,13.352557,0.298465
test.enc.prompt.txt::00624,test.enc.prompt.txt::00624__row469,"Oh, Lord, the",0.0,content_diversity,ship is sinking.,boat crashed into the rocks with the captain on board.,cruise ship's captain is still on board the sinking ship.,captain is going down with the boat.,boat rammed in the rocks. I think the captain is still on board.,-0.118,0.810,-0.351,-0.930,-0.621,32.289793,0.807944,0.446924,14.431068,0.361089,74.788227,0.563895,0.000000,33.424617,0.252018
test.enc.prompt.txt::00626,test.enc.prompt.txt::00626__row470,Another dozen out,1.0,content_diversity,and we can close the door,of the competition,and we can change it,makes me sick,will not be tolerated,-0.030,0.919,-0.214,-0.562,-0.238,13.506540,0.880562,0.365341,4.934496,0.321706,12.343786,0.911009,0.000000,4.509694,0.332829
test.enc.prompt.txt::00626,test.enc.prompt.txt::00626__row471,Another dozen out,0.0,content_diversity,of the race,of the football cup,of the sport competition,of the basketball cup,of the sport event,-0.206,0.601,-0.559,-0.741,-0.416,33.168406,1.599763,0.344634,11.430961,0.551333,5.770527,0.816759,0.000000,1.988720,0.281483
test.enc.prompt.txt::00627,test.enc.prompt.txt::00627__row472,Great Chief of,1.0,content_diversity,Staff,State,tribe,administration,hope,0.000,0.200,-0.983,-0.635,-0.294,2.675575,-0.318512,0.165820,0.443663,-0.052815,19.004838,6.709538,0.000000,3.151374,1.112573
test.enc.prompt.txt::00627,test.enc.prompt.txt::00627__row473,Great Chief of,0.0,content_diversity,indian nation,indian tribes,sioux nation,navajo,the mohicans,-0.020,0.356,-0.066,-0.715,-0.403,18.232149,2.071192,0.189736,3.459300,0.392980,19.132243,2.297633,0.000000,3.630081,0.435944
test.enc.prompt.txt::00630,test.enc.prompt.txt::00630__row474,"Well, I hope",1.0,content_diversity,you didn't laugh at her.,nothing cruel was done.,he didn't leave her.,she's happy now.,you have money to pay me back.,-0.012,0.974,-0.303,-0.601,-0.229,-6.746711,-0.074370,0.397366,-2.680912,-0.029552,33.178764,1.259086,0.000000,13.184105,0.500318
test.enc.prompt.txt::00630,test.enc.prompt.txt::00630__row475,"Well, I hope",0.0,content_diversity,you weren't mean about it.,he didn't do anything bad to her.,no evil was done to the girls.,the cruel bastard gets what is coming to him.,"that when he left, he didn't leave with cruelty.",-0.020,0.961,-0.274,-0.649,-0.453,-13.811949,-0.146271,0.446758,-6.170600,-0.065348,59.462868,0.876631,0.000000,26.565516,0.391642
test.enc.prompt.txt::00632,test.enc.prompt.txt::00632,Looks like Web,1.0,content_diversity,but not sure if it's dark web or not,was here and drank my juice,wants to take you out to eat,isn't responding,was made by a spider,-0.004,0.979,-0.013,-0.579,-0.096,18.084596,0.685935,0.336646,6.088100,0.230917,57.055825,0.793192,0.000000,19.207595,0.267025
test.enc.prompt.txt::00633,test.enc.prompt.txt::00633__row477,Didn't think you,1.0,content_diversity,cared enough to remember our anniversary.,wanted to go down that road again.,go to the opera with me so I asked someone else.,were a football fan so I just wrote it off.,wanted me to work today so I took the day off.,-0.042,0.937,-0.181,-0.658,-0.169,11.853666,0.247727,0.484043,5.737687,0.119911,37.977468,0.690013,0.000000,18.382736,0.333996
test.enc.prompt.txt::00633,test.enc.prompt.txt::00633__row478,Didn't think you,0.0,content_diversity,wanted to watch football so I canceled the NFL channel.,liked the Denver Broncos so I decided not to go out with you.,liked the NFL so I turned down the tickets.,were a fan of football so I thought you were not my type.,watched the Sunday games so I made other plans for us.,-0.088,0.900,-0.434,-0.809,-0.364,27.234197,0.573511,0.413679,11.266208,0.237249,20.310509,0.329771,0.000000,8.402025,0.136419
test.enc.prompt.txt::00634,test.enc.prompt.txt::00634__row479,How'd it go,1.0,content_diversity,with that important meeting,with your girlfriend,with that robbery you had to do,with your brother? is he still mad at you?,exam? Was it hard?,-0.041,0.945,-0.177,-0.574,-0.141,15.112109,0.091106,0.393182,5.941814,0.035821,60.063184,3.309102,0.000000,23.615782,1.301080
test.enc.prompt.txt::00634,test.enc.prompt.txt::00634__row480,How'd it go,0.0,content_diversity,with you and your girlfriend,with your lady,date with you and your gf,with your loved one,with your better half,-0.158,0.788,-0.416,-0.749,-0.401,30.417852,1.433267,0.397226,12.082770,0.569331,39.302417,1.481393,0.000000,15.611953,0.588448
test.enc.prompt.txt::00635,test.enc.prompt.txt::00635__row481,"Gents, we are",1.0,content_diversity,on red alert,at paradise,in heaven,on vacation,finally home,-0.008,0.582,-0.232,-0.660,-0.236,10.083962,1.124715,0.336247,3.390702,0.378182,21.580961,1.684273,0.000000,7.256533,0.566332
test.enc.prompt.txt::00635,test.enc.prompt.txt::00635__row482,"Gents, we are",0.0,content_diversity,we are free,released from responsibility,off the clock,away from our wives,untethered,-0.006,0.786,-0.037,-0.590,-0.359,21.799570,1.210216,0.307675,6.707194,0.372354,19.085552,1.839539,0.000000,5.872157,0.565981
test.enc.prompt.txt::00636,test.enc.prompt.txt::00636__row483,...every time you,1.0,content_diversity,look at me I am happy,steal from him you just piss him off,"let him down, he just trust you less and less","volunteer, you make people happy","read, you expand your knowledge",-0.026,0.953,-0.243,-0.626,-0.218,32.052273,0.705596,0.458305,14.689731,0.323378,28.757953,1.138404,0.000000,13.179926,0.521737
test.enc.prompt.txt::00636,test.enc.prompt.txt::00636__row484,...every time you,0.0,content_diversity,"read, you find out new things","read, you become more and more knowledgeable","read, you become smarter","read, you know more things","read, you find out something that you didn't know",-0.165,0.802,-0.485,-0.974,-0.604,23.301221,0.869037,0.524584,12.223449,0.455883,17.679939,0.377243,0.000000,9.274615,0.197896
test.enc.prompt.txt::00637,test.enc.prompt.txt::00637,Allow a man,1.0,content_diversity,to be a man for goodness sake.,to buy you a drink.,to show you what he is made of.,some time to deal with what he is feeling.,get as drunk as possible.,-0.039,0.925,-0.108,-0.654,-0.215,-8.940867,-0.447703,0.497154,-4.444992,-0.222577,42.301988,1.517225,0.000000,21.030623,0.754295
test.enc.prompt.txt::00639,test.enc.prompt.txt::00639,So you're saying,1.0,content_diversity,that everything i my fault,that you don't like sport,that your mom is to blame,that this was the easiest exam ever,that you need to borrow money from me,-0.043,0.954,-0.154,-0.699,-0.155,15.760815,0.617503,0.432187,6.811615,0.266876,50.480922,2.241843,0.000000,21.817185,0.968895
test.enc.prompt.txt::00640,test.enc.prompt.txt::00640,I am so,1.0,content_diversity,tired of fighting you,happy right now,worried about my health,worried about my parents' divorce,curious to find out more about physics,-0.040,0.928,-0.089,-0.611,-0.131,-2.321220,0.079280,0.540253,-1.254046,0.042831,34.491767,1.085935,0.000000,18.634284,0.586680
test.enc.prompt.txt::00642,test.enc.prompt.txt::00642,Oh. That's nice,1.0,content_diversity,you should be thankful,we can arrange it by tomorrow,you really did put much effort to do it,it is so refreshing,maybe just add some colour to your drawing,-0.016,0.974,-0.127,-0.702,-0.235,14.381697,0.772756,0.360832,5.189370,0.278835,72.945485,1.105350,0.000000,26.321033,0.398845
test.enc.prompt.txt::00645,test.enc.prompt.txt::00645,"Thank you, Miss",0.0,content_diversity,I love working for you.,Working for you were the best years of my life.,I couldn't have asked for a better boss.,You were more generous than any other employer I ever had.,We worked well together. You were the best boss.,-0.047,0.922,-0.237,-0.856,-0.616,23.129168,0.565176,0.431377,9.977399,0.243804,47.526018,0.541110,0.000000,20.501648,0.233423
test.enc.prompt.txt::00646,test.enc.prompt.txt::00646,My professional opinion,1.0,content_diversity,doesn't matter in this case,is that you should've done it,is that you need to listen to him,is that your car is broken,is that the food has expired,-0.073,0.902,-0.237,-0.679,-0.174,11.180488,0.342326,0.519247,5.805435,0.177752,16.387976,0.588807,0.000000,8.509407,0.305736
test.enc.prompt.txt::00647,test.enc.prompt.txt::00647,Leaving you in,1.0,content_diversity,las vegas,hollywood,new york city,florida,the dream,0.000,0.600,0.159,-0.634,-0.265,14.887830,1.653493,0.213296,3.175509,0.352683,21.518486,2.593950,0.000000,4.589800,0.553278
test.enc.prompt.txt::00648,test.enc.prompt.txt::00648__row492,It's early in,1.0,content_diversity,the morning.,the afternoon.,case you needed more time.,California while it is late in Michigan.,the baseball game being only the first inning.,-0.028,0.975,-0.226,-0.646,-0.206,-1.757125,0.120784,0.500352,-0.879181,0.060435,84.525096,1.377803,0.000000,42.292303,0.689386
test.enc.prompt.txt::00648,test.enc.prompt.txt::00648__row493,It's early in,0.0,content_diversity,the west while it is late in the east.,the Pacific while it is late in the Atlantic.,San Francisco while it is late in Detroit.,Los Angeles while it is late in Lansing.,the Golden State while it is late in The Mitten.,-0.438,0.624,-0.443,-0.785,-0.449,28.376754,0.706223,0.425964,12.087468,0.300825,44.352706,0.846670,0.000000,18.892644,0.360651
test.enc.prompt.txt::00649,test.enc.prompt.txt::00649,First of all:,0.0,content_diversity,I must say you look great.,I canot go on without telling you how beautiful your are.,I have to say you look fabulous.,I have to congratulate you on looking so fine.,You look incredible.,-0.073,0.892,-0.487,-0.865,-0.696,21.613445,0.441463,0.418177,9.038246,0.184610,91.824556,1.054494,0.000000,38.398920,0.440965
test.enc.prompt.txt::00650,test.enc.prompt.txt::00650,Ummm . .,1.0,content_diversity,what are you doing in the tree?,are you leaving now?,you are cuckoo for cocoa puffs.,"I love you, you know.",can you come over for a little while?,-0.053,0.945,-0.156,-0.671,-0.114,6.118047,0.398989,0.394193,2.411690,0.157279,19.035502,0.872358,0.000000,7.503658,0.343877
test.enc.prompt.txt::00651,test.enc.prompt.txt::00651,You like it,0.0,content_diversity,when he goes out with your sister,when he goes on a date with your sister,when he's visiting your sis,when he spends time with your sis,when he takes your sister on a date,-0.159,0.795,-0.678,-0.890,-0.627,48.525867,1.515979,0.425375,20.641709,0.644860,26.673167,1.091501,0.000000,11.346109,0.464298
test.enc.prompt.txt::00652,test.enc.prompt.txt::00652,"Courtney, you're going",1.0,content_diversity,to go to church today.,to die soon.,to make your bed.,to have fun tonight.,go out with friends.,-0.044,0.950,-0.358,-0.702,-0.178,-14.339920,-0.653758,0.422825,-6.063274,-0.276425,37.548309,1.893313,0.000000,15.876356,0.800540
test.enc.prompt.txt::00653,test.enc.prompt.txt::00653,Oh Jesus. I'm,0.0,content_diversity,exhausted always cleaning up your messes.,drained from doing your chores.,sick of cleaning up.,worn out from doing everything for you.,tired of you leaving everything out like a child.,-0.039,0.927,-0.335,-0.808,-0.565,15.298761,0.717591,0.415972,6.363860,0.298498,39.811682,0.843083,0.000000,16.560555,0.350699
test.enc.prompt.txt::00654,test.enc.prompt.txt::00654__row499,"Oh Christ, this",1.0,content_diversity,doesn't look good.,worked perfectly!,is broken now!,is a total cock up.,is truly beautiful.,-0.017,0.975,-0.233,-0.630,-0.298,3.613971,0.423909,0.405690,1.466153,0.171976,18.962559,1.329445,0.000000,7.692926,0.539343
test.enc.prompt.txt::00654,test.enc.prompt.txt::00654__row500,"Oh Christ, this",0.0,content_diversity,has totally fallen apart.,will never work again.,is completely busted.,has been totally ruined.,is only fit for the bin.,-0.015,0.971,-0.310,-0.730,-0.375,11.937539,0.571524,0.427342,5.101416,0.244236,25.667385,1.058577,0.000000,10.968760,0.452375
test.enc.prompt.txt::00655,test.enc.prompt.txt::00655__row501,What are you,1.0,content_diversity,doing on my property,doing for a living,doing with that vehicle,planning to do with my sister,doing in the school if you're not willing to learn,-0.035,0.957,-0.153,-0.715,-0.249,-3.415971,0.367525,0.502685,-1.717157,0.184749,73.705189,0.779316,0.000000,37.050496,0.391750
test.enc.prompt.txt::00655,test.enc.prompt.txt::00655__row502,What are you,0.0,content_diversity,doing here without a permission,doing at my place,"doing here, this is private property",doing tresspassing,thinking? You can't come on a private property without invitation,-0.045,0.939,-0.027,-0.813,-0.325,-1.049718,0.502392,0.455077,-0.477703,0.228627,81.218094,1.307773,0.000000,36.960519,0.595138
test.enc.prompt.txt::00656,test.enc.prompt.txt::00656,Do you want,1.0,content_diversity,it raw or medium raw,my old TV,me to take a look at your exam,me to go with you,to help me move out tomorrow,-0.023,0.954,0.024,-0.593,-0.156,6.418256,0.590857,0.355025,2.278641,0.209769,43.826648,3.285298,0.000000,15.559552,1.166363
test.enc.prompt.txt::00657,test.enc.prompt.txt::00657__row504,Marzipan. Pink tents.,1.0,content_diversity,Party.,Deliciousness.,Let's go eat!,I wanna go!,I love the festival.,-0.006,0.783,-0.332,-0.653,-0.367,4.659396,0.712506,0.246739,1.149655,0.175803,20.942746,2.393151,0.000000,5.167392,0.590484
test.enc.prompt.txt::00657,test.enc.prompt.txt::00657__row505,Marzipan. Pink tents.,0.0,content_diversity,I'm hungry and wanna eat.,My stomach is rumbling so let's eat!,"God, the growling. I need food.",I want to eat some marzipan.,So very hungry. I want some good food.,-0.028,0.949,-0.390,-0.923,-0.593,28.028401,0.987678,0.321336,9.006537,0.317377,50.302680,1.328845,0.000000,16.164068,0.427006
test.enc.prompt.txt::00658,test.enc.prompt.txt::00658,Get married. Have,0.0,content_diversity,a great deal of offspring.,sex for procreation.,a quiverfull of arrows.,numerous babies.,a houseful of youths.,-0.028,0.956,-0.343,-0.678,-0.212,13.659009,0.657947,0.369819,5.051365,0.243321,30.642068,1.158731,0.000000,11.332028,0.428521
test.enc.prompt.txt::00659,test.enc.prompt.txt::00659,Your father practically,0.0,content_diversity,consumed 24 cans of beer in one night.,downed many bottles of beer by himself.,guzzled a stack of Bud Lights yesterday.,swigged a whole case of beer last night.,could not stand up from all the beer he drank at once.,-0.044,0.951,-0.319,-0.834,-0.539,27.497696,0.823908,0.444574,12.224765,0.366288,49.470326,0.706788,0.000000,21.993228,0.314220
test.enc.prompt.txt::00660,test.enc.prompt.txt::00660,But what about,0.0,content_diversity,your girl?,"your girl, is she gonna be there?","your gf, is she coming with us?","your girlfriend, is she also going to be there?","your better half, is she coming?",-0.099,0.892,-0.435,-0.815,-0.506,22.218020,0.688194,0.331691,7.369507,0.228268,28.478927,1.332472,0.000000,9.446191,0.441968
test.enc.prompt.txt::00661,test.enc.prompt.txt::00661__row509,Girls dig Bateman.,1.0,content_diversity,He looks like hollywood,he is dreamy,what is his deal?,It's not even fair.,I am super jealous.,-0.006,0.789,-0.217,-0.619,-0.232,12.347227,0.966972,0.322166,3.977862,0.311526,19.280615,0.674892,0.000000,6.211567,0.217427
test.enc.prompt.txt::00661,test.enc.prompt.txt::00661__row510,Girls dig Bateman.,0.0,content_diversity,He has that hair,he has a a great smile,he has perfect teeth,he has great skins,he has that southern california charm,-0.108,0.875,-0.374,-0.704,-0.414,16.115307,1.117985,0.317082,5.109871,0.354493,37.503628,1.331466,0.000000,11.891718,0.422183
test.enc.prompt.txt::00662,test.enc.prompt.txt::00662,"Listen, what about",0.0,content_diversity,we get something to eat tomorrow,we go to the restaurant,romantic evening in the restaurant,we have a fancy dinner tomorrow,I take you out for a dinner,-0.037,0.936,-0.328,-0.828,-0.484,23.494371,0.732722,0.533219,12.527652,0.390701,37.663358,0.993962,0.000000,20.082830,0.529999
test.enc.prompt.txt::00663,test.enc.prompt.txt::00663,"Jesus, Davis. Yes.",1.0,content_diversity,you've already asked me this,you should change your habits,why are you being so annoying,don't repeat everything,she is so out of your league,-0.010,0.977,-0.113,-0.662,-0.235,16.751229,0.633813,0.376942,6.314235,0.238910,19.616669,0.809664,0.000000,7.394338,0.305196
test.enc.prompt.txt::00665,test.enc.prompt.txt::00665__row513,By the way,1.0,content_diversity,did you make the payment?,did you water the plants?,did you call your mom?,did you make plans?,how is the family doing?,-0.114,0.869,-0.474,-0.699,-0.265,0.579092,0.131265,0.326017,0.188794,0.042795,27.781907,1.257642,0.000000,9.057378,0.410013
test.enc.prompt.txt::00665,test.enc.prompt.txt::00665__row514,By the way,0.0,content_diversity,did you pay the light bill,did you pay the car note,did you pay the phone bill,did you pay your taxes,did you pay the water bill,-0.365,0.675,-0.758,-0.795,-0.548,34.221598,1.399301,0.412664,14.122008,0.577441,18.310730,0.860682,0.000000,7.556172,0.355172
test.enc.prompt.txt::00666,test.enc.prompt.txt::00666__row515,Excuse me. I,1.0,content_diversity,have to use the restroom,will move my car,have to leave now,don't want to be part of this,i will be right back,-0.030,0.950,-0.148,-0.636,-0.230,3.643638,0.200233,0.469729,1.711523,0.094055,34.534067,2.090142,0.000000,16.221655,0.981800
test.enc.prompt.txt::00666,test.enc.prompt.txt::00666__row516,Excuse me. I,0.0,content_diversity,have to use the toilet,need to go to the restroom,need to use the bathroom,i need to go to the toilet,i need to use the wc,-0.266,0.637,-0.558,-0.914,-0.638,14.357307,0.520058,0.497056,7.136380,0.258498,25.107709,1.425067,0.000000,12.479929,0.708338
test.enc.prompt.txt::00667,test.enc.prompt.txt::00667__row517,It never was,1.0,content_diversity,an issue for them.,seen again.,enough money to live on.,warm in Antarctica.,easy to raise kids alone.,-0.004,0.989,-0.287,-0.589,-0.178,-7.186121,-0.148053,0.365129,-2.623864,-0.054058,26.844301,1.230225,0.000000,9.801645,0.449191
test.enc.prompt.txt::00667,test.enc.prompt.txt::00667__row518,It never was,0.0,content_diversity,simple to be a single parent.,effortless being a single mom.,easy having all the responsibilities of parenthood.,trouble-free raising children by yourself.,worry-free being a single father.,-0.052,0.927,-0.414,-0.831,-0.599,36.935678,0.877401,0.422242,15.595795,0.370476,24.715508,0.292700,0.000000,10.435926,0.123590
test.enc.prompt.txt::00668,test.enc.prompt.txt::00668,Patrick? Is that,1.0,content_diversity,how you show care,how you love?,the real slim shady,sincere,authentic,-0.020,0.744,-0.131,-0.574,-0.264,25.263715,1.890752,0.217561,5.496404,0.411354,33.187327,1.073046,0.000000,7.220274,0.233453
test.enc.prompt.txt::00290,test.enc.prompt.txt::00290,Suppose there's an,0.0,content_diversity,airline that costs less.,flight that isn't as expensive.,"air travel fare, but doesn't cost as much.",way to fly there that is low cost.,flight going there and it's not a lot of money,-0.022,0.966,-0.372,-0.918,-0.776,51.665935,1.508927,0.302114,15.609011,0.455868,51.374471,0.936818,0.000000,15.520956,0.283026
test.enc.prompt.txt::00289,test.enc.prompt.txt::00289,We took for,1.0,content_diversity,granted that which would be done.,granted the bells on the sleigh until they froze,granted the hooks on the end of our rods,granted the amount of time we had to explore,granted the time that would be done in time,-0.091,0.880,-0.121,-0.826,-0.333,10.115315,0.214823,0.481555,4.871083,0.103449,39.352646,0.818479,0.000000,18.950475,0.394143
test.enc.prompt.txt::00294,test.enc.prompt.txt::00294,I went down,1.0,content_diversity,to the store for some milk.,memory lane.,a dark hole.,to the South side for some pizza.,the slide at the park.,-0.032,0.926,-0.226,-0.563,-0.075,0.818838,0.225382,0.459568,0.376312,0.103578,47.259543,1.649336,0.000000,21.718987,0.757982
test.enc.prompt.txt::00247,test.enc.prompt.txt::00247,Nothing remotely like,0.0,content_diversity,being super full and satisfied.,getting to taste many different foods.,starting the day off right.,doing exactly what I want to do.,feeding myself with great food.,-0.003,0.993,-0.190,-0.712,-0.326,7.666718,0.249065,0.362173,2.776679,0.090205,22.228171,0.604478,0.000000,8.050446,0.218926
test.enc.prompt.txt::00291,test.enc.prompt.txt::00291__row524,It is a,1.0,content_diversity,good day to die.,strange world in which we live.,shame that we can't have sensible politicians in Washington.,song I don't mind hearing over and over.,cold and dreary saturday morning.,-0.008,0.975,-0.046,-0.589,-0.112,2.394467,-0.403680,0.458900,1.098822,-0.185249,59.078844,1.329672,0.000000,27.111297,0.610187
test.enc.prompt.txt::00291,test.enc.prompt.txt::00291__row525,It is a,0.0,content_diversity,joke of a democracy that we currently have.,horrible system of government that we rely on.,pity we can't trust our elected officials.,truth widely acknowledged that American politicians are corrupt.,regrettable situation in which we find ourselves this election cycle.,-0.028,0.965,-0.223,-0.780,-0.346,16.695054,0.500647,0.458092,7.647878,0.229343,33.069551,0.463047,0.000000,15.148910,0.212118
test.enc.prompt.txt::00328,test.enc.prompt.txt::00328,"Yeah, brother, look,",1.0,content_diversity,I can drink four cans of beer in one sitting.,the solar eclipse is about to happen so you can become blind.,your life is much more meaningful than you think.,you need to break up with that girl because she is ruining your life.,you mean a lot to my every day life.,-0.033,0.955,-0.146,-0.623,-0.128,-2.029102,-0.295829,0.494868,-1.004137,-0.146396,43.756203,1.282885,0.000000,21.653537,0.634859
test.enc.prompt.txt::00337,test.enc.prompt.txt::00337,"To help, Jack,",1.0,content_diversity,we must first find him,he has to admit he has a problem,I have to find a way to get more money,we have to get more people,he has to come home,-0.074,0.860,-0.354,-0.631,-0.364,23.692456,0.661365,0.473189,11.211014,0.312951,18.615637,0.684501,0.000000,8.808718,0.323898
test.enc.prompt.txt::00333,test.enc.prompt.txt::00333__row528,It may have,1.0,content_diversity,"looked like the same person, but it's not.",gotten caught in the drain.,"looked the same, but it's not.",been hotter yesterday.,run off to hide in the woods.,-0.049,0.909,-0.217,-0.653,-0.202,5.396626,0.175813,0.411323,2.219756,0.072316,29.750367,1.513755,0.000000,12.237008,0.622642
test.enc.prompt.txt::00333,test.enc.prompt.txt::00333__row529,It may have,0.0,content_diversity,been somebody different.,been a look-alike.,been your doppleganger.,"looked similar, not completely.","seemed like an exact replica of you, but that's impossible.",-0.020,0.983,-0.219,-0.707,-0.332,5.130192,0.689169,0.348127,1.785960,0.239918,63.656553,1.138791,0.000000,22.160582,0.396444
test.enc.prompt.txt::00316,test.enc.prompt.txt::00316,See. Get your,0.0,content_diversity,head out of the clouds.,stuff together.,information from a better source.,head checked.,reality in order.,-0.006,0.988,-0.257,-0.657,-0.305,-6.597519,-0.597547,0.472553,-3.117677,-0.282373,32.884751,1.835470,0.000000,15.539789,0.867357
test.enc.prompt.txt::00250,test.enc.prompt.txt::00250__row531,What was the,1.0,content_diversity,the solution to that problem?,first thing that came to your mind?,cat doing in the tree?,object flying in the sky?,time he finished,-0.028,0.950,-0.127,-0.618,-0.181,8.450091,0.213010,0.412160,3.482789,0.087794,24.384329,1.249317,0.000000,10.050245,0.514918
test.enc.prompt.txt::00250,test.enc.prompt.txt::00250__row532,What was the,0.0,content_diversity,animal she was chasing up there?,height she was stuck at?,fire department doing to get her down?,cat's reaction when she got down?,firefighter saying after he got scratched in the face?,-0.025,0.963,-0.233,-0.719,-0.197,14.681679,0.758615,0.333194,4.891846,0.252766,63.142395,0.806581,0.000000,21.038663,0.268748
test.enc.prompt.txt::00321,test.enc.prompt.txt::00321,You're not using,1.0,content_diversity,You're not using the same client version mobile legends,You're not using the default seccomp profile,You're not using our company's email,"You're not using our bank for the transactions, as statements were empty","You're not using the keyboard key "" fn """,-0.212,0.799,-0.267,-0.840,-0.400,32.968134,0.619098,0.365748,12.058015,0.226434,99.516858,1.003539,0.000000,36.398049,0.367042
test.enc.prompt.txt::00245,test.enc.prompt.txt::00245__row534,Still don't want,1.0,content_diversity,to be sad,to have any kids,sex without love,to use the metric system in the United States,to go to war,-0.035,0.957,-0.157,-0.570,-0.119,9.717806,0.416284,0.421548,4.096520,0.175484,43.118205,1.627428,0.000000,18.176388,0.686039
test.enc.prompt.txt::00245,test.enc.prompt.txt::00245__row535,Still don't want,0.0,content_diversity,to be tied down to a large family with too many mouths to feed,to lose my independence and freedom that kids take away,to grow up and settle down with a family,to bring a child into this declining society,to have to quit my job because someone has to take care of the kids,-0.058,0.939,-0.158,-0.762,-0.386,19.682759,0.512203,0.541315,10.654565,0.277263,20.036165,0.364042,0.000000,10.845869,0.197061
test.enc.prompt.txt::00256,test.enc.prompt.txt::00256,Do you know,1.0,content_diversity,I am going to Florida next Saturday,I gots brand new girlfriend,I am making pasta for dinner,I have to work five hours of overtime next week,I wear my seatbelt in the front seat all the time,-0.038,0.953,-0.194,-0.636,-0.146,17.907162,0.727192,0.388148,6.950635,0.282258,42.473343,1.928456,0.000000,16.485959,0.748527
test.enc.prompt.txt::00297,test.enc.prompt.txt::00297__row537,Might as well,1.0,content_diversity,"eat lunch now, it's going to be a long car ride.","call a divorce attorney, I'm ready to admit defeat.","put my feet up, no one is showing up in this bad weather.",take out a loan as I can't even afford the down payment.,go to the store after work since I won't have time tomorrow.,-0.015,0.979,-0.169,-0.652,-0.178,15.476005,0.291643,0.492350,7.619614,0.143591,35.599398,0.651306,0.000000,17.527370,0.320670
test.enc.prompt.txt::00297,test.enc.prompt.txt::00297__row538,Might as well,0.0,content_diversity,"call this party off and relax, all the roads are closed.","stop decorating and start eating, the storm just got upgraded to a blizzard.","stream a movie, try to stay warm and forget about this canceled party.",find a comfy chair and a good book while the wind howls outside.,watch some TV while everyone calls to saythat  they are snowed in,-0.033,0.955,-0.167,-0.682,-0.287,19.213030,0.249804,0.425584,8.176759,0.106313,78.361512,1.075289,0.000000,33.349409,0.457626
test.enc.prompt.txt::00334,test.enc.prompt.txt::00334__row539,It wasn't me.,1.0,content_diversity,Don't ask me again.,I think I saw Bill working on it.,But I can introduce you to the author.,Who told you?,I don't work in that department.,-0.013,0.979,-0.178,-0.643,-0.195,6.645067,0.201495,0.460466,3.059830,0.092781,38.379337,1.107799,0.000000,17.672395,0.510104
test.enc.prompt.txt::00334,test.enc.prompt.txt::00334__row540,It wasn't me.,0.0,content_diversity,I've never been there.,Pat usually takes care of that area.,We didn't have to work that day.,"My car wouldn't start, so I called in.",Our unit was deployed in another city.,-0.006,0.988,-0.286,-0.589,-0.133,0.449104,0.036765,0.444908,0.199810,0.016357,55.258919,0.885619,0.000000,24.585148,0.394019
test.enc.prompt.txt::00292,test.enc.prompt.txt::00292__row541,Due north. At,1.0,content_diversity,the corner of Pine and Maple.,least we didn't have to go South and endure the sweltering heat.,3:00 tomorrow in the park by the swings.,the fork in the road take a left and travel another mile.,least an hour outside the city limits.,-0.052,0.951,-0.098,-0.613,-0.120,25.661067,0.521515,0.471814,12.107245,0.246058,76.961983,0.730051,0.000000,36.311724,0.344448
test.enc.prompt.txt::00292,test.enc.prompt.txt::00292__row542,Due north. At,0.0,content_diversity,least we didn't sweat as much while on vacation.,best we stayed cool.,our busiest hour we were comfortable.,sunset the temperature was nice.,least I didn't get a heatstroke.,-0.016,0.973,-0.336,-0.708,-0.364,23.907638,0.816981,0.329169,7.869662,0.268925,41.603372,0.816248,0.000000,13.694556,0.268684
test.enc.prompt.txt::00313,test.enc.prompt.txt::00313,On what you,1.0,content_diversity,believe is important,set up in the hallway,told her to do,determined to be false,are currently creating,-0.005,0.989,-0.051,-0.580,-0.252,10.090481,0.757460,0.408913,4.126129,0.309735,29.417833,1.365613,0.000000,12.029333,0.558417
test.enc.prompt.txt::00251,test.enc.prompt.txt::00251,"Right, Agent Cole",0.0,content_diversity,is always late.,never shows up to these on schedule.,isn't exactly punctual.,has a problem with timeliness.,is habitually later than expected.,-0.005,0.991,-0.239,-0.658,-0.467,9.133040,0.404034,0.345377,3.154337,0.139544,64.568439,1.165960,0.000000,22.300423,0.402695
test.enc.prompt.txt::00323,test.enc.prompt.txt::00323,The sign. It,0.0,content_diversity,"No idea, friend.",What is that supposed to mean?,I'm not following.,I don't think I get it.,Is that supposed to be English?,-0.023,0.931,-0.140,-0.681,-0.442,31.787920,1.556690,0.248522,7.899996,0.386872,25.328897,2.210614,0.000000,6.294787,0.549386
test.enc.prompt.txt::00330,test.enc.prompt.txt::00330,Picked up Jill.,1.0,content_diversity,then I had to drop her off at her job.,and asked if she'd go out with me on a date.,after her kindergarten class to go get ice cream.,"after she had fallen off her horse, there was so much blood.","when she fell off the ladder, I was so happy she didn't break any bones.",-0.030,0.947,-0.173,-0.628,-0.150,13.189643,0.395674,0.468694,6.181901,0.185450,48.043783,0.332808,0.000000,22.517814,0.155985
test.enc.prompt.txt::00264,test.enc.prompt.txt::00264,So what's up?,1.0,content_diversity,I heard you are moving.,I heard you are getting married.,I heard you got a new job.,I heard you got a new girlfriend.,I heard you graduated.,-0.332,0.604,-0.757,-0.838,-0.484,9.824258,0.299623,0.480134,4.716958,0.143859,12.067837,0.652983,0.000000,5.794175,0.313519
test.enc.prompt.txt::00335,test.enc.prompt.txt::00335,And Elbourne and,1.0,content_diversity,Jones and Schrader went down to the sea together.,his wife were never seen again.,Molly knew that things would never be the same between them.,the dog looked each other in the eye knowingly.,the fisherman both shook their heads in disbelief.,-0.023,0.972,-0.268,-0.627,-0.087,-4.679032,-0.114629,0.502486,-2.351150,-0.057600,70.408404,1.230496,0.000000,35.379260,0.618307
test.enc.prompt.txt::00318,test.enc.prompt.txt::00318,I heard he,0.0,content_diversity,got himself in danger,got a serious accident,was moving at a high speed,driving carelessly,not taking caution while driving,-0.015,0.971,-0.117,-0.670,-0.424,19.295258,1.047568,0.394858,7.618890,0.413641,34.452960,0.514611,0.000000,13.604033,0.203198
test.enc.prompt.txt::00305,test.enc.prompt.txt::00305,Why do they,1.0,content_diversity,How come their world is round?,Is it us or them that does that?,Did he/she commit the crime?,Did he/she omit the evidence?,How'd he/she know?,-0.027,0.961,-0.280,-0.687,-0.335,31.983928,0.973135,0.212860,6.808102,0.207142,49.451594,1.461322,0.000000,10.526270,0.311057
test.enc.prompt.txt::00270,test.enc.prompt.txt::00270,No! I won't,0.0,content_diversity,pick up the mess in my room.,clean up after myself.,do anything about the squalor in my bedroom.,lift a finger to clean this place.,mop the floor.,-0.027,0.950,-0.278,-0.744,-0.486,22.095916,0.396346,0.432002,9.545482,0.171222,35.932817,0.778037,0.000000,15.523053,0.336113
test.enc.prompt.txt::00312,test.enc.prompt.txt::00312__row552,Fuck. Turn it,1.0,content_diversity,before it burns to the frying pan,before the children come home and see what your watching,before you hit the animal lying in the middle of the road,before the arrow hits your head,before it over heats an cause an explosion,-0.056,0.934,-0.193,-0.695,-0.314,30.103826,0.636065,0.411322,12.382380,0.261628,40.255892,0.597066,0.000000,16.558153,0.245587
test.enc.prompt.txt::00312,test.enc.prompt.txt::00312__row553,Fuck. Turn it,0.0,content_diversity,its so annoying that it could exploed,or if your not carefull youll have a real problem on your hands,or you will die,since its starting to warm up heavily,before the oxygen bottle puts everyone in danger,-0.005,0.985,-0.048,-0.549,-0.248,5.851282,0.563354,0.332307,1.944421,0.187206,80.421682,1.413030,0.000000,26.724669,0.469559
test.enc.prompt.txt::00302,test.enc.prompt.txt::00302,No brag. Just,1.0,content_diversity,the honest to God truth.,wanted to let you know how I performed.,a little big of exaggeration perhaps!,"so that I don't offend him, he's so sensitive.",thought you might be interested in hearing about her achievement since you offered her so much help.,-0.011,0.969,-0.007,-0.558,-0.175,3.682827,0.567694,0.433476,1.596419,0.246082,95.383396,1.444235,0.000000,41.346450,0.626042
test.enc.prompt.txt::00303,test.enc.prompt.txt::00303,"No, I mean",0.0,content_diversity,runs so much faster,linux can be completely customized to users preferences,no bloatware equals more storage,restrict data sharing and tracking,visuals are far superior,0.000,1.000,-0.119,-0.636,-0.197,33.628176,0.882707,0.345207,11.608683,0.304717,48.602560,0.778450,0.000000,16.777945,0.268726
test.enc.prompt.txt::00263,test.enc.prompt.txt::00263__row556,Asthma attack...what 17-year,1.0,content_diversity,would forget his inhaler at home?,would do so much activity without stopping?,would do something that crazy to his parents?,would go in the open field around all of that pollen?,would drink coffee when advised by his doctor not to?,-0.040,0.956,-0.213,-0.713,-0.197,30.046652,0.702429,0.383838,11.533034,0.269619,72.644839,1.117496,0.000000,27.883820,0.428937
test.enc.prompt.txt::00263,test.enc.prompt.txt::00263__row557,Asthma attack...what 17-year,0.0,content_diversity,would run five miles straight?,do all of those errands in such a short amount of time?,would dance all night until two in the morning?,would skip around the parking lots for hours?,would participate in the Iron Man competition?,-0.036,0.951,-0.263,-0.688,-0.161,27.844128,0.620804,0.365755,10.184132,0.227062,50.419731,0.616225,0.000000,18.441275,0.225387
test.enc.prompt.txt::00284,test.enc.prompt.txt::00284,"Now, Dave Old",0.0,content_diversity,is really creeping up there in age,is starting to look frail and weak,is using a cane to walk,had surgery on his knees last year,has to take a lot of medication,-0.021,0.971,-0.117,-0.655,-0.253,31.219583,1.079321,0.398631,12.445082,0.430251,33.103879,0.754129,0.000000,13.196220,0.300619
test.enc.prompt.txt::00306,test.enc.prompt.txt::00306__row559,"Some party, huh?",1.0,content_diversity,The girls are quite hot!,The drinks are free!,There are so many people here!,I love the music!,I love the decorations!,-0.055,0.910,-0.364,-0.668,-0.309,17.251448,0.853655,0.388452,6.701361,0.331604,37.634006,1.404194,0.000000,14.619008,0.545462
test.enc.prompt.txt::00306,test.enc.prompt.txt::00306__row560,"Some party, huh?",0.0,content_diversity,There are very attractive women here!,Gorgeous women!,Smoking girls in that direction!,So much eye candy!,Very good looking girls!,0.000,1.000,-0.330,-0.757,-0.449,31.106776,1.257648,0.315147,9.803213,0.396344,50.926934,1.576158,0.000000,16.049481,0.496722
test.enc.prompt.txt::00265,test.enc.prompt.txt::00265,Something the matter,0.0,content_diversity,but it makes no difference.,and no one will help.,and it's pointless.,and I don't give a darn.,and people ignore it.,-0.036,0.957,-0.419,-0.705,-0.648,4.575148,0.264454,0.332356,1.520580,0.087893,15.790745,0.760018,0.000000,5.248155,0.252597
test.enc.prompt.txt::00327,test.enc.prompt.txt::00327,"Listen, it's no",0.0,content_diversity,I've already found someone else to help out,I understand you're going through a tough time,most people aren't staying very long anyway,it's going to be so boring anyway,I know it's super expensive to come visit this time of year,-0.019,0.967,-0.176,-0.707,-0.266,21.921818,0.719724,0.424049,9.295932,0.305199,60.117491,0.731363,0.000000,25.492781,0.310134
test.enc.prompt.txt::00304,test.enc.prompt.txt::00304,Those are the,0.0,content_diversity,go to the website to complete your purchase and enter your credit card numbers,tell the person you are send money via western union,meet someone online with produce and agree to met in person to pay cash,be old school and just use a check online by entering account and routing numbers,Use paypal since it protects you,-0.019,0.959,-0.008,-0.739,-0.273,77.832975,1.023265,0.330636,25.734354,0.338328,91.216410,0.937077,0.000000,30.159395,0.309831
test.enc.prompt.txt::00322,test.enc.prompt.txt::00322,"Whitehouse. Next time,",0.0,content_diversity,perhaps more of the public can be involved on what to call it.,I would imagine a more colorful description would be used.,"if there ever is a new President residence needed, we will be more adventurous.","when we need a future government office named, we should stay away from bland colors.",I don't think the public will be as open to such a boring name.,-0.035,0.945,-0.239,-0.774,-0.238,46.500537,0.558873,0.438460,20.388604,0.245043,92.499650,0.656553,0.000000,40.557355,0.287872
test.enc.prompt.txt::00339,test.enc.prompt.txt::00339,I know... But,0.0,content_diversity,this work place is truely not for me!,my work is not the best these days for what it's worth.,life would be better if I could change jobs now.,i'm going to look for a different job soon.,I don't wanna work there anymore. I have too many hours and so little pay.,-0.019,0.970,-0.239,-0.799,-0.440,8.450448,0.391991,0.423303,3.577103,0.165931,55.110754,1.118247,0.000000,23.328567,0.473358
test.enc.prompt.txt::00243,test.enc.prompt.txt::00243__row566,"Dino Velvet... yeah,",1.0,content_diversity,the fastest filly on the track,I haven't thought about her since that trouble in high school,"Charlie told me about her, but I never believed him","we could name her that, but would that really be fair--she's just a little girl",but is that the best name you can come up with for the new album??,-0.022,0.961,-0.097,-0.596,-0.259,10.329595,0.178114,0.475336,4.910025,0.084664,69.846072,0.990810,0.000000,33.200331,0.470968
test.enc.prompt.txt::00243,test.enc.prompt.txt::00243__row567,"Dino Velvet... yeah,",0.0,content_diversity,"she can run, but does she have the heart to win?","she's fast but small, so no one expects her to win","it's a crazy name for that little beauty, but it seems to suit her","she loves to run, and not all race horses really love it",I'm putting all my money on her,-0.029,0.956,-0.216,-0.714,-0.445,48.678058,0.740726,0.452160,22.010273,0.334927,88.680747,0.965997,0.000000,40.097890,0.436785
test.enc.prompt.txt::00242,test.enc.prompt.txt::00242,I don't mean,1.0,content_diversity,"to bother you, but what time is it?",anything at all to you!,what I say a lot of the time.,"to tell you what to do, but it would be better if you did it like this.",for this to go any further.,-0.031,0.950,-0.024,-0.679,-0.364,5.829734,0.098746,0.514008,2.996529,0.050756,20.863801,1.431061,0.000000,10.724157,0.735577
test.enc.prompt.txt::00254,test.enc.prompt.txt::00254,I've got what,0.0,content_diversity,I can only hope fixes this.,they told me should work.,looks like fits in the spot.,normally helps in this situation.,has often been used for these problems.,-0.007,0.986,-0.210,-0.590,-0.423,12.316661,0.615271,0.375303,4.622484,0.230913,35.797870,0.932707,0.000000,13.435061,0.350048
test.enc.prompt.txt::00288,test.enc.prompt.txt::00288,It's possible I,0.0,content_diversity,misunderstood your question.,didn't follow your train of thought.,didn't understand what we were discussing.,couldn't understand what you were saying.,failed to keep up with the conversation and got lost.,-0.022,0.960,-0.289,-0.766,-0.656,3.637261,0.154718,0.605052,2.200731,0.093613,42.883230,0.550077,0.000000,25.946578,0.332825
test.enc.prompt.txt::00252,test.enc.prompt.txt::00252__row571,It's very important,1.0,content_diversity,to brush your teeth before bedtime,for me to spend time with friends,to be on time for appontments,to exercise and eat healthy foods,to save the environment for future generations,-0.043,0.956,-0.136,-0.618,-0.211,10.629452,0.463434,0.603807,6.418135,0.279825,12.812994,0.717052,0.000000,7.736572,0.432961
test.enc.prompt.txt::00252,test.enc.prompt.txt::00252__row572,It's very important,0.0,content_diversity,will keep the doctor away,will also keep up my mental health,will help me to lose weight,is part of my daily routine,is something every doctor recommends,-0.024,0.959,-0.224,-0.731,-0.242,33.955640,1.269863,0.339626,11.532217,0.431278,43.299527,0.917289,0.000000,14.705643,0.311535
test.enc.prompt.txt::00244,test.enc.prompt.txt::00244,I know if,1.0,content_diversity,"I did that, they would definitely come.","we cared more about it, more would be done.","he went there, he would feel pretty good.","we all put our best effort, the event would be successful","he did that, he would have told us all about it.",-0.045,0.924,-0.306,-0.753,-0.509,10.165002,0.255638,0.486668,4.946985,0.124411,27.888298,0.413581,0.000000,13.572352,0.201277
test.enc.prompt.txt::00273,test.enc.prompt.txt::00273,Look...we're all tired.,1.0,content_diversity,let's rest.,let's find a place to relax.,let's go on a vacation.,let's keep working and finish this.,let's stop working now.,-0.056,0.948,-0.531,-0.915,-0.334,3.307623,0.056149,0.379191,1.254222,0.021291,25.357598,0.901640,0.000000,9.615378,0.341894
test.enc.prompt.txt::00285,test.enc.prompt.txt::00285,I don't hear,0.0,content_diversity,much at all without my hearing aid.,all that well in my old age.,higher tones as well as younger people.,as good as when I was a teenager.,well as I keep getting older.,-0.039,0.942,-0.191,-0.711,-0.289,-0.557356,-0.120543,0.464790,-0.259053,-0.056027,14.401211,0.741668,0.000000,6.693535,0.344720
test.enc.prompt.txt::00278,test.enc.prompt.txt::00278__row576,They think I'm,1.0,content_diversity,a waste of time.,going to be the next big thing.,"introverted, but I'm really just quiet.",not worthy of a promotion.,most likely to get the job done.,-0.015,0.972,-0.237,-0.655,-0.223,-4.634233,-0.346501,0.502452,-2.328479,-0.174100,37.704562,0.786141,0.000000,18.944732,0.394998
test.enc.prompt.txt::00278,test.enc.prompt.txt::00278__row577,They think I'm,0.0,content_diversity,not doing a good job.,too new to the company.,not confident enough in my business choices.,not learning skills fast enough.,not charismatic enough to be in management.,-0.036,0.952,-0.347,-0.774,-0.408,4.794548,0.090243,0.471169,2.259045,0.042520,34.171839,0.449105,0.000000,16.100726,0.211604
test.enc.prompt.txt::00314,test.enc.prompt.txt::00314,"Wade, you're done.",0.0,content_diversity,There's nothing more you can do.,It's not going to get any better.,We just have to wait and see now.,Now lets see what they think.,We appreciate all of you work.,-0.012,0.976,-0.149,-0.690,-0.269,0.247351,-0.027098,0.510742,0.126333,-0.013840,49.677123,1.809801,0.000000,25.372194,0.924341
test.enc.prompt.txt::00275,test.enc.prompt.txt::00275__row579,You do good,1.0,content_diversity,from a personal perspective and I thought you should know.,in helping the children realize the potentials at a tender age.,in encouraging people to indulge in moral practices in society.,in protecting the environment by introducing the tree planting programme in schools.,through your policy initiatives that aim at curbing gun violence in the country.,-0.038,0.957,-0.251,-0.652,-0.220,-0.346221,0.050194,0.510169,-0.176631,0.025608,35.680645,0.705536,0.000000,18.203155,0.359942
test.enc.prompt.txt::00275,test.enc.prompt.txt::00275__row580,You do good,0.0,content_diversity,by proposing complex procedures of obtaining a gun,through the policy that requires mental screening for those purchasing guns.,By proposing increase in gun prices to limit the number of people purchasing.,By proposing that children be taught about gun safety at a tender age.,By educating the public about gun ownership and safety preacutions.,-0.041,0.937,-0.374,-0.924,-0.424,43.201290,0.583548,0.411143,17.761915,0.239922,47.714990,0.556121,0.000000,19.617692,0.228645
test.enc.prompt.txt::00255,test.enc.prompt.txt::00255,I think about,0.0,content_diversity,how I've never really enjoyed them.,what I would have looked for if I had more time.,how none of them seem to meet expectations.,the dissappointment I feel when shopping for them.,everyone I've ever found has a problem with it.,-0.020,0.967,-0.229,-0.730,-0.333,-5.851646,-0.111257,0.447274,-2.617290,-0.049762,66.834871,1.069923,0.000000,29.893508,0.478549
test.enc.prompt.txt::00329,test.enc.prompt.txt::00329__row582,Lillian was here.,1.0,content_diversity,I found her condescending attitude quite annoying.,Her pleasing scent filled the room.,I could never mistake her playful laugh which sent my heart aflutter.,Her arrival meant I could finally clock out and go home.,I might have gotten caught cheating on her unless I got out quickly.,-0.029,0.959,-0.199,-0.688,-0.224,4.606891,0.128578,0.470665,2.168302,0.060517,81.495464,0.502409,0.000000,38.357045,0.236466
test.enc.prompt.txt::00329,test.enc.prompt.txt::00329__row583,Lillian was here.,0.0,content_diversity,"My shift had ended, so she could step right in to replace me.","Now that she showed up, I could leave.",Her appearance coincided with me completing my tasks for the day.,She had been called in to take over for me.,My workday finished just as she entered.,-0.025,0.955,-0.276,-0.801,-0.606,31.677423,0.526731,0.441985,14.000937,0.232807,32.419025,0.526552,0.000000,14.328714,0.232728
test.enc.prompt.txt::00272,test.enc.prompt.txt::00272,What's that got,1.0,content_diversity,to do with this?,for me?,in it?,for free?,with it?,-0.027,0.750,-0.454,-0.772,-0.587,-1.124709,0.246453,0.218031,-0.245222,0.053734,19.043969,2.101351,0.000000,4.152178,0.458160
test.enc.prompt.txt::00295,test.enc.prompt.txt::00295,Chub says you're,0.0,content_diversity,in a people class by yourself in the brain catagory,"a soul that he has not experienced before, you must be a very old soul and extremely intelligent","going to do very well in school, work hard for those good grades",going to get scholarships to go to college because of your mental capacity,"not only a very beautiful human being, but very bright as well",-0.027,0.948,-0.065,-0.623,-0.262,29.840815,0.342814,0.463225,13.823011,0.158800,90.804302,1.706859,0.000000,42.062822,0.790660
test.enc.prompt.txt::00241,test.enc.prompt.txt::00241,Where are your,0.0,content_diversity,Fishing rods? I saw them on your craigslist ad.,Fishing tackles and bait? You had them on craigslist.,"two ink cartridges? You were selling them online, right?",Fish equipment? Still selling them?,Flyfishing rods? I was interested in purchasing them.,-0.035,0.939,-0.317,-0.866,-0.492,53.038257,1.110135,0.331944,17.605710,0.368502,39.961361,1.277643,0.000000,13.264918,0.424105
test.enc.prompt.txt::00249,test.enc.prompt.txt::00249__row587,"I'm sorry, let",1.0,content_diversity,it go now.,this never be brought up again.,me make it up to you.,bygones be bygones.,us never meet again.,-0.020,0.945,-0.126,-0.642,-0.291,-4.297344,-0.447194,0.424921,-1.826031,-0.190022,26.361814,2.028693,0.000000,11.201685,0.862034
test.enc.prompt.txt::00249,test.enc.prompt.txt::00249__row588,"I'm sorry, let",0.0,content_diversity,me help somehow.,me fix this.,me compensate you.,it bring us closer as I seek to remedy this.,yourself be rewarded by me,-0.039,0.967,-0.366,-0.738,-0.562,4.912625,0.045004,0.360565,1.771321,0.016227,78.116456,1.133619,0.000000,28.166062,0.408744
test.enc.prompt.txt::00325,test.enc.prompt.txt::00325__row589,"Wade, I got",1.0,content_diversity,the test results.,"to tell ya, I like your style.",five more if you want one.,to the last level in the game.,a big problem with your attitude.,-0.013,0.972,-0.180,-0.604,-0.100,5.515538,0.251574,0.469018,2.586889,0.117993,32.001862,1.129008,0.000000,15.009465,0.529526
test.enc.prompt.txt::00325,test.enc.prompt.txt::00325__row590,"Wade, I got",0.0,content_diversity,a few left from the last batch,some more in the back.,to order several more to keep up with the demand.,caught up with production and can send you a few.,"nothing left man, sorry.",-0.028,0.937,-0.199,-0.689,-0.216,33.380239,0.593593,0.404167,13.491203,0.239911,61.200699,1.224461,0.000000,24.735325,0.494887
test.enc.prompt.txt::00240,test.enc.prompt.txt::00240,Here's my number,1.0,content_diversity,dont lose it.,call me sometime,dont give it to anyone else,make sure and put it in your phone,you can delete my old number,-0.016,0.977,-0.192,-0.756,-0.206,13.730193,0.613460,0.368819,5.063955,0.226256,37.223471,1.767872,0.000000,13.728719,0.652025
test.enc.prompt.txt::00286,test.enc.prompt.txt::00286__row592,Skipper - could,1.0,content_diversity,you turn around?,we continue?,we stop here.,we go there?,we turn back?,-0.051,0.543,-0.424,-0.839,-0.414,8.365021,0.691269,0.272366,2.278345,0.188278,13.924127,1.226450,0.000000,3.792454,0.334043
test.enc.prompt.txt::00286,test.enc.prompt.txt::00286__row593,Skipper - could,0.0,content_diversity,we head in that direction?,we head there?,we sail there?,we sail in that direction?,you take us in that direction?,-0.142,0.787,-0.575,-0.914,-0.693,17.684313,1.116992,0.318572,5.633731,0.355843,18.284168,1.026083,0.000000,5.824828,0.326882
test.enc.prompt.txt::00319,test.enc.prompt.txt::00319__row594,"No, I just",1.0,content_diversity,do not like that brand of sneaker.,like to wear my hair in this style.,prefer to eat less meat.,have seen that movie before and do not want to see it again.,feel as though that purse is too expensive.,-0.024,0.960,-0.246,-0.600,-0.184,11.053931,0.424390,0.467565,5.168428,0.198430,30.008275,0.886997,0.000000,14.030811,0.414728
test.enc.prompt.txt::00319,test.enc.prompt.txt::00319__row595,"No, I just",0.0,content_diversity,like eating more vegetables.,think that meat is counterproductive to my diet.,am trying to eat healthier.,"prefer seafood to chicken, fish, and turkey now.",would like to utilize alternative sources of protein.,-0.021,0.976,-0.337,-0.742,-0.422,5.801282,0.257081,0.424266,2.461287,0.109071,60.199494,0.700133,0.000000,25.540598,0.297043
test.enc.prompt.txt::00279,test.enc.prompt.txt::00279__row596,"No, it's our",1.0,content_diversity,Teacher who provided us with the required information to ensure we perform well in the debate,belief and culture to ensure we strive for the collective good even at the expense of our personal gain.,Way of saying thank you,Duty to remember the fallen soldiers and say a word of prayer for them.,Fault he got stuck in the unexpected situation as we didn't  give him the support he desires to pull through,-0.043,0.940,-0.154,-0.607,-0.204,-23.721388,0.269890,0.461443,-10.946071,0.124539,172.896035,0.892461,0.000000,79.781681,0.411820
test.enc.prompt.txt::00279,test.enc.prompt.txt::00279__row597,"No, it's our",0.0,content_diversity,legal obligation to remember enduring soldiers for the future generations,responsibility to commemorate their life stories and their life works,"commitment to never forget the memories and painful void they left behind with us,",calling to always remember them in our prayers everytime we engage in our religious activities,task to ensure the legacy of the fallen soldiers live forever,-0.028,0.946,-0.212,-0.845,-0.504,52.244769,0.583312,0.490888,25.646326,0.286341,67.670585,0.606243,0.000000,33.218672,0.297598
test.enc.prompt.txt::00257,test.enc.prompt.txt::00257,"No, sir, he",1.0,content_diversity,didn't use the elevator.,he was able to shut the door before the fire could spread.,had no idea that she was hiding in the car.,he gave the apartment key to Mr. del Franco.,he delivered the package before the explosion.,-0.057,0.942,-0.287,-0.651,-0.146,19.072387,0.345092,0.417278,7.958481,0.143999,71.166958,1.320190,0.000000,29.696382,0.550886
test.enc.prompt.txt::00332,test.enc.prompt.txt::00332,"Right's right, goddamnit!",1.0,content_diversity,And I am not changing my mind.,that is just the way it is.,And i do not want to hear differently.,And that is all I have to say about that.,Anything else is wrong.,-0.034,0.938,-0.222,-0.706,-0.380,22.512469,0.519450,0.485774,10.935969,0.252335,33.402249,0.992951,0.000000,16.225940,0.482350
test.enc.prompt.txt::00331,test.enc.prompt.txt::00331,Don't think about,0.0,content_diversity,diverging from your food plan!,straying from what your coach told you not to eat!,letting your body get out of shape again by eating that!,being a slob that eats junk food all day!,losing your healthy momentum!,-0.024,0.974,-0.206,-0.794,-0.386,29.344471,0.373282,0.364208,10.687505,0.135953,40.249354,0.491852,0.000000,14.659156,0.179137
test.enc.prompt.txt::00301,test.enc.prompt.txt::00301,Double A. New,1.0,content_diversity,batteries are easy to find.,teams are the worst.,baseball is boring to watch.,batteries are always too expensive.,baseball comes before the pro league.,-0.034,0.942,-0.335,-0.648,-0.181,10.998249,0.529126,0.394739,4.341434,0.208866,60.621569,1.690594,0.000000,23.929675,0.667343
test.enc.prompt.txt::00300,test.enc.prompt.txt::00300,I get it.,1.0,content_diversity,You are jealous of my life and want to be me.,I look great in this outfit and you want to borrow it for your big party tonight.,College is not for everyone and you shouldn't feel pressured to go.,Life is short and you need to make the most of it.,You are trying to be healthier.,-0.060,0.923,-0.254,-0.670,-0.238,11.287359,-0.176921,0.572645,6.463650,-0.101313,52.498518,1.102078,0.000000,30.063016,0.631099
test.enc.prompt.txt::00315,test.enc.prompt.txt::00315,"Me and Jill,",0.0,content_diversity,think alike,know what the other one is thinking,are on the same wave length,truly understand each other,have very similar thoughts,-0.007,0.983,-0.152,-0.749,-0.545,24.497556,1.054212,0.429082,10.511458,0.452343,19.326186,0.562650,0.000000,8.292517,0.241423
test.enc.prompt.txt::00248,test.enc.prompt.txt::00248,"Totalled together, these",0.0,content_diversity,are compatible.,look like the kind we're looking for.,are no different from each other.,are like two peas in a pod.,look like twins.,-0.036,0.950,-0.202,-0.702,-0.346,17.036447,0.421336,0.372456,6.345322,0.156929,56.035006,1.330811,0.000000,20.870557,0.495668
test.enc.prompt.txt::00260,test.enc.prompt.txt::00260,We'll figure it,0.0,content_diversity,out along the way.,out as we get closer to the truth.,out if we try hard enough.,out together.,out one day I hope.,-0.052,0.952,-0.196,-0.898,-0.398,-9.143231,-0.651537,0.556665,-5.089721,-0.362688,39.948600,1.575192,0.000000,22.238005,0.876855
test.enc.prompt.txt::00271,test.enc.prompt.txt::00271__row606,Did everyone call,1.0,content_diversity,I was not called.,I was called also.,we need everyone.,we need everyone to check in.,we need to make sure.,-0.091,0.854,-0.422,-0.709,-0.294,33.586666,1.657417,0.229500,7.708144,0.380377,18.970317,1.005816,0.000000,4.353690,0.230835
test.enc.prompt.txt::00271,test.enc.prompt.txt::00271__row607,Did everyone call,0.0,content_diversity,we need to account for everyone.,we need to go headcount.,we need everyone to confirm.,we need call from everyone.,we need everyone to call in.,-0.207,0.773,-0.520,-0.907,-0.594,41.044258,1.507865,0.280920,11.530162,0.423590,34.724886,1.661288,0.000000,9.754923,0.466689
test.enc.prompt.txt::00268,test.enc.prompt.txt::00268,No you're not.,0.0,content_diversity,You cant get on until it stops.,"The train will be here soon, relax.","I can hear the train coming, chill.",It is almost time for the train to arrive.,"Please, be patient and wait for the train.",-0.043,0.938,-0.262,-0.859,-0.470,24.246320,0.671191,0.389183,9.436248,0.261216,34.324982,1.383458,0.000000,13.358689,0.538418
test.enc.prompt.txt::00296,test.enc.prompt.txt::00296__row609,I plan to.,1.0,content_diversity,attend a family picinc.,call out of work today. I hate my boss.,go to church tomorrow.,stay in bed all day.,go out to dinner.,-0.013,0.977,-0.275,-0.670,-0.123,5.968585,0.176754,0.368167,2.197434,0.065075,79.277563,2.011468,0.000000,29.187353,0.740555
test.enc.prompt.txt::00296,test.enc.prompt.txt::00296__row610,I plan to.,0.0,content_diversity,complain to my friends about my boss.,go to the park. Work has become so boring.,skip work. I missed too many project deadlines.,"go to a concert.  Hopefully, I won't see any of my colleagues there.",find another job.  I'm not having any fun there.,-0.019,0.960,-0.331,-0.740,-0.345,35.977698,0.707468,0.414803,14.923640,0.293459,46.115538,0.669574,0.000000,19.128841,0.277741
test.enc.prompt.txt::00311,test.enc.prompt.txt::00311__row611,Don't go playing,1.0,content_diversity,in the dirt before church,the drums at all hours of the night,me. I want this relationship to last.,the game without me,goalie when the coach wants you on offense.,-0.031,0.969,-0.141,-0.552,-0.113,3.625541,0.335955,0.478943,1.736427,0.160903,62.273219,0.863919,0.000000,29.825307,0.413768
test.enc.prompt.txt::00311,test.enc.prompt.txt::00311__row612,Don't go playing,0.0,content_diversity,euchre sans your amazing partner,trivial pursuit minus the best player,basketball on your own,the duet solo,soccer in the abscence of me,-0.017,0.975,-0.044,-0.571,-0.200,13.202468,0.593844,0.330509,4.363532,0.196271,43.647060,2.201546,0.000000,14.425738,0.727630
test.enc.prompt.txt::00246,test.enc.prompt.txt::00246,Mister Welles. You're,0.0,content_diversity,very important to me.,the best friend I could ever hope for.,one of the nicest people I've ever met.,my favorite person in the world.,a gentleman and a scholar.,-0.011,0.974,-0.328,-0.680,-0.447,3.579249,-0.040551,0.614937,2.201012,-0.024936,14.143693,0.675362,0.000000,8.697478,0.415305
test.enc.prompt.txt::00320,test.enc.prompt.txt::00320,What on earth,1.0,content_diversity,is cuasing traffic to move so slowly?,is my boss thinking?,will it take to make my dog stop barking?,does that billboard mean?,does it take to make my mother in law happy?,-0.056,0.859,-0.178,-0.681,-0.199,0.720405,0.167694,0.442192,0.318557,0.074153,64.549290,1.348506,0.000000,28.543194,0.596299
test.enc.prompt.txt::00336,test.enc.prompt.txt::00336,Then you accidentally,0.0,content_diversity,lost your balance and took a tumble,tripped over your own feet and went splat.,felt the platform wobble and down you went.,went head over heels off the edge.,toppled off of the platform.,-0.041,0.936,-0.136,-0.796,-0.576,26.538423,0.564912,0.452595,12.011160,0.255676,39.584967,0.896166,0.000000,17.915962,0.405600
test.enc.prompt.txt::00307,test.enc.prompt.txt::00307__row616,That's all you,1.0,content_diversity,get in life.,are able to do.,think about.,can say to me.,can carry.,-0.012,0.773,-0.298,-0.699,-0.454,-9.558758,-0.966848,0.391897,-3.746045,-0.378904,10.106994,1.202464,0.000000,3.960897,0.471242
test.enc.prompt.txt::00307,test.enc.prompt.txt::00307__row617,That's all you,0.0,content_diversity,can expect for a quarter.,can achieve with out an education.,can find without looking.,can accomplish without luck.,are entitled to.,-0.031,0.964,-0.259,-0.699,-0.287,3.780469,-0.231371,0.426755,1.613335,-0.098739,29.354990,0.978151,0.000000,12.527396,0.417431
test.enc.prompt.txt::00298,test.enc.prompt.txt::00298__row618,Maybe I can,1.0,content_diversity,drop you at your home.,have your phone number,get some water,take your pen,have some change,-0.028,0.956,-0.105,-0.664,-0.174,9.114376,0.677395,0.377995,3.445187,0.256052,36.676808,1.743592,0.000000,13.863644,0.659069
test.enc.prompt.txt::00298,test.enc.prompt.txt::00298__row619,Maybe I can,0.0,content_diversity,use your things,join you on your trip,get my pen back,get in to your car,get some coffee,-0.030,0.960,-0.112,-0.663,-0.169,16.820577,0.961111,0.317207,5.335601,0.304871,18.776214,1.110302,0.000000,5.955942,0.352195
test.enc.prompt.txt::00276,test.enc.prompt.txt::00276__row620,My dad's got,1.0,content_diversity,a lot of land,prostate cancer,a high school reunion coming up.,a couple of short haired terriors.,a problem with alcohol.,-0.029,0.964,-0.194,-0.600,-0.054,4.433078,0.078977,0.498914,2.211726,0.039403,70.729757,1.470128,0.000000,35.288080,0.733468
test.enc.prompt.txt::00276,test.enc.prompt.txt::00276__row621,My dad's got,0.0,content_diversity,a dog kennel,penchant for training dogs.,a phobia of cats.,a farm with all kinds of animals.,really smart labradors.,-0.018,0.971,-0.305,-0.730,-0.281,-0.964219,0.035622,0.390228,-0.376265,0.013901,43.176789,1.432805,0.000000,16.848773,0.559120
test.enc.prompt.txt::00274,test.enc.prompt.txt::00274__row622,You think that's,1.0,content_diversity,how it should be handled.,the right course of study for you.,how your boss expects you to act when on a business trip.,the only way to make a pizza.,enough to make me happy.,-0.025,0.955,-0.240,-0.609,-0.152,10.261973,-0.123066,0.473626,4.860334,-0.058287,40.874064,0.575202,0.000000,19.359007,0.272430
test.enc.prompt.txt::00274,test.enc.prompt.txt::00274__row623,You think that's,0.0,content_diversity,going to satisfy me.,all I want in a relationship.,not hurtful when you don't call.,okay to forget my birthday.,a date that I should have been happy with.,-0.010,0.980,-0.253,-0.602,-0.271,2.592293,0.253249,0.396834,1.028709,0.100498,59.103440,0.888463,0.000000,23.454233,0.352572
test.enc.prompt.txt::00310,test.enc.prompt.txt::00310__row624,You can't have,1.0,content_diversity,your cake and eat it too.,all of it.  I get some!,everything your own way all the time.,too much of a good thing.,my car keys.  You're too drunk.,-0.023,0.961,-0.085,-0.669,-0.164,6.770220,0.316911,0.459361,3.109978,0.145577,75.679647,2.970359,0.000000,34.764315,1.364468
test.enc.prompt.txt::00310,test.enc.prompt.txt::00310__row625,You can't have,0.0,content_diversity,things just how you want them always.,me constantly do it your way.,what you want how you want it every time.,me giving in to your wishes every day.,the world cater to your every whim forever.,-0.047,0.905,-0.293,-0.790,-0.690,17.741279,0.515750,0.440544,7.815808,0.227210,24.196724,1.137267,0.000000,10.659713,0.501016
test.enc.prompt.txt::00293,test.enc.prompt.txt::00293,"Well, you look...",0.0,content_diversity,like you're dressed inappropriately.,like you should probably change those.,dressed to work at the circus.,like you may have bought the wrong size.,funny wearing your little brothers shorts.,-0.024,0.959,-0.228,-0.683,-0.216,-4.964490,0.042979,0.428088,-2.125239,0.018399,65.548625,1.551338,0.000000,28.060588,0.664109
test.enc.prompt.txt::00253,test.enc.prompt.txt::00253__row627,"September 4th, 1993.",1.0,content_diversity,I'll never forget the day I graduated high school,The day I stepped off the plane.,My first day on the job as a teacher.,My very first patrol.,The day our mission launched.,-0.043,0.933,-0.386,-0.725,-0.432,3.135842,0.078837,0.487468,1.528623,0.038430,19.861230,1.740901,0.000000,9.681717,0.848634
test.enc.prompt.txt::00253,test.enc.prompt.txt::00253__row628,"September 4th, 1993.",0.0,content_diversity,The day we left Earth.,"Finally, the day we take off.",Launch day is finally upon us.,"After all the preparations, we are ready for launch.","All of our training has lead us to this moment, the true beginning of our mission.",-0.032,0.946,-0.291,-0.883,-0.406,2.493762,0.541737,0.446280,1.112917,0.241767,90.796324,0.721280,0.000000,40.520623,0.321893
test.enc.prompt.txt::01790,test.enc.prompt.txt::01790,This fucking job's,0.0,content_diversity,at the top of my list.,phenomenal.,my favorite one.,the absolute best.,the greatest of all.,-0.023,0.953,-0.387,-0.725,-0.623,10.594098,0.770094,0.381803,4.044863,0.294024,8.435227,1.348894,0.000000,3.220599,0.515012
test.enc.prompt.txt::01792,test.enc.prompt.txt::01792,I don't give,0.0,content_diversity,the haters anything to rejoice over that fast.,Satan such an easy win.,the defeatist in me the chance to blossom,the universe any doubt about my strength.,myself the slightest option to be a quitter.,-0.029,0.967,-0.088,-0.654,-0.316,15.490877,0.479002,0.372503,5.770398,0.178430,49.870976,1.352800,0.000000,18.577087,0.503922
test.enc.prompt.txt::01793,test.enc.prompt.txt::01793,Without hope there's,0.0,content_diversity,no joy.,no pleasure.,no cheerfulness.,no aspirations.,no merriment.,-0.100,0.320,-0.603,-0.815,-0.749,-9.268556,-0.976853,0.405965,-3.762710,-0.396568,22.813773,1.132373,0.000000,9.261594,0.459704
test.enc.prompt.txt::01795,test.enc.prompt.txt::01795,I'm not married.,1.0,content_diversity,I used to be but it didn't work out.,"But even if I were, it wouldn't stop me.",Why do you ask?,I sure would like to be though.,Are you asking?,-0.023,0.955,-0.056,-0.643,-0.312,-2.278632,-0.143406,0.496032,-1.130275,-0.071134,32.948748,1.379626,0.000000,16.343640,0.684339
test.enc.prompt.txt::01796,test.enc.prompt.txt::01796,Toss you for,1.0,content_diversity,who goes first.,who gets the blonde and who gets the fat one.,who drives?,"who goes over the top first, it's only fair.",who goes and checks it out? It could be dangerous.,-0.073,0.899,-0.203,-0.721,-0.204,7.652419,0.928748,0.326313,2.497082,0.303062,74.176245,1.496056,0.000000,24.204652,0.488182
test.enc.prompt.txt::01797,test.enc.prompt.txt::01797,"Jani, there's something",1.0,content_diversity,I need to tell you.,on your nose.,about you that I love.,going on in town today that I think you will like.,else that you do not know.,-0.044,0.939,-0.202,-0.704,-0.227,-4.650397,-0.211124,0.555838,-2.584868,-0.117351,55.209675,1.418950,0.000000,30.687646,0.788707
test.enc.prompt.txt::01799,test.enc.prompt.txt::01799,I owe a,0.0,content_diversity,stack of cash to some thugs and I'm pretty scared.,big chunk of change to some shady dudes downtown.,couple of low-level crooks for a loan I took out a while back.,a lot of money to that family still and they're getting impatient.,not insignificant amount of coin to some less than understanding guys.,-0.047,0.948,-0.251,-0.701,-0.341,13.758370,0.268290,0.438646,6.035051,0.117684,55.022690,0.504609,0.000000,24.135472,0.221345
test.enc.prompt.txt::01800,test.enc.prompt.txt::01800,My creditors. One,1.0,content_diversity,seems to have found oneself in a rather tight spot.,"is threatening to sue, I am not sure what to do.","day they will all be cleared, but that day is a very long way off.","by one they have tracked me down, I am so worried.","is even saying they will take my house, I am terrified.",-0.036,0.940,-0.211,-0.675,-0.348,12.682689,0.186082,0.497969,6.315583,0.092663,57.724500,1.115282,0.000000,28.744998,0.555375
test.enc.prompt.txt::01801,test.enc.prompt.txt::01801,Just listen. You,0.0,content_diversity,need to go home,should get back home,should head back,ought to go home,need to get back,-0.104,0.615,-0.547,-0.833,-0.657,32.690735,1.982809,0.346974,11.342826,0.687983,10.137297,0.521747,0.000000,3.517376,0.181033
test.enc.prompt.txt::01802,test.enc.prompt.txt::01802,You don't have,0.0,content_diversity,the solution to everything.,to know it all.,the necessary knowledge.,a high enough IQ.,the thinking power.,-0.023,0.767,-0.291,-0.692,-0.445,-8.208759,-0.412506,0.422091,-3.464846,-0.174115,14.730632,1.202029,0.000000,6.217673,0.507366
test.enc.prompt.txt::01804,test.enc.prompt.txt::01804,Would you like,0.0,content_diversity,me along with your memory of this to just be erased?,to turn back time and go back to when we never met?,your life to rewind to before you knew me?,for me to magically cease to exist then?,to forgot you ever heard my name?,-0.052,0.953,-0.104,-0.742,-0.459,14.236043,0.241885,0.397781,5.662825,0.096217,51.337565,0.837111,0.000000,20.421099,0.332987
test.enc.prompt.txt::01805,test.enc.prompt.txt::01805,Jani! Where are,1.0,content_diversity,you going to,my cigarettes,you taking me,going to change your tire,your friends,-0.030,0.927,-0.164,-0.657,-0.183,11.548547,0.696705,0.501538,5.792032,0.349424,57.639940,1.886946,0.000000,28.908607,0.946375
test.enc.prompt.txt::01807,test.enc.prompt.txt::01807,Where do you,0.0,content_diversity,get a decent cup of joe?,find yourself some great coffee?,go for outstanding coffee?,go if you want upstanding coffee?,get high quality coffee?,-0.034,0.960,-0.447,-0.916,-0.720,22.854117,0.719605,0.357501,8.170379,0.257260,34.637170,0.687832,0.000000,12.382837,0.245901
test.enc.prompt.txt::01808,test.enc.prompt.txt::01808,So how do,1.0,content_diversity,you know when you're done,you think they'll stay together,believe in ghosts,you know you are right,know he is the best player ever,-0.032,0.950,-0.128,-0.605,-0.242,6.147215,0.594910,0.446515,2.744825,0.265637,42.283256,1.467796,0.000000,18.880115,0.655393
test.enc.prompt.txt::01809,test.enc.prompt.txt::01809,Coming up to,0.0,content_diversity,"see you was not an easy thing to do, I hope you know.","spend some time with you is very challenging for me, okay?","be with you -- even now -- is a tough call. For me, at least.","have this meeting with you, do you appreciate how hard that is?",confront you takes a lot of guts. I hope you can respect that.,-0.047,0.939,-0.277,-0.801,-0.685,48.266961,0.797447,0.444976,21.477635,0.354845,47.493258,0.668072,0.000000,21.133356,0.297276
test.enc.prompt.txt::01810,test.enc.prompt.txt::01810__row644,I'll lay you,1.0,content_diversity,down if you want me to,again,on the floor,near the table,in the bed,-0.020,0.975,-0.091,-0.612,-0.213,4.290524,0.641114,0.363993,1.561721,0.233361,31.421542,3.767928,0.000000,11.437225,1.371500
test.enc.prompt.txt::01810,test.enc.prompt.txt::01810__row645,I'll lay you,0.0,content_diversity,its on the other floor,floor over there please,put it on the brown floor,its on the wood floor,near the floor,-0.112,0.864,-0.186,-0.906,-0.558,40.656420,1.695527,0.282200,11.473240,0.478478,36.426807,1.285143,0.000000,10.279644,0.362667
test.enc.prompt.txt::01811,test.enc.prompt.txt::01811,That Greek guy,0.0,content_diversity,is really good looking.,looks very attractive.,has very nice looks.,is stunningly handsome.,happens to have looks that are appealing.,-0.025,0.962,-0.533,-0.884,-0.839,-1.199388,0.320901,0.437880,-0.525188,0.140516,59.578679,0.829144,0.000000,26.088298,0.363065
test.enc.prompt.txt::01812,test.enc.prompt.txt::01812,Does Bella come,1.0,content_diversity,every week to clean or just once a month?,and babysit the kids every Friday night?,prepared for class or is she in need of materials?,"up with such wild fantasies when she talks to you, too?",all the way inside the house or just wait outside?,-0.021,0.961,-0.131,-0.653,-0.206,10.452370,0.239520,0.498799,5.213629,0.119472,75.760435,1.075005,0.000000,37.789212,0.536211
test.enc.prompt.txt::01813,test.enc.prompt.txt::01813__row648,What happened to,1.0,content_diversity,all the cool things we were going to do together?,"your brother, I haven't seen him in a while.",your teeth?!,"your mom, I heard she was in the hospital","you car, didn't you used to drive a red convertible?",-0.022,0.960,-0.083,-0.587,-0.066,5.665013,0.934421,0.376626,2.133591,0.351927,56.973065,1.900705,0.000000,21.457535,0.715855
test.enc.prompt.txt::01813,test.enc.prompt.txt::01813__row649,What happened to,0.0,content_diversity,the awesome summer we had planned?,all the great ideas you had for us to do?,all the fun we were going to have?,your ideas for an exciting summer?,the great times we'd planned on?,-0.040,0.932,-0.305,-0.843,-0.602,20.715157,0.540281,0.373684,7.740913,0.201894,34.527585,1.135971,0.000000,12.902390,0.424494
test.enc.prompt.txt::01816,test.enc.prompt.txt::01816,Why four? And,0.0,content_diversity,"while we're at it, why do they all have to be blue?","while we're at it, have they all to be yellow?","while we're at it, why do they all have to be green?","while we're at it,  do they all have to be purple?","while we're at it, why do they all have to be brown?",-0.585,0.432,-0.807,-0.956,-0.417,44.406572,0.896219,0.523661,23.253987,0.469315,44.905237,0.958126,0.000000,23.515118,0.501733
test.enc.prompt.txt::01817,test.enc.prompt.txt::01817,Stacks of 20.,0.0,content_diversity,is this a 10 or 20?,that is a dollar,you only gave me like 1 dollar,single bills are better than none,i need just 1 dollar,-0.027,0.956,-0.056,-0.744,-0.357,32.049411,1.077002,0.251345,8.055455,0.270699,41.359466,1.230117,0.000000,10.395489,0.309184
test.enc.prompt.txt::01818,test.enc.prompt.txt::01818,How many aces,1.0,content_diversity,did you score,can you draw,would you like to get,in a hole,can someone receive,-0.024,0.965,-0.282,-0.643,-0.334,1.935252,0.360393,0.380850,0.737041,0.137256,21.428706,2.114700,0.000000,8.161132,0.805385
test.enc.prompt.txt::01819,test.enc.prompt.txt::01819,I make it,0.0,content_diversity,"a lot, I think it tastes so good.",for dinner at least once a week.,"frequently, it's delicious.",for both lunch and dinner some days.,"every week, it's my favorite.",-0.014,0.973,-0.215,-0.783,-0.449,11.617887,0.394933,0.472606,5.490680,0.186647,35.433513,0.892748,0.000000,16.746081,0.421918
test.enc.prompt.txt::01820,test.enc.prompt.txt::01820__row654,You want me,1.0,content_diversity,to confess to what exactly?,to just tell him that you don't want to go out with him?,to get us into VIP at that club we went to last weekend?,to call in a special favor?,"maybe to cover for you with Jesse, what does that mean?",-0.059,0.950,-0.103,-0.749,-0.204,-15.000947,-0.314940,0.473099,-7.096932,-0.148998,94.713239,1.129909,0.000000,44.808733,0.534559
test.enc.prompt.txt::01820,test.enc.prompt.txt::01820__row655,You want me,0.0,content_diversity,to ask someone who owes me one?,to perhaps get that guy I helped to help us out?,for once to get something in return from that friend of mine?,to try and switch roles with people I'm always doing stuff for?,finally to cash in on one of those IOU's I've been holding onto for a rainy day?,-0.031,0.966,-0.191,-0.763,-0.342,19.772907,0.505875,0.401092,7.930754,0.202902,91.504495,0.677326,0.000000,36.701719,0.271670
test.enc.prompt.txt::01821,test.enc.prompt.txt::01821,Next point. Friendships,0.0,content_diversity,you have with other people are meaningful.,with people are a number one priority.,are an extremely important thing.,carry great importance.,are at the top of the list of priorities.,-0.025,0.947,-0.267,-0.777,-0.616,7.905751,0.370835,0.549786,4.346470,0.203880,32.476840,0.857851,0.000000,17.855307,0.471634
test.enc.prompt.txt::01822,test.enc.prompt.txt::01822__row657,This isn't South,1.0,content_diversity,it is a north,", south is located near the hospital",this bar is called north,"dakota, you missed the turn","pole, it's a north",-0.041,0.942,-0.145,-0.647,-0.264,33.756268,1.328719,0.248065,8.373740,0.329608,74.822154,1.317030,0.000000,18.560738,0.326709
test.enc.prompt.txt::01822,test.enc.prompt.txt::01822__row658,This isn't South,0.0,content_diversity,"dakota, you're in a wrong state","dakota, you missed an exit","dakota, you are in the wrong place","dakota, this is north dakota","dakota, you got lost",-0.070,0.923,-0.528,-0.948,-0.623,40.344359,1.440243,0.337658,13.622579,0.486309,20.943858,0.618563,0.000000,7.071853,0.208863
test.enc.prompt.txt::01823,test.enc.prompt.txt::01823,We'd know. There,1.0,content_diversity,would be tell tale signs.,would be news about it on the TV by now.,is know way this thing would move without making a racket otherwise.,"isn't anything we can do, I am so sorry.",would be a large ring around the outer edge telling us so.,-0.034,0.957,-0.118,-0.637,-0.179,5.245836,0.055657,0.480439,2.520306,0.026740,94.143695,0.776294,0.000000,45.230325,0.372962
test.enc.prompt.txt::01824,test.enc.prompt.txt::01824,Thanks for the,0.0,content_diversity,"recognition, folks. It means so much to me.",good cheer and support. It's everything to me.,"strong show of appreciation, gang. It warms my heart.","standing ovation, ladies and gentlemen. This day has been one-pf-a-kind.","acknowledgement, everyone. It's been so long.",-0.021,0.960,-0.246,-0.749,-0.456,36.058729,0.596055,0.434618,15.671787,0.259056,111.268933,1.183828,0.000000,48.359527,0.514513
test.enc.prompt.txt::01825,test.enc.prompt.txt::01825,"Ninety seven million,",0.0,content_diversity,these census calculations have got to be in error.,how could those numbers be right? Who's collecting for this census?,I don't see how this census count can be accurate.,"that's not a correct census tally, can't you see that?",a miscalculation like can invalidate a huge ton of census data.,-0.029,0.957,-0.241,-0.925,-0.604,16.050942,0.408929,0.363236,5.830273,0.148538,113.020935,1.461093,0.000000,41.053223,0.530721
test.enc.prompt.txt::01826,test.enc.prompt.txt::01826,I'm getting this,1.0,content_diversity,report to principal,things to officials,book back to library,one way or another,match easily,-0.018,0.775,0.057,-0.621,-0.193,16.098931,0.445471,0.244778,3.940671,0.109042,24.048629,2.895862,0.000000,5.886586,0.708845
test.enc.prompt.txt::01827,test.enc.prompt.txt::01827__row663,It didn't go,1.0,content_diversity,as we planned,to the limit,all the way,where it wanted to,to your mom,-0.025,0.762,-0.199,-0.626,-0.296,-1.251832,-0.208505,0.429531,-0.537700,-0.089559,17.525327,1.846743,0.000000,7.527666,0.793233
test.enc.prompt.txt::01827,test.enc.prompt.txt::01827__row664,It didn't go,0.0,content_diversity,as we wanted,as we intended to,as we expected,without a struggle,without a problem,-0.086,0.670,-0.286,-0.779,-0.505,17.419487,1.189885,0.431919,7.523801,0.513933,22.316951,1.102982,0.000000,9.639107,0.476399
test.enc.prompt.txt::01828,test.enc.prompt.txt::01828,"Pinback, I have",1.0,content_diversity,the documents you requested.,the diamond.,to meet you later.,a problem with you!,a gift for you.,-0.027,0.756,-0.265,-0.651,-0.253,2.371447,0.187911,0.380924,0.903342,0.071580,24.577885,2.307457,0.000000,9.362315,0.878967
test.enc.prompt.txt::01829,test.enc.prompt.txt::01829,Well... now what?,0.0,content_diversity,anyone know what this means,do you know? i dont understand,what does it mean?,whats the meaning?,i wish i understood,-0.011,0.973,-0.101,-0.759,-0.479,22.255190,1.019960,0.393944,8.767307,0.401808,20.902524,0.852790,0.000000,8.234432,0.335952
test.enc.prompt.txt::01830,test.enc.prompt.txt::01830,"Find me something,",0.0,content_diversity,I am starving.,I need to eat.,I wish to consume food,I have a craving.,I want to stuff my face.,-0.059,0.945,-0.518,-0.820,-0.470,13.173791,0.735956,0.372207,4.903379,0.273928,15.787302,0.547553,0.000000,5.876146,0.203803
test.enc.prompt.txt::01831,test.enc.prompt.txt::01831,Remember what we,1.0,content_diversity,need to get at the supermarket.,should be doing to prevent the spread of coronavirus.,got married for in the first place.,need the most in life.,came here for in the first place.,-0.097,0.847,-0.167,-0.613,-0.172,8.146680,0.228615,0.500975,4.081283,0.114531,38.978035,1.431174,0.000000,19.527020,0.716982
test.enc.prompt.txt::01832,test.enc.prompt.txt::01832,One hundred twenty,1.0,content_diversity,two reasons to believe me,seven dollars is what you owe me,kilometres to go,two miles before we can take a break,people attended concert,-0.012,0.977,-0.120,-0.541,-0.138,12.759020,0.500606,0.366402,4.674933,0.183423,29.725997,0.946330,0.000000,10.891671,0.346737
test.enc.prompt.txt::01833,test.enc.prompt.txt::01833__row670,You won't consider,1.0,content_diversity,"how I feel for even a minute, will you? No, you won't.","try something like that again, I bet. Even you wouldn't do that.",just listening to their offer? Just to put my mind at ease? Please?,"the person with the best qualifications, and I don't understand why.","the possibility, however remote, that you could actually be wrong?",-0.017,0.969,-0.066,-0.701,-0.292,32.794229,0.478160,0.501603,16.449681,0.239846,78.569302,1.234867,0.000000,39.410592,0.619413
test.enc.prompt.txt::01833,test.enc.prompt.txt::01833__row671,You won't consider,0.0,content_diversity,my feelings even for a moment? I guess not.,"things from my perspective at all? Nope, you never do.","the way this might affect me though, huh? Will you?",the impact of this on other people? Even other people -- like me?,"what I could be going through, will you? You wouldn't dream of it.",-0.010,0.975,-0.099,-0.764,-0.397,36.559085,0.724020,0.433352,15.842960,0.313756,54.710775,0.751009,0.000000,23.709034,0.325452
test.enc.prompt.txt::01834,test.enc.prompt.txt::01834,"Bomb, this is",0.0,content_diversity,"not cheap, you know! What are you thinking?",a lot of money. How can you handle this?,"priced at more than you make in a year, have you noticed?","a little -- or a lot -- too rich for your blood, don't you think?",not exactly in your price range. How will you pay for this?,-0.052,0.935,-0.153,-0.776,-0.532,41.966604,0.762318,0.444434,18.651399,0.338800,41.065821,0.552945,0.000000,18.251060,0.245748
test.enc.prompt.txt::01835,test.enc.prompt.txt::01835,Well of course,1.0,content_diversity,I wish him the best.,it would not be much fun hiking in the rain.,I like dogs better than cats.,it is not always easy.,I would prefer to take the easy route.,-0.029,0.953,-0.289,-0.679,-0.246,-6.596486,-0.164578,0.477564,-3.150246,-0.078596,40.273373,0.775588,0.000000,19.233123,0.370393
test.enc.prompt.txt::01836,test.enc.prompt.txt::01836,"Well then, you've",1.0,content_diversity,my trust,my sister's hand,got my father's blessing,pushed your luck,been wrong whole time,-0.021,0.775,-0.023,-0.605,-0.238,14.067864,1.123403,0.291868,4.105956,0.327885,42.758923,1.515419,0.000000,12.479950,0.442302
test.enc.prompt.txt::01837,test.enc.prompt.txt::01837,So you have,0.0,content_diversity,been reading about serial killers,been reading about crime,been reading about criminals,been reading quite a lot about killers,been reading about physcopaths,-0.280,0.775,-0.612,-0.923,-0.650,17.182207,0.548300,0.430550,7.397791,0.236070,64.621660,2.020919,0.000000,27.822826,0.870106
test.enc.prompt.txt::01838,test.enc.prompt.txt::01838__row676,That's all beside,1.0,content_diversity,"the point, you don't know what they have!","the water cooler, in the back.",the car parked on the end.,"what you think, it's all about what she thinks.","what you know, and what you think you know.",-0.051,0.919,-0.179,-0.613,-0.190,10.147867,0.522507,0.404317,4.102954,0.211258,20.866229,1.351569,0.000000,8.436569,0.546462
test.enc.prompt.txt::01838,test.enc.prompt.txt::01838__row677,That's all beside,0.0,content_diversity,where they have the water cooler.,the outside water cooler.,cooler of water.,the cooler of water outside.,water cooler they have outside.,-0.173,0.799,-0.453,-0.989,-0.782,32.115265,1.456105,0.250994,8.060736,0.365474,20.230093,1.217049,0.000000,5.077630,0.305472
test.enc.prompt.txt::01840,test.enc.prompt.txt::01840,Your GHF reading,0.0,content_diversity,is indecipherable.,"wow, what a mystery.",makes no sense. I can't read it.,is crazy. Like a code.,I've never seen anything like it.,-0.014,0.975,-0.219,-0.680,-0.459,31.753997,1.366627,0.333863,10.601492,0.456267,43.415197,2.493251,0.000000,14.494738,0.832405
test.enc.prompt.txt::01842,test.enc.prompt.txt::01842,What are you,0.0,content_diversity,blethering about? I cant see anyone.,going on about? There isn't any one there.,saying? There is no one outside the window woman!,talking about? the place is empty.,"talking about woman, there's nobody there.",-0.025,0.954,-0.303,-0.724,-0.691,32.657386,0.718731,0.380395,12.422692,0.273401,45.010213,1.109129,0.000000,17.121641,0.421907
test.enc.prompt.txt::01843,test.enc.prompt.txt::01843,The new star.,0.0,content_diversity,She is beautiful don't you think?,She sure is something wouldn't you agree?,Absolutely stunning isn't she?,A simply beautiful girl I would say.,You cannot fail to be amazed at her beauty.,-0.012,0.976,-0.182,-0.829,-0.749,16.267962,0.553911,0.428315,6.967809,0.237248,32.304553,0.628320,0.000000,13.836518,0.269119
test.enc.prompt.txt::01844,test.enc.prompt.txt::01844__row681,"Hey, Doolittle, think",1.0,content_diversity,"you've got a screw loose. Probably a couple of screws, actually.",I may have been wrong about you all along. Sorry about that.,you'd better put your money where your mouth is once and for all.,"we'll just leave you alone and let you ponder this for a bit, okay?",your family would be very happy -- and relieved -- to hear from you.,-0.018,0.959,-0.097,-0.700,-0.184,8.709371,0.152606,0.551924,4.806915,0.084227,39.657215,0.504168,0.000000,21.887788,0.278263
test.enc.prompt.txt::01844,test.enc.prompt.txt::01844__row682,"Hey, Doolittle, think",0.0,content_diversity,"you're a little off your rocker. A lot off, I should say.",you may not be thinking completely rationally right now.,reality is starting to slip for you. Just a bit. Or a lot.,you need to get a grip because you're losing it now.,"crazy could be an understatement in your case, you know?",-0.030,0.956,-0.121,-0.731,-0.444,29.563518,0.523099,0.467980,13.835136,0.244800,40.352428,0.679347,0.000000,18.884131,0.317921
test.enc.prompt.txt::01845,test.enc.prompt.txt::01845__row683,Must get lonely,1.0,content_diversity,being a light house keeper.,"on the road all the time, just you and no one else.",for a pretty gal like you being single and all.,having to stay indoors all day every day.,"in that cell sometimes, maybe you should start behaving?",-0.018,0.959,-0.070,-0.646,-0.121,-12.614463,-0.159505,0.502820,-6.342809,-0.080202,87.490492,0.952647,0.000000,43.992003,0.479010
test.enc.prompt.txt::01845,test.enc.prompt.txt::01845__row684,Must get lonely,0.0,content_diversity,being cooped up in doors all the time.,never leaving the house at all.,not being able to go outside even for a moment.,having to stay in the house by yourself 24/7,not seeing daylight becuase you can never leave the house.,-0.045,0.938,-0.208,-0.770,-0.487,3.996114,0.198439,0.500474,1.999951,0.099314,54.100880,0.515007,0.000000,27.076081,0.257748
test.enc.prompt.txt::01847,test.enc.prompt.txt::01847,I'm going into,0.0,content_diversity,the pool for a bit. You want to join me?,"the ocean to cool off. Come on, it'll be fun.",take a swim for a couple minutes. You want to?,that wonderful-looking pool right now. You should come.,the water to wash off this sand. I want you to come with.,-0.040,0.932,-0.310,-0.850,-0.514,27.385939,0.639160,0.444433,12.171202,0.284063,61.221466,0.903061,0.000000,27.208811,0.401350
test.enc.prompt.txt::01848,test.enc.prompt.txt::01848,Yes sir. Negative,0.0,content_diversity,is that better than it being positive?,"not positive, should we be happy about that?","not positive, that's fabulous news","not positive, just the outcome we were hoping for.","is wonderful news, thank goodness it wasn't positive.",-0.035,0.950,-0.301,-0.930,-0.511,35.389433,0.934838,0.399230,14.128522,0.373215,25.746884,0.572901,0.000000,10.278927,0.228719
test.enc.prompt.txt::01850,test.enc.prompt.txt::01850,Commander? Are you,0.0,content_diversity,not feeling well? You don't look at all well.,under the weather? You're green around the gills.,running a fever or something? You're sweating buckets.,coming down with something? I don't like your coloring.,"sure you want to go, sir? I mean, given your illness and all.",-0.012,0.970,-0.232,-0.693,-0.241,-10.149800,-0.117831,0.556547,-5.648840,-0.065578,69.396572,0.898054,0.000000,38.622449,0.499809
test.enc.prompt.txt::01851,test.enc.prompt.txt::01851__row688,But see tonight,1.0,content_diversity,I am going to be too busy to help.,I have my first date with my dream girl.,I need to wash my hair.,just doesn't fit my schedule.,I start a second job.,-0.035,0.953,-0.324,-0.687,-0.173,3.219375,-0.012262,0.338368,1.089335,-0.004149,24.359576,1.289048,0.000000,8.242510,0.436173
test.enc.prompt.txt::01851,test.enc.prompt.txt::01851__row689,But see tonight,0.0,content_diversity,there are no open slots on my calendar.,"there is just no way to fit you in,",I am busy until bedtime.,I will be absolutely swamped.,my time is not my own.,-0.016,0.964,-0.227,-0.665,-0.295,30.454451,0.950856,0.333184,10.146932,0.316810,20.365734,0.749462,0.000000,6.785534,0.249709
test.enc.prompt.txt::01852,test.enc.prompt.txt::01852__row690,Mr. Sonrisa saw,1.0,content_diversity,what you did.,a man approach his wife.,an accident on his way to work.,something.,thieves fleeing the scene of the crime.,-0.003,0.983,-0.355,-0.576,-0.086,-7.122416,-0.177297,0.463799,-3.303373,-0.082230,26.434750,2.591137,0.000000,12.260422,1.201768
test.enc.prompt.txt::01852,test.enc.prompt.txt::01852__row691,Mr. Sonrisa saw,0.0,content_diversity,"a car accident, today.",a wreck on the highway.,two cars collide.,a car crash into the median.,a car get nailed during his commute to work.,-0.047,0.937,-0.461,-0.818,-0.452,-8.984282,0.072016,0.421055,-3.782876,0.030323,57.134195,0.785114,0.000000,24.056634,0.330576
test.enc.prompt.txt::01853,test.enc.prompt.txt::01853,"Look, that thing",1.0,content_diversity,is so shiny,is moving so fast,is the biggest I have ever seen,should be in museum,is pretty,-0.040,0.960,-0.173,-0.650,-0.312,13.775334,0.322638,0.476683,6.566463,0.153796,32.247339,1.275577,0.000000,15.371749,0.608046
test.enc.prompt.txt::01855,test.enc.prompt.txt::01855,Some of us,0.0,content_diversity,prefer higher temperatures.,like to be hot.,prefer the warm air.,like more comfortable weather.,like sunlight.,-0.025,0.765,-0.454,-0.825,-0.612,12.762587,0.352043,0.336089,4.289363,0.118318,15.957274,1.418970,0.000000,5.363062,0.476900
test.enc.prompt.txt::01856,test.enc.prompt.txt::01856,But I'm afraid,0.0,content_diversity,of trying to accomplish that.,to attempt that action.,of attempting to engage in that activity.,of giving that a shot.,of endeavoring that achievement.,-0.076,0.928,-0.476,-0.910,-0.673,14.300234,0.481960,0.380265,5.437875,0.183272,24.416083,0.905202,0.000000,9.284576,0.344216
test.enc.prompt.txt::01858,test.enc.prompt.txt::01858,Which means I,0.0,content_diversity,am lost for words.,have no more to tell you.,ran out of things I could say.,no longer have anything left to speak about.,have no more words to express myself further on the matter.,-0.037,0.935,-0.247,-0.763,-0.732,5.166851,0.275294,0.473938,2.448769,0.130472,39.339090,0.816166,0.000000,18.644306,0.386813
test.enc.prompt.txt::01859,test.enc.prompt.txt::01859,What's with you?,0.0,content_diversity,Are you upset with me?,Are you angry?,Have you got a problem?,It seems like you are mad.,Are you unhappy?,-0.089,0.922,-0.495,-0.714,-0.619,1.673560,0.034759,0.496986,0.831735,0.017275,32.603580,0.835307,0.000000,16.203510,0.415136
test.enc.prompt.txt::01860,test.enc.prompt.txt::01860,Damn... Are you,0.0,content_diversity,dating that dude?,seeing that man?,together with him?,and him a couple?,courting him?,-0.015,0.773,-0.394,-0.737,-0.503,14.373609,0.735734,0.308515,4.434472,0.226985,9.561903,1.132428,0.000000,2.949989,0.349371
test.enc.prompt.txt::01861,test.enc.prompt.txt::01861,What else can,0.0,content_diversity,can i get anything else,anything else i should get,can i bring something else?,what else needs to be gotten,should we get something ?,-0.061,0.904,-0.342,-0.877,-0.657,40.785462,1.538526,0.271176,11.060023,0.417211,43.748870,1.651206,0.000000,11.863627,0.447767
test.enc.prompt.txt::01862,test.enc.prompt.txt::01862__row699,"Look, we gotta",1.0,content_diversity,get out of here or we are goners.,compromise on  some things or this will  never work out between us.,name the baby its a week old.,go back I forgot the bank card..,quit these capers I am tired of gong to jail.,-0.012,0.977,-0.078,-0.556,-0.177,7.501776,0.473927,0.349940,2.625171,0.165846,77.787445,1.633956,0.000000,27.220938,0.571787
test.enc.prompt.txt::01862,test.enc.prompt.txt::01862__row700,"Look, we gotta",0.0,content_diversity,agree to disagree on a few things or we aren't going to get along.,give each other a few breaks if we don't want to end up single again.,stop the constant arguing or I'll leave.,tone it down or this won't wok,learn to live with each other.,-0.027,0.950,-0.107,-0.680,-0.320,22.854456,0.451624,0.476375,10.887281,0.215142,67.496454,1.711336,0.000000,32.153592,0.815237
test.enc.prompt.txt::01864,test.enc.prompt.txt::01864,Because we can't.,1.0,content_diversity,We cannot afford to buy it.,There is not enough time to do it.,So we won't.,If we cannot do it then that is just how it is.,It is impossible.,-0.036,0.930,-0.336,-0.746,-0.430,10.098254,0.436143,0.477466,4.821575,0.208244,56.221154,1.523638,0.000000,26.843699,0.727486
test.enc.prompt.txt::01865,test.enc.prompt.txt::01865__row702,"Don't worry, I'm",1.0,content_diversity,vegan,not gonna hurt you,qualified nurse,professional driver,gonna start slowly,-0.006,0.783,-0.174,-0.591,-0.146,8.548383,0.694996,0.295940,2.529812,0.205677,33.975585,3.463495,0.000000,10.054749,1.024988
test.enc.prompt.txt::01865,test.enc.prompt.txt::01865__row703,"Don't worry, I'm",0.0,content_diversity,not gonna do anything bad,careful,know what I'm doing,qualified to do the job,confident that you won't feel a thing,-0.004,0.991,-0.180,-0.671,-0.292,-2.307573,0.561866,0.473936,-1.093642,0.266289,38.881656,0.936321,0.000000,18.427413,0.443756
test.enc.prompt.txt::01866,test.enc.prompt.txt::01866,"So, what, you",0.0,content_diversity,genuinely plan to visit them again? They're rubes!,"are serious when you say you like those, those hillbillies?",honestly enjoy the company of lowlifes like that?,"think jerks like that are your kind of people, huh? Is that it?","really want to accept their invitation, idiots like that? You're nuts.",-0.021,0.960,-0.194,-0.766,-0.378,23.096383,0.524735,0.410488,9.480793,0.215397,51.580726,0.848961,0.000000,21.173280,0.348489
test.enc.prompt.txt::01868,test.enc.prompt.txt::01868,So now you,0.0,content_diversity,understand how to do it.,comprehend the way to accomplish that.,realize what you need to do.,see the means by which it is accomplished.,the steps that must be taken for that to be completed.,-0.039,0.938,-0.332,-0.861,-0.697,2.752640,0.350271,0.486336,1.338708,0.170349,83.558640,0.993954,0.000000,40.637584,0.483396
test.enc.prompt.txt::01869,test.enc.prompt.txt::01869__row706,So what are,1.0,content_diversity,we gonna do with his head,plans for tomorrow,you going to do when he asks you,you waiting for,your deepest fears,-0.017,0.965,-0.085,-0.614,-0.292,5.288439,0.111124,0.526896,2.786457,0.058551,37.506658,1.608811,0.000000,19.762104,0.847676
test.enc.prompt.txt::01869,test.enc.prompt.txt::01869__row707,So what are,0.0,content_diversity,planning for tomorrow,you want to do tomorrow,your plans,we doing tomorrow night,we gonna do,-0.026,0.953,-0.307,-0.813,-0.571,7.260831,0.323660,0.485963,3.528495,0.157287,28.420877,0.951537,0.000000,13.811495,0.462412
test.enc.prompt.txt::01870,test.enc.prompt.txt::01870,I haven't been,0.0,content_diversity,as pleased as I am now for ages.,so content for an extended duration.,joyful like this for a protracted period.,such joy for eons.,happiness like this in quite awhile.,-0.029,0.954,-0.194,-0.823,-0.714,25.237672,0.869343,0.346227,8.737973,0.300990,35.323660,2.258557,0.000000,12.230018,0.781974
test.enc.prompt.txt::01871,test.enc.prompt.txt::01871,We got separated,1.0,content_diversity,at the train station.,at birth.,when I moved halfway across the world.,while we were shopping at the supermarket.,from the fight.,-0.046,0.945,-0.358,-0.557,-0.189,-4.803250,-0.756884,0.497380,-2.389039,-0.376459,35.171781,2.474712,0.000000,17.493728,1.230872
test.enc.prompt.txt::01873,test.enc.prompt.txt::01873__row710,See you're back,1.0,content_diversity,to school again.,on the booze now.,to doing your gym workouts.,at your job again.,to planet earth again.,-0.036,0.950,-0.358,-0.672,-0.228,-0.866569,-0.127767,0.410997,-0.356157,-0.052512,38.750800,1.665820,0.000000,15.926444,0.684646
test.enc.prompt.txt::01873,test.enc.prompt.txt::01873__row711,See you're back,0.0,content_diversity,to your place of employment.,working again.,at work after being off.,to doing your job.,in the office working.,-0.016,0.970,-0.284,-0.851,-0.542,2.258164,0.142980,0.456974,1.031923,0.065338,20.430297,0.400478,0.000000,9.336120,0.183008
test.enc.prompt.txt::01874,test.enc.prompt.txt::01874,It turned up,1.0,content_diversity,louder,on repeat because i like it,missing,in the yard,near the water,-0.007,0.986,-0.191,-0.582,-0.200,5.710290,0.657744,0.288997,1.650257,0.190086,55.123837,2.754717,0.000000,15.930627,0.796105
test.enc.prompt.txt::01875,test.enc.prompt.txt::01875,But she does,0.0,content_diversity,"have kind of a strange personality, am I right?","stray quite a bit from the norm, to say the least.","have a very odd way of acting on occasion, I've noticed.","set herself apart from regular folk, what with her offbeat behavior.",have probably the weirdest affect of anyone I've ever known.,-0.025,0.962,-0.104,-0.766,-0.565,20.718002,0.366319,0.453499,9.395587,0.166125,45.723650,0.363924,0.000000,20.735615,0.165039
test.enc.prompt.txt::01876,test.enc.prompt.txt::01876,And so should,1.0,content_diversity,you and your family,everyone,his dog,your parrot,his grandma,-0.017,0.764,-0.271,-0.576,-0.160,11.549937,1.521577,0.295238,3.409977,0.449227,15.579566,1.365770,0.000000,4.599676,0.403227
test.enc.prompt.txt::01877,test.enc.prompt.txt::01877__row715,"Well, it's over",1.0,content_diversity,"for the time being at least, which is a relief.","the stupidest thing, so I don't know what she's so angry about.","the bridge and several blocks past the main drag, more or less.",and above the most amazing engagement ring I've ever seen.,"six weeks since you last spoke to them, so it might be time to call.",-0.021,0.969,-0.055,-0.555,-0.136,-2.544378,-0.024613,0.526910,-1.340658,-0.012969,50.433031,0.372813,0.000000,26.573670,0.196439
test.enc.prompt.txt::01877,test.enc.prompt.txt::01877__row716,"Well, it's over",0.0,content_diversity,the St. Thomas and three blocks beyond Algonquin.,the new bridge and then just a block or two after the boulevard.,Christopher Avenue bridge and a couple of blocks from Whitney.,that bridge straight ahead and then right off Bridge Street.,the bridge with the construction work going on then one street after Simon.,-0.048,0.936,-0.312,-0.839,-0.370,15.769928,0.337190,0.389164,6.137089,0.131222,50.053503,0.798549,0.000000,19.479023,0.310767
test.enc.prompt.txt::01879,test.enc.prompt.txt::01879,Help... Lemme go...,1.0,content_diversity,I won't snitch you,I will forget everything,my hands hurt so bad,I need a break,I think I will throw up,-0.045,0.945,-0.232,-0.645,-0.253,13.665039,0.758393,0.416763,5.695089,0.316070,34.408247,2.057079,0.000000,14.340100,0.857316
test.enc.prompt.txt::01880,test.enc.prompt.txt::01880__row718,"Say the words,",1.0,content_diversity,and I will forgive you,and try to convince him,and you're dead,and maybe he comes to you,and maybe you catch it,-0.066,0.923,-0.286,-0.660,-0.311,8.961545,0.492259,0.397333,3.560714,0.195591,15.350947,0.528909,0.000000,6.099432,0.210153
test.enc.prompt.txt::01880,test.enc.prompt.txt::01880__row719,"Say the words,",0.0,content_diversity,and youre done,and you're finished,and you will die,and I'll kill you,and your life has come to an end,-0.055,0.955,-0.364,-0.740,-0.512,12.214474,0.859823,0.384668,4.698512,0.330746,27.777176,1.650187,0.000000,10.684980,0.634774
test.enc.prompt.txt::01881,test.enc.prompt.txt::01881,What about the,0.0,content_diversity,things we swore we meant?,plans we discussed for so long and so many different times?,agreements that we repeatedly said we would both keep?,late nights with all of those breathy words and vows of forever?,praises we sang to our friends and families about our lives together?,-0.030,0.959,-0.090,-0.737,-0.362,16.754617,0.349390,0.370890,6.214112,0.129585,70.695952,1.085851,0.000000,26.220387,0.402731
test.enc.prompt.txt::01882,test.enc.prompt.txt::01882__row721,At least he,1.0,content_diversity,care enough to tell you to your face.,did not eat all of the ice cream.,does seem to understand the situation.,will being moving out of my house within the next couple of weeks.,is somewhat good looking.,-0.016,0.969,-0.159,-0.523,-0.199,-0.826033,-0.242638,0.488608,-0.403606,-0.118555,68.264036,0.497383,0.000000,33.354358,0.243026
test.enc.prompt.txt::01882,test.enc.prompt.txt::01882__row722,At least he,0.0,content_diversity,doesn't look half bad at all.,has decent looks.,has a nice enough appearance.,is fairly high in the looks department.,looks pretty good.,-0.021,0.975,-0.406,-0.798,-0.663,17.624991,0.495286,0.396853,6.994530,0.196556,43.847269,0.592946,0.000000,17.400919,0.235312
test.enc.prompt.txt::01883,test.enc.prompt.txt::01883,Only one I,0.0,content_diversity,think looks good on me.,feel skinny wearing.,can strut my stuff in.,get whistled at when wearing.,turn heads in.,-0.010,0.981,-0.294,-0.667,-0.316,20.337770,0.719085,0.230748,4.692909,0.165928,30.406664,0.981663,0.000000,7.016291,0.226517
test.enc.prompt.txt::01884,test.enc.prompt.txt::01884,I say hang,1.0,content_diversity,"out with me today, you wont be sad",back and wait,on a minute,the rope outside,the flag,-0.008,0.989,0.014,-0.588,-0.205,3.670874,0.324245,0.415797,1.526339,0.134820,80.947866,1.422359,0.000000,33.657898,0.591413
test.enc.prompt.txt::01885,test.enc.prompt.txt::01885,"Yeah, I can",1.0,content_diversity,jog two miles in ten minutes.,see what you mean.,understand why you would not want to live in Alaska.,really dig that.,not believe that this is happening.,-0.013,0.972,-0.160,-0.648,-0.149,-12.260544,-0.549220,0.547129,-6.708098,-0.300494,47.799221,1.604479,0.000000,26.152336,0.877857
test.enc.prompt.txt::01886,test.enc.prompt.txt::01886,Right after you,0.0,content_diversity,send your company home.,say  your farewells and see them to the door.,tell them its time for them to go home.,"politely ask your visitors to leave now,",inform  your pal they wore out there welcome.,-0.035,0.951,-0.173,-0.752,-0.492,23.875504,0.683922,0.340724,8.134966,0.233029,78.637831,1.274181,0.000000,26.793825,0.434144
test.enc.prompt.txt::01887,test.enc.prompt.txt::01887,"So, how do",1.0,content_diversity,you think you'll do it,you not like him,you read so much,know a lot about physics,you think we're gonna win,-0.036,0.954,-0.186,-0.616,-0.154,17.329862,1.039828,0.388996,6.741249,0.404489,35.754808,1.578516,0.000000,13.908481,0.614037
test.enc.prompt.txt::01888,test.enc.prompt.txt::01888,Don't believe everything,0.0,content_diversity,concerning history. It's written by people with agendas.,you hear about history. It's written by people with ulterior motives.,about history. It's written for profit.,about history. It's written with ill intent.,you ever heard about history. It's written by people's motives.,-0.310,0.666,-0.613,-0.970,-0.519,25.751016,0.636797,0.459879,11.842343,0.292849,53.952293,0.815227,0.000000,24.811509,0.374906
test.enc.prompt.txt::01889,test.enc.prompt.txt::01889,You left out,1.0,content_diversity,the biggest part of story,your parents,your dog jumping on that kid,his sister,my friends' teacher,-0.006,0.989,-0.237,-0.588,-0.181,9.227574,0.494906,0.310454,2.864738,0.153646,56.191077,1.585898,0.000000,17.444747,0.492348
test.enc.prompt.txt::01350,test.enc.prompt.txt::01350__row730,"Look, snap out",1.0,content_diversity,of it,of the shirt,of the mood,of the trance,of your addiction,-0.123,0.470,-0.332,-0.703,-0.297,6.579407,0.734936,0.479392,3.154116,0.352323,28.892409,1.778108,0.000000,13.850797,0.852411
test.enc.prompt.txt::01350,test.enc.prompt.txt::01350__row731,"Look, snap out",0.0,content_diversity,of your current feels,of your worries,of your emotions,of your depression,of your current baggage,-0.227,0.582,-0.464,-0.805,-0.360,10.635027,0.696439,0.451927,4.806256,0.314739,30.518888,1.153621,0.000000,13.792311,0.521352
test.enc.prompt.txt::01353,test.enc.prompt.txt::01353,"Yeah, maybe so.",1.0,content_diversity,you should behave more accordingly,where are we going for dinner,what do you think about the weather these days,do you believe in ghosts,how can i help you,-0.027,0.965,-0.127,-0.603,-0.128,20.014083,0.570655,0.421340,8.432737,0.240440,55.780933,1.340271,0.000000,23.502747,0.564710
test.enc.prompt.txt::01354,test.enc.prompt.txt::01354,We're looking for,1.0,content_diversity,strong young man,dedicated worker willing to learn,"a small dog, he went missing yesterday",a romantic relationship,students to do the job,-0.008,0.983,-0.187,-0.594,-0.185,22.589084,0.561934,0.393973,8.899495,0.221387,50.903339,0.627590,0.000000,20.054554,0.247254
test.enc.prompt.txt::01355,test.enc.prompt.txt::01355,Hey? You like,0.0,content_diversity,my little girl?,the apple of my eye?,my darling child?,my sweet pea?,my female offspring?,-0.061,0.953,-0.282,-0.770,-0.471,7.365015,0.611350,0.319393,2.352332,0.195261,23.892033,1.030611,0.000000,7.630940,0.329169
test.enc.prompt.txt::01356,test.enc.prompt.txt::01356,"Jeffrey, breakfast is",0.0,content_diversity,"on the table, please come down now.","getting cold, come here at once.","betting ruined, hurry up and coe to the table.","not going to eat itself, come to the dining room please.","now finished, you missed it, hard luck.",-0.025,0.954,-0.226,-0.721,-0.276,20.901785,0.367965,0.433361,9.058020,0.159462,78.791342,1.546578,0.000000,34.145101,0.670227
test.enc.prompt.txt::01357,test.enc.prompt.txt::01357__row736,"Thanks a lot,",1.0,content_diversity,I needed that.,that you loaned me the money.,we wanted that vacation.,I deserve the promotion.,for painting my house for free.,-0.024,0.957,-0.388,-0.650,-0.260,11.162181,0.460131,0.369269,4.121843,0.169912,25.469592,0.752253,0.000000,9.405122,0.277783
test.enc.prompt.txt::01357,test.enc.prompt.txt::01357__row737,"Thanks a lot,",0.0,content_diversity,this position I worked hard for.,I love this company. I wanted this advancement.,I worked to boost my career and get this promotion.,I deserve and wanted this at this company for a long time.,"I finished my degree,worked hard, and am happy for the advancement.",-0.081,0.905,-0.356,-0.878,-0.613,26.714696,0.638805,0.373292,9.972392,0.238461,72.635299,0.417179,0.000000,27.114202,0.155730
test.enc.prompt.txt::01358,test.enc.prompt.txt::01358,"No, I'm just",0.0,content_diversity,getting some information.,checking into things.,looking for the truth.,on a fact finding mission.,searching for the meaning of life.,-0.013,0.968,-0.288,-0.713,-0.443,-4.120192,0.028857,0.527514,-2.173458,0.015222,18.798988,0.826978,0.000000,9.916726,0.436243
test.enc.prompt.txt::01359,test.enc.prompt.txt::01359,"God, you scared",0.0,content_diversity,the life out of me.,the crap out of me.,me half to death.,the devil out of me.,the dickens out of me.,-0.214,0.786,-0.329,-0.775,-0.419,-10.342781,-0.486423,0.682506,-7.059009,-0.331987,7.125878,0.307732,0.000000,4.863454,0.210029
test.enc.prompt.txt::01361,test.enc.prompt.txt::01361__row740,I just wanted,1.0,content_diversity,to tell you how much you mean to me,to let it go but I couldn't,him to help me with chores,to watch the sunset,to go to the cinema,-0.062,0.935,-0.160,-0.584,-0.088,15.042094,0.560746,0.508725,7.652285,0.285266,36.489036,1.269504,0.000000,18.562875,0.645828
test.enc.prompt.txt::01361,test.enc.prompt.txt::01361__row741,I just wanted,0.0,content_diversity,to say how much you mean to me,to tell you that i love you,to say that i need you,you to know that you mean so much to me,you to know that i love you,-0.182,0.767,-0.525,-0.851,-0.561,20.188244,0.759391,0.588987,11.890610,0.447271,17.634216,0.709927,0.000000,10.386321,0.418138
test.enc.prompt.txt::01362,test.enc.prompt.txt::01362,I was sorry,1.0,content_diversity,so I bought you cookies,that i did it,i commited crime,i couldn't be there for you,but it wasn't my fault,-0.023,0.965,-0.169,-0.683,-0.132,17.055129,1.055935,0.352367,6.009666,0.372077,39.719510,2.330223,0.000000,13.995849,0.821094
test.enc.prompt.txt::01363,test.enc.prompt.txt::01363,It's a real,1.0,content_diversity,thing it is not a scam,struggle to do it so fast,"life, not imagination",hustle to do it,", I'm telling you",-0.042,0.919,-0.095,-0.605,-0.295,9.517822,0.388412,0.328783,3.129293,0.127703,25.497455,1.083843,0.000000,8.383117,0.356349
test.enc.prompt.txt::01364,test.enc.prompt.txt::01364,He comes over,0.0,content_diversity,and we watch movies,and we watch TV,and we usually watch something on TV,and we usually just watch something on netflix,and we turn on the TV,-0.199,0.785,-0.542,-0.937,-0.573,24.027009,0.730875,0.479664,11.524898,0.350574,39.000572,0.715988,0.000000,18.707182,0.343434
test.enc.prompt.txt::01365,test.enc.prompt.txt::01365,Please excuse me,1.0,content_diversity,I will get back as soon as possible,I can't take this anymore,I have to use the toilet,I forgot to bring the files,I will never again be late,-0.044,0.941,-0.178,-0.655,-0.199,13.825441,0.558270,0.445850,6.164078,0.248905,17.772188,0.627397,0.000000,7.923737,0.279725
test.enc.prompt.txt::01366,test.enc.prompt.txt::01366__row746,"Hey, you ivy",1.0,content_diversity,is your first name.,is the city you grew up in.,is the color of the blanket.,can be poisonous.,is Beyonce's daughter's middle name.,-0.034,0.942,-0.196,-0.577,-0.136,5.449172,0.369052,0.338422,1.844120,0.124895,35.815211,1.296569,0.000000,12.120657,0.438788
test.enc.prompt.txt::01366,test.enc.prompt.txt::01366__row747,"Hey, you ivy",0.0,content_diversity,can be dangerous.,is filled with poison.,is a biohazard.,is detrimental to your health.,is unsafe.,-0.037,0.965,-0.395,-0.678,-0.410,12.413327,0.357604,0.290958,3.611751,0.104048,15.140274,1.530369,0.000000,4.405176,0.445272
test.enc.prompt.txt::01367,test.enc.prompt.txt::01367,That's the building.,0.0,content_diversity,The man fled from the cops into that building.,He was trying to escape his pursuers and ran to that building.,That kid hid there from the kidnappers.,Let's find him quick.,It's a large building and he was hard to find.,-0.027,0.942,-0.353,-0.732,-0.293,22.031872,0.758696,0.398517,8.780077,0.302353,23.000251,1.804327,0.000000,9.165993,0.719055
test.enc.prompt.txt::01370,test.enc.prompt.txt::01370,It wouldn't hurt,1.0,content_diversity,for you to try it.,if you would hold still.,if you stayed home.,If you would leave it alone.,my feelings if you said no.,-0.078,0.910,-0.343,-0.804,-0.343,-3.973081,-0.110605,0.454574,-1.806060,-0.050278,27.660872,0.631818,0.000000,12.573921,0.287208
test.enc.prompt.txt::01373,test.enc.prompt.txt::01373__row750,Wow. Should you,1.0,content_diversity,be this handsome?,take another try?,help them?,behave like this,be so good at football,-0.012,0.975,-0.102,-0.646,-0.221,8.389762,0.892752,0.358299,3.006045,0.319872,26.328132,2.388274,0.000000,9.433348,0.855717
test.enc.prompt.txt::01373,test.enc.prompt.txt::01373__row751,Wow. Should you,0.0,content_diversity,be so hot,be so attractive,be so good looking,be so pretty,be so beautiful,-0.219,0.627,-0.655,-0.915,-0.651,28.422274,2.095759,0.306538,8.712520,0.642431,5.620083,0.896653,0.000000,1.722772,0.274859
test.enc.prompt.txt::01375,test.enc.prompt.txt::01375,"No, silly -",1.0,content_diversity,goose please stay.,"its not margarine, its butter.",willy you can't go out and play.,I was only joking.,of course will help you.,-0.003,0.983,-0.142,-0.585,-0.118,2.823447,-0.170124,0.321135,0.906707,-0.054633,45.383126,2.197663,0.000000,14.574095,0.705746
test.enc.prompt.txt::01376,test.enc.prompt.txt::01376,I can't believe,0.0,content_diversity,the reason why you broke up,the reason you left him,why you two are not in relationship anymore,why you two aren't together,this was the reason you two broke up,-0.126,0.835,-0.524,-0.840,-0.703,34.887937,1.172156,0.450451,15.715319,0.527999,26.047167,0.573592,0.000000,11.732982,0.258376
test.enc.prompt.txt::01377,test.enc.prompt.txt::01377,You worry about,0.0,content_diversity,how you're gonna say sorry,your apology,saying sorry,how you're going to say you are sorry,apologising to her,-0.032,0.927,-0.272,-0.805,-0.802,24.763351,1.320210,0.341160,8.448257,0.450403,20.875019,0.829654,0.000000,7.121715,0.283044
test.enc.prompt.txt::01378,test.enc.prompt.txt::01378,What was that,1.0,content_diversity,it seemed like a motorcycle but it wasn't,thing doing with us,thing you said earlier,book you said it's interesting,water brand you like,-0.032,0.942,-0.021,-0.607,-0.212,1.623053,-0.017813,0.413589,0.671277,-0.007367,42.863768,1.739742,0.000000,17.727980,0.719538
test.enc.prompt.txt::01379,test.enc.prompt.txt::01379,Take her to,1.0,content_diversity,the movies,the store,hair salon,her mothers house,back to her home,-0.016,0.769,-0.346,-0.610,-0.240,0.609038,0.341996,0.459077,0.279595,0.157002,30.682258,1.801561,0.000000,14.085507,0.827055
test.enc.prompt.txt::01380,test.enc.prompt.txt::01380,Jeffrey? What's going,1.0,content_diversity,to happen with you,on with your dog,on with that girl you are dating,wrong with your studies,to happen after you graduate,-0.073,0.893,-0.359,-0.701,-0.181,18.851864,0.824906,0.546713,10.306567,0.450987,21.720312,0.773116,0.000000,11.874786,0.422673
test.enc.prompt.txt::01381,test.enc.prompt.txt::01381,Come on out,1.0,content_diversity,nothing bad will happen to you,and have fun,we can get drunk,we are going to the bar,let's meet at the playground,-0.011,0.975,-0.260,-0.669,-0.255,7.068436,0.646516,0.407576,2.880922,0.263504,39.012983,0.887047,0.000000,15.900738,0.361539
test.enc.prompt.txt::01382,test.enc.prompt.txt::01382__row759,"Listen kid, I",1.0,content_diversity,have something to tell you.,know you didn't want to come but you have to.,can't understand a word you are saying!,don't think that is going to help.,might be able to help you,-0.056,0.936,-0.120,-0.710,-0.270,9.016943,0.111054,0.599824,5.408582,0.066613,34.174197,0.387829,0.000000,20.498515,0.232629
test.enc.prompt.txt::01382,test.enc.prompt.txt::01382__row760,"Listen kid, I",0.0,content_diversity,"can't hear you, what are you saying?",think you need to speak more clearly,don't have a clue what you are talking about,need to to make more sense than that!,am having trouble understanding you.,-0.035,0.944,-0.111,-0.720,-0.486,19.045488,0.475611,0.541264,10.308628,0.257431,56.236953,1.531517,0.000000,30.439011,0.828954
test.enc.prompt.txt::01384,test.enc.prompt.txt::01384,"Oh, God! Don't",0.0,content_diversity,sneak up behind me when I'm not looking!,go and frighten me with the weird noises you make.,"you ever say, ""Boo!"" again, you hear me?",make me scream like that with your sudden movements.,pretend to be a spooky monster in this dark bedroom!,-0.015,0.973,-0.055,-0.657,-0.332,16.170712,0.419610,0.446420,7.218928,0.187322,51.384057,0.923494,0.000000,22.938867,0.412266
test.enc.prompt.txt::01385,test.enc.prompt.txt::01385,Poppa Joe said,0.0,content_diversity,to avoid food that's bad for your health,to avoid junk food,to avoid fast food,to avoid processed food,to avoid everything that is bad for your health,-0.177,0.803,-0.639,-0.893,-0.653,29.265337,1.325787,0.375695,10.994852,0.498092,32.387599,0.389460,0.000000,12.167872,0.146318
test.enc.prompt.txt::01386,test.enc.prompt.txt::01386,Climb the corporate,1.0,content_diversity,ladder to make more money,fence to spy on them,wall if you want to leave,legal system to prevail,tree if you want to get fired,-0.073,0.881,-0.223,-0.574,-0.155,32.350738,1.414361,0.381903,12.354845,0.540149,35.228780,1.803776,0.000000,13.453978,0.688867
test.enc.prompt.txt::01392,test.enc.prompt.txt::01392,How many feminists,0.0,content_diversity,have to be injured before people listen?,have to be killed before someone takes notice?,need to get hurt before people pay attention?,have to get hurt to get heard?,have to get hurt before someone stands up and listens?,-0.158,0.787,-0.625,-0.931,-0.630,16.516630,0.509722,0.519467,8.579838,0.264784,14.075925,0.582486,0.000000,7.311974,0.302582
test.enc.prompt.txt::01393,test.enc.prompt.txt::01393__row765,No fuckin' hot,1.0,content_diversity,girl are allowed here,food makes me throw up,sun makes me exhausted,people are here,nights,-0.026,0.936,-0.136,-0.641,-0.138,27.656494,1.048735,0.353133,9.766409,0.370342,33.303898,1.427896,0.000000,11.760691,0.504237
test.enc.prompt.txt::01393,test.enc.prompt.txt::01393__row766,No fuckin' hot,0.0,content_diversity,food makes me vomit,food makes me puke,cuisine makes me throw up,cuisine makes me puke,cuisine makes me vomit,-0.282,0.673,-0.931,-0.971,-0.910,41.318679,1.971312,0.313020,12.933578,0.617060,13.892624,0.556871,0.000000,4.348671,0.174312
test.enc.prompt.txt::01394,test.enc.prompt.txt::01394,"All right, love",0.0,content_diversity,do you want to eat out,where do you wanna have a dinner,where do you wanna dine,do you want to go out and eat,do you wanna eat in a restaurant,-0.194,0.767,-0.480,-0.870,-0.776,37.929072,1.445745,0.411646,15.613341,0.595135,17.364067,0.358394,0.000000,7.147844,0.147531
test.enc.prompt.txt::01395,test.enc.prompt.txt::01395,Destroy all that,1.0,content_diversity,evidence and get out of here,peasants,books and get new ones,files and clean my desk,enemies,-0.019,0.951,-0.141,-0.581,-0.165,31.265721,1.480171,0.284960,8.909471,0.421789,37.186947,2.199011,0.000000,10.596782,0.626630
test.enc.prompt.txt::01396,test.enc.prompt.txt::01396,Know what we,1.0,content_diversity,are dealing with,are selling to our customers,need to do to stay profitable,can do to help him,should do in order to sell the business,-0.046,0.939,-0.345,-0.687,-0.276,-1.203554,0.059405,0.554108,-0.666898,0.032917,37.624541,1.152989,0.000000,20.848043,0.638880
test.enc.prompt.txt::01397,test.enc.prompt.txt::01397,I don't know,0.0,content_diversity,what your problem is.,why you are acting that way.,why you can't act right.,what you think you are up to.,why you would do that.,-0.067,0.906,-0.329,-0.807,-0.429,8.040063,0.255260,0.502908,4.043412,0.128372,23.550660,0.810978,0.000000,11.843815,0.407847
test.enc.prompt.txt::01398,test.enc.prompt.txt::01398__row771,"Is that right,",1.0,content_diversity,he ran away?,that animal bit her in the face?,she robbed the bank?,he stole the couple's car?,they won the lottery?,-0.030,0.965,-0.528,-0.681,-0.175,12.963595,0.419845,0.291152,3.774382,0.122239,49.096197,1.355302,0.000000,14.294478,0.394600
test.enc.prompt.txt::01398,test.enc.prompt.txt::01398__row772,"Is that right,",0.0,content_diversity,they won the big cash prize?,the group won and quit their jobs?,the team won millions in the lotto?,they got the grand prize and retired to Puerto Rico?,the couple are very rich now from winning the lotto sweepstakes?,-0.056,0.951,-0.398,-0.813,-0.341,26.615562,0.925629,0.331587,8.825383,0.306927,72.702950,0.361837,0.000000,24.107378,0.119980
test.enc.prompt.txt::01399,test.enc.prompt.txt::01399,"Oh, we're good",1.0,content_diversity,to go,now,when I say we're good,when you apologise,once he leaves,-0.005,0.986,-0.226,-0.614,-0.336,12.562296,0.785931,0.325090,4.083873,0.255498,30.633060,1.883693,0.000000,9.958493,0.612369
test.enc.prompt.txt::01400,test.enc.prompt.txt::01400,Where are you,0.0,content_diversity,going out with her,taking her on a date,gonna spend your time together,taking your gf out,going with your girlfriend,-0.038,0.936,-0.305,-0.707,-0.369,27.070271,1.232197,0.428931,11.611285,0.528528,25.493705,0.942450,0.000000,10.935047,0.404246
test.enc.prompt.txt::01401,test.enc.prompt.txt::01401,Who did you,0.0,content_diversity,"mean when you said ""they"" would know exactly what this is about?","mean when you said ""she"" would know exactly what this is about?","mean when you said ""it"" would know exactly what this is about?",mean when you refer to them knowing exactly what this is about?,mean when you spoke of them knowing what this is about?,-0.446,0.576,-0.671,-0.983,-0.815,52.592649,0.820984,0.485595,25.538708,0.398665,35.759182,0.674588,0.000000,17.364467,0.327576
test.enc.prompt.txt::01402,test.enc.prompt.txt::01402,So what do,1.0,content_diversity,you think about my new hairstyle,like about me,you do in leisure time,think of my father,believe in,-0.023,0.950,-0.101,-0.622,-0.227,20.668821,1.023394,0.343863,7.107239,0.351907,16.846662,1.345944,0.000000,5.792941,0.462820
test.enc.prompt.txt::01404,test.enc.prompt.txt::01404,"Now, you will",1.0,content_diversity,do as I say or I'll fire you,have to take one for the team,pick my mom,take care of my dog,have to say what bothers you,-0.024,0.950,-0.066,-0.588,-0.169,12.494913,1.261897,0.309756,3.870374,0.390880,28.154752,2.394434,0.000000,8.721102,0.741690
test.enc.prompt.txt::01405,test.enc.prompt.txt::01405,It is your,1.0,content_diversity,job to have.,birthday.,time to leave.,problem.,new pet.,-0.007,0.580,-0.496,-0.684,-0.136,-2.356887,-0.599727,0.256879,-0.605434,-0.154057,28.364676,2.984542,0.000000,7.286281,0.766665
test.enc.prompt.txt::01408,test.enc.prompt.txt::01408,"So Duffy, got",1.0,content_diversity,any weed?,"to go now, see you later",anything to tell me,something to share,drink so we can get drunk at his place,-0.015,0.983,0.080,-0.656,-0.188,-9.974605,0.006671,0.404086,-4.030602,0.002696,87.074186,2.561931,0.000000,35.185493,1.035241
test.enc.prompt.txt::01410,test.enc.prompt.txt::01410,These two fucking,1.0,content_diversity,idiots are ruining whole dinner,plates are so annoying,dogs are trying to attack my dog,truck drivers are driving so dangerous,pictures are so obviously aimed to discredit me,-0.052,0.945,-0.234,-0.612,-0.297,3.544089,0.425065,0.445150,1.577652,0.189218,70.284572,0.924216,0.000000,31.287191,0.411415
test.enc.prompt.txt::01412,test.enc.prompt.txt::01412,What are you,1.0,content_diversity,doing behind the curtains,doing for a living,doing on a tuesday night,doing with my sister,thinking with that crazy ideas,-0.037,0.955,0.003,-0.709,-0.186,-3.093591,0.113355,0.478379,-1.479909,0.054227,57.847425,1.432390,0.000000,27.672994,0.685225
test.enc.prompt.txt::01414,test.enc.prompt.txt::01414__row782,You bet your,1.0,content_diversity,money on it.,life!,life's savings on a long shot.,marriage on a woman.,everything on a smokescreen.,-0.060,0.914,-0.254,-0.651,-0.214,-6.792964,-0.191837,0.354382,-2.407301,-0.067984,46.574130,3.350628,0.000000,16.505011,1.187401
test.enc.prompt.txt::01414,test.enc.prompt.txt::01414__row783,You bet your,0.0,content_diversity,hard earned dollars at the casino.,cash on the lottery and lost.,savings for nothing.,bottom dollar and you won double!,money on a fantasy. Now you have nothing.,-0.017,0.966,-0.215,-0.750,-0.367,-4.256304,0.236868,0.454560,-1.934745,0.107670,45.976520,1.099224,0.000000,20.899077,0.499663
test.enc.prompt.txt::01416,test.enc.prompt.txt::01416,"We'll keep going,",1.0,content_diversity,we are almost there,I need you for few more hours,until we are the best,this is our chance of a lifetime,we gotta make it right,-0.023,0.970,-0.172,-0.697,-0.473,16.070740,0.567836,0.416226,6.689060,0.236348,48.751217,1.403468,0.000000,20.291525,0.584160
test.enc.prompt.txt::01418,test.enc.prompt.txt::01418,Don't do this,0.0,content_diversity,or we're breaking up,or I will have to leave you,or we're done,or we're finished,or we won't be together anymore,-0.092,0.926,-0.470,-0.809,-0.737,24.625942,1.374029,0.372161,9.164811,0.511360,18.237451,0.768819,0.000000,6.787265,0.286124
test.enc.prompt.txt::01421,test.enc.prompt.txt::01421__row786,What color hair,1.0,content_diversity,do you currently have,does your friend have,is your favourite,does your mom have,is the cheapest,-0.050,0.718,-0.250,-0.673,-0.304,9.737221,0.505002,0.533567,5.195460,0.269453,12.177211,1.062202,0.000000,6.497359,0.566756
test.enc.prompt.txt::01421,test.enc.prompt.txt::01421__row787,What color hair,0.0,content_diversity,do you have now,do you wear right now,is currently on you,do you have in this moment,do you wear at the moment,-0.131,0.835,-0.394,-0.748,-0.525,27.607932,1.295868,0.487341,13.454474,0.631529,18.582338,0.949163,0.000000,9.055933,0.462566
test.enc.prompt.txt::01423,test.enc.prompt.txt::01423,What does Starsky,1.0,content_diversity,say about your future,think about this job,do in leisure time,like to eat,own instead of house,-0.005,0.789,-0.146,-0.620,-0.189,-2.276506,0.026417,0.400757,-0.912325,0.010587,39.782226,1.401727,0.000000,15.942989,0.561751
test.enc.prompt.txt::01424,test.enc.prompt.txt::01424,Did you see,1.0,content_diversity,that aeroplane,him eat whole basket,her cheating on him,him how he broke up with her,cheating on a test,-0.033,0.940,-0.046,-0.604,-0.162,6.510201,0.090988,0.323951,2.108985,0.029476,29.372775,1.726005,0.000000,9.515333,0.559140
test.enc.prompt.txt::01427,test.enc.prompt.txt::01427,What about what,0.0,content_diversity,"he put you through, surely you want payback?","you went through at his hands, surely you want him to suffer now?","he has done to you in the past, should he get away with that?","happened to you before, does that not matter any more?","he did to you before, don't you want to to return the favour?",-0.086,0.900,-0.270,-0.841,-0.582,31.433231,0.557995,0.475911,14.959435,0.265556,37.557492,0.449543,0.000000,17.874041,0.213943
test.enc.prompt.txt::01428,test.enc.prompt.txt::01428,You owe me,0.0,content_diversity,a million dollars,huge amount of money,large amount of money,large sum of money,a lot of money,-0.132,0.626,-0.492,-0.942,-0.862,10.489288,0.488891,0.550790,5.777396,0.269276,17.776285,1.030963,0.000000,9.791003,0.567845
test.enc.prompt.txt::01430,test.enc.prompt.txt::01430,This is Inez.,1.0,content_diversity,I just transferred her from the Sales Department.,She just here from Hawaii.,She's the boss's cousin.,I just hired her.,She's an old friend from college.,-0.040,0.932,-0.330,-0.730,-0.361,12.921360,0.786812,0.444255,5.740384,0.349546,49.089017,1.666875,0.000000,21.808061,0.740518
test.enc.prompt.txt::01434,test.enc.prompt.txt::01434,"See, one day",0.0,content_diversity,I will have wealth and gold.,I can have great riches.,will see me as king of this land with many jewels.,there will be millions of dollars in my safe.,I will never have to worry about money again.,-0.038,0.954,-0.345,-0.755,-0.476,30.212772,0.710678,0.409848,12.382644,0.291270,56.778469,1.471726,0.000000,23.270541,0.603184
test.enc.prompt.txt::01435,test.enc.prompt.txt::01435,Mr. Langston performed,0.0,content_diversity,extremely well,good,great,amazingly,superb,0.000,0.400,-0.712,-0.685,-0.835,10.500065,1.831334,0.237737,2.496256,0.435376,7.357974,2.008291,0.000000,1.749264,0.477446
test.enc.prompt.txt::01436,test.enc.prompt.txt::01436,He's gone. He,0.0,content_diversity,left in a rush,left quick,left so quickly,had to hurry up,had no time to stay,-0.030,0.956,-0.150,-0.769,-0.651,15.814226,1.154914,0.359789,5.689780,0.415525,13.271579,1.571471,0.000000,4.774964,0.565398
test.enc.prompt.txt::01438,test.enc.prompt.txt::01438,He went back,1.0,content_diversity,to the hospital.,home yesterday. You just missed him.,to work already. Try calling him there.,to his wife.,to his girlfriend's house.,-0.048,0.945,-0.349,-0.682,-0.205,36.127710,1.278424,0.347507,12.554640,0.444262,65.937841,1.350566,0.000000,22.913876,0.469331
test.enc.prompt.txt::01440,test.enc.prompt.txt::01440__row797,Man. I'm sorry.,1.0,content_diversity,I feel so bad and promise I won't do it again.,I know you're mad and i would be too.,please don't be mad and try to see things from my point of view,I didn't mean to hurt you,I hope we can still be friends,-0.038,0.953,-0.139,-0.746,-0.239,26.188393,0.522549,0.568482,14.887621,0.297060,63.971869,1.162509,0.000000,36.366834,0.660865
test.enc.prompt.txt::01440,test.enc.prompt.txt::01440__row798,Man. I'm sorry.,0.0,content_diversity,I still want you to be in my life,I don't want to lose you,I wish we could remain pals,All I want is for us to be buddies forever,My dream is for us to hang out again,-0.067,0.891,-0.335,-0.733,-0.456,22.317672,0.773933,0.475928,10.621602,0.368336,40.094369,0.970548,0.000000,19.082027,0.461911
test.enc.prompt.txt::01442,test.enc.prompt.txt::01442,Inez has a,0.0,content_diversity,"really cool job, where she gets money for nothing!",whole day to do things as she does nothing at work.,job that requires no effort at all!,paycheck that she gets by doing very little.,a lot of time to think as she doesn't do anything at work.,-0.036,0.940,-0.229,-0.809,-0.496,25.276780,0.733654,0.389421,9.843300,0.285700,35.602722,0.405568,0.000000,13.864435,0.157937
test.enc.prompt.txt::01443,test.enc.prompt.txt::01443__row800,She doesn't need,1.0,content_diversity,a man. She is a lesbian.,this person in her life right now.,a car. She walks everywhere.,to go to college. She is going to focus on being a mother.,a vacation. She just needs a day off.,-0.047,0.938,-0.349,-0.649,-0.140,9.059633,0.223712,0.487835,4.419609,0.109135,38.510902,0.693799,0.000000,18.786979,0.338460
test.enc.prompt.txt::01443,test.enc.prompt.txt::01443__row801,She doesn't need,0.0,content_diversity,a college education. She is going to be a good mother.,a college degree. Her children are her priority.,to go to college. Being a good mother is more important.,a college education to define her. She's going to be a good mom.,to go to college. Motherhood is more important to her.,-0.149,0.773,-0.569,-0.949,-0.703,39.709993,0.708003,0.507103,20.137037,0.359030,52.551547,0.750644,0.000000,26.649021,0.380653
test.enc.prompt.txt::01444,test.enc.prompt.txt::01444,Our money situation,0.0,content_diversity,will not allow us to qualify for a mortgage now.,will not allow us to buy a house.,will not allow us to move to a new house.,means we do not have the money for down payment.,means we have to rent for now.,-0.162,0.780,-0.439,-0.838,-0.560,19.217150,0.374596,0.539588,10.369342,0.202127,30.831458,0.608791,0.000000,16.636282,0.328496
test.enc.prompt.txt::01445,test.enc.prompt.txt::01445,He doesn't want,0.0,content_diversity,any romantic relationships right now.,any romantic entanglements at this stage in his life.,any romantic relationship at this point in his life.,any romantic relationship at this particular stage in his life.,any romantic entanglements at this particular point in life.,-0.247,0.656,-0.654,-0.978,-0.927,26.378407,0.460337,0.605642,15.975868,0.278800,20.187092,0.450610,0.000000,12.226149,0.272908
test.enc.prompt.txt::01446,test.enc.prompt.txt::01446,No fighting. It,1.0,content_diversity,is forbidden here,can be solved with words,doesn't have to get ugly,should think about his behaviour,doesn't have to be said,-0.033,0.928,-0.109,-0.579,-0.237,13.371925,0.449056,0.512276,6.850112,0.230041,47.824776,1.178779,0.000000,24.499469,0.603860
test.enc.prompt.txt::01447,test.enc.prompt.txt::01447,I don't want,1.0,content_diversity,to be alone right now. My cat just died.,to go on vacation for another month or so.,to get married anytime soon.,to go to college.,to go to the hospital.,-0.091,0.919,-0.317,-0.697,-0.188,5.400165,0.143633,0.540972,2.921337,0.077702,60.098424,0.774151,0.000000,32.511548,0.418794
test.enc.prompt.txt::01448,test.enc.prompt.txt::01448,He was a,1.0,content_diversity,man who didn't take no for an anwer.,little afraid of the choices he had made.,"office worker by day, but computer hacker by night.",whole hour late for the meeting.,"small time bank robber, who was trying to make it big.",-0.008,0.981,-0.119,-0.575,-0.170,3.588051,0.094376,0.441161,1.582908,0.041635,23.180388,0.573368,0.000000,10.226285,0.252947
test.enc.prompt.txt::01449,test.enc.prompt.txt::01449__row807,I've got a,1.0,content_diversity,problem,leach,scratch,a concept,a rough draft,-0.008,0.575,-0.264,-0.579,-0.277,-0.030817,0.674633,0.203652,-0.006276,0.137391,29.770389,5.497384,0.000000,6.062811,1.119555
test.enc.prompt.txt::01449,test.enc.prompt.txt::01449__row808,I've got a,0.0,content_diversity,blueprint,sketch,concept,thought,drawing,0.000,0.200,-0.992,-0.701,-0.372,11.811159,1.683674,0.299334,3.535479,0.503980,12.171594,1.735354,0.000000,3.643369,0.519450
test.enc.prompt.txt::01708,test.enc.prompt.txt::01708,I've got some,0.0,content_diversity,leftovers,food from lunch,uneaten food,food that no one ate,food that wasn't eaten,-0.047,0.927,-0.079,-0.847,-0.458,24.745506,1.676816,0.345604,8.552134,0.579513,24.163964,1.462692,0.000000,8.351151,0.505512
test.enc.prompt.txt::01753,test.enc.prompt.txt::01753,I don't know,1.0,content_diversity,how he can eat so much,why would he dump her,how can he study so hard,why would he cross him,how can he not like reading,-0.097,0.864,-0.429,-0.683,-0.271,25.069018,1.183014,0.345019,8.649282,0.408162,30.421548,1.150332,0.000000,10.496005,0.396886
test.enc.prompt.txt::01680,test.enc.prompt.txt::01680,When's the next,0.0,content_diversity,contest? i want to win big.,lottery? I can see myself rich.,sweepstakes for that company? I want my house remodeled.,competition? I'm excited to win.,tournament? Let's win it!,-0.026,0.959,-0.388,-0.803,-0.435,41.958034,0.860401,0.324701,13.623803,0.279373,69.032668,0.839140,0.000000,22.414955,0.272469
test.enc.prompt.txt::01752,test.enc.prompt.txt::01752,That tip not,1.0,content_diversity,better be less than 10 percent,better be less than 15 percent,better be zero,taxed?,be fake,-0.097,0.772,-0.189,-0.725,-0.320,26.050499,0.670106,0.208377,5.428314,0.139634,39.951477,9.064735,0.000000,8.324952,1.888879
test.enc.prompt.txt::01743,test.enc.prompt.txt::01743,What are you?,1.0,content_diversity,are you a human,you don't seem like a dog,are you doing something to me,you seem like an ugly bug,you look exhausted,-0.066,0.916,-0.155,-0.687,-0.264,24.244854,0.807891,0.340516,8.255761,0.275100,30.511116,0.990667,0.000000,10.389523,0.337338
test.enc.prompt.txt::01770,test.enc.prompt.txt::01770,What do we,0.0,content_diversity,have for money for Christmas gifts?,think we’ll be spending on holiday presents for the family?,want to buy for the Secret Santa exchange this year?,want to do for Christmas vacation?,know about the kids’ Christmas wish list?,-0.052,0.931,-0.314,-0.861,-0.599,25.276684,0.509301,0.468025,11.830115,0.238366,47.005823,0.779404,0.000000,21.999891,0.364780
test.enc.prompt.txt::01772,test.enc.prompt.txt::01772,King ain't gonna,0.0,content_diversity,surrender,not fight,die without fighting,give up,die just watching,-0.007,0.582,-0.194,-0.735,-0.529,3.944840,0.650791,0.360183,1.420865,0.234404,44.233930,2.308226,0.000000,15.932317,0.831384
test.enc.prompt.txt::01766,test.enc.prompt.txt::01766,Everyone's working an,1.0,content_diversity,overtime this month,really hard,in a huge warehouse,important task,incredible job,0.000,0.800,-0.281,-0.641,-0.432,14.543463,0.922958,0.442815,6.440066,0.408700,28.300863,0.981496,0.000000,12.532051,0.434621
test.enc.prompt.txt::01694,test.enc.prompt.txt::01694,It's gettin' late.,0.0,content_diversity,I worked all day and I'm exhausted.,I am so very tired from all the work I finished today.,I worked a double and I am feeling it.,So sleepy. I didn't sleep good last night.,I'm spent after the busy day I had today.,-0.060,0.928,-0.445,-0.822,-0.538,18.280285,0.451369,0.473146,8.649248,0.213564,45.980305,0.902263,0.000000,21.755409,0.426902
test.enc.prompt.txt::01682,test.enc.prompt.txt::01682,Bless us O,1.0,content_diversity,father for we have sinned.,slot machine gods for this is our last quarter.,spirits of liquor as we have over imbibed.,saints for we fall short of your glory.,stork for we want a child.,-0.057,0.936,-0.113,-0.706,-0.136,33.887085,0.642874,0.340362,11.533864,0.218810,63.874438,1.273477,0.000000,21.740409,0.433443
test.enc.prompt.txt::01744,test.enc.prompt.txt::01744,Poor bastard never,0.0,content_diversity,brings money,can't afford anything,buys something,has anything to pay with,brings cash,-0.015,0.971,-0.172,-0.747,-0.394,27.312118,1.573144,0.301634,8.238269,0.474514,20.122095,0.966047,0.000000,6.069512,0.291393
test.enc.prompt.txt::01731,test.enc.prompt.txt::01731__row820,It's not that,1.0,content_diversity,I don't like you,I just can't trust you,believe me,I am the problem,I think you should go,-0.040,0.950,-0.182,-0.687,-0.342,12.105618,1.164223,0.395089,4.782794,0.459971,26.418544,2.794586,0.000000,10.437672,1.104110
test.enc.prompt.txt::01731,test.enc.prompt.txt::01731__row821,It's not that,0.0,content_diversity,I can't trust,you are not to be trusted,you can't be trusted,i can't have confidence that you'll keep it quiet,i don't want to trust you,-0.049,0.927,-0.403,-0.863,-0.715,19.660467,0.668617,0.468348,9.207933,0.313145,63.716781,0.886093,0.000000,29.841604,0.415000
test.enc.prompt.txt::01691,test.enc.prompt.txt::01691,What'd she die,0.0,content_diversity,of and can we all get it,sick with and do others have it,from and is it going around,with and is there a vaccine for it,of and is it spreading,-0.106,0.883,-0.409,-0.762,-0.327,34.066330,1.137001,0.370092,12.607668,0.420795,39.942675,1.075009,0.000000,14.782455,0.397852
test.enc.prompt.txt::01741,test.enc.prompt.txt::01741,So how'd you,0.0,content_diversity,discover the truth about me?,get the low down on my whereabouts?,get them to tell you where I was?,come across my information?,figure out where to look for me?,-0.019,0.961,-0.164,-0.790,-0.522,7.087010,0.211469,0.480226,3.403366,0.101553,18.965672,0.638800,0.000000,9.107809,0.306768
test.enc.prompt.txt::01721,test.enc.prompt.txt::01721,Uh... I'm shipping,0.0,content_diversity,to invalid address,to wrong person,to wrong recipient,to wrong destination,to invalid final destination,-0.133,0.645,-0.425,-0.826,-0.645,24.740133,1.469527,0.323836,8.011745,0.475886,36.607408,1.032636,0.000000,11.854795,0.334405
test.enc.prompt.txt::01717,test.enc.prompt.txt::01717,"No, you did",0.0,content_diversity,make a larceny,rob the store,something bad,commit a crime,steal,-0.007,0.583,-0.109,-0.673,-0.351,25.897952,2.483647,0.226045,5.854110,0.561417,36.594824,2.139682,0.000000,8.272087,0.483665
test.enc.prompt.txt::01742,test.enc.prompt.txt::01742,He's just as,1.0,content_diversity,bad as his mom,good as anyone,stupid as you,ugly as his parents,smart as me,-0.071,0.725,-0.393,-0.707,-0.300,9.786714,0.613773,0.496945,4.863463,0.305012,19.023214,0.600300,0.000000,9.453499,0.298317
test.enc.prompt.txt::01709,test.enc.prompt.txt::01709__row827,So many children.,1.0,content_diversity,I can't keep up.,We will make a lot of babysitting money.,Why does she have so many children?,He wants too many kids.,I get a headache thinking about it.,-0.010,0.981,-0.320,-0.598,-0.274,-7.933689,-0.291998,0.503151,-3.991842,-0.146919,37.150858,1.024533,0.000000,18.692486,0.515495
test.enc.prompt.txt::01709,test.enc.prompt.txt::01709__row828,So many children.,0.0,content_diversity,We went our separate ways because of it.,I don't know why he wants so many.,Why does he want so many children?,He could start his own country wanting that many kids.,I want 1 child and he wants 10.,-0.031,0.950,-0.243,-0.745,-0.269,8.756945,0.121209,0.476076,4.168972,0.057705,61.835073,1.119970,0.000000,29.438196,0.533191
test.enc.prompt.txt::01697,test.enc.prompt.txt::01697__row829,You've seen only,1.0,content_diversity,the tip of the iceberg.,the best side of him.,what I wanted you to see.,the best doctors.,one way of doing things.,-0.044,0.939,-0.302,-0.647,-0.202,-0.800393,0.011539,0.560585,-0.448688,0.006469,26.742725,1.730769,0.000000,14.991559,0.970243
test.enc.prompt.txt::01697,test.enc.prompt.txt::01697__row830,You've seen only,0.0,content_diversity,what I have allowed .,that which I chose to show you.,the things I feel worthy of your attention.,what will be in your best interest.,things I decide you can see.,-0.036,0.949,-0.177,-0.806,-0.519,1.947848,-0.195053,0.446079,0.868895,-0.087009,20.350396,1.306035,0.000000,9.077891,0.582595
test.enc.prompt.txt::01695,test.enc.prompt.txt::01695,How many months,0.0,content_diversity,until father is with us?,will it take papa to get here?,are there to go before dad gets out of jail?,do we have to wait for dada?,can pops be gone for?,-0.008,0.988,-0.223,-0.715,-0.425,19.295073,0.281037,0.284986,5.498819,0.080092,27.510868,2.049833,0.000000,7.840203,0.584173
test.enc.prompt.txt::01739,test.enc.prompt.txt::01739,Then there it,1.0,content_diversity,"went, down the street.","flew, into the sky.",is!,"slept, in the cave.",dies peacefully.,-0.015,0.773,-0.297,-0.581,-0.173,-3.621596,1.198840,0.287286,-1.040433,0.344410,37.518473,6.541431,0.000000,10.778524,1.879260
test.enc.prompt.txt::01735,test.enc.prompt.txt::01735,My name's Grant.,1.0,content_diversity,I am here to help you,I am a world champion,I could be your father,I usually wake up after noon,I will be your new teacher,-0.056,0.933,-0.308,-0.622,-0.224,16.754893,0.770087,0.480857,8.056712,0.370302,32.013369,0.952676,0.000000,15.393862,0.458101
test.enc.prompt.txt::01736,test.enc.prompt.txt::01736,Here's where a,1.0,content_diversity,plane waits for us,meeting will be held,timeless masterpiece was painted,should leave you,countless couples broke up,0.000,0.800,-0.190,-0.557,-0.098,5.042176,0.209627,0.331281,1.670376,0.069445,44.451032,2.389760,0.000000,14.725771,0.791681
test.enc.prompt.txt::01729,test.enc.prompt.txt::01729,Shit. We don't,0.0,content_diversity,care about your opinion.,want to know what you think.,need any more ideas.,have any need of your expertise.,value your way of thinking.,-0.024,0.960,-0.151,-0.794,-0.401,-1.101982,0.003366,0.472727,-0.520937,0.001591,34.021469,1.108667,0.000000,16.082876,0.524097
test.enc.prompt.txt::01716,test.enc.prompt.txt::01716,It looks like,1.0,content_diversity,we've made it,it is gonna rain,he likes you,he isn't answering,you should go home,-0.018,0.765,-0.222,-0.596,-0.099,8.048926,0.629830,0.374490,3.014245,0.235865,11.787275,0.907395,0.000000,4.414221,0.339811
test.enc.prompt.txt::01754,test.enc.prompt.txt::01754,I lost my,0.0,content_diversity,sneakers in the wood,shoes in a forest,trainers in a wood,shoes while I was in a forest,sneakers when I was in a wood,-0.164,0.757,-0.487,-0.934,-0.610,36.344787,1.663280,0.347474,12.628886,0.577947,14.228217,0.629333,0.000000,4.943942,0.218677
test.enc.prompt.txt::01771,test.enc.prompt.txt::01771,"Feeling lucky today,",0.0,content_diversity,we should make a bet,we can bet,we could place a bet,do you want to bet,anyone wanna bet against me?,-0.068,0.928,-0.378,-0.927,-0.726,7.329624,0.939706,0.382819,2.805922,0.359738,55.098319,1.429338,0.000000,21.092706,0.547178
test.enc.prompt.txt::01685,test.enc.prompt.txt::01685,When'd you start,1.0,content_diversity,swimming professionally,going out with her,making mistakes,baking,fighting for your country,0.000,0.800,-0.173,-0.583,-0.094,1.299315,0.538037,0.479463,0.622974,0.257969,24.127783,2.114536,0.000000,11.568388,1.013843
test.enc.prompt.txt::01755,test.enc.prompt.txt::01755,Sorry about your,1.0,content_diversity,parents,exam,pet,situation at work,health issues,0.000,0.600,-0.451,-0.580,-0.191,1.485906,1.389235,0.305577,0.454059,0.424518,15.737177,3.609456,0.000000,4.808921,1.102967
test.enc.prompt.txt::01759,test.enc.prompt.txt::01759,You need to,1.0,content_diversity,evaluate all student's papers,hurry up,check your teeth,bring an umbrella,get there by 8,0.000,0.800,-0.077,-0.600,-0.132,3.884300,0.428649,0.370331,1.438475,0.158742,54.588399,1.194047,0.000000,20.215751,0.442192
test.enc.prompt.txt::01684,test.enc.prompt.txt::01684,"Doing great, Mom,",1.0,content_diversity,can I have sweets now?,where are we going next,i think you should rethink your decision,can i have a new phone,do you believe me,-0.014,0.970,-0.152,-0.658,-0.269,14.620938,0.234547,0.419780,6.137577,0.098458,41.839009,1.587237,0.000000,17.563177,0.666290
test.enc.prompt.txt::01712,test.enc.prompt.txt::01712,"""Homer Wells, born",0.0,content_diversity,"in russia, was a commandor",in russia was known as a general,in russia was known as a top officer in military,"in russia, was a top general",in russia was a colonel,-0.241,0.657,-0.596,-0.922,-0.603,78.311801,2.377379,0.210450,16.480717,0.500319,31.730790,1.091406,0.000000,6.677744,0.229686
test.enc.prompt.txt::01751,test.enc.prompt.txt::01751,I guess it,0.0,content_diversity,rains a lot,rains often here,does rain quite often,rains almost every single day,rains few times per day,-0.041,0.950,-0.194,-0.962,-0.799,12.172199,0.677227,0.381925,4.648865,0.258650,36.495857,1.366391,0.000000,13.938675,0.521859
test.enc.prompt.txt::01767,test.enc.prompt.txt::01767__row845,Stop waving that,1.0,content_diversity,thing at me.,hand in my face.,hankie like you're fanning a fire.,money around.,at him I don't want him to see me.,-0.007,0.975,-0.219,-0.579,-0.181,-16.189127,-0.538812,0.490522,-7.941124,-0.264299,93.896851,1.589025,0.000000,46.058481,0.779452
test.enc.prompt.txt::01767,test.enc.prompt.txt::01767__row846,Stop waving that,0.0,content_diversity,before he notices me.,or he'll look this way.,he'll come over demanding the money I owe him.,else he'll recognize it and want it back.,I don't want him to know I am here.,-0.016,0.960,-0.371,-0.711,-0.257,31.121740,0.772752,0.325723,10.137064,0.251703,53.013201,0.535976,0.000000,17.267615,0.174580
test.enc.prompt.txt::01757,test.enc.prompt.txt::01757,We had to,0.0,content_diversity,leave him to die,execute him,commit a homicide,murder him,slaughter him,-0.051,0.754,-0.499,-0.773,-0.523,19.059573,1.538012,0.302584,5.767129,0.465378,23.270760,1.074165,0.000000,7.041368,0.325025
test.enc.prompt.txt::01713,test.enc.prompt.txt::01713__row848,Is *your* father,1.0,content_diversity,really dead?,the newlly elected mayor?,wanted by the FBI?,married to your mother?,the town drunk.,-0.017,0.776,-0.279,-0.633,-0.129,-0.990653,-0.339629,0.363632,-0.360233,-0.123500,42.825245,1.829938,0.000000,15.572633,0.665424
test.enc.prompt.txt::01713,test.enc.prompt.txt::01713__row849,Is *your* father,0.0,content_diversity,one of America's most wanted?,on the run from the law?,a fugitive from justice?,a common criminal?,wanted for questioning by the authorities?,-0.015,0.967,-0.283,-0.798,-0.428,1.754542,0.253723,0.450029,0.789594,0.114183,25.954907,0.984484,0.000000,11.680449,0.443046
test.enc.prompt.txt::01687,test.enc.prompt.txt::01687,When I first,0.0,content_diversity,took you on a date I was happy,went out with you it made me happy,"took you out, I was the happiest man alive",went on a date with you it made me so happy,"went out with you, you made me smile",-0.130,0.792,-0.483,-0.897,-0.732,42.825485,1.117449,0.446588,19.125353,0.499039,21.213059,0.572415,0.000000,9.473500,0.255634
test.enc.prompt.txt::01777,test.enc.prompt.txt::01777__row851,So what do,1.0,content_diversity,I need to do,you want me to read,they want to watch,they plan on doing next friday,they think they will do to us,-0.048,0.938,-0.175,-0.644,-0.283,4.434193,0.253792,0.492558,2.184099,0.125007,40.168234,0.554948,0.000000,19.785198,0.273344
test.enc.prompt.txt::01777,test.enc.prompt.txt::01777__row852,So what do,0.0,content_diversity,you want me to do,I need to get done with,I need to finish,you want me to get done,you want me to get finished with,-0.236,0.641,-0.441,-0.871,-0.590,31.886913,1.527011,0.510660,16.283357,0.779783,15.716586,0.465696,0.000000,8.025825,0.237812
test.enc.prompt.txt::01690,test.enc.prompt.txt::01690,He *sniffs* that,1.0,content_diversity,powder of the table,stinky socks,cocaine,sugar into his nostril,thing,0.000,0.800,-0.044,-0.679,-0.264,2.035069,-0.368659,0.318188,0.647534,-0.117303,36.874997,2.242888,0.000000,11.733181,0.713660
test.enc.prompt.txt::01730,test.enc.prompt.txt::01730__row854,That just ain't,1.0,content_diversity,so.,right.,something my family believes in.,going to happen.,my way of thinking.,-0.004,0.986,-0.440,-0.690,-0.440,-0.730004,-1.563618,0.449551,-0.328174,-0.702925,37.485016,4.955872,0.000000,16.851408,2.227915
test.enc.prompt.txt::01730,test.enc.prompt.txt::01730__row855,That just ain't,0.0,content_diversity,how I see things.,in line with my beliefs.,the way my mind works.,the direction my gears turn.,how I was brought up.,-0.031,0.948,-0.363,-0.711,-0.346,-1.868281,-0.166570,0.432963,-0.808897,-0.072119,45.493312,1.204288,0.000000,19.696925,0.521412
test.enc.prompt.txt::01762,test.enc.prompt.txt::01762,I think you'd,0.0,content_diversity,be fond of him,love him,fall in love with him,start liking him immediately,be head over heels for him,-0.062,0.943,-0.404,-0.774,-0.523,15.937267,0.836229,0.388668,6.194313,0.325016,30.888960,1.094992,0.000000,12.005564,0.425589
test.enc.prompt.txt::01765,test.enc.prompt.txt::01765,No. You trusted,0.0,content_diversity,someone you shouldn't have.,a wolf in sheep's clothing.,a corrupt government.,a no good rat.,A worthless excuse for a human being.,-0.027,0.974,-0.197,-0.612,-0.241,-15.202901,-0.094823,0.461805,-7.020773,-0.043790,59.825479,2.084006,0.000000,27.627696,0.962404
test.enc.prompt.txt::01773,test.enc.prompt.txt::01773__row858,Exactly. 'Cept this,1.0,content_diversity,can't be forgiven just like that,and move on,reality,and you will learn next time,and start doing it now,-0.014,0.981,-0.111,-0.659,-0.314,14.137636,1.621474,0.283908,4.013794,0.460350,44.730021,1.609736,0.000000,12.699229,0.457018
test.enc.prompt.txt::01773,test.enc.prompt.txt::01773__row859,Exactly. 'Cept this,0.0,content_diversity,can't go unnoticed,can't go without consequences,can't be like that,isn't forgiveable,shouldn't be accepted,-0.036,0.732,-0.236,-0.716,-0.459,31.457696,1.568105,0.394960,12.424532,0.619339,22.364022,1.600421,0.000000,8.832894,0.632102
test.enc.prompt.txt::01723,test.enc.prompt.txt::01723,I thought you,0.0,content_diversity,had heard it before.,"everyone knew, its common knowledge.",told me about it.,remembered what I said.,were aware of that.,-0.005,0.990,-0.264,-0.684,-0.649,2.820270,0.068061,0.440008,1.240942,0.029947,70.013289,1.235538,0.000000,30.806409,0.543647
test.enc.prompt.txt::01779,test.enc.prompt.txt::01779,Like we told,0.0,content_diversity,"police, we didn't see anything","police, we weren't there","police officer, we couldn't see anything","police, it was foggy so we didn't see","police, it was dark and we didn't see anything",-0.161,0.785,-0.505,-0.969,-0.658,33.277988,0.975591,0.474963,15.805828,0.463370,34.646741,0.970234,0.000000,16.455935,0.460826
test.enc.prompt.txt::01746,test.enc.prompt.txt::01746__row862,We only owe,1.0,content_diversity,you few dollars,them and not you,our workers,money,some materials and not money,-0.029,0.927,-0.148,-0.667,-0.232,8.516492,1.211250,0.358673,3.054635,0.434442,42.740932,1.172345,0.000000,15.330015,0.420489
test.enc.prompt.txt::01746,test.enc.prompt.txt::01746__row863,We only owe,0.0,content_diversity,our employees,our workforce,our manforce,money to workers,money to people we hired,-0.047,0.921,-0.407,-0.808,-0.512,25.907520,2.206526,0.331930,8.599482,0.732412,34.873737,2.331849,0.000000,11.575638,0.774010
test.enc.prompt.txt::01706,test.enc.prompt.txt::01706,I *helped* you,1.0,content_diversity,when no one else would.,the best I could afford to.,I feel enough!,so return the favor.,"at least, I think I did.",-0.023,0.967,-0.120,-0.665,-0.347,-0.570907,0.440387,0.337363,-0.192603,0.148570,38.439031,3.128107,0.000000,12.967890,1.055306
test.enc.prompt.txt::01756,test.enc.prompt.txt::01756,Alright! Hold up.,0.0,content_diversity,We have unfinished business.,There's some things we need to talk about.,I have a few choice words for you.,I want to tell you a thing or two.,You aren't going any where until we settle this.,-0.015,0.968,-0.279,-0.697,-0.343,4.958390,0.259648,0.563717,2.795130,0.146368,39.607395,0.552683,0.000000,22.327369,0.311557
test.enc.prompt.txt::01768,test.enc.prompt.txt::01768,Meet me at,1.0,content_diversity,the elementary school,your place,the noon,the city centre,city tower,-0.031,0.550,-0.221,-0.605,-0.298,-3.481117,-0.194234,0.381917,-1.329498,-0.074181,22.185643,3.308069,0.000000,8.473075,1.263408
test.enc.prompt.txt::01750,test.enc.prompt.txt::01750,Grifter huh? Where,0.0,content_diversity,can I find him,can he be found,is he,did you look for him,was it that you found him,-0.032,0.943,-0.413,-0.740,-0.737,9.893874,1.236181,0.465823,4.608798,0.575842,29.754101,1.234394,0.000000,13.860157,0.575010
test.enc.prompt.txt::01728,test.enc.prompt.txt::01728,"Thanks, guys... I'd",0.0,content_diversity,love to if I could.,take a rain check.,rather not today.,be standing up someone if I did.,never be able to keep up.,-0.021,0.950,-0.137,-0.649,-0.188,14.120594,0.803777,0.388305,5.483092,0.312110,53.964359,1.056651,0.000000,20.954612,0.410302
test.enc.prompt.txt::01737,test.enc.prompt.txt::01737__row869,That's right. And,1.0,content_diversity,that is why everyone should follow you,you are wrong,if you have questions just ask me,"finally, you can make it that way",you don't have to worry,-0.043,0.959,-0.075,-0.700,-0.228,16.243700,0.575696,0.481346,7.818836,0.277109,57.846110,1.403903,0.000000,27.843980,0.675763
test.enc.prompt.txt::01737,test.enc.prompt.txt::01737__row870,That's right. And,0.0,content_diversity,that is why you're a leader,that is why people follow you,that is why you have so many followers,that is why you're popular,this explains why you're natural leader,-0.192,0.798,-0.595,-0.908,-0.654,20.379254,0.798886,0.418892,8.536715,0.334647,64.472169,1.420895,0.000000,27.006902,0.595202
test.enc.prompt.txt::01719,test.enc.prompt.txt::01719,Where are you,1.0,content_diversity,going next friday,taking her out,going on your holiday,going after this meeting,and your sister hiding,-0.022,0.767,-0.105,-0.668,-0.233,2.338489,0.211948,0.425598,0.995255,0.090205,28.395901,1.398079,0.000000,12.085229,0.595019
test.enc.prompt.txt::01722,test.enc.prompt.txt::01722,If you take,1.0,content_diversity,my advice you can win,pills you won't be able to sleep,"drugs, it can damage your body","me out, i am paying",my dog for a walk i will owe you one,-0.018,0.970,-0.033,-0.635,-0.132,28.859591,1.289210,0.371294,10.715382,0.478675,19.486278,1.351000,0.000000,7.235130,0.501618
test.enc.prompt.txt::01776,test.enc.prompt.txt::01776__row873,"Hey, I been",1.0,content_diversity,seeing you around town.,out sick.,walking the dog.,working my tail off.,watching the kids.,-0.007,0.787,-0.308,-0.629,-0.212,0.985759,0.224087,0.334116,0.329358,0.074871,18.911551,2.246870,0.000000,6.318660,0.750716
test.enc.prompt.txt::01776,test.enc.prompt.txt::01776__row874,"Hey, I been",0.0,content_diversity,very ill.,in the hospital with the coronavirus.,so sick I couldn't leave the house.,bedridden with the flu.,unwell and in bed for a week.,-0.028,0.952,-0.289,-0.710,-0.435,19.244243,0.567683,0.355079,6.833229,0.201572,28.069546,2.446243,0.000000,9.966910,0.868610
test.enc.prompt.txt::01775,test.enc.prompt.txt::01775,He's wheeling around,1.0,content_diversity,town on a bike.,the track now.,the yard.,the rink.,the park.,-0.054,0.754,-0.430,-0.652,-0.316,-6.164410,-0.463083,0.319850,-1.971689,-0.148117,36.122269,1.808874,0.000000,11.553722,0.578569
test.enc.prompt.txt::01748,test.enc.prompt.txt::01748__row876,We're going to,1.0,content_diversity,go to the store.,throw a party.,have a yard sale.,visit your aunt.,play hide and seek.,-0.006,0.789,-0.400,-0.632,-0.224,2.220041,0.244096,0.457901,1.016560,0.111772,12.069353,0.613393,0.000000,5.526573,0.280873
test.enc.prompt.txt::01748,test.enc.prompt.txt::01748__row877,We're going to,0.0,content_diversity,have a gala affair.,host a get together.,have some friends over.,celebrate your birthday and invite all your friends.,host a dinner party.,-0.035,0.939,-0.370,-0.767,-0.491,11.533740,0.415686,0.453625,5.231989,0.188565,43.650288,1.708950,0.000000,19.800847,0.775222
test.enc.prompt.txt::01681,test.enc.prompt.txt::01681__row878,Sorry...sorry... Why do,1.0,content_diversity,I always think I’m a better cook than I really am?,you even ask me if you look fat if you don’t want an honest answer?,you expect me to memorize everything instead of just writing it down?,you want me to like your parents if you don’t even like them?,terrible things always happen to us like we’re cursed?,-0.039,0.921,-0.229,-0.690,-0.198,6.975099,-0.014053,0.551201,3.844682,-0.007746,27.504467,0.392214,0.000000,15.160492,0.216189
test.enc.prompt.txt::01681,test.enc.prompt.txt::01681__row879,Sorry...sorry... Why do,0.0,content_diversity,women always ask men if they look fat in an outfit?,"females expect men to lie to them about looking fat, but nothing else?",the news and media portray big women as something negative?,people want other people to be honest only when it serves them right?,you put me on the spot like this whenever you put on a new dress?,-0.009,0.964,-0.165,-0.671,-0.261,17.167512,0.283053,0.495575,8.507784,0.140274,65.607142,0.740194,0.000000,32.513239,0.366821
test.enc.prompt.txt::01720,test.enc.prompt.txt::01720__row880,"No, I'm not.",1.0,content_diversity,I lost my job so I'm not working.,I would never leave her.,I turned him down.,I can't go on vacation with work so busy.,I'm perfectly healthy.,-0.026,0.966,-0.316,-0.641,-0.215,4.369159,0.213989,0.448020,1.957470,0.095871,40.636779,0.478010,0.000000,18.206082,0.214158
test.enc.prompt.txt::01720,test.enc.prompt.txt::01720__row881,"No, I'm not.",0.0,content_diversity,No health problems here.,My doctor said there's nothing wrong with me healthwise.,I'm in good shape.,"Despite my poor diet, I'm hale and hearty.","Per the lawyer, I'm of sound mind and body.",-0.012,0.982,-0.316,-0.687,-0.409,-1.738603,0.164077,0.426306,-0.741177,0.069947,66.392391,0.888007,0.000000,28.303497,0.378563
test.enc.prompt.txt::01733,test.enc.prompt.txt::01733,"Yeah, you really",0.0,content_diversity,caught me off guard.,did the unexpected.,made my head spin.,expanded my realm of possibility.,showed me a whole new way to look at things.,-0.008,0.985,-0.232,-0.698,-0.472,8.997994,0.589078,0.473066,4.256649,0.278673,29.103426,0.910241,0.000000,13.767855,0.430605
test.enc.prompt.txt::01700,test.enc.prompt.txt::01700__row883,The screen is,1.0,content_diversity,wider than we expected,so perfect,should be bigger,broken,repaired,0.000,0.800,-0.297,-0.632,-0.257,7.220171,0.369812,0.366754,2.648029,0.135630,32.216575,1.598963,0.000000,11.815567,0.586427
test.enc.prompt.txt::01700,test.enc.prompt.txt::01700__row884,The screen is,0.0,content_diversity,in HD,amazing,outstanding,wonderful,extremely good,0.000,0.400,-0.535,-0.673,-0.612,3.007248,0.149851,0.281431,0.846334,0.042173,27.187095,6.558549,0.000000,7.651297,1.845780
test.enc.prompt.txt::01707,test.enc.prompt.txt::01707,And now that,1.0,content_diversity,I've done it what next,he knows me?,he thinks I like him?,I believe you,I fix my car,-0.021,0.970,-0.209,-0.563,-0.293,0.326903,-0.325211,0.295885,0.096726,-0.096225,26.540111,2.343581,0.000000,7.852817,0.693430
test.enc.prompt.txt::01715,test.enc.prompt.txt::01715,Did you bite,1.0,content_diversity,all your nails?,my kid,the paper,my desk,yourself,-0.010,0.580,-0.151,-0.622,-0.305,2.233195,0.793092,0.301973,0.674364,0.239492,40.441859,3.091361,0.000000,12.212336,0.933507
test.enc.prompt.txt::01698,test.enc.prompt.txt::01698__row887,But you looked,1.0,content_diversity,in the wrong place.,like you were freezing to death.,so very sad.,both ways I saw you.,good to me.,-0.008,0.981,-0.284,-0.658,-0.189,-8.763953,-0.817440,0.380176,-3.331845,-0.310771,37.170858,2.530145,0.000000,14.131469,0.961900
test.enc.prompt.txt::01698,test.enc.prompt.txt::01698__row888,But you looked,0.0,content_diversity,like you lost your best friend.,as pitiful as lost little puppy.,as if they took away your birthday.,utterly forlorn.,like your true love left you.,-0.024,0.948,-0.278,-0.676,-0.434,8.932654,0.237318,0.390042,3.484110,0.092564,40.905465,1.559981,0.000000,15.954846,0.608458
test.enc.prompt.txt::01738,test.enc.prompt.txt::01738__row889,Banks need to,1.0,content_diversity,stop robbing people,think about their actions,revise their business models,employ educated people,be regulated,-0.012,0.775,-0.332,-0.659,-0.224,14.758709,0.425160,0.481995,7.113621,0.204925,27.133792,0.620481,0.000000,13.078346,0.299069
test.enc.prompt.txt::01738,test.enc.prompt.txt::01738__row890,Banks need to,0.0,content_diversity,have educated employees,employ highly educated workers,have skillful workforce,be a workplace for educated people,employ skilled workers,-0.033,0.947,-0.531,-0.946,-0.649,37.948011,1.433063,0.438943,16.657010,0.629033,38.512421,1.057897,0.000000,16.904754,0.464357
test.enc.prompt.txt::01764,test.enc.prompt.txt::01764__row891,He was looking,1.0,content_diversity,at me in the strangest way.,out the window.,for trouble and found it.,into a new job,under the bed.,-0.016,0.981,-0.225,-0.584,-0.188,1.948859,0.055369,0.419492,0.817531,0.023227,42.218322,1.223051,0.000000,17.710243,0.513060
test.enc.prompt.txt::01764,test.enc.prompt.txt::01764__row892,He was looking,0.0,content_diversity,at me with the oddest leer.,like he was too high on pills.,a little peculiar when I saw him.,queerly in my direction.,at me as though I were a ghost.,-0.014,0.968,-0.136,-0.641,-0.368,14.065905,0.496357,0.368004,5.176311,0.182661,45.648004,1.556634,0.000000,16.798654,0.572848
test.enc.prompt.txt::01705,test.enc.prompt.txt::01705,Stop it! Just,0.0,content_diversity,you see what happens when mom finds out.,wait until mother gets home.,be ready for the wrath of our mom.,remember what mother did last time.,keep it up and mom will make sure you are sorry.,-0.015,0.974,-0.280,-0.836,-0.494,20.911373,0.736452,0.397783,8.318192,0.292948,41.688588,0.758672,0.000000,16.583017,0.301787
test.enc.prompt.txt::01714,test.enc.prompt.txt::01714,Don't get too,0.0,content_diversity,narcissistic when you’re talking to a potential employer.,used to having good jobs without having to put in an effort.,hopeful that you’ll land your dream job because not everyone does.,caught up in trying to say the perfect thing to an interviewer.,arrogant when you’re talking to the head of a job you want.,-0.050,0.923,-0.313,-0.761,-0.384,26.967058,0.404767,0.520261,14.029903,0.210584,52.040557,0.847288,0.000000,27.074662,0.440811
test.enc.prompt.txt::01760,test.enc.prompt.txt::01760,We're going to,0.0,content_diversity,discover the truth.,get to the bottom of this.,keep going until we find what really happened.,know as soon as the call.,keep asking until someone tells us.,-0.017,0.966,-0.222,-0.736,-0.352,9.670791,0.246740,0.444607,4.299698,0.109702,57.785466,2.365089,0.000000,25.691800,1.051534
test.enc.prompt.txt::01683,test.enc.prompt.txt::01683__row896,It seemed like,1.0,content_diversity,you weren't ready to forgive me,you knew what you were doing,something was bothering you,you were looking for your friend,you were crying,-0.082,0.924,-0.136,-0.709,-0.176,12.571046,0.316406,0.520525,6.543549,0.164697,29.631737,0.742865,0.000000,15.424073,0.386680
test.enc.prompt.txt::01683,test.enc.prompt.txt::01683__row897,It seemed like,0.0,content_diversity,you weren't willing to forgive,you weren't ready to accept my apology,you didn't want to forgive,you weren't ready to put things behind,you didn't want to smooth things out,-0.158,0.779,-0.587,-0.840,-0.675,26.669008,0.807421,0.493454,13.159935,0.398425,22.747120,0.537373,0.000000,11.224663,0.265169
test.enc.prompt.txt::01686,test.enc.prompt.txt::01686,Talk is cheap.,0.0,content_diversity,you can stop talking,please stop talking,don't talk,please don't speak,avoid saying too much,-0.035,0.732,-0.406,-0.820,-0.661,10.566649,0.946487,0.320456,3.386151,0.303308,42.172198,1.762505,0.000000,13.514354,0.564806
test.enc.prompt.txt::01701,test.enc.prompt.txt::01701,Aren't you worried,1.0,content_diversity,about dying on a job,that you're gonna break up,about passing that exam,about your health,your dog is gonna bite that kid,-0.035,0.950,-0.149,-0.613,-0.156,9.835498,0.547160,0.466375,4.587034,0.255182,40.388428,1.509950,0.000000,18.836166,0.704204
test.enc.prompt.txt::00680,test.enc.prompt.txt::00680,Patrick? Is that,0.0,content_diversity,actually what you're going out in?,really the pants you want to wear? Really?,your idea of getting dressed up? Honestly.,your nicest shirt? I said wear your nicest shirt.,warm enough for this weather? I don't think so.,-0.006,0.974,-0.086,-0.769,-0.278,30.120189,0.731546,0.403209,12.144718,0.294965,41.841893,0.611379,0.000000,16.871010,0.246513
test.enc.prompt.txt::00681,test.enc.prompt.txt::00681__row901,A model? An,1.0,content_diversity,exquisite creature.,exciting life.,woman who makes money.,short-lived career.,worldwide traveler.,0.000,0.800,-0.415,-0.647,-0.337,8.822231,0.423831,0.267695,2.361670,0.113458,23.338624,0.834822,0.000000,6.247641,0.223478
test.enc.prompt.txt::00681,test.enc.prompt.txt::00681__row902,A model? An,0.0,content_diversity,life of excitement.,new destination every day.,daily dose of excitement.,day of where nothing is the same.,exciting job.,-0.032,0.947,-0.297,-0.801,-0.513,31.912217,0.932973,0.244692,7.808663,0.228291,47.236127,1.118030,0.000000,11.558300,0.273573
test.enc.prompt.txt::00682,test.enc.prompt.txt::00682,Oh really? DAISY,1.0,content_diversity,STOP IT.,COME HERE.,LET GO.,STOP LYING,QUIT RUNNING AWAY.,-0.010,0.582,-0.301,-0.744,-0.444,12.875046,2.050564,0.146708,1.888878,0.300835,27.463780,1.742367,0.000000,4.029168,0.255620
test.enc.prompt.txt::00683,test.enc.prompt.txt::00683,You think I'm,0.0,content_diversity,a truly dumb individual.,not very bright.,completely lacking intelligence.,someone who is not smart.,an extreme idiot.,-0.005,0.989,-0.442,-0.675,-0.577,4.336863,-0.146369,0.395417,1.714868,-0.057877,22.505447,1.531095,0.000000,8.899030,0.605421
test.enc.prompt.txt::00684,test.enc.prompt.txt::00684,Did you know,0.0,content_diversity,"he killed his brother? Yes, he got away with it as well.",he murdered his aunt? Managed to get away it in fact.,he stabbed his mother to death? Found not guilty though.,"he killed his sister? Yes, he got away with it as well.","he shot his twin sister to death and still got away with it,",-0.143,0.795,-0.528,-0.893,-0.602,47.084603,0.872641,0.413994,19.492729,0.361268,74.690055,1.338419,0.000000,30.921212,0.554097
test.enc.prompt.txt::00686,test.enc.prompt.txt::00686,"Ah, I see...Yes.",0.0,content_diversity,I'm sorry for all the missteps. We were ignorant.,My apologies for everything that's happened. We just weren't aware.,We had no idea. I hope you'll accept our apology for what's occurred.,I deeply regret what took place. No one had informed us.,"I'm so sincerely sorry for all of it. If we'd known, it would never have happened.",-0.031,0.948,-0.446,-0.895,-0.591,39.038132,0.681260,0.447918,17.485871,0.305149,37.954882,0.780367,0.000000,17.000664,0.349540
test.enc.prompt.txt::00687,test.enc.prompt.txt::00687,"Oh no, I'm",1.0,content_diversity,"so sorry, it shouldn't have gone off so soon.","just joking, your nose is the perfect shape.","just off to the town, I shan't be long.",afraid it isn't good and it is going to cost you a lot of money.,"really no good at this at all, I feel such a fool.",-0.017,0.955,-0.132,-0.649,-0.222,2.796930,0.168637,0.455974,1.275326,0.076894,20.236302,0.552743,0.000000,9.227219,0.252036
test.enc.prompt.txt::00688,test.enc.prompt.txt::00688,Where did you,0.0,content_diversity,go on vacation last summer?,did you vacationing for that great tan during the summer?,disappear to over the summer?,travel to on your summer break?,enjoy vacationing during this past summer?,-0.038,0.943,-0.425,-0.913,-0.685,5.264982,0.161638,0.524816,2.763149,0.084830,120.034990,1.616696,0.000000,62.996331,0.848469
test.enc.prompt.txt::00689,test.enc.prompt.txt::00689__row909,"Pardon me, but",1.0,content_diversity,I saw you seem lost.,I need to get through here.,I couldn't help overhearing what you were saying.,I dropped something over here.,can you grab something for me?,-0.038,0.953,-0.185,-0.696,-0.246,4.189604,0.044112,0.440535,1.845668,0.019433,30.260337,2.094090,0.000000,13.330741,0.922520
test.enc.prompt.txt::00689,test.enc.prompt.txt::00689__row910,"Pardon me, but",0.0,content_diversity,can you get that for me?,can you go get me that thing on the shelf?,are you able to hand that to me?,can you get the thing on the counter for me?,can you reach over and get that for me?,-0.148,0.809,-0.559,-0.883,-0.562,24.844585,0.675869,0.437590,10.871742,0.295753,35.844541,0.730472,0.000000,15.685213,0.319647
test.enc.prompt.txt::00690,test.enc.prompt.txt::00690,Would you rather,1.0,content_diversity,eat in and go out somewhere?,visit a museum or go to a movie?,marry a nice guy or a bad boy?,not know that something bad was going to happen?,see me in this pink chiffon number or something tweed?,-0.025,0.951,-0.096,-0.659,-0.154,-28.573697,-0.402689,0.441799,-12.623840,-0.177908,110.367222,1.766866,0.000000,48.760165,0.780600
test.enc.prompt.txt::00691,test.enc.prompt.txt::00691,So...there's nothing you,1.0,content_diversity,can do about it so there.,need to know that you aren't already aware of.,"can see from up here, just hills and trees.",can say to make this better. You should have stayed quiet.,"have I really need, thanks for offering though.",-0.011,0.981,-0.029,-0.645,-0.248,7.466640,0.151824,0.505569,3.774899,0.076758,46.407530,1.030125,0.000000,23.462190,0.520799
test.enc.prompt.txt::00692,test.enc.prompt.txt::00692,What kind of,1.0,content_diversity,place is this?,tattoo is that?,job is this?,food do you like?,art is that supposed to be?,-0.051,0.944,-0.513,-0.705,-0.318,-5.372155,0.132069,0.430691,-2.313741,0.056881,32.740521,0.681496,0.000000,14.101064,0.293515
test.enc.prompt.txt::00693,test.enc.prompt.txt::00693,Do you feel,1.0,content_diversity,up to going to the museum today?,like pulling your hair out when you watch politics?,like screaming at the TV when your football team is losing?,going to the grocery store for me today?,helping me move a few pieces of furniture?,-0.034,0.937,-0.236,-0.680,-0.143,18.773930,0.294505,0.476501,8.945792,0.140332,24.632544,0.612412,0.000000,11.737426,0.291815
test.enc.prompt.txt::00694,test.enc.prompt.txt::00694,Where did Paul,0.0,content_diversity,pick up that unbelievable shirt he's got on?,manage to find that one-of-a-kind shirt?,stumble across such a unique article of clothing?,buy that colorful shirt he wears all the time?,happen upon that crazy shirt with the zigzag pattern?,-0.024,0.970,-0.302,-0.919,-0.587,36.280957,0.833175,0.392935,14.256048,0.327383,38.774944,0.561635,0.000000,15.236022,0.220686
test.enc.prompt.txt::00695,test.enc.prompt.txt::00695__row916,He had a,1.0,content_diversity,suit on that you wouldn't believe!,major heart attack and he's been in the ICU since.,younger brother who was a comedian or actor or something.,job in San Francisco at some tech start-up.,"very troubling lack of respect for himself, and it showed.",-0.004,0.986,-0.031,-0.523,-0.117,-1.528367,0.004139,0.437591,-0.668799,0.001811,29.783493,0.726122,0.000000,13.032974,0.317744
test.enc.prompt.txt::00695,test.enc.prompt.txt::00695__row917,He had a,0.0,content_diversity,"disturbing lack of self-esteem, which was obvious.","very low opinion of himself, and it was clear to see.",disdain for himself that he never even cared to hide.,horrible self-image and absolutely everyone knew it.,"serious case of self-hatred going on, which was palpable.",-0.025,0.959,-0.323,-0.746,-0.551,30.801482,0.602449,0.445368,13.717982,0.268311,41.909699,0.779745,0.000000,18.665221,0.347273
test.enc.prompt.txt::00696,test.enc.prompt.txt::00696,Don't you know,0.0,content_diversity,you can't leave kids alone,you can't leave babies alone,you shouldn't leave babies without adults,you can't leave babies without someone supervising them,you mustn't leave toddlers alone,-0.177,0.782,-0.676,-0.881,-0.708,31.956532,0.770417,0.472718,15.106433,0.364190,29.173601,0.654084,0.000000,13.790891,0.309197
test.enc.prompt.txt::00698,test.enc.prompt.txt::00698,The earth just,1.0,content_diversity,keeps getting more and more populated,can't be defined as flat,is a part of a solar system,keeps getting more and more polluted,is our only planet,-0.075,0.819,-0.099,-0.638,-0.151,24.855874,0.694542,0.515011,12.801045,0.357697,51.917278,2.519803,0.000000,26.737962,1.297726
test.enc.prompt.txt::00700,test.enc.prompt.txt::00700__row920,"Listen, I'm a",1.0,content_diversity,bit impatient with you.,tired guy today.,passionate artist.,very mean jackass.,animal lover.,0.000,0.800,-0.373,-0.627,-0.241,-4.876624,-0.479631,0.333935,-1.628474,-0.160166,23.839486,1.561627,0.000000,7.960833,0.521481
test.enc.prompt.txt::00700,test.enc.prompt.txt::00700__row921,"Listen, I'm a",0.0,content_diversity,exhausted guy with work and everything.,very tired and cranky man because of lack of sleep.,person who needs a nap.,kid who is tired from school. I'm going to bed early.,guy who's got jet lag. I'm exhausted.,-0.015,0.964,-0.308,-0.830,-0.505,13.109269,0.421468,0.440828,5.778932,0.185795,42.628753,0.568077,0.000000,18.791947,0.250424
test.enc.prompt.txt::00701,test.enc.prompt.txt::00701,"No, I like",0.0,content_diversity,the tropical climate a lot more.,when the sun is shining and it's hot out.,"when it really heats up outside, for sure!","a nice, hot day, right up into the nineties.",spending time in the sun working up a sweat!,-0.039,0.946,-0.139,-0.721,-0.460,7.724351,0.167238,0.436135,3.368861,0.072939,52.963970,1.103855,0.000000,23.099450,0.481430
test.enc.prompt.txt::00704,test.enc.prompt.txt::00704,"Listen, what's your",0.0,content_diversity,"damage, man? You're bugging me.","issue with me, dude? Why don't you back off?","complaint, sir? I don't understand the reason for your dissatisfaction.","malfunction, moron? You got something to say to me?","concern about this, huh? Why are you even involved?",-0.007,0.981,-0.243,-0.690,-0.514,12.408845,0.132000,0.488469,6.061333,0.064478,49.377512,0.850526,0.000000,24.119369,0.415455
test.enc.prompt.txt::00705,test.enc.prompt.txt::00705__row924,And how's Cecilia?,1.0,content_diversity,Is she still a total pain?,Did she recover from the virus?,"What did she have, a boy or a girl?",It must be hard for her having no legs now.,Is she still dating Cecil?,-0.045,0.941,-0.287,-0.657,-0.238,3.907616,-0.093557,0.432803,1.691229,-0.040492,35.263861,0.498128,0.000000,15.262315,0.215592
test.enc.prompt.txt::00705,test.enc.prompt.txt::00705__row925,And how's Cecilia?,0.0,content_diversity,is she still with that John chap?,is she still seeing Mickey?,is her romantic status the same as in dating Nathan?,Is she still dating Phil?,Is she still being given the runaround by that rake Neil?,-0.094,0.892,-0.477,-0.710,-0.390,13.427689,0.556796,0.359965,4.833500,0.200427,105.123738,0.889899,0.000000,37.840879,0.320332
test.enc.prompt.txt::00706,test.enc.prompt.txt::00706,I just don't,0.0,content_diversity,understand what makes Trump hate.,comprehend the reason Trump shows such loathing.,cognize the meaning behind the hate Trump has.,see why Trump expresses such abhorrence.,really know what it is that causes Trump to show the opposite of love.,-0.045,0.950,-0.443,-0.922,-0.728,34.450167,0.991642,0.357929,12.330727,0.354938,80.173297,0.878498,0.000000,28.696379,0.314440
test.enc.prompt.txt::00707,test.enc.prompt.txt::00707,You are a,0.0,content_diversity,"fortunate young man, that just missed you.","very lucky boy, that missed you by centimetres.","blessed boy, that nearly got you.","person with an angel, that nearly took your head off.","very lucky boy, that missed you by a hairs breadth.",-0.136,0.785,-0.373,-0.869,-0.514,52.000089,1.282171,0.324342,16.865823,0.415862,57.862357,1.017353,0.000000,18.767205,0.329971
test.enc.prompt.txt::00708,test.enc.prompt.txt::00708,Alice? You gotta,0.0,content_diversity,stop calling me by the wrong name.,stop calling me Alice when my name is June.,"stop saying Alice, you know my name is Sarah.","stop using the wrong name, my name is Susan.","stop calling me Alice, my name is Becky.",-0.177,0.809,-0.479,-0.891,-0.443,35.542195,0.814741,0.519559,18.466260,0.423306,31.272836,0.544649,0.000000,16.248077,0.282977
test.enc.prompt.txt::00709,test.enc.prompt.txt::00709,When I was,0.0,content_diversity,"a child, it was a very different story in this place.","not as old as I am now, everything wasn't like it is now here.","a few years younger, this place was unrecognizable compared to now.","enjoying my younger days, all these things were so far off from what they are now.","young and innocent, these kinds of affairs were not the same, to say the least.",-0.021,0.955,-0.236,-0.766,-0.561,23.249225,0.378741,0.485221,11.281008,0.183773,75.333686,0.617053,0.000000,36.553472,0.299407
test.enc.prompt.txt::00710,test.enc.prompt.txt::00710,If my dad'd,1.0,content_diversity,been still alive he would have had something to say about this.,seen my sister he would have been so proud.,just been a little more careful he would still be here today.,walk in the room right now I would punch hum on the nose.,stuck around when I was young maybe I'd turned out better.,-0.037,0.946,-0.123,-0.646,-0.298,-6.067601,-0.082162,0.555267,-3.369138,-0.045622,70.413063,1.212481,0.000000,39.098039,0.673251
test.enc.prompt.txt::00711,test.enc.prompt.txt::00711,"C'mon, I wouldn't",0.0,content_diversity,"purchase a dog from any other shop,","buy my fish from any other shop,",get my hamsters from any other place.,buy my guinea pigs anywhere else.,"purchase a mouse from any other shop,",-0.186,0.774,-0.509,-0.783,-0.503,49.662576,1.439411,0.389853,19.361098,0.561159,14.682954,0.438781,0.000000,5.724192,0.171060
test.enc.prompt.txt::00712,test.enc.prompt.txt::00712,I can't see,0.0,content_diversity,what's up ahead.,in the dark.,what's going on in front of me.,what's going on ahead.,the way forward.,-0.054,0.883,-0.292,-0.791,-0.481,-3.588120,-0.503896,0.463189,-1.661977,-0.233399,12.741029,1.667018,0.000000,5.901501,0.772144
test.enc.prompt.txt::00713,test.enc.prompt.txt::00713__row933,Go where? You,1.0,content_diversity,"are so mysterious, I swear!",are just going to have to wait and find out.,are going to have to tell me a little more if you want to join you.,are trying to involve me in one of your little adventures again?,are not getting it out of me that easily. It's a surprise!,-0.055,0.909,-0.118,-0.749,-0.326,21.369326,0.315082,0.503426,10.757864,0.158620,50.188886,1.461764,0.000000,25.266365,0.735889
test.enc.prompt.txt::00713,test.enc.prompt.txt::00713__row934,Go where? You,0.0,content_diversity,will just have to be patient. You'll know soon enough.,mustn't be in such a rush. All in due time.,will not ruin the surprise. You have to bide your time.,will know everything before very long. Try to relax.,"need to calm down and pace yourself. Soon, I promise.",-0.028,0.956,-0.245,-0.775,-0.596,27.928959,0.554352,0.436442,12.189382,0.241943,42.009591,0.776921,0.000000,18.334768,0.339081
test.enc.prompt.txt::00714,test.enc.prompt.txt::00714__row935,It's the only,1.0,content_diversity,hope I have left.,thing I am allowed to have.,thing she left to me in her will.,food I know how to make.,way I can leave my abusive husband.,-0.041,0.948,-0.348,-0.695,-0.242,-3.183434,-0.095682,0.443176,-1.410823,-0.042404,30.890093,0.333552,0.000000,13.689758,0.147822
test.enc.prompt.txt::00714,test.enc.prompt.txt::00714__row936,It's the only,0.0,content_diversity,thing I inherited from her.,she decided to leave for me as an inheritance.,thing she left for me as an inheritance.,inheritance I received from her.,she left as my inheritance.,-0.102,0.794,-0.515,-0.978,-0.791,21.464153,0.515348,0.387739,8.322485,0.199820,36.214174,1.022042,0.000000,14.041641,0.396285
test.enc.prompt.txt::00715,test.enc.prompt.txt::00715__row937,I know how,1.0,content_diversity,"it's done, you don't have to show me.","you feel and I feel the same way, believe me.","they got themselves into this mess, but I don't how they can get out.",beautiful it can be there this time of year.,"children get on Christmas morning, and that's how I am right now.",-0.018,0.955,-0.150,-0.630,-0.186,0.117754,0.023815,0.526610,0.062011,0.012541,48.868637,0.499300,0.000000,25.734720,0.262936
test.enc.prompt.txt::00715,test.enc.prompt.txt::00715__row938,I know how,0.0,content_diversity,"to do it, no need to get involved.","this gets done, don't worry about me.","to handle something like this, thank you very much.","it all works, which probably surprises you.","to go about it, so just mind your own business.",-0.017,0.971,-0.192,-0.748,-0.479,23.055767,0.538819,0.468535,10.802445,0.252456,31.607746,0.802506,0.000000,14.809350,0.376002
test.enc.prompt.txt::00716,test.enc.prompt.txt::00716,That was --,0.0,content_diversity,"a genuinely scary thing, running into them like that.","unsettling, wasn't it? I mean, seeing the two of them.",quite a scare we had. Running into them was frightening.,"very startling to me, happening across those two once more.",entirely too nerve-racking for my taste. I hate seeing them.,-0.025,0.963,-0.219,-0.762,-0.551,48.382084,0.880927,0.392199,18.975399,0.345499,53.334655,0.751678,0.000000,20.917792,0.294807
test.enc.prompt.txt::00718,test.enc.prompt.txt::00718,Is it your,0.0,content_diversity,greatest chance that you have ever had.,largest moment to seize.,most wonderful potential thing to grab hold of.,best good shot you've experienced.,most beneficial moment to utilize the best possible circumstance.,-0.022,0.963,-0.235,-0.809,-0.542,24.680847,0.896402,0.324929,8.019523,0.291267,63.269936,1.468508,0.000000,20.558237,0.477161
test.enc.prompt.txt::00719,test.enc.prompt.txt::00719__row941,That's gotta kill,1.0,content_diversity,anyone who tries it.,everyone alive.,pesky ants really well.,the economy.,the earth's environment.,-0.008,0.787,-0.323,-0.623,-0.212,-0.061995,0.101756,0.377830,-0.023423,0.038447,46.347427,1.635616,0.000000,17.511471,0.617986
test.enc.prompt.txt::00719,test.enc.prompt.txt::00719__row942,That's gotta kill,0.0,content_diversity,annoying ants superbly.,irritating ants effectively.,ants that are bothering you successfully.,those burdensome ants without any trouble.,bothersome ants very well.,-0.049,0.964,-0.393,-0.963,-0.765,47.904176,1.412551,0.288983,13.843512,0.408204,49.371615,0.767625,0.000000,14.267578,0.221831
test.enc.prompt.txt::00720,test.enc.prompt.txt::00720__row943,Milo. Surprised he's,1.0,content_diversity,still alive.,working there.,disappeared over the winter.,having kids.,homeless now.,0.000,0.800,-0.380,-0.662,-0.199,-3.941818,-0.832512,0.400674,-1.579383,-0.333566,40.272734,1.730764,0.000000,16.136229,0.693472
test.enc.prompt.txt::00720,test.enc.prompt.txt::00720__row944,Milo. Surprised he's,0.0,content_diversity,not under the ground by now.,still breathing after his shenanigans.,in one piece after his stunts.,not two feet under already.,walking around on two legs and not buried.,-0.028,0.952,-0.150,-0.691,-0.279,1.544889,0.234089,0.482843,0.745938,0.113028,40.251074,0.713556,0.000000,19.434935,0.344535
test.enc.prompt.txt::00722,test.enc.prompt.txt::00722,The content filer,0.0,content_diversity,didn't come to work today,is missing from work,is not here,skipped the job today,didn't arrive today,-0.031,0.947,-0.226,-0.721,-0.649,36.042952,2.039572,0.322235,11.614294,0.657221,27.964718,1.433319,0.000000,9.011206,0.461865
test.enc.prompt.txt::00723,test.enc.prompt.txt::00723__row946,You really wrote,1.0,content_diversity,"a great play, they loved it.",her a letter saying that you loved her?,him a ticket for being 1 mph over the limit?,"the book on that one, I cannot tell you anything to help.",that on the staff room wall?,-0.029,0.957,-0.179,-0.589,-0.100,15.301468,0.052362,0.441795,6.760113,0.023133,67.285430,1.431104,0.000000,29.726373,0.632255
test.enc.prompt.txt::00723,test.enc.prompt.txt::00723__row947,You really wrote,0.0,content_diversity,"a fantastic book, it got rave reviews.","a moving song, it nearly made me cry.",some heartwarming poetry there.,"a clever and funny Haku, well done.","a meaningful letter, it made your point so well.",-0.028,0.960,-0.325,-0.658,-0.360,17.350172,0.634495,0.420988,7.304222,0.267115,58.922147,1.963703,0.000000,24.805543,0.826696
test.enc.prompt.txt::00724,test.enc.prompt.txt::00724__row948,Everything I do,1.0,content_diversity,turns out to be wrong.,works out to hurt someone somehow.,is a great success,is a total failure.,is so much fun.,-0.038,0.934,-0.264,-0.708,-0.364,-5.859722,-0.497752,0.458831,-2.688621,-0.228384,52.562208,1.807472,0.000000,24.117163,0.829324
test.enc.prompt.txt::00724,test.enc.prompt.txt::00724__row949,Everything I do,0.0,content_diversity,works out perfectly.,ends up flawless.,has a perfect result.,is without any fault.,is completely impeccable.,-0.006,0.788,-0.409,-0.792,-0.710,13.013111,0.684438,0.406149,5.285260,0.277984,13.736392,1.079737,0.000000,5.579019,0.438534
test.enc.prompt.txt::00725,test.enc.prompt.txt::00725,You've been coming,1.0,content_diversity,To practice so rare,"At me for a while, without success",To my house so often,At the wrong classroom,To wrong restaurant,-0.029,0.957,-0.148,-0.614,-0.187,27.221096,1.166224,0.247103,6.726428,0.288178,48.088469,1.393927,0.000000,11.882828,0.344444
test.enc.prompt.txt::00730,test.enc.prompt.txt::00730,Ready for number,0.0,content_diversity,computations to begin. Standing by.,integration starting in three...two...one.,"set two-two-eight, next in the sequence.",twelve to be powered down and restarted.,six circuit to transmit to number twelve.,-0.021,0.966,-0.096,-0.726,-0.271,37.058538,0.929352,0.322289,11.943541,0.299519,36.953548,0.851883,0.000000,11.909704,0.274552
test.enc.prompt.txt::00731,test.enc.prompt.txt::00731,I know you,1.0,content_diversity,have your heart in the right place.,want to help me but I can't deal with it right now.,earn some more money but there are no openings right now.,get better grades so you need to start studying more.,want to have children so have you considered adoption?,-0.031,0.942,-0.177,-0.648,-0.183,14.615696,0.215030,0.534790,7.816322,0.114996,57.114489,0.759749,0.000000,30.544234,0.406306
test.enc.prompt.txt::00732,test.enc.prompt.txt::00732,...You wanna work,1.0,content_diversity,or you wanna just sit around?,out what is is all about or do you not care?,this through or shall we just call it a day?,out or are you too tired?,towards a greater good or just look out for yourself?,-0.047,0.944,-0.092,-0.734,-0.283,2.792530,0.183422,0.510693,1.426125,0.093672,52.686120,0.765758,0.000000,26.906428,0.391067
test.enc.prompt.txt::00733,test.enc.prompt.txt::00733,Could it be,1.0,content_diversity,that he just love the taste of meat?,true when they say he is a cheater?,the end of the world?,the start of something new?,that we just don't need to work in an office?,-0.031,0.956,-0.225,-0.706,-0.093,-7.789249,0.071750,0.451217,-3.514644,0.032375,67.140831,1.163007,0.000000,30.295101,0.524769
test.enc.prompt.txt::00734,test.enc.prompt.txt::00734,Every entry was,0.0,content_diversity,"blocked, the place was locked up tight.","impassable, we couldnt get in,they couldnt get out.","sealed, there was no way in at all.",bricked up. It looked like it had been for years.,locked and nobody had a key so we couldn't get in.,-0.017,0.954,-0.177,-0.758,-0.520,9.707326,0.302719,0.441176,4.282637,0.133552,57.649135,0.806089,0.000000,25.433402,0.355627
test.enc.prompt.txt::00736,test.enc.prompt.txt::00736,"Get the backslash,",1.0,content_diversity,and exclamation mark,and use it to divide two numbers,"and if you don't know where it is, then find out",and put it in the middle of the sentence,it is easy to use it,-0.047,0.938,-0.072,-0.661,-0.181,15.130178,0.009859,0.532983,8.064129,0.005254,32.541372,1.504785,0.000000,17.344002,0.802025
test.enc.prompt.txt::00738,test.enc.prompt.txt::00738,Me too! Were,1.0,content_diversity,the others all into it as well?,all the red ones gone by then?,those responsible all caught?,the stairs hard for you to climb as well in your condition?,we the only ones picked or are more coming later?,-0.029,0.965,-0.139,-0.715,-0.211,-2.281218,0.201003,0.436241,-0.995161,0.087686,59.184153,0.704823,0.000000,25.818570,0.307473
test.enc.prompt.txt::00739,test.enc.prompt.txt::00739__row958,What've you got,1.0,content_diversity,in your purse,after this class,on a menu,on your schedule,with my sister,-0.013,0.573,-0.257,-0.589,-0.207,8.839627,0.885997,0.355336,3.141041,0.314827,24.543798,2.541593,0.000000,8.721304,0.903120
test.enc.prompt.txt::00739,test.enc.prompt.txt::00739__row959,What've you got,0.0,content_diversity,in your bag,in your fannypack,in that backpack,in that shoulderbag,in that pouch,-0.133,0.447,-0.563,-0.838,-0.619,19.123634,1.078527,0.450047,8.606536,0.485388,25.003543,1.239076,0.000000,11.252771,0.557642
test.enc.prompt.txt::00740,test.enc.prompt.txt::00740,"So, when you",1.0,content_diversity,"lock the front door, turn on the alarm, okay?","get to Mission Drive, make a left and you'll see the place on the right hand side.","wake up in the morning, make sure to call me first thing.","know what you want, I'll be right over there.","start acting like that, that's when I don't want to be around you.",-0.026,0.960,-0.080,-0.685,-0.140,0.974690,0.081437,0.510189,0.497276,0.041548,48.460433,0.690114,0.000000,24.723969,0.352088
test.enc.prompt.txt::00741,test.enc.prompt.txt::00741__row961,That's great. I,1.0,content_diversity,am so glad you received such exciting news!,am just so relieved to find out you're okay!,had a feeling it would all work out for you.,never know what to expect when they get involved.,"was imagining the most awful things, so I'm glad it's all good.",-0.019,0.967,-0.148,-0.673,-0.404,-7.862054,-0.009171,0.514534,-4.045292,-0.004719,47.698333,0.637825,0.000000,24.542404,0.328183
test.enc.prompt.txt::00741,test.enc.prompt.txt::00741__row962,That's great. I,0.0,content_diversity,was confident that everything would be okay.,was pretty sure things would be fine.,knew deep down that it would all get sorted out.,never doubted that it would be a happy ending.,can always count on you to work through the snags.,-0.051,0.931,-0.329,-0.660,-0.579,-0.421735,0.052191,0.522998,-0.220566,0.027296,60.834803,1.066577,0.000000,31.816470,0.557817
test.enc.prompt.txt::00742,test.enc.prompt.txt::00742__row963,"Yeah, they dig",1.0,content_diversity,up dinosaur bones.,for gold.,the good life.,in the sand.,for pirates treasure.,-0.015,0.571,-0.389,-0.660,-0.219,-8.995951,-0.296109,0.424320,-3.817162,-0.125645,34.015353,2.116255,0.000000,14.433396,0.897969
test.enc.prompt.txt::00742,test.enc.prompt.txt::00742__row964,"Yeah, they dig",0.0,content_diversity,a life of leisure.,all play and no work.,living high on the hog.,getting everything they want from life.,a life of fun and play.,-0.044,0.922,-0.191,-0.735,-0.286,10.217455,0.330800,0.353141,3.608207,0.116819,30.213642,0.886212,0.000000,10.669690,0.312958
test.enc.prompt.txt::00743,test.enc.prompt.txt::00743,It's how on-line,0.0,content_diversity,companies operate now.,stores put themelves out there.,pharmacys sell stuff nowadays.,pet shops do a lot of their business these days.,"banks work, its really handy  actually.",0.000,1.000,-0.162,-0.705,-0.333,-9.575658,-0.163700,0.390581,-3.740074,-0.063938,89.472657,1.900267,0.000000,34.946354,0.742209
test.enc.prompt.txt::00745,test.enc.prompt.txt::00745,"Oh, man. I'd",1.0,content_diversity,kill for a beer right now.,love to see her in the shower!,do anything for a good nights sleep.,"like to help you but I can't, I have to be somewhere.","give you it right back next week, I swear.",-0.021,0.955,-0.108,-0.635,-0.171,-5.954502,-0.155638,0.503705,-2.999315,-0.078396,70.718669,1.304559,0.000000,35.621382,0.657113
test.enc.prompt.txt::00746,test.enc.prompt.txt::00746__row967,I don't know,1.0,content_diversity,which way we're supposed to go and I'm low on gas.,"which one I'd rather have, the prawns of the lamb.","where she gets off talking to me like that, the little snot.","I left those goddamn keys, I'm losing my mind.",what I was thinking when I took this apartment.,-0.013,0.973,-0.096,-0.583,-0.085,13.039668,0.189684,0.432976,5.645864,0.082129,66.425479,1.455224,0.000000,28.760642,0.630077
test.enc.prompt.txt::00746,test.enc.prompt.txt::00746__row968,I don't know,0.0,content_diversity,where my mind was when I agreed to move in here.,why I ever decided to rent this place.,what could have possessed me to decide on this house.,led me to believe living here would be a good idea.,what I ever saw in this miserable little hovel.,-0.040,0.942,-0.275,-0.780,-0.341,23.172063,0.465892,0.460071,10.660797,0.214343,44.110018,0.742461,0.000000,20.293745,0.341585
test.enc.prompt.txt::00747,test.enc.prompt.txt::00747__row969,"Hardly anybody does,",1.0,content_diversity,but it is actually the easiest way of all!,that is why it is so quiet with hardly any queues.,you are one of only a few thousand people in the whole world.,but if you tell anyone I would have to kill you.,there is only me and my brother who know about it and a few select others.,-0.029,0.946,-0.146,-0.665,-0.300,-2.536115,0.067133,0.484869,-1.229683,0.032551,49.056273,0.737166,0.000000,23.785852,0.357429
test.enc.prompt.txt::00747,test.enc.prompt.txt::00747__row970,"Hardly anybody does,",0.0,content_diversity,there is only me and my sister who know about it and a couple of others.,only my uncle and me know about it and four other people I know of.,my cousin and me are the ony ones who know about it except the founders.,only my son and I and a couple of others know it is even here.,there is only me and my father who know about it and a few select others.,-0.213,0.730,-0.502,-0.900,-0.654,54.692933,0.795052,0.453358,24.795502,0.360443,76.205087,1.184963,0.000000,34.548218,0.537213
test.enc.prompt.txt::00748,test.enc.prompt.txt::00748,Same with the,0.0,content_diversity,"coq au vin, nowhere does it better.","dish you ordered, they make the best salmon salads in the city.","mussels, this place does the best of anywhere around here.","meal I have got, it is the best peach cobbler anywhere around here.","lasagne, this place does the best of anywhere around here.",-0.148,0.774,-0.337,-0.766,-0.423,63.109864,1.075671,0.341400,21.545682,0.367234,102.756201,1.693298,0.000000,35.080926,0.578091
test.enc.prompt.txt::00749,test.enc.prompt.txt::00749,Maybe it's the,0.0,content_diversity,"nonstop rain, but I'm not myself this evening.","conditions, but I just feel nervous right now.","storm, but something has got me on edge.","wind, but I'm sensing some kind of trouble tonight.","thunder, but I've been a nervous wreck all night.",-0.031,0.966,-0.457,-0.750,-0.548,13.635956,0.326747,0.491684,6.704583,0.160656,33.368597,0.746151,0.000000,16.406810,0.366871
test.enc.prompt.txt::00750,test.enc.prompt.txt::00750,...You got my,0.0,content_diversity,cell number? Ring anytime you want.,mobile details? Feel free to call anytime.,landline number? The cell service there is sketchy at best.,contact details? I'll need yo to call me as soon as you get there.,phone number? I will expect you to call right away.,-0.041,0.935,-0.229,-0.893,-0.396,29.410426,0.507996,0.454029,13.353177,0.230645,51.860374,0.619471,0.000000,23.546097,0.281258
test.enc.prompt.txt::00751,test.enc.prompt.txt::00751__row974,Is that how,1.0,content_diversity,things are supposed to be?,I should behave?,I make more money?,I cook pasta?,I should avoid a prison sentence?,-0.043,0.949,-0.341,-0.698,-0.217,-13.069152,-0.059760,0.411969,-5.384083,-0.024619,37.126385,1.687184,0.000000,15.294912,0.695067
test.enc.prompt.txt::00751,test.enc.prompt.txt::00751__row975,Is that how,0.0,content_diversity,things work around here?,things happen around here?,things are?,everything is here?,everything happens around here?,-0.092,0.673,-0.452,-0.885,-0.631,3.817341,0.405211,0.510223,1.947694,0.206748,11.491339,1.257705,0.000000,5.863143,0.641710
test.enc.prompt.txt::00752,test.enc.prompt.txt::00752__row976,"But these, like,",1.0,content_diversity,"they're my all-time favorites, you know what I mean?",are just not as good as the more expensive ones.,aren't they the ones you told me to get?,are for little kids and I'm just about to turn fourteen.,"are too cheap to wear to school, I'll be embarrassed.",-0.022,0.959,-0.052,-0.719,-0.136,1.268318,0.122233,0.475789,0.603451,0.058157,30.934449,0.502050,0.000000,14.718260,0.238870
test.enc.prompt.txt::00752,test.enc.prompt.txt::00752__row977,"But these, like,",0.0,content_diversity,didn't you say to get these ones?,I'm sure they're the ones that you said.,have to be the right ones because they didn't have anything else.,"couldn't be a mistake, I made sure I got the kind you said.",are the only ones that were even close and I looked at a million of them.,-0.040,0.931,-0.099,-0.815,-0.380,15.094390,0.388578,0.416011,6.279439,0.161653,72.631908,0.763760,0.000000,30.215706,0.317733
test.enc.prompt.txt::00753,test.enc.prompt.txt::00753__row978,A beautiful geek?,1.0,content_diversity,Is there such a thing?,I am going to take that as a compliment.,Did you mean to write a beautiful Greek?,Then I am in love with her already.,Is that the name of a movie?,-0.033,0.951,-0.168,-0.624,-0.218,12.108554,0.176516,0.553641,6.703790,0.097726,37.631804,0.640008,0.000000,20.834502,0.354335
test.enc.prompt.txt::00753,test.enc.prompt.txt::00753__row979,A beautiful geek?,0.0,content_diversity,Does such a thing exist?,Well I have never seen one.,I will believe it when I see it!,Are you telling me they are for real?,Do they make beautiful geeks?,-0.008,0.981,-0.152,-0.680,-0.270,6.854915,0.139781,0.526194,3.607014,0.073552,29.386695,0.469141,0.000000,15.463098,0.246859
test.enc.prompt.txt::00754,test.enc.prompt.txt::00754__row980,That kid's the,1.0,content_diversity,worst.,best.,school bully.,world champion.,class clown.,0.000,0.400,-0.546,-0.630,-0.213,2.640033,0.354916,0.396319,1.046294,0.140660,23.962954,1.791198,0.000000,9.496963,0.709885
test.enc.prompt.txt::00754,test.enc.prompt.txt::00754__row981,That kid's the,0.0,content_diversity,funniest kid.,jokester of the class.,class comedian.,biggest riot.,most funny kid I've heard.,-0.013,0.973,-0.288,-0.771,-0.433,-7.169723,0.009458,0.378313,-2.712400,0.003578,41.904656,1.942361,0.000000,15.853080,0.734821
test.enc.prompt.txt::00757,test.enc.prompt.txt::00757__row982,"'Milk, milk, lemonade.",1.0,content_diversity,"Wait, how does the rest of that saying go?","Round the corner...oh, you know the rest.",Is that a dirty rhyme? I never knew what it meant.,"Two of my favorite beverages, if you care to know.",Which would you like? I also have soda.,-0.025,0.955,-0.071,-0.641,-0.181,13.766574,0.156557,0.450217,6.197949,0.070485,28.783273,0.686569,0.000000,12.958726,0.309105
test.enc.prompt.txt::00757,test.enc.prompt.txt::00757__row983,"'Milk, milk, lemonade.",0.0,content_diversity,"Do you have a preference? I have soda, too.",Either one is fine. Unless you'd like soda.,Your choice. You can also have a soda.,"Or soda, too. What do you feel like?","Let me know when you decide. We have sodas, too, if you'd prefer.",-0.032,0.947,-0.321,-0.962,-0.804,17.004614,0.638221,0.432483,7.354209,0.276020,52.821909,0.634790,0.000000,22.844587,0.274536
test.enc.prompt.txt::00758,test.enc.prompt.txt::00758,I'm going to,1.0,content_diversity,take you out to a nice restaurant,take the trash out,buy you earrings you've always wanted,take a shot,order a new pants,-0.035,0.950,-0.031,-0.654,-0.122,6.047927,-0.245254,0.422289,2.553973,-0.103568,45.936909,2.725353,0.000000,19.398651,1.150886
test.enc.prompt.txt::00759,test.enc.prompt.txt::00759__row985,Just where you'd,1.0,content_diversity,expect to find it really!,go for a holiday if you had that amount of money.,"see me any given day of the week really, I am a man of habit.","think she would go, she is shocking.",want to see a thief - in a cell.,-0.015,0.966,-0.130,-0.603,-0.218,23.406450,0.134548,0.416379,9.745955,0.056023,75.331315,1.316398,0.000000,31.366382,0.548121
test.enc.prompt.txt::00759,test.enc.prompt.txt::00759__row986,Just where you'd,0.0,content_diversity,wish to see a pickpocket - in jail.,want to see a rapist - in gaol.,"prefer to see a mugger, locked up inside.","want to see a scam artist, banged up in jail!","want to see a gangster, behind bars!",-0.214,0.797,-0.589,-0.807,-0.588,44.515018,1.095198,0.327484,14.577965,0.358660,27.065236,0.647920,0.000000,8.863437,0.212183
test.enc.prompt.txt::00760,test.enc.prompt.txt::00760,Russian Intelligence? Are,0.0,content_diversity,you thinking they are following you?,you being tracked by them?,you aware of them monitoring you?,they onto you do you think?,they detailing your movements?,-0.042,0.948,-0.324,-0.864,-0.480,7.197758,0.243731,0.441966,3.181161,0.107721,30.346258,1.244826,0.000000,13.411999,0.550170
test.enc.prompt.txt::00762,test.enc.prompt.txt::00762,"Hey Austin Powers,",1.0,content_diversity,what's wrong with your face?,why are you even here?,who is your boss?,what's for dinner?,can you help me out?,-0.014,0.973,-0.240,-0.683,-0.202,-7.547516,-0.262513,0.506663,-3.824047,-0.133005,11.272350,0.777395,0.000000,5.711283,0.393877
test.enc.prompt.txt::00764,test.enc.prompt.txt::00764__row989,"Good afternoon, Mr.",1.0,content_diversity,Johnson,Smarty-pants,Charity Case,Can't-do-wrong,World Champion,0.000,0.400,-0.042,-0.584,-0.190,16.964981,1.166351,0.248217,4.211001,0.289508,25.720104,2.049182,0.000000,6.384174,0.508642
test.enc.prompt.txt::00764,test.enc.prompt.txt::00764__row990,"Good afternoon, Mr.",0.0,content_diversity,First Place,Best in the World,Championship Player,Gold Medal,Blue Ribbon,0.000,0.800,-0.143,-0.646,-0.467,27.869255,1.953280,0.233944,6.519832,0.456957,17.742852,0.918055,0.000000,4.150825,0.214773
test.enc.prompt.txt::00765,test.enc.prompt.txt::00765,"Mr. Powers, my",1.0,content_diversity,"name is Benjamin Tucker, I'm your three o'clock appointment.",daughter speaks so highly of you. She loves your class.,"attorney will be in touch with you. Good day, sir.","apologies, I did not expect this whole thing to be such a disaster.",staff made a terrible mistake. This is the wrong presentation.,-0.010,0.981,-0.112,-0.618,-0.152,-3.387657,-0.000150,0.525036,-1.778642,-0.000079,34.883676,0.411450,0.000000,18.315190,0.216026
test.enc.prompt.txt::00766,test.enc.prompt.txt::00766,My mother's told,1.0,content_diversity,me never to tell anyone about that.,a lot of lies in their time.,of a land far away full of monsters and treasures.,my brother to go drown himself.,each other never to get angry with each other.,-0.019,0.947,-0.102,-0.623,-0.183,2.841071,0.103936,0.446772,1.269311,0.046436,49.248985,0.927241,0.000000,22.003063,0.414265
test.enc.prompt.txt::00767,test.enc.prompt.txt::00767,Pretty groovy Jumbo,0.0,content_diversity,"for sure. You are a talented pachyderm, you know that?",you did good. You're the best elephant in the circus.,"great trick. Here, have some peanuts.",you learn fast. They were right when they said elephants were smart.,you're the best. I'm so glad to be training you.,-0.018,0.966,-0.234,-0.719,-0.315,40.675088,0.829111,0.370163,15.056418,0.306906,46.262521,0.859019,0.000000,17.124680,0.317977
test.enc.prompt.txt::00768,test.enc.prompt.txt::00768,"You know, a",1.0,content_diversity,good friend is hard to find,friend of mine really likes you,phone is expensive gift,different type of personality is what you need,gym buddy can help you,-0.026,0.959,-0.144,-0.652,-0.237,13.396678,0.400615,0.481191,6.446361,0.192773,55.565076,2.194342,0.000000,26.737413,1.055897
test.enc.prompt.txt::00769,test.enc.prompt.txt::00769__row995,Brrrr! She must,1.0,content_diversity,be freezing in that short skirt.,crazy diving in that lake.,have anti freeze in her blood staying out that long.,"get cold sometimes camping in this weather,",really like to get a tan sunbathing in this weather.,-0.049,0.946,-0.222,-0.623,-0.146,18.682748,0.468542,0.460125,8.596395,0.215588,49.721470,1.587806,0.000000,22.878080,0.730589
test.enc.prompt.txt::00769,test.enc.prompt.txt::00769__row996,Brrrr! She must,0.0,content_diversity,be so cold in just that lacey top.,"be shivering not wearing any tights in this weather,","really cold, look at her nipples!",be absolutely frozen without a good jacket.,be freezing wearing shorts today.,-0.022,0.971,-0.295,-0.890,-0.501,19.919543,0.426091,0.479039,9.542246,0.204115,29.525009,0.904394,0.000000,14.143643,0.433240
test.enc.prompt.txt::00770,test.enc.prompt.txt::00770__row997,"Hey, who put",1.0,content_diversity,The toilet seat down,This bet,Down my phone,His face down,This apple on the table,-0.012,0.976,-0.126,-0.557,-0.230,24.260031,2.238130,0.178943,4.341167,0.400498,7.775075,2.973969,0.000000,1.391297,0.532171
test.enc.prompt.txt::00770,test.enc.prompt.txt::00770__row998,"Hey, who put",0.0,content_diversity,An apple here,The fruit on a table,These fruit on the table,His apple on a table,An apple on a dinning table,-0.127,0.808,-0.501,-0.927,-0.705,39.579258,1.980960,0.216554,8.571058,0.428985,22.083677,1.247670,0.000000,4.782315,0.270188
test.enc.prompt.txt::00771,test.enc.prompt.txt::00771,"Good morning, luv,",1.0,content_diversity,I'll have a bacon sandwich please.,How are you today?,where is the problem?,Did you have a good night last night?,did you sleep well?,-0.021,0.960,-0.191,-0.676,-0.162,0.959014,0.006914,0.569815,0.546460,0.003940,42.088914,1.565293,0.000000,23.982891,0.891927
test.enc.prompt.txt::00773,test.enc.prompt.txt::00773__row1000,Not a good,1.0,content_diversity,"way to start a major campaign, by telling lies.","way to start out the school year, by getting expelled.","show for kids to watch, too much violence.","way to get hired for the job, by being late to the interview.",car for a young driver since it'll make them want to speed.,-0.059,0.925,-0.279,-0.675,-0.229,0.145024,0.112806,0.483068,0.070056,0.054493,64.034634,0.965362,0.000000,30.933072,0.466336
test.enc.prompt.txt::00773,test.enc.prompt.txt::00773__row1001,Not a good,0.0,content_diversity,tactic to employ when you're trying to land a position.,way to get into the good graces of an interviewer.,to start your new career by pissing off the hiring manager.,make an employer want to hire you.,impress a company that's looking to fill a position.,-0.039,0.953,-0.286,-0.807,-0.416,13.844343,0.310181,0.449772,6.226796,0.139511,47.542179,0.677105,0.000000,21.383135,0.304543
test.enc.prompt.txt::00775,test.enc.prompt.txt::00775,It's not what,1.0,content_diversity,you think it is.,you say but what you do.,others think that matters.,want but it should do for now.,want but what you needs that's important.,-0.056,0.891,-0.160,-0.760,-0.382,-11.461369,-0.172296,0.527849,-6.049875,-0.090946,83.404802,1.944380,0.000000,44.025165,1.026340
test.enc.prompt.txt::00776,test.enc.prompt.txt::00776__row1003,"OK, Austin Danger",1.0,content_diversity,let's see what you are made of.,are you up for a shag?,your time is up.,give us a look at your teeth!,"you've failed, how does it feel?",-0.017,0.967,-0.144,-0.691,-0.154,-0.209350,0.342666,0.324983,-0.068035,0.111361,43.186959,1.591386,0.000000,14.035027,0.517173
test.enc.prompt.txt::00776,test.enc.prompt.txt::00776__row1004,"OK, Austin Danger",0.0,content_diversity,prepare to die.,your are going to meet your maker.,now I must kill you.,it is time for you to die.,say goodbye.,-0.024,0.948,-0.376,-0.755,-0.390,18.506117,0.530563,0.267217,4.945150,0.141776,34.432753,1.592798,0.000000,9.201018,0.425623
test.enc.prompt.txt::00777,test.enc.prompt.txt::00777,One warranty card,1.0,content_diversity,should be kept in your glove compartment for easy reference.,is all you need. It's not necessary to have back-up copies.,should have been provided to you upon purchase.,"will be on file with the company, so you don't have to worry about it.",will need to be presented if you ever bring the unit in for repairs.,-0.041,0.945,-0.194,-0.759,-0.280,14.599999,0.312163,0.559277,8.165443,0.174585,50.783947,0.742741,0.000000,28.402291,0.415398
test.enc.prompt.txt::00778,test.enc.prompt.txt::00778,Everything seems to,1.0,content_diversity,"be fine here, i will be going home now.","be on fire, the world is alight, we are all going to die.","look so much smaller from up here, it's nice.","be painted red, i think I like it but I am not sure why.","be spinning, I have drunk far too much!",-0.024,0.966,-0.094,-0.634,-0.105,22.662251,0.341848,0.425090,9.633505,0.145316,33.159384,0.470873,0.000000,14.095736,0.200164
test.enc.prompt.txt::00779,test.enc.prompt.txt::00779,"Oh my God,",0.0,content_diversity,surely you're kidding?,that can't be sincere.,"you aren't being serious, are you?","you're kidding, yes?",stop joking.,-0.007,0.989,-0.255,-0.844,-0.606,12.575596,0.168730,0.370157,4.654940,0.062456,15.734619,1.316885,0.000000,5.824273,0.487454
