sample_id,sidecar_key,context,label_value,label_name,resp_0,resp_1,resp_2,resp_3,resp_4,metric_abs_hds_mean,metric_abs_hds_std,metric_averaged_cosine_similarity,metric_averaged_distinct_ngrams,metric_bert_score,metric_bert_sts,metric_sent_bert,metric_icl_E_qwen3_30b_a3b,metric_icl_E_rate_qwen3_30b_a3b,metric_icl_C_qwen3_30b_a3b,metric_icl_D_qwen3_30b_a3b,metric_icl_D_rate_qwen3_30b_a3b,metric_icl_E_qwen3_30b_a3b_std,metric_icl_E_rate_qwen3_30b_a3b_std,metric_icl_C_qwen3_30b_a3b_std,metric_icl_D_qwen3_30b_a3b_std,metric_icl_D_rate_qwen3_30b_a3b_std
test.sa-sb.sa-b::00807,test.sa-sb.sa-b::00807,The man painted a truck. The paint peeled. A friend suggested primer. The man used primer the next time.,1.0,content_diversity,The paint still peeled off.,The paint stayed on this time.,The primer improved the next paint job.,The man decided to hire another painter to help him.,The friend offered his help on the next job.,4.056,0.437,-0.057,0.923,-0.346,-0.815,-0.404,0.958446,-0.026218,0.621585,0.595756,-0.016296,37.534786,0.348798,0.000000,23.331068,0.216808
test.sa-sb.sa-b::00803,test.sa-sb.sa-b::00803,Kara went to the mall to find a bikini. She went to three different stores to try on suits. Kara found a bikini she liked at the fourth store. She found out the bikini was on sale when she got to the register.,0.0,content_diversity,she is happy with the saving,she is happy she can save money,the discount made her happy,saving money here gives her joy,she was ecstatic she could spend less,2.222,0.711,-0.057,0.904,-0.375,-0.845,-0.777,36.195816,1.267122,0.371395,13.442959,0.470603,39.775352,1.212634,0.000000,14.772382,0.450367
test.sa-sb.sa-b::00793,test.sa-sb.sa-b::00793,Ann was a teacher at a local school. One day she gave her students a test. She caught a student cheating on the test. She sent the student to the office.,1.0,content_diversity,Student admitted his mistake,Student denied everything,Principal threatened to student with kicking him out,"In the office, student tried to threaten her",Student was sad,4.333,0.527,-0.023,0.969,-0.191,-0.822,-0.379,31.160962,0.612817,0.421624,13.138198,0.258378,68.199358,0.924235,0.000000,28.754461,0.389679
test.sa-sb.sa-b::00813,test.sa-sb.sa-b::00813,One of the enemies was captured. He was tortured. He gave up some information. The information was put to good use.,1.0,content_diversity,he was then killed,he was then put into prison,the war ended,it was gruesome,that was part of war,3.667,0.471,-0.059,0.900,-0.273,-0.689,-0.218,15.544781,1.079802,0.332280,5.165221,0.358797,37.737441,2.111520,0.000000,12.539399,0.701616
test.sa-sb.sa-b::00876,test.sa-sb.sa-b::00876,"I always look forward to the weekends. On Friday, we took off from work a little early. We bought some beer and champagne. We relaxed and had a few drinks together.",0.0,content_diversity,we also cook,we decided to use the kitchen,we prepare some meals,we use our cooking skills,we make some dishes,2.062,0.464,-0.056,0.945,-0.376,-0.941,-0.672,35.467575,1.537958,0.292270,10.366119,0.449499,23.047742,1.216787,0.000000,6.736171,0.355631
test.sa-sb.sa-b::00825,test.sa-sb.sa-b::00825,It any business you have to keep track of your resources. I was helping a friend inventory his business. He could name every part number in his inventory from memory. I asked him to give me a list of his employees.,1.0,content_diversity,He had a hard time recollecting.,He new every name and their birthdays.,He could not name them without looking at his files.,He named them all off the top of his head.,He could not remember the names of his employees.,3.167,0.527,-0.053,0.920,-0.315,-0.762,-0.246,12.963385,0.277358,0.654028,8.478418,0.181400,42.498464,1.394629,0.000000,27.795190,0.912127
test.sa-sb.sa-b::00830,test.sa-sb.sa-b::00830__row6,Ben was a struggling actor. He went to several auditions. He finally got a call back on one of them. Ben got the part.,1.0,content_diversity,He called all his friends to tell them.,He was so happy he cried.,He realized he didn't really like acting very much so he quit.,His family was so proud they threw him a party.,His friend was jealous and they drifted apart.,4.562,0.464,-0.033,0.949,-0.280,-0.707,-0.263,-1.094777,-0.128851,0.602757,-0.659884,-0.077666,39.647259,0.495745,0.000000,23.897657,0.298814
test.sa-sb.sa-b::00830,test.sa-sb.sa-b::00830__row7,Ben was a struggling actor. He went to several auditions. He finally got a call back on one of them. Ben got the part.,0.0,content_diversity,He went home and told everyone he knew.,He was so excited that he called a ton of people to tell them.,He had to let everyone know asap.,Ben was super excited to share the news.,Ben had a great evening letting everyone know.,1.778,0.416,-0.040,0.937,-0.385,-0.799,-0.571,1.910374,0.175611,0.522967,0.999062,0.091839,31.818019,0.683357,0.000000,16.639760,0.357373
test.sa-sb.sa-b::00792,test.sa-sb.sa-b::00792,My daughter and I started a new book last night. It was the first of a new series out. We enjoy reading together at night. We have read a lot of different books together.,1.0,content_diversity,We looked forward to the rest of the series.,This series would be discontinued.,The book was a fun way for us to connect.,I performed the characters using different voices to entertain her.,This would become her favorite book.,4.278,0.583,-0.025,0.955,-0.301,-0.699,-0.233,26.370182,0.550137,0.529823,13.971528,0.291475,62.643902,0.863698,0.000000,33.190178,0.457607
test.sa-sb.sa-b::00799,test.sa-sb.sa-b::00799,I was walking with my foreign language exchange partner. We exchanged a few words. She made a small grammar mistake in her speech. I politely corrected her.,1.0,content_diversity,she said thank you,we continue practicing,she decided we should get ice cream,we had lots of fun,she teach me some foreign language too,4.111,0.657,-0.023,0.969,-0.172,-0.646,-0.164,21.100292,1.057588,0.360219,7.600721,0.380963,49.148666,0.735763,0.000000,17.704272,0.265036
test.sa-sb.sa-b::00861,test.sa-sb.sa-b::00861,"My dad bought some nonalcoholic beer. Since it didn't have alcohol, I asked him if I could try it. He told me I wouldn't like it. I tried it, and made a terrible face.",0.0,content_diversity,I asked dad why he bought nonalcoholic beer.,"It tasted so bad, I asked my dad why he purchased it.",Why did dad buy this?,I wanted to know why dad bought nonalcoholic.,Why would he buy this kind of beer?,1.833,0.471,-0.061,0.903,-0.400,-0.899,-0.557,14.261635,0.515480,0.514196,7.333272,0.265057,48.710591,0.893250,0.000000,25.046777,0.459305
test.sa-sb.sa-b::00871,test.sa-sb.sa-b::00871,"My wife and went to the movies in 1981. We saw the first movie. My wife did not like the second, Harold and Maude, and we left. Yesterday I saw the movie on DVR while my wife was at work.",1.0,content_diversity,I like it,I did not like it either,it was funny,it was not funny,it was not the same on tv,3.500,0.802,-0.123,0.845,-0.396,-0.713,-0.371,9.780712,0.969327,0.426332,4.169828,0.413255,46.055370,1.497026,0.000000,19.634863,0.638230
test.sa-sb.sa::00681,test.sa-sb.sa::00681,Sean's car started overheating. He remembered a trick to cool it down. He turned on his heater to max. It helped keep the car going until he got to a mechanic.,0.0,content_diversity,Sean decided to replace his old car with a new one,He purchased another car,"After that incident, he decided it's time to get a new car","To avoid problems in future, he decided to buy a new car",He replaced his old vehicle with a new one,2.062,0.916,-0.094,0.857,-0.505,-0.959,-0.592,34.058099,0.703314,0.590963,20.127090,0.415633,33.038738,0.705467,0.000000,19.524684,0.416905
test.sa-sb.sa::00682,test.sa-sb.sa::00682,Kate had slept most of the way on the road trip. She was awake now. But she had no headphones to listen to music. Her eyes felt heavy as she stared at the road passing by.,0.0,content_diversity,Car has hit a tree and she bumped into the seat in front of her,Driver lost control of the vehicle and bumped in the tree,She felt braking and could see car crashed in the tree,"Suddenly, she felt strong force and she was on the floor",She felt someone pulling the handbrake as they were crashing in the tree,2.000,0.408,-0.089,0.899,-0.326,-0.808,-0.521,42.547768,0.832544,0.437877,18.630676,0.364552,31.310525,0.409840,0.000000,13.710150,0.179459
test.sa-sb.sa::00689,test.sa-sb.sa::00689,Our relationship confuses me. We got into another argument. He accused me of not working hard. I explained my computer was being slow.,1.0,content_diversity,He told me to stop changing the subject.,I bought a new computer instead of fixing the slow one.,I walked out of the room before I said something I regretted.,He smashed the computer when I complained about it.,I decided to ignore him and tried to work as best as I could on the slow computer.,4.188,0.658,-0.052,0.934,-0.292,-0.741,-0.311,2.455571,0.140274,0.622311,1.528129,0.087294,45.978833,0.440762,0.000000,28.613139,0.274291
test.sa-sb.sa::00691,test.sa-sb.sa::00691,Jane noticed her internet was slow. The cable company was no help. Eventually someone recommended getting a better router. Jane tried it out.,1.0,content_diversity,she was happy with her new interernet,she like its,she did not like it,she was glad she did,she is happy she got a new router,3.222,0.711,-0.087,0.904,-0.264,-0.743,-0.468,8.603436,0.793680,0.352299,3.030983,0.279613,57.670405,2.366796,0.000000,20.317234,0.833820
test.sa-sb.sa::00698,test.sa-sb.sa::00698__row16,Joel owned a restaurant. He hired a cook that didn't care about his work. The cook didn't clean after himself. The kitchen was a mess.,1.0,content_diversity,Joel fired the cook when things went too far downhill.,One day Joel called a meeting and set up new rules for the cook and other staff to follow.,This went on for a couple months before Joel had enough.,Joel did not care much about the restaurant either and he went out of business.,When making future hiring decisions Joel held up the cook as an example of what he doesn't want.,4.556,0.497,-0.044,0.945,-0.243,-0.887,-0.370,-10.721515,-0.040271,0.580286,-6.221550,-0.023369,64.403085,0.344980,0.000000,37.372240,0.200187
test.sa-sb.sa::00698,test.sa-sb.sa::00698__row17,Joel owned a restaurant. He hired a cook that didn't care about his work. The cook didn't clean after himself. The kitchen was a mess.,0.0,content_diversity,One day the cook showed up at the restaurant and was very angry.,The cook pleaded for another chance.,It was time to start over and pick up the pieces.,Joel discovered that the cook had been battling a severe illness and it had affected his work.,From that day forward Joel's restaurant was the best in town.,4.278,0.533,-0.035,0.945,-0.266,-0.734,-0.270,18.906880,0.383448,0.559379,10.576107,0.214492,54.845022,0.428021,0.000000,30.679140,0.239426
test.sa-sb.sa::00699,test.sa-sb.sa::00699,"Janet's family was used to tornado season where they lived. Luckily, they had avoided any major damage to their farm. They heard of a bad tornado coming their way. They weren't worried and didn't evacuate like their neighbors.",1.0,content_diversity,They were lucky that the tornado did not make it to their farm.,This was a bad decision because Janet's mother did not make it.,Everything worked out because the tornado died out before it could reach the farm.,They were able to protect the animals but their garden was destroyed by the tornado.,The family is not afraid of tornadoes anymore.,4.111,0.458,-0.054,0.902,-0.322,-0.746,-0.402,10.504244,-0.026164,0.603586,6.340215,-0.015792,56.971717,0.869782,0.000000,34.387335,0.524988
test.sa-sb.sa::00701,test.sa-sb.sa::00701,Devin just got his licenses. He asks his parents for permission to out driving. While out driving he agrees to race one of his friends. Devin steps on the gas and races in his parents car.,1.0,content_diversity,Devin goes 100 mph and gets pulled over by the police.,Devin hits a telephone pole and totals his parents car.,Devin forgets his license and gets arrested.,Devin's little brother was with him and snitched to their parents.,Devin gets lost and has to call his parents.,4.667,0.333,-0.061,0.932,-0.393,-0.856,-0.447,16.823588,0.321610,0.632311,10.637735,0.203358,57.261173,0.632041,0.000000,36.206852,0.399646
test.sa-sb.sa::00703,test.sa-sb.sa::00703,Jake was changing clothes in his room. He didn't realize his overhead fan was on. When he reached up to take off his shirt his arm hit the fan blades. Jake wound up fracturing his wrist.,1.0,content_diversity,"His mom ran upstairs when she heard the commotion, and immediately drove him to the emergency room.","He had to wear a cast and was unable to play his favorite sport, baseball, for an entire month.",He thought it was cool so he showed it to the neighborhood kids.,He was in agonizing pain so he raced to the phone to call an ambulance.,He then woke up and realized it was all a dream.,4.167,0.707,-0.055,0.930,-0.274,-0.591,-0.200,12.490772,0.112939,0.636332,7.948277,0.071866,54.413191,0.545087,0.000000,34.624853,0.346857
test.sa-sb.sa::00705,test.sa-sb.sa::00705,Jim has a very important math test next week. He is really worried about passing with a good grade. Jim decided to ask his teacher for ideas on great study tips. His teacher gave him some really great studying advice.,0.0,content_diversity,Confidence flowed through Jim as he realized he easily solved all the questions.,The teacher handed back Jim's test which got full marks.,Jim got a hundred on the test.,Jim ended up doing well and passing the math test.,He came home happy he passed the test.,2.667,0.577,-0.042,0.950,-0.374,-0.860,-0.540,14.507229,0.301158,0.484373,7.026914,0.145873,79.381763,0.501455,0.000000,38.450406,0.242891
test.sa-sb.sa::00706,test.sa-sb.sa::00706,"My textbook went missing. I tried to look inside the laundry room. Dust was flying everywhere, especially on the desk. I managed to find the book inside a bin.",1.0,content_diversity,Someone had hidden it there after damaging it.,I was very happy to have my textbook and sat down to study.,I felt mystified as to why the book was in a bin but was relieved I had found it.,I opened the book and got down to catching up on my studies.,Later in the day my roommate admitted they had been tidying and put my book there.,3.857,0.693,-0.045,0.924,-0.282,-0.761,-0.423,5.755892,0.082066,0.559606,3.221033,0.045925,43.725937,0.472146,0.000000,24.469307,0.264216
test.sa-sb.sa::00709,test.sa-sb.sa::00709,I put my dog in training school. He is learning a lot of new tricks. He can now sit and stand. They are very good teachers.,0.0,content_diversity,We joined together with our new friends to put together a dog trick stage show.,My pup has never been happier.,Now people gasp with delight when they see what my dog can do.,Our new friends agreed that these were the best dog trainers ever.,We all decided to stay in touch and do doggy play dates.,4.389,0.698,-0.015,0.965,-0.248,-0.749,-0.520,20.764491,0.378086,0.498768,10.356672,0.188577,65.806998,0.471831,0.000000,32.822450,0.235334
test.sa-sb.sa::00714,test.sa-sb.sa::00714,Sam was at work. He had to lift a heavy box by himself. Sam pulled a muscle trying to do so. He had to get physical therapy to get better.,1.0,content_diversity,"After physical therapy, he was more fit than ever",Physical therapy was very expensive,"After the therapy, he promised he would be more careful lifting heavy objects",He decided to start going to the gym so he can avoid this kind of injuries,"After few months, he felt better that ever",3.944,0.497,-0.033,0.949,-0.221,-0.824,-0.372,14.027387,0.066850,0.622393,8.730553,0.041607,48.593866,0.970131,0.000000,30.244502,0.603803
test.sa-sb.sa::00716,test.sa-sb.sa::00716,Sam went on a date. He was nervous and ate too much at dinner. After a short while he started feeling sick. Sam had to cut the date short and go home.,0.0,content_diversity,He had to call her and apologise,Next day he called her and explained what had happened,He asked his date for forgivness,He was so embarrassed while explaining the reason for leaving,Next day he grabbed a phone and called to say sorry,2.611,0.567,-0.041,0.924,-0.273,-0.744,-0.361,18.788877,0.548924,0.515762,9.690597,0.283114,51.643788,1.015839,0.000000,26.635925,0.523931
test.sa-sb.sa::00718,test.sa-sb.sa::00718,John woke up on the beach not remembering who he was. John looked at his belongings. John found a car key. John used the car key to find out the car.,1.0,content_diversity,He tried it until he found the right car.,He went to the hospital to get himself checked out.,He went to the local police station to help with identification.,He drove to the local grocery store and went in.,He drove around aimlessly.,4.389,0.515,-0.084,0.877,-0.400,-0.735,-0.180,10.116416,-0.025474,0.602433,6.094459,-0.015346,37.785211,0.854106,0.000000,22.763045,0.514541
test.sa-sb.sa::00721,test.sa-sb.sa::00721,Randy tells his kids if they massage him all night he will reward them. He tells them he will give them 100 dollars each for doing it. The kids massage their father all night. When the morning comes the kids are excited to be done.,0.0,content_diversity,Every kid bought 100 dollars worth of toys,All kids were happy with their money spent on toys,Each of them decided to buy toys,"With 100 dollars, all kids bought new toys",Receiving their reward made them happy because now they can buy toys,2.000,0.598,-0.043,0.942,-0.320,-0.958,-0.613,21.714570,0.761173,0.464420,10.084677,0.353504,55.543481,0.486524,0.000000,25.795493,0.225952
test.sa-sb.sa::00726,test.sa-sb.sa::00726,Chris is a star runner. Chris has a big race this sunday. He invited all his friends and family to the race. While at the race Chris runs as hard as he can.,1.0,content_diversity,Chris really wanted to show off in front of everyone but he ended up falling down instead.,"Unfortunately, Chris got disqualified from another event after jumping the gun several times.",Chris ended up winning the race and dedicating his win to his mother.,Chris had his best race ever even breaking a state record.,Chris was nervous about his friends and family being there but persevered and won.,4.214,0.995,-0.033,0.953,-0.302,-0.829,-0.389,-8.522151,-0.060314,0.604328,-5.150179,-0.036450,65.698069,0.576050,0.000000,39.703216,0.348123
test.sa-sb.sa::00731,test.sa-sb.sa::00731,I had my special cup on my desk. I accidentally bumped it. It fell and rolled over the edge. It hit the husky and bounced off.,0.0,content_diversity,Cup landed softly on the rug,"When cup bounced off, it landed on the carpet","Fortunately, the cup landed softly and didn't shatter",Cup fell on the carpet but nothing happened,Carpet was soft so when cup fell down it didn't shatter,2.222,0.749,-0.075,0.891,-0.319,-0.961,-0.670,23.719155,0.556156,0.502391,11.916284,0.279408,43.084372,0.444379,0.000000,21.645190,0.223252
test.sa-sb.sa::00738,test.sa-sb.sa::00738,James wanted to go swimming. He made plans with friends. Unfortunately it started to rain. Most of his friends cancelled.,1.0,content_diversity,James didn't care about the rain and went swimming anyway.,James got mad at his friends for canceling and stayed home and played games.,James was really angry about the rain and told his friends he was mad at them too.,One of James' friends didn't cancel and they went swimming together.,James decided to go swimming anyway and found that the pool was closed.,3.722,0.671,-0.075,0.892,-0.364,-0.863,-0.414,15.052915,0.166800,0.678408,10.212021,0.113158,47.595710,0.459888,0.000000,32.289322,0.311992
test.sa-sb.sa::00739,test.sa-sb.sa::00739,Sam went out drinking. He tried to drive home. He couldn't find his keys. He had to call a taxi.,1.0,content_diversity,Sam didn't care about being responsible but the bar did and took his keys.,Sam was furious that his keys were missing but went home anyway.,Sam couldn't find anyone to give him a ride so he had to call for a ride.,Sam's friends at the bar took his keys making Sam angry at everyone.,Sam was so drunk he shouldn't have been driving anyway.,3.611,0.657,-0.047,0.916,-0.274,-0.834,-0.387,29.541731,0.384767,0.536880,15.860350,0.206574,63.043190,0.726931,0.000000,33.846597,0.390275
test.sa-sb.sa::00744,test.sa-sb.sa::00744,Tim always loved reading and writing. He decided to try and write a book. It took him a long time. Not many people read it.,0.0,content_diversity,It was a cult classic,The few you read it were big fans,Tim develop a small loyal fan base,The book was considered an acquired taste but some liked it,"It had a polarizing reaction, people either loved or hated it",3.500,0.527,-0.022,0.967,-0.220,-0.680,-0.502,20.894177,0.735598,0.459682,9.604687,0.338142,65.613399,1.475506,0.000000,30.161329,0.678264
test.sa-sb.sa::00745,test.sa-sb.sa::00745,Brett got new shoes today. His old ones had a hole in them. He really does not like his new shoes. Brett wanted his old shoes back.,1.0,content_diversity,he got his old shoes back,he exchange the new pair for a new pair of his old shoes,he threw the new shoes away,he decided to try the new shoe anyway,he keeps the new shoes,3.222,0.629,-0.122,0.854,-0.432,-0.977,-0.610,24.697251,0.679338,0.487496,12.039819,0.331175,49.866289,0.712608,0.000000,24.309632,0.347394
test.sa-sb.sa::00751,test.sa-sb.sa::00751,Tom was invited to a party. He wasn't much of a beer drinker. He got whatever he saw on sale. Everyone at the party was a bit disappointed.,1.0,content_diversity,it was not his fault though,they wanted better booze,they thought he was not being selective,they wanted him to put in more thoughts,"they were disappointed because the music was bad, not because of tom",3.333,0.745,-0.043,0.939,-0.212,-0.693,-0.243,14.119314,0.697343,0.440313,6.216924,0.307049,56.483645,0.437061,0.000000,24.870511,0.192444
test.sa-sb.sa::00760,test.sa-sb.sa::00760,Karl was getting ready for work. He didn't have enough time to make breakfast. Karl decided to just eat some cereal. He poured out the cereal before checking the milk.,1.0,content_diversity,Turns out that the milk was sour and he ruined a good bowl of cereal.,Karl looked into the fridge and realized he didn't have any milk.,Karl put the cereal back into the box because he was out of milk.,Karl remember he didn't have any milk so put the cereal back.,Karl put the cereal in a sandwich bag and just ate it like granola because he had no milk.,3.722,0.629,-0.131,0.832,-0.404,-0.945,-0.670,-18.475431,-0.149356,0.640792,-11.838901,-0.095706,88.608376,1.025438,0.000000,56.779505,0.657092
test.sa-sb.sa::00762,test.sa-sb.sa::00762,"In college, I heard my first opera. It was called Marriage of Figaro. The singers sang in English so we could understand the words. It was a very funny story.",1.0,content_diversity,I love this opera,I like opera ever since,I did not like other opera though,I enjoy telling other people about this story,I decide to buy the book on this opera,4.111,0.698,-0.072,0.926,-0.222,-0.837,-0.325,14.465124,0.511439,0.507958,7.347681,0.259790,48.491904,0.811005,0.000000,24.631870,0.411957
test.sa-sb.sa::00764,test.sa-sb.sa::00764,Jake went bowling one day. It was his friend's birthday. Jake decided to be nice and let his friend win. The friend was excited over beating him.,0.0,content_diversity,Over ice cream Jake's friend happily reminisced about his win.,They got ice cream cake Jake's friend blew out the candles wishing that every birthday would be so perfect.,It was the perfect end to a lovely evening.,They created some good memories that day.,Over ice cream Jake's friend began to speculate as to whether he should bowl professionally.,4.000,0.624,-0.053,0.902,-0.301,-0.753,-0.264,18.667707,0.446124,0.525169,9.803700,0.234291,98.639926,0.579759,0.000000,51.802627,0.304471
test.sa-sb.sa::00765,test.sa-sb.sa::00765,Jervis wanted to get a dog. He went to a pound to find a puppy. Jervis picked out a small puppy. He brought the puppy home and gave him some water to drink.,0.0,content_diversity,The puppy adored Jervis quickly and couldn't wait to bark out his love.,The puppy couldn't find enough ways to shoe Jervis how crazy he was about him.,Jervis got up to walk away and the puppy barked to tell him to stay with him.,The puppy was so grateful to be out of the cage he didn't know how to act so he barked at Jervis.,Jervis and the puppy played for hours because they were nuts for each other.,3.071,0.728,-0.065,0.910,-0.251,-0.931,-0.635,24.823783,0.278548,0.540068,13.406520,0.150435,34.080992,0.474921,0.000000,18.406038,0.256490
test.sa-sb.sa::00767,test.sa-sb.sa::00767,Kate and her friends drove all the way to Las Vegas. But they didn't like their hotel. So they decided to look online. They sat in the car looking on their phones for a better deal.,1.0,content_diversity,Kate found a hotel for a lot cheaper.,They came across a hotel with more stars.,Kate's friend found a much better deal.,They finally saw one with much better reviews.,Kate found a website with better amenities.,3.333,0.527,-0.078,0.889,-0.462,-0.796,-0.425,5.811825,0.148872,0.618315,3.593538,0.092050,16.972247,0.246546,0.000000,10.494191,0.152443
test.sa-sb.sa::00768,test.sa-sb.sa::00768,"Abby was invited to a girl's trip to Seattle with her friends. Abby accepted the invitation, and were on their way to Seattle. After checking in the hotel, Abby fell straight asleep. When Abby awoke, her friends had returned from their night out.",1.0,content_diversity,abby joined them for dinner,abby missed the event,abby asked how their nights went,abby was upset her friends did not wake her up,abby was sad to be left out,3.778,0.478,-0.037,0.955,-0.457,-0.798,-0.393,22.355759,0.685329,0.440663,9.851347,0.301999,19.973366,0.878056,0.000000,8.801516,0.386927
test.sa-sb.sa::00776,test.sa-sb.sa::00776,Loren decided to wash the dishes for her roommates. She used a glass of water to soak the sponge in. After she washed everything she forgot to wash the glass. She left it next to the sink and a roommate tried to drink from it.,1.0,content_diversity,She grabbed it before her roommate could drink from it.,The roommate drank from it.,The roommate dropped the glass as they picked it up.,Her roommate decided to wash the glass instead.,Her roommate threw the glass at another one as they were fighting.,4.278,0.533,-0.076,0.899,-0.468,-0.949,-0.455,-7.274965,-0.024193,0.652955,-4.750221,-0.015797,54.268341,0.375450,0.000000,35.434757,0.245152
test.sa-sb.sa::00779,test.sa-sb.sa::00779,Charles wanted a raise. He was nervous about asking his boss. He finally built up enough courage to do it. His boss appreciated his initiative.,0.0,content_diversity,Charles was given a raise and a promotion.,Charles was now the new supervisor.,Charles moved up the ranks and now works more closely with his boss.,His boss nominated him for employee of the month.,Charles received compensation and moved up in the ranks.,3.000,0.745,-0.052,0.918,-0.440,-0.840,-0.582,11.267863,0.156051,0.601930,6.782462,0.093932,39.213811,0.653151,0.000000,23.603960,0.393151
test.sa-sb.sa-b::00240,test.sa-sb.sa-b::00240,There once was a person born without a brain. They tried and tried and tried to think. They read books and stared at screens until their eyes bled. Then one day they threw out all of their learning material.,0.0,content_diversity,they quit,they did not care,IT WAS TO HARD SO THEY WERE DONE,he gave up,he was done trying,1.889,0.567,-0.013,0.981,-0.194,-0.665,-0.549,42.175286,2.498957,0.244008,10.291104,0.609765,64.909187,1.367590,0.000000,15.838357,0.333703
test.sa-sb.sa-b::00242,test.sa-sb.sa-b::00242,Chloe is an actress who just turned 19. She is very interested in politics. She decided to use her platform to raise political awareness. She started to campaign for Hillary Clinton.,0.0,content_diversity,she got a lot of offers,she was happy,lots of work came in,everyone wanted to work with her,she was constantly sought after,3.333,0.707,-0.033,0.950,-0.288,-0.711,-0.458,29.532188,1.416056,0.330066,9.747575,0.467392,27.430019,1.508059,0.000000,9.053720,0.497759
test.sa-sb.sa-b::00247,test.sa-sb.sa-b::00247,"Brett was having some issues. He called his best friend Michael. They met at a coffee shop to talk. After a few hours, Brett felt like he knew what to do.",0.0,content_diversity,Michael professional made him an expert,Michael was afew years older and usually knew what to do,Michael has given Brett good advice in the past,Michael walks worked where brett did and knew how to advise him on work siutation,Michael was known for being a helpful friend,3.167,0.745,-0.033,0.959,-0.166,-0.867,-0.572,23.736159,0.290925,0.500541,11.880930,0.145620,160.341935,1.707483,0.000000,80.257777,0.854666
test.sa-sb.sa-b::00249,test.sa-sb.sa-b::00249,Steve and Josie are newlyweds. But Josie suspects that Steve is already cheating. She told her friends and they all agreed Steve was up to something. They all decided to follow him one day.,1.0,content_diversity,he was taking dance lesson,he was learning how to make flower bouquet,he was indeed cheating,he was dating her best friend,he was actually working extra,3.944,0.762,-0.120,0.908,-0.277,-0.654,-0.140,32.664330,1.137280,0.386461,12.623503,0.439515,23.959347,0.327474,0.000000,9.259363,0.126556
test.sa-sb.sa-b::00251,test.sa-sb.sa-b::00251,Don was out on a field. He saw a rabbit get close. Don decided to chase it. The rabbit ran away slowly.,0.0,content_diversity,he went shopping afterwards,went to the store later,he had to go gracery shopping,dan bought groceries,dan went to get food,1.667,0.408,-0.043,0.928,-0.375,-0.836,-0.458,60.496219,2.437141,0.215152,13.015908,0.524357,49.305927,1.487448,0.000000,10.608290,0.320028
test.sa-sb.sa-b::00256,test.sa-sb.sa-b::00256,Jane wanted to watch a big new action movie. She had been waiting a long time for it to come out. When tickets became available she was too busy. By the time she had a chance to buy some it was sold out.,1.0,content_diversity,Jane cried all the way home.,Jane found a ticket scalper to sell her tickets.,A friend of Jane's offered her one of her tickets.,Jane decided to go to another town to see it.,Jane decided to just wait and stream it at home when it becomes available.,4.111,0.567,-0.041,0.920,-0.250,-0.860,-0.333,-12.110498,-0.170999,0.634834,-7.688150,-0.108556,33.277993,0.601554,0.000000,21.125987,0.381887
test.sa-sb.sa-b::00262,test.sa-sb.sa-b::00262,It was a really hot day and Jamie wanted something sweet. Seeing a cute ice cream shop nearby she decided to go in. While waiting she noticed two children who looked very sad. She soon realized they had no money.,1.0,content_diversity,"Tough, thought Jamie and walked passed them holding his ice cream.",Jamie felt sorry for them so asked them what they wanted and got it for them.,Jamie told the shopkeepr to give them some free ice cream but he refused.,Jamie told the kids if they would wash his bike he would give them some money and they agreed.,Jamie gave them his ice cream to share and they were very grateful.,4.056,0.685,-0.085,0.882,-0.276,-0.881,-0.472,20.067424,0.204451,0.590128,11.842358,0.120652,83.542077,1.249962,0.000000,49.300560,0.737638
test.sa-sb.sa-b::00268,test.sa-sb.sa-b::00268,Karl woke up late for work one day. He didn't know why his alarm didn't go off. Later that day his alarm went off. Karl realized he put PM instead of AM>.,1.0,content_diversity,He missed a job interview,He was late for work and got fired,He missed a bus,He had to hurry up,He had to skip breakfast,3.611,0.774,-0.092,0.881,-0.308,-0.690,-0.343,18.441782,1.053092,0.484231,8.930083,0.509940,13.468590,0.779507,0.000000,6.521910,0.377461
test.sa-sb.sa-b::00272,test.sa-sb.sa-b::00272,Every month I start craving chocolate and salt. The cravings get so bad I can't resist them. I end up eating chips and candy bars. Eating those things makes my stomach start hurting.,0.0,content_diversity,"In the end I always throw up, it's awful.","I am always sick after, I hate it.","When I have finished eating I always throw up, it's horrible.","I always end up puking, it's awful.","After I have eaten I am always sick, it's awful.",1.611,0.515,-0.146,0.812,-0.625,-0.924,-0.805,42.740813,0.947579,0.480710,20.545947,0.455511,18.126297,0.713934,0.000000,8.713497,0.343195
test.sa-sb.sa-b::00274,test.sa-sb.sa-b::00274,Gwen's old couch was falling apart. She saved up money to get a new one. She looked for the best price around. Finally she found one she liked for the right price.,1.0,content_diversity,When it arrived it was perfect for her living room and she was very happy.,When she got it home she realised it didn't fit with the rest of the room and she would have to redecorate.,She ordered it and was told it would take three months to arrive and she was very disappointed.,She was even happier when the salesman said today was a special 25% off day.,Jane bought it and could not stop thinking about how great it was going to look on the way home.,4.556,0.550,-0.078,0.902,-0.284,-0.781,-0.298,-0.879238,-0.002156,0.626462,-0.550809,-0.001350,81.734858,0.889651,0.000000,51.203772,0.557332
test.sa-sb.sa-b::00276,test.sa-sb.sa-b::00276,Ron is having a cook out with the family. Ron is wearing his favorite shirt to impress everyone. While preparing his hot dog Ron spills some mustard on his shirt. Ron gets upset and rushes inside to clean his shirt.,1.0,content_diversity,His wife brings him a clean shirt and reassures him she can get the stain out.,Ron gives up on cleaning his shirt and throws it away.,"The neighbor, who overheard what happened, shows up to help Ron with her secret stain remover solution.",Ron throws away all the mustard bottles so it won't happen again.,Ron decides he is done for the day and goes to bed.,4.667,0.408,-0.031,0.953,-0.302,-0.806,-0.301,26.785655,0.183734,0.619837,16.602736,0.113885,86.011539,0.514035,0.000000,53.313122,0.318618
test.sa-sb.sa-b::00279,test.sa-sb.sa-b::00279,Harry and his basketball team was losing the game. The coach called for a timeout. Harry boosted morale by talking to his team. The team caught up and the game was tied.,0.0,content_diversity,He scored winner,Harry scored a winning point,Harry scored a point that won them a game,He scores final point,He scored last point,1.500,0.378,-0.092,0.869,-0.488,-0.922,-0.621,39.795397,1.522616,0.378694,15.070289,0.576606,31.458774,1.144196,0.000000,11.913257,0.433301
test.sa-sb.sa-b::00285,test.sa-sb.sa-b::00285,It was Isabella's first day at school. She thought she was going to like it. When the bus drove away she started crying. All she wanted was her mother.,0.0,content_diversity,The bus driver began a happy melody to improve the mood.,She laughed at the funny tune coming from the front of the bus.,The bus driver had a happy sing along of familiar tunes.,The bus driver chanted a fun chorus that chased the blues away.,The bus driver bebopped causing Isabella to joyfully play along.,1.833,0.577,-0.100,0.890,-0.463,-0.929,-0.594,28.249955,0.516680,0.404008,11.413194,0.208743,59.126573,0.778869,0.000000,23.887579,0.314669
test.sa-sb.sa-b::00294,test.sa-sb.sa-b::00294,Sean was on a diet. He lost a lot of pounds. Eventually his pants fit too big. Even his belt was hard to fit.,1.0,content_diversity,Sean had to go to the clothing store to buy new clothes for his new body.,His wife was proud of him for sticking to his diet and losing so many pounds.,Sean felt sad he couldn't wear his favorite pair of pants anymore.,He decided to donate his old clothes to charity.,He visited a tailor to adjust his pants to his current body.,4.389,0.458,-0.057,0.935,-0.354,-0.781,-0.331,4.885376,0.087436,0.659469,3.221756,0.057662,52.940043,0.710135,0.000000,34.912341,0.468313
test.sa-sb.sa-b::00295,test.sa-sb.sa-b::00295,It had been raining for two days straight. Kim's apartment basement became flooded. Her things in storage were destroyed. She didn't have any insurance.,0.0,content_diversity,Kim went to a store to buy items.,Kim looked online for a way to replace what she lost.,Kim went to a brick and mortar store to purchase things.,Kim went to a garage sale immediately.,Kim decided she would need up to date replacements so she left the house.,2.778,0.629,-0.133,0.868,-0.363,-0.890,-0.465,-13.246880,-0.086887,0.490221,-6.493899,-0.042594,92.972903,0.661168,0.000000,45.577272,0.324118
test.sa-sb.sa-b::00296,test.sa-sb.sa-b::00296,Mike wanted to get a new car. He saved up all of his money from work. It took him two summers to have enough money. Finally he was able to go buy a new car.,1.0,content_diversity,He decided to wait until next year so he could get a better car.,He decided he wanted to put his money in a savings account instead.,He decided to donate his money to a charity instead.,He bought a really decent four door car that was red.,He went and bought a gaming laptop instead.,4.444,0.497,-0.075,0.905,-0.403,-0.736,-0.261,-0.982423,-0.083106,0.578646,-0.568475,-0.048089,57.723008,1.270811,0.000000,33.401213,0.735350
test.sa-sb.sa-b::00299,test.sa-sb.sa-b::00299,Rita fell out of the tree. She broke her arm in two places. The doctor put her arm in a cast. It is purple and looks really neat.,0.0,content_diversity,Cast was pricey,Cast was costly,It was quite expensive,It costed a lot of money,It was pricey cast,1.722,0.583,-0.085,0.890,-0.557,-0.798,-0.804,33.751473,1.930464,0.271423,9.160918,0.523972,22.680807,1.136464,0.000000,6.156087,0.308462
test.sa-sb.sa-b::00301,test.sa-sb.sa-b::00301,"My neighbor Steve went food shopping. He buys his vegetables from a farm stand in Belmont, MA. Steve showed off some locally grown artichokes. Steve said this was unusual, as artichokes are hot weather veggies.",0.0,content_diversity,They were delicious,He said he enjoyed the taste,Artichokes were tasty,The flavour was extremely delicious,Everyone liked their flavour,2.111,0.393,-0.016,0.971,-0.279,-0.831,-0.660,21.590143,0.820521,0.492210,10.626889,0.403869,39.125399,1.085078,0.000000,19.257922,0.534087
test.sa-sb.sa-b::00302,test.sa-sb.sa-b::00302,"I am starting on my third marriage. I am very worried about how it will work out. Until now, I never felt love for the men I was married to. Now that I do love one, he is not very kind.",1.0,content_diversity,i stopped being nervous,it turned out great,i had a happy marriage,the wedding was great,i weighed the pros and cons,3.611,0.393,-0.021,0.965,-0.292,-0.680,-0.374,28.995694,1.441149,0.310681,9.008419,0.447738,19.427506,0.556337,0.000000,6.035762,0.172843
test.sa-sb.sa-b::00312,test.sa-sb.sa-b::00312,"Jack bought some ice cream from the store. When he arrived back at his apartment, there were kids outside. Jack decided that the kids deserved a treat. He got out cups and served them ice cream.",0.0,content_diversity,When he got back everyone was gone,"When he returned, none was there",When he got back all kids were gone,"When he came back, everyone disappeared",No one was there when he came back,1.562,0.390,-0.123,0.836,-0.588,-0.891,-0.764,33.936869,0.960221,0.504022,17.104938,0.483973,21.420034,0.647097,0.000000,10.796175,0.326151
test.sa-sb.sa-b::00325,test.sa-sb.sa-b::00325,The man lit the torch. He scorched the surface of the beef. He told his guests that it was a seared recipe. His guests were impressed by it's flavor.,0.0,content_diversity,the steak was so umami,the steak was decadent,it was so juicy,it was so succulent,it was very tasty,2.222,0.885,-0.154,0.793,-0.476,-0.774,-0.538,22.065383,1.142834,0.366223,8.080852,0.418532,23.322428,0.870817,0.000000,8.541211,0.318913
test.sa-sb.sa-b::00329,test.sa-sb.sa-b::00329,Ken loved going to church. He spent time with family. He got to learn valuable lessons. They even went to eat after.,0.0,content_diversity,it was delicious,the meal was tasty,the food was to his liking,he enjoyed his meal,he likes what they eat that day,2.000,0.471,-0.032,0.950,-0.354,-0.863,-0.805,20.991221,1.227780,0.316706,6.648042,0.388845,61.228000,1.446177,0.000000,19.391264,0.458013
test.sa-sb.sa-b::00330,test.sa-sb.sa-b::00330,Jake was never in his son's life. His son got the lead role in his Christmas play. Jake promised he would show up. On the day of the play Jake got drunk.,1.0,content_diversity,he showed up drunk,he was not able to come,he made it anyway,his son was still happy to see him,Jake missed the play,3.611,0.657,-0.019,0.969,-0.297,-0.653,-0.136,21.125191,0.953212,0.432273,9.131848,0.412048,19.822819,1.004477,0.000000,8.568867,0.434208
test.sa-sb.sa-b::00354,test.sa-sb.sa-b::00354,Kate slept on a couch in a suite in Las Vegas. There weren't enough beds for everyone. Kate was always stiff after a night of sleeping on a couch. However today she only had a slightly stiff neck.,1.0,content_diversity,Later in the day her neck started to feel worse again.,Kate put that down to the CBD oil she took before bed.,This couch was more comfortable than most.,Kate was grateful that her day in Vegas was not ruined by a stiff neck.,The next night Kate got a bed and a friend slept on the sofa.,4.556,0.369,-0.025,0.949,-0.238,-0.748,-0.197,-17.194459,-0.219672,0.587812,-10.107118,-0.129126,52.025679,0.586503,0.000000,30.581344,0.344754
test.sa-sb.sa-b::00357,test.sa-sb.sa-b::00357,Janice has a caffeine addiction but doesn't have a lot of money. She went to the store to see what she could get to satisfy her need. She ended up buying chocolate ice cream and soda to make a drink. After getting home she mixed the chocolate ice cream and soda.,0.0,content_diversity,Overall they liked it,She likes the drink,She thought the drink was pretty good,Overall the drink ended up being good,It turned out to be really good,2.222,0.533,-0.050,0.928,-0.421,-0.781,-0.640,18.849002,0.627915,0.528923,9.969676,0.332119,20.051037,1.271275,0.000000,10.605461,0.672407
test.sa-sb.sa-b::00365,test.sa-sb.sa-b::00365,Ken loved his favorite comedy. He excitedly showed it to his girlfriend. She watched it all the way through without laughing. Ken nervously asked if she liked it.,1.0,content_diversity,Kate said it was terrible.,"Kate said she thought it was great, she wasn't a LOL type of girl.",It was then he realised she was asleep and probably had been the whole movie.,Kate said she had seen it before but didn't like to say.,"Kate was dead, that was why she was so quiet.",4.583,0.449,-0.079,0.912,-0.222,-0.785,-0.307,35.104075,0.433816,0.447152,15.696872,0.193982,81.681327,0.858853,0.000000,36.524003,0.384038
test.sa-sb.sa-b::00366,test.sa-sb.sa-b::00366,Tucker is sitting home one night bored. He gets a text from his friend Sherry. She asks him to come out dancing with her. Tucker agrees and heads out to meet her.,0.0,content_diversity,The traffic is so bad that he doesn't make it to the club and ends up back at home.,He ends up returning home when he sees how much traffic there is.,The level of traffic is so high that he never gets to the club and turns back.,He turns back when he see how terrible the traffic is.,Traffic is awful on the roads so he decides to turn around and return to his house.,1.889,0.698,-0.091,0.874,-0.437,-0.936,-0.511,41.197611,0.677381,0.503165,20.729186,0.340834,49.544724,0.494597,0.000000,24.929158,0.248864
test.sa-sb.sa-b::00370,test.sa-sb.sa-b::00370,Jake was looking forward to a movie for months. He was excited by all the previews. He got early screening tickets. The movie was not what Jake expected at all.,0.0,content_diversity,Very disappointed in the movie Jake was...,Jake was very sad the movie did not live up to its billing,Jake felt cheated as the previews were the best bits of the film.,Jake was very let down.,Jake felt misled as the previews had looked so good.,2.833,0.667,-0.084,0.890,-0.381,-0.900,-0.566,14.347819,0.247260,0.560411,8.040672,0.138567,50.132638,0.698035,0.000000,28.094868,0.391187
test.sa-sb.sa-b::00376,test.sa-sb.sa-b::00376,"It was the day of Shannon's wedding. She was terrified, but excited. She waited in the dressing room until the wedding planner called her. She walked down the aisle with her father.",0.0,content_diversity,It couldn't get any better for her.,She still remembers it.,The whole thing was magical.,A moment to never be forgotten.,"Overtime, truly memorable for her.",2.444,0.497,-0.011,0.976,-0.183,-0.692,-0.415,-6.985628,-0.064258,0.437515,-3.056316,-0.028114,74.489428,1.933056,0.000000,32.590229,0.845741
test.sa-sb.sa-b::00378,test.sa-sb.sa-b::00378,Jane need to get something from the store. But she was late for an appointment. She grabbed her things quickly and headed to checkout. She thought it would be quick.,0.0,content_diversity,She didn't the cashier being held up was even a possibility.,She never thought the store being robbed was possible.,She was taken back by the men in masks demanding money.,"In shock, she complied with the requests of the thieves.",Being a witness to a robbery was not on her to do list that day.,2.389,0.698,-0.037,0.954,-0.241,-0.797,-0.331,29.837391,0.579002,0.467044,13.935386,0.270419,38.229964,0.640051,0.000000,17.855091,0.298932
test.sa-sb.sa-b::00387,test.sa-sb.sa-b::00387,Jane moved in and started working on an old house she bought. When thirsty she went to get a cup of water. But nothing came out of the faucet. She went to the basement to discover there were no pipes.,1.0,content_diversity,"She phoned the realtor who said she should have checked this when she viewed, Jane is furious.",Luckily Janes best friend is a plumber and she put it all right very quickly.,Jane had to go to the shop for bottled water and tried to figure out what to do.,Jane had forgotten about this so had to carry on and just be thirsty.,Jane phoned the police as she realised the copper pipes had been stolen.,4.667,0.527,-0.037,0.937,-0.182,-0.779,-0.298,26.848136,0.351137,0.504182,13.536352,0.177037,64.734573,0.757877,0.000000,32.638018,0.382108
test.sa-sb.sa-b::00388,test.sa-sb.sa-b::00388,Ken wanted to be a rapper. He practiced often. He tried to join a local rap battle. He froze and was embarrassed.,0.0,content_diversity,"After that day, ken never rapped again.",Ken never rapped again after what had happened to him.,Nobody ever heard ken rap again after that day.,Ken never rapped again after that incident.,"After that happened , Ken gave up wanting to be a rapper.",2.111,0.698,-0.132,0.825,-0.519,-0.976,-0.825,5.879305,0.217999,0.582852,3.426766,0.127061,61.483289,0.860483,0.000000,35.835674,0.501535
test.sa-sb.sa-b::00389,test.sa-sb.sa-b::00389,"Janice arrived on campus. She parked her car and started to walk towards the main hall. The double front doors were open when she was nearby. However, they started to close and smacked her in the face.",0.0,content_diversity,It stung for hours.,It made her eyes water.,The pain was intense.,She cried for a while.,She never felt such pain.,2.833,0.471,-0.017,0.965,-0.361,-0.772,-0.406,-2.490041,-0.055044,0.537307,-1.337917,-0.029575,17.478359,0.782193,0.000000,9.391251,0.420278
test.sa-sb.sa-b::00395,test.sa-sb.sa-b::00395,"Abby recently had a physical done by her doctor. During the visit Abby told her doctor she wanted to tone her body. Abby's doctor recommended that she do strength training exercises. After leaving the doctor, Abby researched strength training exercises.",0.0,content_diversity,Abby found that the exercises were simple.,She learned how easy it is to do these exercises.,The exercises ended up being easy.,Abby found that they are not at all challenging.,They were not particularly demanding at all.,2.111,0.657,-0.041,0.924,-0.455,-0.881,-0.638,18.969333,0.493431,0.521975,9.901518,0.257559,30.460568,0.604466,0.000000,15.899656,0.315516
test.sa-sb.sa-b::00406,test.sa-sb.sa-b::00406,Ken is a cook. While at work Ken begins cooking meals. While cooking a customer notices Ken spitting in their food. They complain to the manger.,0.0,content_diversity,Ken is sacked right away.,Ken is fired right at that moment.,Getting fired is the only thing that is going to happen to Ken.,The manger has no choice other than to let Ken go.,The manager fires Ken right away.,1.786,0.452,-0.068,0.918,-0.398,-0.943,-0.604,16.903851,0.184658,0.619519,10.472257,0.114399,33.595730,0.464104,0.000000,20.813193,0.287521
test.sa-sb.sa-b::00407,test.sa-sb.sa-b::00407,Glenn has been living a lie his whole life. Glenn was a gay teenager. Glenn knew he needed to tell his parents his true self. One evening while having dinner Glenn tells them he is gay.,1.0,content_diversity,His parents are not shocked as they knew already and Glenn is relieved.,Glenns dad kicks Glenn out the house and he has to stay at his friends.,Glenns mom hates the idea but his dad is cool and says he will talk mum round.,His mum and dad reply they are splitting up as they both realise they are gay too.,Glenns mum faints and his dad kills himself. Glenn doubts this was a good idea.,4.611,0.567,-0.050,0.924,-0.294,-0.807,-0.418,27.155575,0.348568,0.557326,15.134512,0.194266,47.039317,0.440048,0.000000,26.216241,0.245250
test.sa-sb.sa-b::00414,test.sa-sb.sa-b::00414,Jake was making a sandwich. He had all the ingredients ready. He put everything together. Right before taking a bit he noticed the moldy bread.,1.0,content_diversity,He ate the sandwich anyway.,He decided to give the sandwich to his dog instead.,He threw the sandwich in the trash.,"He went outside,found a homeless man and have him the sandwich.",He hurriedly put the sandwich down and went outside to vomit.,4.357,0.350,-0.110,0.902,-0.430,-0.922,-0.485,-16.267827,-0.309809,0.638709,-10.390409,-0.197878,101.237319,1.231057,0.000000,64.661195,0.786287
test.sa-sb.sa-b::00416,test.sa-sb.sa-b::00416,I forgot to turn my hit monitor on. I sat there for a long time wishing there was something to do. I finally realized I had forgotten. I turned it on quickly.,1.0,content_diversity,My day's already off to a great start!,I'll just count the time wasted as meditation break.,"A side glance at the clock made me even more anxious, five minutes already passed.",I couldn't wait to check for my acceptance email.,I wanted to do my daily social media stalking of my ex.,4.444,0.643,-0.015,0.974,-0.162,-0.667,-0.175,20.206998,0.177416,0.440928,8.909823,0.078228,69.585251,0.524861,0.000000,30.682058,0.231426
test.sa-sb.sa-b::00426,test.sa-sb.sa-b::00426,"I stole the assistant principal's walkie talkie. He looked for it for days. He knew someone took it, but didn't know who. He questioned a kid, and she told on me.",0.0,content_diversity,I can now no longer go back to that school ever again.,"They expelled me permanently, I cannot believe it.",I am now excluded for good.,I am now expelled forever.,They kicked me out of school for good.,1.833,0.408,-0.063,0.914,-0.445,-0.790,-0.693,27.589880,0.912570,0.482096,13.300972,0.439946,65.179186,0.987313,0.000000,31.422628,0.475980
test.sa-sb.sa-b::00433,test.sa-sb.sa-b::00433,Jane was walking home at night. She went by a dark alley. A stranger leaped out and grabbed her purse. Jane tried to fight back but couldn't.,1.0,content_diversity,Jane was killed by the stranger.,Jane lost her purse to the stranger as he fled.,Jane started screaming for help and the stranger ran.,Jane fell to the ground unconcious.,Jane let go of the purse and ran away.,4.250,0.692,-0.080,0.913,-0.386,-0.874,-0.524,1.658149,-0.030102,0.644066,1.067958,-0.019387,34.183615,0.460967,0.000000,22.016512,0.296893
test.sa-sb.sa-b::00437,test.sa-sb.sa-b::00437,"Gary had practiced mixed martial arts his whole life. He finally got the chance to fight for a championship. His opponent was tough, but beatable. Gary trained and studied his opponent.",1.0,content_diversity,He ended up beating his opponent.,It ended up losing anyway.,His skills showed in the ring.,He never prepared so well before.,He ended up defeating him.,3.556,0.497,-0.057,0.920,-0.424,-0.730,-0.371,5.590706,0.136800,0.499317,2.791533,0.068307,45.998989,1.682400,0.000000,22.968062,0.840050
test.sa-sb.sa-b::00447,test.sa-sb.sa-b::00447,I hate too much noise around me. The kids get up and start running around. The one with autism stims very loudly. I put earplugs in so I don't have to hear it.,0.0,content_diversity,I wish it was all all over sometimes.,Some days I feel like killing myself.,Some times it gets so bad I feel like ending it all.,I could end my life because of it somedays.,On some days I actually think about suicide.,2.188,1.059,-0.054,0.920,-0.386,-0.765,-0.632,21.221440,0.441550,0.474493,10.069417,0.209512,52.611334,1.412054,0.000000,24.963690,0.670009
test.sa-sb.sa-b::00448,test.sa-sb.sa-b::00448,Jane had broken her first pair of glasses. And now she had to tell her mother. She was sure to be upset. After telling her mom Jane braced herself for the yelling.,1.0,content_diversity,"To her surprise, her mom didn't get mad.",She got mad just as she thought.,her level of madness was lower then expected.,She really wished she didn't have to tell her.,"The moment she started yelling, she regretted telling her.",3.611,0.393,-0.037,0.951,-0.233,-0.723,-0.394,15.449933,0.505936,0.547775,8.463080,0.277139,69.005246,1.391586,0.000000,37.799315,0.762275
test.sa-sb.sa-b::00577,test.sa-sb.sa-b::00577,Sally is in a relationship with her dream guy. She feels so lucky to be with such a handsome guy. One night while on a date he sits down and talks to her. He tells her that he just isn't feeling a connection with her.,0.0,content_diversity,Sally is heartbroken and leaves the restaurant.,"As she is running out of the restaurant, Sally is sobbing hysterically.",Sally is hysterical as her dream guy stands up to leave.,The waitress consoles Sally as the guy leaves her in the restaurant.,Sally is so upset she crashes her car after leaving the restaurant.,3.083,0.837,-0.088,0.906,-0.434,-0.906,-0.558,20.560195,0.343170,0.600808,12.352724,0.206179,58.962142,0.685191,0.000000,35.424911,0.411668
test.sa-sb.sa-b::00579,test.sa-sb.sa-b::00579,"Pip built a treehouse with his dad. Tonight, they're going to have a super secret sleep over there. Pip made plans for the whole night and his dad bought snacks. Pip's mom promised she'd let them have a boys' night.",0.0,content_diversity,the tree house had its first night,the new tree house was used for the first time,"that night, the new tree house was utilized",that was the first time the tree house was used after built,that was the newly built treehouse's first time being put into use,1.833,0.816,-0.178,0.765,-0.489,-0.979,-0.847,46.607854,1.031694,0.419719,19.562218,0.433022,48.236327,0.661011,0.000000,20.245720,0.277439
test.sa-sb.sa-b::00582,test.sa-sb.sa-b::00582,Viri went to the gym. She headed straight for the squat press. Viri has been working out hard the past few months. She's ready to add some more weight to the bar.,1.0,content_diversity,She added more weight and found she could easily lift it.,This was too heavy for her so she had to take them off.,It was too much and Viri put her back out.,She found it too easy so added even more.,the weights fell off the bar an crashed to the floor.,4.167,0.577,-0.029,0.937,-0.284,-0.796,-0.382,1.483483,0.154145,0.508960,0.755033,0.078453,40.699801,0.745182,0.000000,20.714571,0.379268
test.sa-sb.sa-b::00597,test.sa-sb.sa-b::00597,My neighbor took an Uber on an errand. She took her two year old to the doctor. Her four year old saw her get into the Uber car. He started crying.,0.0,content_diversity,He cried continuously until they returned.,He wailed non stop until the came home.,He cried the entire time they were away.,His crying did not stop until they came home.,His crying did not cease until he saw them again.,2.111,0.875,-0.079,0.862,-0.531,-0.934,-0.649,15.782002,0.414074,0.567657,8.958768,0.235052,44.661158,1.171435,0.000000,25.352231,0.664974
test.sa-sb.sa-b::00612,test.sa-sb.sa-b::00612,"Kate was at a gas station on the highway. She went in to get Advil. But they also had earbuds which she needed terribly. They were both low quality, and expensive.",1.0,content_diversity,She thought what the heck and bought them anyway.,Kate refused to pay so much for them and so did not buy them.,Kate had a huge argument with the guy behind the counter after trying to get him to lower the prices.,When the guy behind the counter was not looking Kate slipped them both in her hand bag.,Kate decied to wait until the next station and see what they had there.,4.611,0.393,-0.061,0.904,-0.228,-0.820,-0.316,8.757531,-0.023328,0.600185,5.256137,-0.014001,45.886752,0.436387,0.000000,27.540530,0.261913
test.sa-sb.sa-b::00621,test.sa-sb.sa-b::00621,John was invited to a barbecue. He was asked to bring extras. He got chips and dip. He was welcomed warmly at the barbecue.,0.0,content_diversity,everyone loves chips and dips,no one can resist chips and dips,chips is a favorite at the party,"people like chip and dips, it is the way it is",chips are easy pick at party,2.278,0.786,-0.056,0.906,-0.276,-0.925,-0.692,24.744514,0.595906,0.340301,8.420571,0.202787,83.325497,2.700668,0.000000,28.355712,0.919039
test.sa-sb.sa-b::00623,test.sa-sb.sa-b::00623,Larry wanted to go out with friends. They wanted to go to a bar. Larry had a bit of a drinking problem but went anyway. He got too drunk and made a fool of himself.,0.0,content_diversity,he was too drunk to drive home,he could not drink and drive,he was not able to drive his vehicle home,he was in no position to operate his car,he did not drive his car home,1.944,0.550,-0.101,0.875,-0.449,-0.857,-0.675,40.183066,1.103906,0.446353,17.935824,0.492732,26.797083,0.627100,0.000000,11.960953,0.279908
test.sa-sb.sa-b::00640,test.sa-sb.sa-b::00640,Fred had always wanted to visit Spain. He saves his money for a big trip. Finally it is time for him to visit. He eats great food and meets interesting people.,1.0,content_diversity,it was a great trip,it was worth it,he decides to stay there longer,he moves there after,then he was off to italy,3.889,0.567,-0.043,0.926,-0.237,-0.622,-0.261,16.841396,0.918052,0.332664,5.602533,0.305403,48.246395,1.727569,0.000000,16.049858,0.574701
test.sa-sb.sa-b::00643,test.sa-sb.sa-b::00643,My car was running rough the other day. I looked it over but couldn't figure out the problem. I ended up taking it to the local mechanic. He was able to identify the problem quickly.,1.0,content_diversity,He told me how much it was going to cost and then fixed it.,He said the car was beyond repair.,He then said he could not fix it as he was too busy.,He then said he was in a good mood and would fix it for free.,He said he nbeeded a part that would take four days to arrive.,4.167,0.527,-0.079,0.889,-0.352,-0.779,-0.245,-1.025195,0.100332,0.572762,-0.587192,0.057466,79.947581,1.023500,0.000000,45.790917,0.586221
test.sa-sb.sa-b::00646,test.sa-sb.sa-b::00646,Lance is working hard on building a new room to his house. He works very hard day and night to get in done quick. One night while working all day he wanted to keep going and finish it. He began working while being tired and hammered his hand accidentally.,0.0,content_diversity,the hand broke,his hand was broken,he has broken his hand himself,the hand bone was fractured,his bone was damaged,1.833,0.408,-0.087,0.874,-0.532,-0.895,-0.720,33.400173,1.349666,0.328729,10.979601,0.443674,36.699463,1.233331,0.000000,12.064173,0.405432
test.sa-sb.sa-b::00648,test.sa-sb.sa-b::00648,Dennis uses tinder to get a date. He finds a pretty girl and asks her out. On his date he takes her out to eat. He has a good time and asks if he can see her again.,1.0,content_diversity,she said yes,she said no,they became boyfriend girlfriend after,two years later they are married,she said she is moving away,4.278,0.342,-0.064,0.926,-0.142,-0.656,-0.183,19.200523,0.976457,0.398279,7.647167,0.388903,50.586128,1.085617,0.000000,20.147396,0.432379
test.sa-sb.sa-b::00651,test.sa-sb.sa-b::00651,Sam's television was stolen. He was shopping for a replacement. He didn't have much money. Sam was looking at used ones when he found his old one.,0.0,content_diversity,he demand his old one back,the old tv was returned to the owner,he retrieve his old tv,he was able to recover his old tv,he reclaim what was his,2.444,0.550,-0.104,0.868,-0.384,-0.764,-0.564,29.169430,1.041637,0.348243,10.158051,0.362743,26.293628,0.985493,0.000000,9.156573,0.343191
test.sa-sb.sa-b::00656,test.sa-sb.sa-b::00656,Sarah lost her husband in the war. It had been years since she seen her husband. One day she gets a letter in the mail. It was a letter from her husband.,0.0,content_diversity,she was glad to get a letter,she was happy receiving the letter,the letter made her warm inside,she was ecstatic to get something from him,she feels overjoyed,2.278,0.671,-0.066,0.901,-0.420,-0.748,-0.682,25.419361,0.605451,0.492550,12.520314,0.298215,24.349396,1.137498,0.000000,11.993302,0.560275
test.sa-sb.sa-b::00662,test.sa-sb.sa-b::00662,"My friends and I bought tickets to a music festival. Before the festival, we went to John's house to have lunch. We grilled chicken and drank beer. After lunch, we went to the music festival.",0.0,content_diversity,it was fantastic,the music festival was enjoyable,it was so pleasurable,I had a great time there,I enjoy myself at the music festival,2.111,0.698,-0.056,0.901,-0.365,-0.700,-0.682,18.890972,1.002091,0.483664,9.136890,0.484676,29.354221,0.953612,0.000000,14.197591,0.461228
test.sa-sb.sa-b::00669,test.sa-sb.sa-b::00669,"Mark was a repairman. He started fixing things when he was very young. His dad taught him everything he knew. Then, he went to a trade school to learn more.",1.0,content_diversity,Mark obtained his certificates,Mark obtained his degrees,Mark became licensed,Mark started his own company,Mark knew that this was his calling,3.111,0.515,-0.099,0.893,-0.451,-0.919,-0.622,12.476151,0.668842,0.573671,7.157204,0.383695,26.889482,0.672704,0.000000,15.425711,0.385911
test.sa-sb.sa::00572,test.sa-sb.sa::00572,"Sean and I went on a walk at about 3:00am. We liked to walk in the silence and stillness of night. Eventually, we sat next to the stream to watch it bubble past. When we had been there for a little while, he kissed me.",0.0,content_diversity,Sean raped me,I told him no after the kiss but he didn't stop.,Sean ended up violating me.,Sean forced me to have sex after he kissed me,Sean made me have sex with him,1.700,0.400,-0.063,0.927,-0.477,-0.858,-0.572,35.684467,1.221896,0.415962,14.843374,0.508262,60.791306,1.443187,0.000000,25.286860,0.600311
test.sa-sb.sa::00579,test.sa-sb.sa::00579,"Pip built a treehouse with his dad. Tonight, they're going to have a super secret sleep over there. Pip made plans for the whole night and his dad bought snacks. Pip's mom promised she'd let them have a boys' night.",1.0,content_diversity,Sadly it rained and the roof leaked all night.,It was a wonderful night for Pip and his dad.,Pip and his dad had fun gazing at the stars.,Pip's dad told ghosts stories until they both fell asleep.,Pip's dad told him they could have more secret sleepovers in the future.,4.556,0.550,-0.055,0.909,-0.336,-0.763,-0.399,1.140796,0.152954,0.589302,0.672274,0.090136,43.365075,0.905042,0.000000,25.555137,0.533343
test.sa-sb.sa::00588,test.sa-sb.sa::00588,"Tim loved the Price is Right. He got tickets to go once. He was actually picked as a contestant. He didn't win, but still had a lot of fun.",0.0,content_diversity,He enjoyed every second,He loved it.,He loved being there.,Every minute he loved.,The whole time was enjoyable.,1.833,0.577,-0.041,0.947,-0.426,-0.842,-0.807,13.721008,0.744135,0.412075,5.654086,0.306640,25.934738,1.186266,0.000000,10.687059,0.488831
test.sa-sb.sa::00589,test.sa-sb.sa::00589,Steve got a sweater for his birthday. Steve didn't like the sweater at all. He brought the sweater to a donation center. Steve donated the sweater.,1.0,content_diversity,he was happy he donated it.,he thought it was a good thing to do.,he feels happy inside.,he was glad to do something nice,he was happy the sweater went to a good cause.,2.333,0.816,-0.099,0.871,-0.435,-0.753,-0.665,15.148155,0.721506,0.477729,7.236712,0.344685,19.290064,1.263320,0.000000,9.215422,0.603525
test.sa-sb.sa::00600,test.sa-sb.sa::00600,My daughter came home from college. Se showed up at my door yesterday. I had no idea she was coming. I was so happy to see her face.,0.0,content_diversity,We gathered together as a family and had a dinner,Our whole family had a dinner together,We all enjoyed delicious meal together,We sat down and had a meal as a family,My wife made us a meal and we had dinner all together,1.571,0.416,-0.111,0.846,-0.527,-0.968,-0.729,24.461269,0.735166,0.532258,13.019713,0.391298,44.540647,0.679121,0.000000,23.707128,0.361468
test.sa-sb.sa::00606,test.sa-sb.sa::00606,Larry went to eat at a diner. They had a juke box available. People chose three songs before him. Larry went to pick three more.,0.0,content_diversity,"Fearing the reactions of the diners,he didn't pick any songs.","Not wanting to embarrass himself,he didn't pick any songs.",He didn't like the selection so he didn't pick any songs.,"Not wanting to show off his bad taste in music,he didn't pick anything.",He was in a rush and decided not to waste time picking songs.,2.722,0.533,-0.113,0.862,-0.486,-0.957,-0.552,37.853596,0.597628,0.513134,19.423976,0.306664,41.220591,0.558332,0.000000,21.151696,0.286499
test.sa-sb.sa::00611,test.sa-sb.sa::00611,Jane went downtown one night. She got drunk at the bar with friends. She got a ride home to be safe. The next day she tried to get her car back but it wasn't there.,1.0,content_diversity,She looked everywhere for the car.,She went to the police station and reported her car stolen.,She found out that she parked it in a parking garage.,She went to the impound lot to see if it was there.,The car was never found.,3.889,0.774,-0.051,0.909,-0.365,-0.834,-0.367,10.945387,-0.014422,0.708133,7.750789,-0.010212,25.666632,0.979578,0.000000,18.175387,0.693671
test.sa-sb.sa::00613,test.sa-sb.sa::00613,"In 2013, my old boss started a nanobrewery. It was just a few pieces of equipment in an old storage building. In 2015 he got more equipment and better facilities. Last month he got approved for an equipment loan from the state of MA.",0.0,content_diversity,My boss is worried about how will he pay the loan to the bank,He might have to apply for refinancing,Owning large amount of money makes him depressed,Bank is sending him warnings about the loan repayment,He has to cut costs in order to repay the loan,2.889,0.809,-0.035,0.942,-0.260,-0.750,-0.397,43.280931,0.883426,0.461964,19.994218,0.408111,43.314353,0.830545,0.000000,20.009658,0.383682
test.sa-sb.sa::00617,test.sa-sb.sa::00617,Laurie contacted me on Facebook. I found out she was my daughter. I had given her up for adoption when she was born. We talked for hours and hours.,1.0,content_diversity,She showed me pictures of her kids,Laurie is my only mixed race child.,She raises and breeds dogs for a living.,She had the nerve to ask about my will.,We decided to meet again the next day.,4.444,0.831,-0.015,0.974,-0.228,-0.634,-0.164,10.114648,0.245501,0.521673,5.276543,0.128072,59.143986,1.524022,0.000000,30.853845,0.795042
test.sa-sb.sa::00621,test.sa-sb.sa::00621,John was invited to a barbecue. He was asked to bring extras. He got chips and dip. He was welcomed warmly at the barbecue.,0.0,content_diversity,They were able to finish eating before it rained.,The grills were moved into the garage.,Everyone moved into the basement to escape the rain.,The kids played outside in the rain and had fun.,The yard flooded from the rain.,3.500,0.667,-0.063,0.913,-0.375,-0.752,-0.252,21.213629,0.350821,0.466022,9.886016,0.163490,18.789584,0.424446,0.000000,8.756358,0.197801
test.sa-sb.sa::00623,test.sa-sb.sa::00623,Larry wanted to go out with friends. They wanted to go to a bar. Larry had a bit of a drinking problem but went anyway. He got too drunk and made a fool of himself.,1.0,content_diversity,The bouncers had to throw him out of the bar,His friends had to watch him all night,He got so drunk that he spent the night hugging the toilet,He made a fool of himself in front of the girl he likes,"Seeing his condition, friends decided that it is enough and dragged him out of the bar",4.111,0.567,-0.067,0.890,-0.275,-0.711,-0.255,0.197935,0.211201,0.616313,0.121990,0.130166,81.843918,0.390883,0.000000,50.441464,0.240906
test.sa-sb.sa::00630,test.sa-sb.sa::00630,Jane offered his friend some candy. He didn't tell him it was sour. Jane's friend popped it in her mouth right away. She immediately puckered her face.,1.0,content_diversity,Jane's friend accosted him for not warning him beforehand about the sourness of the candy.,Jane laughed as he watched his friend's face contort.,"As his friend's face puckered, Jane apologized profusely.",His friend tried to wrestle Jane to the ground as revenge for not warning her.,Jane's friend promptly started to gag.,4.056,0.685,-0.046,0.906,-0.324,-0.887,-0.510,11.265615,0.052712,0.613697,6.913679,0.032349,59.586218,0.767053,0.000000,36.567908,0.470738
test.sa-sb.sa::00635,test.sa-sb.sa::00635,I had a nightmare the other night. It was so scary that it woke me up from my sleep. It took me a long time to go back to bed. I finally got back to sleep.,1.0,content_diversity,I had another nightmare.,My alarm went off and woke me up.,My cat jumped on me and woke me up.,My baby started screaming and startled me awake.,I woke to the smell of coffee.,4.000,0.745,-0.055,0.895,-0.441,-0.779,-0.387,5.865261,0.018740,0.606666,3.558255,0.011369,48.439207,1.162321,0.000000,29.386425,0.705141
test.sa-sb.sa::00636,test.sa-sb.sa::00636,"Every Thanksgiving, Josie broke the wishbone with her father. It was their tradition since she was three years old. She waited patiently as her whole family sat down to their meal. She got up from her seat when her mother started clearing the table.",1.0,content_diversity,Her mother handed her the wishbone.,She grabbed the wishbone and walked over to her father.,She got the wishbone and broke it with her dad.,Her dad already had the wishbone and broke it with her.,Someone else had already broken the wishbone.,2.889,0.515,-0.161,0.765,-0.479,-0.965,-0.577,16.699632,0.296626,0.663731,11.084064,0.196880,23.117521,0.252598,0.000000,15.343817,0.167657
test.sa-sb.sa::00645,test.sa-sb.sa::00645,A couple of Mormons challenged strangers to a basketball game. The others accepted. The Mormons were exceptionally good at the game. They beat the other guys fairly easily.,1.0,content_diversity,The other guys were good sports about it.,The Mormons started teasing the other guys.,The other guys were bad sports when they lost.,The others guys were shocked the Mormons were so good.,The other guys got mad and started beating the Mormons.,4.214,0.647,-0.138,0.839,-0.481,-0.818,-0.500,1.178624,0.065366,0.670798,0.790618,0.043847,24.639633,0.351867,0.000000,16.528209,0.236032
test.sa-sb.sa::00663,test.sa-sb.sa::00663,I always wanted to take an art class. So when I turned 40 I enrolled into art classes. I was so nervous and didn't really talk to anyone unless necessary. Our first project was a group activity that forced everyone to talk.,1.0,content_diversity,I realized my classmates were really nice.,Everyone was so nice to talk to.,No one really wanted to talk to each other.,We met up at the bar every day after class.,By the end of the class we were friends.,3.111,0.657,-0.032,0.935,-0.278,-0.749,-0.289,5.405677,0.134427,0.583604,3.154774,0.078452,41.377904,0.836977,0.000000,24.148307,0.488463
test.sa-sb.sa::00664,test.sa-sb.sa::00664,Jenny has decided that she wants to buy a cellphone. She goes to a store but finds many are expensive. Finally she finds a cell phone that fits her budget. Jenny buys it.,1.0,content_diversity,Jenny is happy with her purchase and loves her new phone,Jenny hates her cheap new phone and gets another one,As she's leaving the store she drops and breaks it,She loves her new phone and shows it to her friends,"Jenny spends all day programming her new phone, she loves it",3.833,0.624,-0.091,0.880,-0.387,-0.833,-0.449,13.985158,0.323844,0.580323,8.115904,0.187934,55.467620,0.940861,0.000000,32.189115,0.546003
test.sa-sb.sa::00665,test.sa-sb.sa::00665,"Abby recently went diving in Jamaica. As Abby was diving, she grabbed a piece of coral. The instructor immediately scolded Abby for her error. Abby did not know she could not break off the coral.",1.0,content_diversity,Abby cried when she was told that she couldn't take the coral.,Abby tried to put the coral back.,The instructor felt bad for scolding and explained why she shouldn't take the coral.,Abby threw the coral back into the ocean.,Abby ran home and told her mother what happened.,4.611,0.393,-0.075,0.904,-0.324,-0.846,-0.470,21.029710,0.289356,0.620381,13.046438,0.179511,51.583450,0.322662,0.000000,32.001407,0.200174
test.sa-sb.sa-b::00680,test.sa-sb.sa-b::00680,Tammy had a gambling addiction. Most forms are outlawed where she lives. Except for dog racing. She goes every weekend.,1.0,content_diversity,One weekend she went to the dog tracks and learned her lesson after spending her entire paycheck!,Last weekend she actually won $1000 and booked a trip to Mexico with the winnings.,Tammy fell in love with one of the Greyhounds and adopted him when he retired.,One day she booked a trip to Vegas where she could gamble even more.,Tammy's friends were worried about her so they staged an intervention.,4.722,0.533,-0.038,0.931,-0.225,-0.668,-0.265,10.185968,0.150029,0.600442,6.116086,0.090084,98.256579,0.794647,0.000000,58.997408,0.477139
test.sa-sb.sa-b::00685,test.sa-sb.sa-b::00685,My sister-in-law B loved to nibble on raw hamburger. One day we were on vacation together. B made hamburgers for us. Later at night she had stomach cramps.,0.0,content_diversity,she made a bad choice,eating raw meat was a bad decision,she should not have eaten raw meat,she decides incorrectly,her decision was wrong,1.812,0.428,-0.040,0.919,-0.398,-0.772,-0.494,44.119153,1.643915,0.352642,15.558285,0.579714,25.427717,1.160159,0.000000,8.966891,0.409121
test.sa-sb.sa-b::00687,test.sa-sb.sa-b::00687,Jake never cooked dinner. He thought he would surprise his girlfriend. He looked up online how to cook a fancy dinner. Jake only messed up small parts of it.,0.0,content_diversity,Jake was proud of learning something new.,Jake needed the extra help.,The additional knowledge let Jake succeed.,The extra research led to a happy event.,The meal went good by Jake's research.,3.389,0.906,-0.025,0.964,-0.331,-0.855,-0.530,8.409988,0.188644,0.428709,3.605435,0.080873,48.279978,1.193357,0.000000,20.698049,0.511602
test.sa-sb.sa-b::00695,test.sa-sb.sa-b::00695,Joan went to the movies. She was going to meet her friend Lynn. Lynn was late for their meetings. Joan and Lynn bought their tickets.,1.0,content_diversity,they went inside the movie,they want the movies,they enjoy the movies,they went to dinner after,they went to the bar after,2.889,0.458,-0.123,0.844,-0.385,-0.778,-0.351,23.066340,1.067042,0.414089,9.551525,0.441851,16.831571,1.011067,0.000000,6.969774,0.418672
test.sa-sb.sa-b::00697,test.sa-sb.sa-b::00697,The man baked the bread. The loaf looked perfect. He shared the load with his friends. His friends asked for the recipe.,0.0,content_diversity,He and his friends decided to have a competition to see who could bake the best loaf.,Together they agreed to compete to see who made the nicest bread.,A contest was put in place to determine who had the most excellent loaf ever.,They started a contest to see who's bread was superior.,The friends put a competition together so they could see who was the best bread baker.,1.812,0.658,-0.079,0.898,-0.549,-0.978,-0.760,39.267011,0.611424,0.564607,22.170439,0.345214,46.371580,0.705848,0.000000,26.181730,0.398527
test.sa-sb.sa-b::00699,test.sa-sb.sa-b::00699,"Janet's family was used to tornado season where they lived. Luckily, they had avoided any major damage to their farm. They heard of a bad tornado coming their way. They weren't worried and didn't evacuate like their neighbors.",0.0,content_diversity,They all died as the tornado was so strong and destructive.,This time they were not so lucky and the house was destroyed by the tornado and they were all killed.,"This was a super tornado that destroyed the house, killing them all.",They all died this time becuase the tornado was so powerful.,The tornado was the biggest ever and tore their house apart and killed them all.,1.750,0.612,-0.110,0.862,-0.489,-0.965,-0.795,21.048075,0.343002,0.604248,12.718252,0.207258,16.272162,0.551767,0.000000,9.832418,0.333404
test.sa-sb.sa-b::00700,test.sa-sb.sa-b::00700,Jake invited friends over to play board games. They had drinks and played Monopoly mostly. Everyone had a good time. Eventually there was no winner and it got late.,0.0,content_diversity,Everyone had so much fun.,All of the participants had a fabulous time.,Jake and his friends found their time playing games together to be enjoyable.,Each attendee had a wonderful time.,They all had a very pleasurable experience.,2.167,0.624,-0.045,0.952,-0.531,-0.769,-0.737,21.625755,0.307474,0.534990,11.569559,0.164496,39.446960,0.574714,0.000000,21.103723,0.307466
test.sa-sb.sa-b::00701,test.sa-sb.sa-b::00701,Devin just got his licenses. He asks his parents for permission to out driving. While out driving he agrees to race one of his friends. Devin steps on the gas and races in his parents car.,1.0,content_diversity,he wrecks it,he won the race,he got pulled over,it was exhilerating,he felt bad after,4.389,0.515,-0.039,0.756,-0.218,-0.573,-0.322,17.053843,0.952245,0.322497,5.499817,0.307096,33.498175,1.871559,0.000000,10.803068,0.603573
test.sa-sb.sa-b::00712,test.sa-sb.sa-b::00712,Tammy was at the park. She was watching her kids play. Tammy decided it was time to leave. She called her kids to the car.,0.0,content_diversity,they left,they leave the park,they went on with their car,they were on the road again,they drive away from the park,2.000,0.527,-0.071,0.923,-0.228,-0.785,-0.398,36.026837,1.665807,0.351691,12.670323,0.585850,36.186687,1.127101,0.000000,12.726540,0.396392
test.sa-sb.sa-b::00725,test.sa-sb.sa-b::00725,I was at my cousin's house. And I wanted to walk to the mall. I thought I was familiar enough with the area. But I was lost for over an hour.,1.0,content_diversity,I got there eventually though.,I walked and walked and when I finally got there it was shut.,In the end I gave up and went back to my cousins house.,I am glad I didnt give up as when I got there they were giving away burgers!,A police car stopped and asked if I needed helo and they took me back to my cousins house.,4.056,0.497,-0.088,0.873,-0.219,-0.781,-0.129,7.574955,0.158079,0.587117,4.447386,0.092811,96.978035,0.897988,0.000000,56.937460,0.527224
test.sa-sb.sa-b::00728,test.sa-sb.sa-b::00728,Tom was in the war. He got injured and received a purple heart. When he returned home it was meaningless. Nobody really cared other than to feel sorry for him.,0.0,content_diversity,He wondered if he should have done something else in his life.,He regretted choosing the military.,The purple heart was not worth the pity.,He felt his life was one big mistake.,He accepted that he chose incorrectly.,3.833,0.667,-0.031,0.953,-0.383,-0.730,-0.339,9.928174,0.285971,0.504585,5.009604,0.144297,41.469006,1.303975,0.000000,20.924624,0.657966
test.sa-sb.sa-b::00730,test.sa-sb.sa-b::00730,Frank Ocean's album is to be released Friday. I don't believe it. He was supposed to release his album two years ago. He hasn't made music in that time period.,0.0,content_diversity,If I had to bet at least.,Just my opinion.,My person thoughts on it.,Only my personal vision on it.,I felt that way.,1.611,0.314,-0.020,0.958,-0.223,-0.711,-0.357,29.805655,1.059159,0.279814,8.340049,0.296368,47.514908,1.319595,0.000000,13.295351,0.369242
test.sa-sb.sa-b::00735,test.sa-sb.sa-b::00735,"Today I took my motor scooter to the gas station to fill it with gas. Once it was filled, I tried to start it. It would not start. The man at the station gave me some oil to put in it.",1.0,content_diversity,My motor scooter still wouldn't start because the starter went out.,I ended having to take my scooter to a repair shop.,I always seem to have trouble with this scooter.,"I'm thinking about selling the scooter because I don't know how to work on it, myself.",I put the scooter in the garage because I'm tired of messing with it.,3.722,0.583,-0.049,0.941,-0.412,-0.909,-0.471,18.919807,0.370652,0.597144,11.297849,0.221332,33.649788,0.257999,0.000000,20.093769,0.154062
test.sa-sb.sa-b::00739,test.sa-sb.sa-b::00739,Sam went out drinking. He tried to drive home. He couldn't find his keys. He had to call a taxi.,1.0,content_diversity,it was expensive,he left his car at the bar,no taxi was available so he ended up with an uber,he got home safely,he was hungry when he got home,4.000,0.667,-0.057,0.926,-0.230,-0.626,-0.194,26.067955,0.773732,0.463273,12.076567,0.358449,63.443045,0.834742,0.000000,29.391418,0.386713
test.sa-sb.sa-b::00749,test.sa-sb.sa-b::00749,I went out to get a milkshake today. I went to my favorite ice cream shop to get one. When I got there I found out that milkshakes were very expensive. So I decided to get a cone instead.,1.0,content_diversity,The cone was delicious,THe cone was disappointing,"In contrast, the cone was very cheap","The cone was also expensive, but not as bad","It was ok, but not the same as a milkshake",3.833,0.577,-0.105,0.887,-0.245,-0.817,-0.426,7.610198,0.342959,0.597177,4.544638,0.204807,44.152509,1.003493,0.000000,26.366878,0.599263
test.sa-sb.sa-b::00751,test.sa-sb.sa-b::00751,Tom was invited to a party. He wasn't much of a beer drinker. He got whatever he saw on sale. Everyone at the party was a bit disappointed.,0.0,content_diversity,Tom was so drunk he didnt care!,Tom had far too much to drink and couldn't rmemeber any criticism anyway.,Tom was so drunk and happy he didn't realise what people thought anyway.,Tom got drunk and was unaware people thought he was cheap.,After so much drink Tom didn't care anyway.,2.167,0.471,-0.085,0.879,-0.306,-0.916,-0.686,38.968018,0.490415,0.443437,17.279851,0.217468,89.723007,0.766768,0.000000,39.786479,0.340013
test.sa-sb.sa-b::00759,test.sa-sb.sa-b::00759,Jake was at the bar one night. He decided to smoke but only had one cigarette left. He also had to go outside into the snow. Once outside his cigarette fell into the snow.,0.0,content_diversity,he stops,he chose to stop,he think it was time to stop smoking,he make the decision to stop the smoking,he decide it was a good idea to not smoke,1.667,0.471,-0.083,0.897,-0.380,-0.845,-0.611,36.293721,1.573586,0.278334,10.101777,0.437983,33.919212,2.063759,0.000000,9.440870,0.574414
test.sa-sb.sa-b::00767,test.sa-sb.sa-b::00767,Kate and her friends drove all the way to Las Vegas. But they didn't like their hotel. So they decided to look online. They sat in the car looking on their phones for a better deal.,1.0,content_diversity,They found some good deals quickly.,The right one was found.,Cheaper and better housing was found.,They decided on a better deal.,The hotel was right next to the entertainment.,2.833,0.667,-0.038,0.941,-0.269,-0.695,-0.334,4.132448,0.305621,0.524652,2.168095,0.160345,38.836697,0.458695,0.000000,20.375735,0.240655
test.sa-sb.sa-b::00768,test.sa-sb.sa-b::00768,"Abby was invited to a girl's trip to Seattle with her friends. Abby accepted the invitation, and were on their way to Seattle. After checking in the hotel, Abby fell straight asleep. When Abby awoke, her friends had returned from their night out.",0.0,content_diversity,she was hungry,abby felt hungry,abby stomach was growling,abby feel hunger in her stomach,abby can hear her stomach growling,1.500,0.408,-0.062,0.906,-0.423,-0.925,-0.773,29.573880,1.293505,0.346693,10.253064,0.448449,28.757698,0.528783,0.000000,9.970100,0.183325
test.sa-sb.sa-b::00771,test.sa-sb.sa-b::00771__row138,Jane and Carl had been struggling. Their relationship was in a bad spot. They got into a big fight over money issues. Both decided it was too much to handle.,1.0,content_diversity,they broke up,they decide on a break,they decide to find someone else,they think it was time for a new relationship,they look for someone new,2.278,0.786,-0.060,0.927,-0.322,-0.779,-0.367,32.096439,1.050391,0.389859,12.513074,0.409504,31.049807,0.411300,0.000000,12.105035,0.160349
test.sa-sb.sa-b::00771,test.sa-sb.sa-b::00771__row139,Jane and Carl had been struggling. Their relationship was in a bad spot. They got into a big fight over money issues. Both decided it was too much to handle.,0.0,content_diversity,they split up,they went their separate way,they end it,they end their relationship,their relationship was over,1.833,0.471,-0.073,0.898,-0.360,-0.786,-0.672,22.964794,1.374029,0.406417,9.333272,0.558428,13.408546,1.183249,0.000000,5.449455,0.480892
test.sa-sb.sa::00355,test.sa-sb.sa::00355,Jane need to get something from the store. But she was late for an appointment. She grabbed her things quickly and headed to checkout. She thought it would be quick.,1.0,content_diversity,There was only one register open and there were six people in line.,The cash register ran out of receipt paper and the cashier had to call the manager to fix it.,There was one lady in line who saw she was in a hurry and let Jane go in front of her.,"The line was too long, so Jane hid the items in her coat and left the store without paying.",She got through the line just in time to make it to her appointment.,4.562,0.464,-0.053,0.925,-0.271,-0.721,-0.402,22.629523,0.200008,0.684359,15.486706,0.136877,48.930870,0.325546,0.000000,33.486257,0.222790
test.sa-sb.sa::00358,test.sa-sb.sa::00358,Teddy had a passion. He had a passion to change his country for better. So he ran for president. Teddy told the american people what they wanted to hear.,0.0,content_diversity,"Despite the negative campaign ads, he was elected to be president.",People voted all over the country in great numbers to successfully get him elected.,He was surprised to win the presidency in a landslide victory.,His win was larger than any other president preceding him.,The other candidates were surprised at the astounding victory he had.,3.167,0.782,-0.037,0.944,-0.293,-0.857,-0.586,15.388526,0.251522,0.549381,8.454169,0.138181,50.170592,0.427004,0.000000,27.562787,0.234588
test.sa-sb.sa::00371,test.sa-sb.sa::00371,The man put on his watch. His watch was not running. He took his watch off. He shook the watch.,0.0,content_diversity,The man was shocked when the watch came open and gears came out.,The man didn't even realize the watch had gears until they fell out of the now open watch.,The watch clearly needed repair after gears came tumbling out.,Surprisingly the watch sprang open and gears flew out.,The man tried to catch the gears as they fell out of the watch.,1.944,0.724,-0.128,0.835,-0.471,-0.976,-0.693,56.827528,0.875025,0.461770,26.241235,0.404060,48.837016,0.572889,0.000000,22.551458,0.264543
test.sa-sb.sa::00372,test.sa-sb.sa::00372,"I bought a little stuffed giraffe. He was adorable, and I admired him in the checkout lane. I took him home to show my little girl. She fell in love with him on first sight.",1.0,content_diversity,She snuggled in bed with the little giraffe that night.,She takes him with her to daycare every day now.,She reads him stories before bed.,"Now, we have an extra chair at the table for the little giraffe.","Now, when she has to stay away from home, she feels comfortable having her little giraffe.",4.111,0.698,-0.040,0.929,-0.290,-0.740,-0.293,0.081085,0.326832,0.581205,0.047127,0.189956,68.992282,0.260241,0.000000,40.098657,0.151253
test.sa-sb.sa::00375,test.sa-sb.sa::00375,Kate was cleaning the house. She had just mopped the floor. Her son came running through the room. He slipped on the wet floor.,0.0,content_diversity,The boy cried when he fell because he felt something snap.,The boy fell and when he used his arm to steady himself he broke it.,The boy broke his arm when he tried to grab the table next to him as he slipped.,Kate's son had a bone disease and slipping mildly caused his arm to break.,He fell while attempting a handstand after slipping.,3.222,0.478,-0.065,0.901,-0.377,-0.889,-0.644,12.476667,0.003531,0.528841,6.598179,0.001867,84.495689,1.119367,0.000000,44.684823,0.591968
test.sa-sb.sa::00378,test.sa-sb.sa::00378,Ken is a cook. While at work Ken begins cooking meals. While cooking a customer notices Ken spitting in their food. They complain to the manger.,1.0,content_diversity,Ken is fired without an explanation.,The manager asks Ken about the situation.,The customer was an enemy of Ken and was trying to get him in trouble.,"Ken explains that it might have looked like he was spitting, but he wasn't.",The manager doesn't believe the customer because the customer cannot see the kitchen.,4.250,0.500,-0.032,0.937,-0.326,-0.799,-0.344,4.420459,0.138675,0.681874,3.014195,0.094559,60.705029,0.385427,0.000000,41.393161,0.262813
test.sa-sb.sa::00380,test.sa-sb.sa::00380,Jerry was going on a blind date. He told his friend to call him with an emergency to get out of it. His friend called at the right time. Jerry played along.,1.0,content_diversity,He had second thoughts about it because the date was all of a sudden going better than he expected.,He felt guilty because he was being deceptive.,His date suspected he was trying to get out of the situation and walked out.,"He told his date that his friend had an emergency, paid and left.",Then Jerry confessed to his date that he way lying.,4.222,0.629,-0.048,0.925,-0.304,-0.810,-0.310,-4.351837,-0.159407,0.587340,-2.556009,-0.093626,58.212639,0.913361,0.000000,34.190631,0.536454
test.sa-sb.sa::00381,test.sa-sb.sa::00381,"My brother decided to use the bathroom. The whole bathroom had a bad odor after he was finished. The smell diffused throughout the house. When I noticed the smell, I opened all of the house windows.",0.0,content_diversity,I thought there was something wrong with the plumbing.,I checked the pipes in the bathroom,I looked for water leaks near the bathroom.,I sniffed the air to find the possible source of the leak.,I wondered where to start looking for the burst pipe.,3.000,0.707,-0.073,0.934,-0.435,-0.849,-0.556,9.937569,0.283185,0.553363,5.499083,0.156704,55.997802,0.899507,0.000000,30.987111,0.497754
test.sa-sb.sa::00382,test.sa-sb.sa::00382,"Barry recently visited The British Virgin Islands. While there, Barry took a trip to a small island named Virgin Gorda. Barry was amazed with the beautiful beaches, and a rock formation. The rock formation was called The Baths.",0.0,content_diversity,Barry shared the experience with others by making a movie there.,Barry wanted to remember so he mad a video.,Barry worked for National Geographic and made a video of the area.,Barry decided to start a youTube type channel about the Baths and filmed it.,Barry was afraid he'd forget about it so filmed the whole thing.,2.667,0.624,-0.052,0.938,-0.362,-0.919,-0.500,25.401079,0.403493,0.461933,11.733584,0.186387,73.753835,0.819078,0.000000,34.069294,0.378359
test.sa-sb.sa::00389,test.sa-sb.sa::00389,Kate needed to buy a laptop to work while out of town. She searched online and found one that had free shipping. She shipped it out of town so it would be there when she arrived. The shipping estimate was the same day as her arrival date.,1.0,content_diversity,The package arrive on time and in good condition just as Kate arrived from her trip.,Kate discovered that the package was delivered several days ago before she arrived and was left under the rain.,Kate arrived and learned that the package did not arrive yet.,Kate went home and waited for the laptop to be delivered and realized that she hasn't completed the transaction yet.,Kate went home and found her package but the content was not what she ordered online.,4.167,0.707,-0.085,0.892,-0.345,-0.940,-0.518,6.768614,0.084891,0.621498,4.206677,0.052759,62.117270,0.285837,0.000000,38.605735,0.177647
test.sa-sb.sa::00391,test.sa-sb.sa::00391,"In 1996, my sister-in-law's son overdosed on drugs. She got him into rehab. After a few days he denied having a drug problem, and left. In 2013, he overdosed and died suddenly.",0.0,content_diversity,"Knowing she could've done more to rehabilitate him, my sister-in-law blamed herself for his death.",My sister-in-law felt responsible for letting him out of rehab which led to him spiraling back to addiction and death.,My sister-in-law believed she is blame-worthy not trying harder to keep him in rehab.,My sister-in-law knew she should be blamed for the death of her son.,"Feeling that she allowed him to get out of rehab, my sister-in-law said she indirectly killed her own son.",2.312,0.747,-0.066,0.918,-0.491,-0.925,-0.591,31.079317,0.407407,0.591927,18.396689,0.241155,63.934434,0.523512,0.000000,37.844523,0.309881
test.sa-sb.sa::00405,test.sa-sb.sa::00405,"Jamie went to the shed to get his beach chairs. There were ants crawling all over the shed. He immediately left and went to the hardware store. There, he bought ant block, as well as ant bait.",0.0,content_diversity,Jamie was worried the ants would suffer so he watched to see what happened.,Jamie was bored so he stayed to watch the ants.,Jamie followed the worker ants back to the queens nest.,Jamie started to worry about the ants as he stood and watched.,The ants swarmed Jamie as he stood watching.,3.778,0.629,-0.098,0.886,-0.413,-0.964,-0.524,27.186979,0.427921,0.494670,13.448572,0.211679,37.540473,0.435908,0.000000,18.570131,0.215630
test.sa-sb.sa::00409,test.sa-sb.sa::00409,I went to the doctor the other day. I had to go see the doctor for a routine checkup. The wait to see the doctor was very long. When I saw the doctor I complained about the wait time.,1.0,content_diversity,The doctor apologized and said they were short staff that day.,I decided to find a new doctor.,The doctor suggested that I could see the nurse practitioner in the future for shorter waits.,"The doctor noticed that I had a small lump, so I was thankful I had waited.","When I left the office, I left a bad review on their website.",4.889,0.208,-0.050,0.922,-0.335,-0.805,-0.289,10.041260,0.069333,0.623146,6.257174,0.043204,81.463461,0.673760,0.000000,50.763655,0.419851
test.sa-sb.sa::00414,test.sa-sb.sa::00414,Jane had broken her first pair of glasses. And now she had to tell her mother. She was sure to be upset. After telling her mom Jane braced herself for the yelling.,1.0,content_diversity,Her mother surprised her by being understanding and offering to take her to get new ones.,Her mother grounded her and said she'd have to give up her allowance.,Her mother said Jane would have to get a part time job to pay for glasses.,"Her mother said, ""Wait until your Father hears about this"" and left.",Jane began crying and begged for forgiveness.,4.389,0.614,-0.058,0.917,-0.294,-0.741,-0.363,15.643692,0.104420,0.614778,9.617398,0.064195,34.098298,0.720507,0.000000,20.962884,0.442952
test.sa-sb.sa::00418,test.sa-sb.sa::00418,Ken hated airplanes. He was deathly afraid of flying. One day he had to fly to meet relatives. He took medicine to calm his nerves.,0.0,content_diversity,He missed out on meeting his relatives because the medicine didn't help at calming his fears.,He ended up missing the flight because his fear overpowered the medication.,"His relatives were disappointed because he couldn't make himself get on the plane, even with medication.",His fear was extreme and he wasn't able to make the trip because the medication didn't work for him.,Apparently he needed a stronger medication because he was still unable to make the trip.,2.222,0.885,-0.075,0.900,-0.445,-0.918,-0.729,36.465181,0.354208,0.585782,21.360634,0.207489,43.265807,0.386612,0.000000,25.344317,0.226470
test.sa-sb.sa::00420,test.sa-sb.sa::00420,Justin is with his friend Bill looking for clubs. Justin is tired from trying to find clubs. Bill keeps trying to find the hottest club in town. They eventually give up and waste their whole night on nothing.,0.0,content_diversity,Bill and justin head home to party there instead,They both go home to drink and listen to music,Justin suggest to bill to pick up some beer and drink at home instead,"Instead of looking for any more clubs, they decide to party at home",They both give up the search and decide to turn their house into a club,2.722,0.853,-0.070,0.917,-0.273,-0.828,-0.540,33.514228,0.558167,0.559489,18.750833,0.312288,34.760640,0.565602,0.000000,19.448186,0.316448
test.sa-sb.sa::00421,test.sa-sb.sa::00421,"Abby recently learned of a reading challenge. In order to win the challenge, Abby had to read 25 books. In addition, Abby had to hand in a one page report on each book. Abby knew the challenge would be hard, but she could do it.",1.0,content_diversity,She decided to start by reading 30 pages a day.,She decided to read a new book each week.,She marked her calendar with a plan for finishing the books.,She worked really hard to read all of the books and won the challenge.,Abby won the challenge and accepted a gift card as her prize.,3.500,1.035,-0.063,0.903,-0.403,-0.828,-0.399,10.725089,0.188121,0.612426,6.568323,0.115210,51.019331,0.655216,0.000000,31.245562,0.401271
test.sa-sb.sa::00439,test.sa-sb.sa::00439,Don never knew how to cook. He just recently started living on his own. He tried to cook dinner for the first time. He did better than he expected.,1.0,content_diversity,He decided to host a dinner party for his friends.,He decided to start trying some more difficult recipes.,Don decided to go to the grocery store to buy ingredients to make dinner for the rest of the week.,He brought leftovers to work the next day and his coworkers were very impressed.,Don decided to look up some more recipes on the internet.,4.000,0.829,-0.081,0.900,-0.379,-0.784,-0.412,13.938017,0.093850,0.679323,9.468412,0.063754,43.681855,0.436078,0.000000,29.674079,0.296238
test.sa-sb.sa::00441,test.sa-sb.sa::00441,He woke up very angry this morning. He went to the bathroom and started complaining. He came out and yelled at me about things. He sat down at his computer and worked.,0.0,content_diversity,What kind of an example is this to our children?,He has no right to act this way in front of the children.,No child should have to see their father acting like this.,I want to take the kids away so they don't have to see this behavior.,He needs to stop acting like this in front of our children.,2.500,0.782,-0.076,0.898,-0.326,-0.907,-0.501,34.660588,0.578484,0.569951,19.754852,0.329708,32.755920,0.428665,0.000000,18.669284,0.244319
test.sa-sb.sa::00448,test.sa-sb.sa::00448,"I've always hated math. It was something I never understood. In math class, I always failed miserably. One day I decided to hang out with friends that liked math.",0.0,content_diversity,One of the guys was really likeable.,We started hanging out at school and at home.,We became close like brothers.,It turned out we had a lot in common.,I had never had a best friend before this.,2.750,0.804,-0.013,0.963,-0.251,-0.696,-0.407,4.667645,0.223693,0.563740,2.631338,0.126105,35.496096,0.787142,0.000000,20.010569,0.443743
test.sa-sb.sa::00246,test.sa-sb.sa::00246,It was a really hot day and Jamie wanted something sweet. Seeing a cute ice cream shop nearby she decided to go in. While waiting she noticed two children who looked very sad. She soon realized they had no money.,1.0,content_diversity,Jamie wondered where the parents of the kids were,Jamie asked the kids if they wanted an ice cream,Jamie decided to buy ice cream for the kids,Jamie called the police as the kids were alone.,Jamie dropped a 10 dollar bill on the ground and pointed it out to the kids,4.056,0.643,-0.115,0.899,-0.349,-0.894,-0.409,2.989072,0.215497,0.658222,1.967472,0.141845,55.635029,0.812199,0.000000,36.620176,0.534607
test.sa-sb.sa::00248,test.sa-sb.sa::00248,Will was buying groceries. He got a cart full of things. After waiting in line he was finally checked out. When it came time to pay Will realized he forgot his wallet.,1.0,content_diversity,Will got embarrassed and returned everything in his cart to where it belonged since he cannot pay for it.,Will called his roommate and asked him if he can bring the wallet to him so he can pay for the groceries.,Will got annoyed and just left the cart full of things at some part at the grocery store.,"Will's good friend saw him having problem at the counter and helped pay him pay for the groceries, telling Will to pay him back once he got his wallet back.",Will ask the staff if he can leave the cart for a while as he will be paying for them after he got his wallet from his apartment.,4.167,0.745,-0.082,0.878,-0.274,-0.921,-0.496,16.171638,0.220650,0.582885,9.426211,0.128613,130.261712,0.655912,0.000000,75.927647,0.382321
test.sa-sb.sa::00253,test.sa-sb.sa::00253,"Every time I see fruit salad, it reminds me of camping. My cousin Louise always made fruit salad and pimento cheese. Everyone ate sandwiches and salad for lunch while we camped. We all loved her fruit salad and cheese.",1.0,content_diversity,I called my cousin Louise and ask her to make her famous fruit salad and cheese.,"Remembering our camping days, I craved fruit salad that I immediately get my keys and head out to buy a fruit salad.",I decided to look for a fruit salad and cheese recipe online so I can make one.,I became hungry because I kept thinking of fruit salad but I don't have the ingredients so I ordered pizza instead.,I decided to call my cousin and friends to plan for another camping trip.,4.167,0.707,-0.100,0.881,-0.286,-0.874,-0.436,46.743076,0.438825,0.553555,25.874856,0.242914,127.593115,0.765055,0.000000,70.629787,0.423500
test.sa-sb.sa::00254,test.sa-sb.sa::00254,Will had a lovely girlfriend. She had a wild younger sister. One night the little sister started flirting with Will. Will told her he was flattered but not interested.,1.0,content_diversity,Wills girlfriend and her sister got in a huge fight about her flirting.,The little sister got mad at Will and left the house.,Will thought twice about flirting back with the little sister.,The older sister thought about why her sister was behaving that way.,Will and his girlfriend left the room and sat watching TV.,4.222,0.533,-0.062,0.904,-0.355,-0.771,-0.389,4.045668,0.050062,0.595787,2.410356,0.029827,44.136558,0.629657,0.000000,26.295984,0.375141
test.sa-sb.sa::00260,test.sa-sb.sa::00260,Ron is having a cook out with the family. Ron is wearing his favorite shirt to impress everyone. While preparing his hot dog Ron spills some mustard on his shirt. Ron gets upset and rushes inside to clean his shirt.,0.0,content_diversity,Ron rips the shirt while trying to get the stain out,The shirt rips because Ron scrubbed it too hard,Ron puts a hole in the shirt,Ron was so rough cleaning the shirt that it ripped,The mustard was tough to come out and the shirt ripped,1.889,0.458,-0.078,0.911,-0.338,-0.940,-0.586,16.581355,0.533988,0.561002,9.302167,0.299568,30.413574,0.828727,0.000000,17.062064,0.464917
test.sa-sb.sa::00261,test.sa-sb.sa::00261__row165,Larry was always late for work. He had been warned several times. One day there was a traffic accident and he couldn't make it in time. He called in but his boss told him he was fired.,1.0,content_diversity,"That's when Larry decided that he was going to go into business for himself, and wound up creating a mulimillion dollar company","Then Larry decided to start a business for himself, which failed miserably. His work history showed large gaps and it was hard to get employment","Larry wound up pulling over, and killing himself that day",Larry wound up selling all his posessions and travelling instead of dealing with working another job,"Larry decided to go to the zoo that day, before he went home and told his wife the bad news.",4.389,0.458,-0.066,0.910,-0.227,-0.882,-0.424,24.936132,0.385116,0.536448,13.376944,0.206595,85.555146,0.481155,0.000000,45.895908,0.258115
test.sa-sb.sa::00261,test.sa-sb.sa::00261__row166,Larry was always late for work. He had been warned several times. One day there was a traffic accident and he couldn't make it in time. He called in but his boss told him he was fired.,0.0,content_diversity,That business today is the reason that we have mops.,Larry was later ousted from the company by the board because he could never meet deadlines.,Larry's wife took over the business shortly after he founded it. His wife is the reason the business is successful.,"Larry wound up selling the company shortly after founding it, before it was ever profitable.","Larry is now travelling the world, and occasionally gets a phone call regarding his business, but mostly just enjoys a life of passive income.",4.444,0.598,-0.049,0.931,-0.283,-0.833,-0.326,16.058085,0.244698,0.471046,7.564100,0.115264,111.406486,1.708757,0.000000,52.477602,0.804903
test.sa-sb.sa::00266,test.sa-sb.sa::00266,I went out for dinner the other night with some friends. We all met up at my favorite restaurant. I was happy to eat with all of them. Some friends showed up that I haven't seen in years.,1.0,content_diversity,We had a great evening catching up with each other's lives.,Some of my old friends really have changed their world views completely.,We were happy at dinner and our happiness spread throughout the restaurant.,We were finishing up desert after a really nice dinner when a fistfight breaks out between 2 of my old friends.,The evening was progressing along great until one of my old friends had one drink too many!,4.556,0.497,-0.056,0.905,-0.246,-0.746,-0.346,18.078769,0.223659,0.585763,10.589866,0.131011,103.385522,0.617856,0.000000,60.559366,0.361917
test.sa-sb.sa::00280,test.sa-sb.sa::00280,Rita fell out of the tree. She broke her arm in two places. The doctor put her arm in a cast. It is purple and looks really neat.,1.0,content_diversity,Her arm healed in record time and the cast was off in 5 weeks.,Her arm became infected and the cast had to be removed to treat her.,Rita's arm was painful and it was impossible for Rita to sleep.,Rita's cast made her so popular everyone in her class insisted on signing it.,Rita's purple cast dyed her skin purple and made her seem freakish.,4.611,0.393,-0.054,0.908,-0.289,-0.787,-0.269,9.498110,0.134990,0.536086,5.091806,0.072366,46.537009,0.638245,0.000000,24.947851,0.342154
test.sa-sb.sa::00283,test.sa-sb.sa::00283,"I am starting on my third marriage. I am very worried about how it will work out. Until now, I never felt love for the men I was married to. Now that I do love one, he is not very kind.",0.0,content_diversity,"I think it may be a problem with me, after so many failed marriages.",I'm beginning to think my divorces were all my fault.,"Could I be at fault, after so many failed relationships?",I have to think seriously about how much of my bad marriages were my fault.,"I never considered it, but I may have to take some of the blame for my divorces.",2.278,0.820,-0.066,0.893,-0.430,-0.873,-0.665,25.793951,0.499803,0.553276,14.271176,0.276529,43.620743,0.214230,0.000000,24.134314,0.118528
test.sa-sb.sa::00284,test.sa-sb.sa::00284,Sam loved trick or treating. He would walk everywhere getting candy. By the time he was done he had a huge bag full. Sam treasured the bag.,1.0,content_diversity,"He went home with all of his candies in his bag, feeling proud.",Sam gave his candies to the other kids who didn't get as much candies since he only cared for the fun of carrying his trick-or-treating bag.,Sam ate all of his candies so he suffered from toothache the following day.,Sam cried as he tripped and spilled his candies all over the street.,Sam left the bag by his bedside table near the window the following day so most of the candies melted in the bag.,4.667,0.333,-0.095,0.890,-0.332,-0.921,-0.423,-1.077048,0.105733,0.512530,-0.552019,0.054191,140.216551,0.636051,0.000000,71.865128,0.325995
test.sa-sb.sa::00286,test.sa-sb.sa::00286,"Jay was playing in a baseball game. He was standing on second base, ready to run. Jay ran and slid to the base. His arm got caught and he broke it.",0.0,content_diversity,Jay was sad because it was his senior year and he would have to miss the rest of his season.,"Because of the extent of the injury, Jay was unable to play baseball for the rest of the season.","Jay had to stay in a cast for 6 weeks, which sadly caused him to have to miss the rest of the baseball season.","The injury required that Jay wear a cast for several weeks, ending the baseball season early for him.",Jay cried when he found out that he would have to miss the rest of the season.,2.222,0.786,-0.175,0.763,-0.427,-0.917,-0.717,32.070338,0.269870,0.688385,22.076751,0.185775,55.622285,0.386123,0.000000,38.289568,0.265802
test.sa-sb.sa::00291,test.sa-sb.sa::00291,"Emily made a reservation for 5 at a brand new restaurant. Everyone met at the restaurant at 8:00. We ordered lots of wine and lots of food and everything was delicious. When we were finished, the chef came out and thanked us for coming.",1.0,content_diversity,The chef gave us coupons for the next time we come back.,We ended the night by going to Emily's house for a games.,We called a taxi for a ride home.,"My friend, Tom, realized that he had gone to high school with the chef.",We made plans to come back the following month.,4.611,0.809,-0.040,0.941,-0.257,-0.705,-0.241,11.676016,0.303640,0.584270,6.821943,0.177408,60.908283,0.763584,0.000000,35.586870,0.446139
test.sa-sb.sa::00310,test.sa-sb.sa::00310,Elroy was printing out papers for his presentation. Halfway through it his printer stopped working. It said it needed yellow ink even though the prints were in black. Elroy was really upset and threw the printer against the wall.,0.0,content_diversity,People thought this was scary behavior and his boss said he had to let him go.,This was just too much for his coworkers so management terminated his employment.,"Some in the office said he seemed crazed, he soon lost that job.",It was kind of shocking to folks so he was given the axe.,The scene caused fear and discomfort and resulted him being laid off.,2.389,0.698,-0.026,0.952,-0.331,-0.779,-0.584,31.811748,0.539887,0.444847,14.151364,0.240167,58.772490,1.172306,0.000000,26.144771,0.521497
test.sa-sb.sa::00327,test.sa-sb.sa::00327__row174,Kate slept on a couch in a suite in Las Vegas. There weren't enough beds for everyone. Kate was always stiff after a night of sleeping on a couch. However today she only had a slightly stiff neck.,1.0,content_diversity,She was thankful for the extra pillows that she used.,She decided to skip yoga that morning.,She offered to take another night on the couch instead of trading.,She attributed the difference to the CBD she took the night before.,She was ready to sight see.,4.111,0.737,-0.055,0.931,-0.314,-0.716,-0.162,8.424121,-0.237435,0.531821,4.480125,-0.126273,41.048509,1.349891,0.000000,21.830461,0.717901
test.sa-sb.sa::00327,test.sa-sb.sa::00327__row175,Kate slept on a couch in a suite in Las Vegas. There weren't enough beds for everyone. Kate was always stiff after a night of sleeping on a couch. However today she only had a slightly stiff neck.,0.0,content_diversity,She decided she didn't need to stretch.,She slept in a little later and didn't go to yoga.,"Since yoga wasn't neccessary, she slept in.",She was thankful to skip yoga and have some extra time to get ready.,She wouldn't need yoga to fix her stiffness.,2.278,0.671,-0.058,0.927,-0.315,-0.898,-0.497,17.998159,0.316324,0.486338,8.753190,0.153840,44.945401,0.579628,0.000000,21.858659,0.281895
test.sa-sb.sa::00330,test.sa-sb.sa::00330,A little baby boy named James was just starting to walk. He loved learning to walk so much that he would giggle as he stood. Sometimes James would even try to chase his mommy as he played. One time though James fell because he got too excited as he walked.,1.0,content_diversity,James learned a valuble lesson that day,James had to be rushed to a nearby hospital,The mommy vowed to keep james as safe as possible from now on,This was one of many misfortunes to befall james that day,James was upset for a while untill his mommy took him out for icecream,4.167,0.782,-0.031,0.944,-0.133,-0.812,-0.290,24.023824,0.510216,0.542884,13.042157,0.276988,61.066356,0.455753,0.000000,33.151966,0.247421
test.sa-sb.sa::00337,test.sa-sb.sa::00337,Ken loved his favorite comedy. He excitedly showed it to his girlfriend. She watched it all the way through without laughing. Ken nervously asked if she liked it.,0.0,content_diversity,Sadly she said she didn't care for it.,Ken's girlfriend thought it was the worst thing she'd ever seen.,His girlfriend uncomfortably told him she didn't like it.,Ken was disappointed when she said she wanted to watch something else.,"She said it wasn't funny, much to Ken's dismay.",2.778,1.003,-0.052,0.924,-0.350,-0.803,-0.535,2.331564,-0.074582,0.660419,1.539809,-0.049255,13.490591,0.819164,0.000000,8.909445,0.540992
test.sa-sb.sa::00339,test.sa-sb.sa::00339,"Corina enjoyed painting. She needed a new set of paintbrushes. Corina's birthday was coming up. For her birthday, her parents bought her a new set of brushes.",0.0,content_diversity,Corina used the brushes immediately to paint a beautiful picture,Corina painted a picture with them right away,Corina immediately painted a picture of her parents to thank them,Corina started painting a new picture with the brushes that same day,Corina put her present to use right away by painting a amazing painting,2.722,0.533,-0.090,0.882,-0.493,-0.968,-0.735,8.839925,0.187721,0.700813,6.195132,0.131558,74.798909,0.916737,0.000000,52.420026,0.642461
test.sa-sb.sa::00790,test.sa-sb.sa::00790,"When I tried to leave, my car wouldn't start. I had jumper cables with me in the car. I just needed someone's help to start the car. Before I knew it someone had stopped to help.",0.0,content_diversity,the car is jumped,the jump start was a success,my car is able to run again,it was a successful jumpstart,the car starts operating again,1.944,0.497,-0.053,0.913,-0.409,-0.772,-0.489,34.043502,1.294170,0.340415,11.588905,0.440554,17.921520,0.965663,0.000000,6.100747,0.328726
test.sa-sb.sa::00792,test.sa-sb.sa::00792,My daughter and I started a new book last night. It was the first of a new series out. We enjoy reading together at night. We have read a lot of different books together.,1.0,content_diversity,we both like reading.,we both like this new book.,i decided to stop reading together with my daughter,we decided to join a book club,I figure it may be a good for my daughter to do a book report,4.056,0.550,-0.069,0.897,-0.384,-0.876,-0.400,9.157693,0.601626,0.446172,4.085910,0.268429,82.556380,0.627682,0.000000,36.834374,0.280054
test.sa-sb.sa::00812,test.sa-sb.sa::00812,"I got called to the office during class. I walked out and stopped at my locker. Just as I was trying to open my door, the teacher walked out. He said my name and my locker popped open and hit my knee.",1.0,content_diversity,It hurt so much and made me so nervous I almost wet my pants.,I bent over to grab my knee and I hit my head on the locker door.,When it hit my knee I lost my balance and rolled onto the floor.,My hurt knee felt better when the teacher said the principal had chosen me for an award.,I was so startled my books flew out of my hand and hit my teacher in the head.,4.500,0.577,-0.067,0.921,-0.274,-0.767,-0.369,12.766653,0.190593,0.604991,7.723707,0.115307,76.208405,0.691590,0.000000,46.105383,0.418406
test.sa-sb.sa::00813,test.sa-sb.sa::00813,One of the enemies was captured. He was tortured. He gave up some information. The information was put to good use.,0.0,content_diversity,They were able to win the war,Everyone was pleased with the win,The war ended with their winning,The war was finally won,So glad they won the war,1.833,0.333,-0.055,0.917,-0.394,-0.893,-0.704,18.622182,0.553574,0.510901,9.514092,0.282822,31.361772,1.230508,0.000000,16.022761,0.628668
test.sa-sb.sa::00814,test.sa-sb.sa::00814,Mike's dog had fleas. The dog lived in the house with Mike. Mike had bite marks on his legs. Mike realized he had gotten bitten by fleas.,0.0,content_diversity,he relocates the dog outside,he decides to move the dog outside,the dog was moved outside,the dog was relocated outside,he has to relocate the dog to the yard,1.444,0.437,-0.173,0.825,-0.614,-0.980,-0.713,32.243089,1.170244,0.431841,13.923891,0.505359,38.905476,0.867078,0.000000,16.800983,0.374440
test.sa-sb.sa::00816,test.sa-sb.sa::00816,Ben is sitting down eating his lunch at school. A kid comes over to Ben and dumps his food on his head. Ben gets up and starts throws his food at the kid. Everyone starts throwing food at each other.,1.0,content_diversity,it was a food fight,it was a fun way to spend lunch,the teacher break up the fight,it was a mess,we wasted so much food,3.556,0.598,-0.087,0.879,-0.294,-0.653,-0.223,18.992544,0.905562,0.390018,7.407434,0.353185,34.662931,1.342936,0.000000,13.519166,0.523769
test.sa-sb.sa::00833,test.sa-sb.sa::00833,My grandmother said she was going to make bread for Christmas. We were confused as to how that was going to work. She showed up with a beautiful bread that looked like Santa. She explained to us how she made it.,1.0,content_diversity,I was so impressed that I asked my grandmother if we could make one together.,My grandmother said I should go with her to her baking class and I said I would.,My grandmother and I made some Santa bread so we could give them as gifts.,I made a Santa bread as my grandmother watched but it didn't end up looking like Santa.,"I was so excited about the Santa bread, I wouldn't let anyone eat any of it.",3.389,0.809,-0.071,0.903,-0.307,-0.877,-0.450,25.307643,0.299913,0.594115,15.035659,0.178183,37.000138,0.440007,0.000000,21.982351,0.261415
test.sa-sb.sa::00841,test.sa-sb.sa::00841,John was doing poorly in school. He was on academic probation. If he failed one more class he would get kicked out. Unfortunately John knew he was going to fail two.,0.0,content_diversity,He ended up failing algebra and history.,He was able to make up the classes in summer school.,John will be able to graduate on time with his class next year.,John failed two classes but had a chance to make them up.,Thankfully summer classes were offerred.,3.556,0.831,-0.032,0.945,-0.345,-0.813,-0.318,8.891362,-0.056742,0.567955,5.049896,-0.032227,45.454025,1.297169,0.000000,25.815852,0.736734
test.sa-sb.sa::00843,test.sa-sb.sa::00843,Ginger took her son to the park one day. When they got there they found a dog. They have been wanting a dog so finding the dog made them happy. But when they started petting the dog they noticed something alarming.,1.0,content_diversity,the dog was hurt.,the dog is a fake,the dog is a robot,this dog belongs to someone else,there is a wanted poster for this dog,4.000,0.816,-0.134,0.832,-0.396,-0.828,-0.344,16.960105,0.985996,0.371433,6.299547,0.366232,41.404359,1.196474,0.000000,15.378954,0.444410
test.sa-sb.sa::00844,test.sa-sb.sa::00844,"Tim was walking into the office. He noticed someone was behind him. He decided to hold the door open for them. They were too far away, though.",1.0,content_diversity,he decides to let them fend for themselves,he holds the door for a longtime,he regrets his decision,he waited,he strike up the conversation with this girl,4.056,0.724,-0.046,0.959,-0.214,-0.619,-0.173,5.175397,0.812680,0.324180,1.677762,0.263455,85.462060,1.486504,0.000000,27.705120,0.481895
test.sa-sb.sa::00848,test.sa-sb.sa::00848,"It was Hank's day off. He took a relaxing stroll to the beach. While there, he took pictures of the waves on the shore. He even got a photo of a passing boat.",0.0,content_diversity,he really like spending time at the beach,he loves his day at the beach,he likes spending time at the beach that day,he likes  his visit to the beach,his visit to the beach was a good one,1.944,0.437,-0.202,0.728,-0.540,-0.931,-0.915,36.696884,1.018319,0.440292,16.157352,0.448358,19.534444,0.684425,0.000000,8.600864,0.301347
test.sa-sb.sa::00850,test.sa-sb.sa::00850,"Gabe was sitting in his school cafeteria eating his lunch. Suddenly, a female student sat his table. She began to talk to him. Gabe was surprised that someone wanted to talk to him.",0.0,content_diversity,Talk lead to romance and they dated for the year,Eventually gabe asked her to the prom,They both soon found out that they were interested in each other,Gabe asked her on a date and she accepted,"One month later, they were boyfriend and girlfriend",2.929,0.495,-0.030,0.951,-0.202,-0.740,-0.506,8.805841,0.182964,0.581977,5.124793,0.106481,58.318491,1.279462,0.000000,33.939994,0.744617
test.sa-sb.sa::00862,test.sa-sb.sa::00862,Donald started running for president. He eventually gets elected to be president. On his very first days in office he makes many changes. One of the first changes he makes is building a huge wall.,1.0,content_diversity,But no one else wanted Donald to build the wall so he ran into opposition.,Donald wanted to build the wall because he didn't want people coming into the country.,Donald wants to name the wall after himself because he likes his name on everything.,Donald wants a wall to keep people out that are looking for a better life.,Donald says the wall is a beautiful thing but it looks as ugly as the Devil's heart.,4.214,0.700,-0.077,0.899,-0.308,-0.937,-0.497,-21.987301,-0.268050,0.623985,-13.719741,-0.167259,104.150837,1.245783,0.000000,64.988538,0.777350
test.sa-sb.sa::00864,test.sa-sb.sa::00864,Karl went to an Indian restaurant. It was his first time eating such food. He tried a few different things. Everything tasted good to him.,1.0,content_diversity,"Karl loved hot, spicy foods and so some of the Indian dishes were suited to his tastes.",Karl decided to try some hot curry and it was fantastic.,Karl decided to come back again and bring his parents with him.,Karl had no idea he would like the Indian cuisine as much as he did.,Karl was really happy he decided to try Indian food because it became one of his favorites.,4.000,0.577,-0.063,0.912,-0.290,-0.912,-0.542,6.008779,0.226086,0.611853,3.676489,0.138331,71.886234,0.676292,0.000000,43.983803,0.413791
test.sa-sb.sa::00868,test.sa-sb.sa::00868,Joe was really hungry. He wanted some breakfast food. Unfortunately it was past 11 AM. Then Joe remembered some fast food places still served breakfast.,0.0,content_diversity,he has brunch,he has lunch early,he replace breakfast with early lunch,he have an early meal for lunch,he ate lunch,2.167,0.667,-0.098,0.902,-0.471,-0.852,-0.702,42.378454,1.583009,0.237066,10.046488,0.375277,30.559552,0.836205,0.000000,7.244629,0.198236
test.sa-sb.sa::00873,test.sa-sb.sa::00873__row194,Miles is feeling hungry one day. He decides to eat some carrots. Miles eats many carrots. Afterwards he drinks some water.,1.0,content_diversity,it was a healthy way to eat,he decide to make carrot juice,he feels pleased with how he stop his hunger,he is still hungry after,he decides to eat a full meal later,3.667,0.745,-0.041,0.948,-0.255,-0.769,-0.264,29.294370,0.807831,0.425879,12.475869,0.344039,45.722667,0.810651,0.000000,19.472343,0.345240
test.sa-sb.sa::00873,test.sa-sb.sa::00873__row195,Miles is feeling hungry one day. He decides to eat some carrots. Miles eats many carrots. Afterwards he drinks some water.,0.0,content_diversity,it is very healthy,the meal was very healthy,carrot and water is healthy,carrot and water is good for one's health,it was a nutritious way to stop hunger,2.000,0.408,-0.078,0.868,-0.327,-0.742,-0.528,25.873704,0.996934,0.382238,9.889908,0.381066,51.238510,1.042574,0.000000,19.585297,0.398511
test.sa-sb.sa::00883,test.sa-sb.sa::00883,Sarah's dog Cora doesn't like to go out on the leash. She pulls or refuses to walk when Sarah puts her harness on. Sarah took Cora to an obedience school. She had to take her for five Saturdays in a row.,0.0,content_diversity,Sarah was really surprised how poorly she was handling Cora and learned to walk Cora correctly.,"Cora began loving to walk around but Sarah learned how to be a better trainer, herself.",Sarah trying to force Cora to walk was the worse thing she could do and now Cora is trained properly.,Sarah needed more training than Cora did according to the trainer.,Sarah felt bad about getting mad a Cora when she was the one causing the problem because Cora is fine now.,3.444,0.864,-0.078,0.911,-0.278,-0.949,-0.654,11.603569,0.196540,0.538150,6.244465,0.105768,92.716147,0.624063,0.000000,49.895226,0.335840
test.sa-sb.sa::00885,test.sa-sb.sa::00885__row197,Kate and her friends were sharing a suite in Vegas. There were four girls. And only one bed. Kate didn't feel like fighting.,1.0,content_diversity,Kate just sat in the chair and snuggled in a blanket.,Kate decided to go gamble in the casino while the other girls slept then sleep during the day.,Kate was really sorry she made the trip because she had no idea there would be one bed.,Kate told the girls she would sleep in the tub with a blanket and pillow.,Kate decided to get another room for herself and let them fight over the bed.,4.389,0.567,-0.069,0.916,-0.289,-0.874,-0.447,29.323476,0.297915,0.563294,16.517750,0.167814,57.948246,0.611406,0.000000,32.641923,0.344401
test.sa-sb.sa::00885,test.sa-sb.sa::00885__row198,Kate and her friends were sharing a suite in Vegas. There were four girls. And only one bed. Kate didn't feel like fighting.,0.0,content_diversity,"When Kate got another room, the other girls decided to ignore her for the rest of the trip.","Kate didn't care if she made the others mad by getting a room, she had had enough of the fighting.",Kate decided that it was worth splurging for her own room even though her friends were furious.,Kate talked to the clerk on duty and they had a perfect room for 1 and she took it.,"When she was leaving for her own room, the others told her she could party by herself, too.",2.500,0.745,-0.061,0.908,-0.268,-0.876,-0.503,21.474081,0.220139,0.514558,11.049652,0.113274,74.044600,0.976169,0.000000,38.100212,0.502295
test.sa-sb.sa::00889,test.sa-sb.sa::00889,Liz was out on a date. She was nervous at dinner. She only got a small amount of food. Even that she cold barely eat.,0.0,content_diversity,"She was so hungry after the date, she ate all the leftovers in her fridge.",She ordered a pizza on her way home.,Liz got home and ate the pizza her roommate had ordered.,"Even though the date went well, Liz was famished at the end of the night.","Fortunately, she had room for 8 slices of pizza when the date was over.",3.389,0.737,-0.051,0.930,-0.345,-0.851,-0.471,-4.085850,0.054252,0.582011,-2.378010,0.031575,72.945373,0.799270,0.000000,42.455008,0.465184
