sample_id,sidecar_key,context,label_value,label_name,resp_0,resp_1,resp_2,resp_3,resp_4,metric_averaged_cosine_similarity,metric_averaged_distinct_ngrams,metric_bert_score,metric_bert_sts,metric_sent_bert,metric_icl_E_qwen3_30b_a3b,metric_icl_E_rate_qwen3_30b_a3b,metric_icl_C_qwen3_30b_a3b,metric_icl_D_qwen3_30b_a3b,metric_icl_D_rate_qwen3_30b_a3b,metric_icl_E_qwen3_30b_a3b_std,metric_icl_E_rate_qwen3_30b_a3b_std,metric_icl_C_qwen3_30b_a3b_std,metric_icl_D_qwen3_30b_a3b_std,metric_icl_D_rate_qwen3_30b_a3b_std
test.context.txt::01240,test.context.txt::01240,It's like new england patriots or houston texans,1.0,content_diversity,Who are new england patriots?,Do you think so?,Which team do you prefer?,So you are fan of american football?,I hate both teams,-0.015,0.976,-0.143,-0.706,-0.223,15.769056,0.459564,0.376585,5.938396,0.173065,28.729148,1.157276,0.000000,10.818977,0.435813
test.context.txt::01241,test.context.txt::01241__row1,Almost seems like it comes from thin air sometimes,1.0,content_diversity,Because it does,Why do you think that?,I couldn't disagree more with you,I believe you're wrong with this one buddy,What does it seem like it comes from thin air?,-0.019,0.963,0.039,-0.638,-0.287,17.275246,0.705110,0.411237,7.104220,0.289967,55.901742,0.825908,0.000000,22.988863,0.339644
test.context.txt::01241,test.context.txt::01241__row2,Almost seems like it comes from thin air sometimes,0.0,content_diversity,What makes you think that?,Why do you think like that?,Can you explain why you think so?,Please elaborate your reasoning behind this,Can you tell us why do you think that?,-0.105,0.861,-0.429,-0.870,-0.657,30.137994,0.923446,0.426917,12.866429,0.394235,34.892727,0.659762,0.000000,14.896307,0.281664
test.context.txt::01242,test.context.txt::01242,How about murder rates violent crime or assault,1.0,content_diversity,no one wants to talk about that,no how about no,thats not good,i do not care about those,alright,-0.020,0.952,-0.114,-0.665,-0.380,20.056471,1.003543,0.290625,5.828917,0.291655,30.317509,1.713556,0.000000,8.811033,0.498002
test.context.txt::01244,test.context.txt::01244__row4,You seem to have a soft spot for grass types,1.0,content_diversity,what does that mean,yeah grass is cool,grass?,what is this language?,i have a type,-0.010,0.776,-0.094,-0.627,-0.286,23.818699,2.230121,0.181997,4.334929,0.405875,27.648168,2.911708,0.000000,5.031880,0.529922
test.context.txt::01244,test.context.txt::01244__row5,You seem to have a soft spot for grass types,0.0,content_diversity,what does it mean?,be clearer please,ok i misunderstood you,clarify please,yeah but what is it,-0.017,0.967,-0.029,-0.717,-0.455,31.665259,1.835265,0.224609,7.112293,0.412216,24.692704,0.793246,0.000000,5.546197,0.178170
test.context.txt::01245,test.context.txt::01245,Gthe just described everyone on reddit  not even close,1.0,content_diversity,I agree with most people on there,that is true,most people are the same,there are many types of people,reddit is a unique place,-0.029,0.944,-0.205,-0.670,-0.354,19.547345,0.919846,0.417788,8.166647,0.384301,29.440440,0.895468,0.000000,12.299864,0.374116
test.context.txt::01246,test.context.txt::01246,How about getting some new mods to help out,0.0,content_diversity,They are overpriced,I can't afford them,It's out of my price range,They cost too much,Their price is too high,-0.014,0.973,-0.332,-0.726,-0.560,52.985135,2.576692,0.257084,13.621608,0.662425,17.628717,0.579518,0.000000,4.532053,0.148985
test.context.txt::01247,test.context.txt::01247,You don't have to use the shift key for the word shift,1.0,content_diversity,I know that,I did not know that,"Wow, thanks",did you find that moking me enjoyable?,I did not ask for your help,-0.064,0.887,-0.048,-0.700,-0.170,26.059029,1.673327,0.266127,6.935004,0.445317,106.441659,2.354755,0.000000,28.326969,0.626663
test.context.txt::01248,test.context.txt::01248,Thats what I have you tagged as so I'm sticking with it,1.0,content_diversity,"Please change it, I don;t like",I think it is cool,Why would you change it?,How do you have her tagged?,Why doesn't she like it?,-0.023,0.956,-0.232,-0.677,-0.231,23.741688,1.026221,0.358373,8.508390,0.367771,30.777244,0.763058,0.000000,11.029747,0.273460
test.context.txt::01249,test.context.txt::01249,He never wanted first whip just first to 85 slayer,1.0,content_diversity,he got what he wanted,that is hard to do,I am not sure what you are talking about,he got neither,it was good effort,-0.023,0.960,-0.148,-0.581,-0.244,14.413910,0.454060,0.389144,5.609081,0.176694,25.749567,1.932595,0.000000,10.020279,0.752057
test.context.txt::01250,test.context.txt::01250__row11,Thats pretty much the only way to describe it haha,1.0,content_diversity,I agree we have no choice,i agree with that,it seems that way,"i agree, the only way","I believe so, it fits the bill",-0.028,0.946,-0.175,-0.795,-0.522,8.888641,0.783489,0.384716,3.419598,0.301420,46.458356,0.957254,0.000000,17.873251,0.368271
test.context.txt::01250,test.context.txt::01250__row12,Thats pretty much the only way to describe it haha,0.0,content_diversity,everyone feels the same on it,one choice to make,the description is already made,we can choose anything else,only one way to explain everything,-0.012,0.977,-0.086,-0.671,-0.426,29.808920,1.258983,0.366789,10.933580,0.461781,24.657272,0.837244,0.000000,9.044013,0.307092
test.context.txt::01251,test.context.txt::01251__row13,Your username is opposite relevant because your comment gets an f minus,1.0,content_diversity,I could not care what you think,you do not get to give me a grade,I don't know what you mean,you have no right to say anything about me,your comment was rude,-0.033,0.948,-0.135,-0.710,-0.375,23.525783,0.637432,0.430850,10.136076,0.274637,25.268871,0.766741,0.000000,10.887085,0.330350
test.context.txt::01251,test.context.txt::01251__row14,Your username is opposite relevant because your comment gets an f minus,0.0,content_diversity,your words mean nothing to me,what you said have not relevance on me,you do not mean a thing to me,what you think has no value for me,I don't care,-0.041,0.931,-0.307,-0.734,-0.649,45.235905,1.317265,0.347503,15.719598,0.457753,55.328627,1.173520,0.000000,19.226846,0.407801
test.context.txt::01252,test.context.txt::01252__row15,This is not an issue when you're 18,1.0,content_diversity,"yes, once your an adult",this is true,"Once your old enough, it doens't matter",I feel it is the same.,"once adulthood comes, it is easier.",-0.033,0.946,-0.141,-0.746,-0.384,29.712204,1.374211,0.269502,8.007498,0.370353,60.673378,1.056051,0.000000,16.351595,0.284608
test.context.txt::01252,test.context.txt::01252__row16,This is not an issue when you're 18,0.0,content_diversity,"yes, it becomes so easy.",being an adult has its advantages,"yes, the older you are the better",being 18 makes it easy,adulthood makes it simple,-0.034,0.939,-0.240,-0.793,-0.460,40.761933,1.461146,0.330853,13.486227,0.483425,41.269490,1.870387,0.000000,13.654154,0.618824
test.context.txt::01254,test.context.txt::01254,Edited  d thanks I was wondering about that,1.0,content_diversity,sure no problem,i was wondering the same,no doubt,yeah it seems everyone was,ok cool,-0.012,0.976,-0.035,-0.650,-0.414,18.453622,1.236137,0.248630,4.588122,0.307341,38.237554,2.361195,0.000000,9.506998,0.587064
test.context.txt::01255,test.context.txt::01255__row18,Why when you were a child did you come home after playing,1.0,content_diversity,because home is where the heart is,So I can eat,because I have no where else to go,why do you assume I go home,I don't remember much of my childhood,-0.029,0.952,-0.102,-0.690,-0.241,26.266085,1.212510,0.326191,8.567757,0.395510,30.410236,2.064580,0.000000,9.919541,0.673447
test.context.txt::01255,test.context.txt::01255__row19,Why when you were a child did you come home after playing,0.0,content_diversity,I came home to eat,there is a meal waiting for me,my mother cooked dinner,"after play time, it is dinner time at home",I get to eat delicious food at home,-0.033,0.937,-0.201,-0.899,-0.530,34.590200,1.243411,0.338145,11.696499,0.420453,41.886308,0.460851,0.000000,14.163640,0.155835
test.context.txt::01256,test.context.txt::01256,There should be a warning about the picture,1.0,content_diversity,I agree with you,I don' think so,It is not that explicit at all,What do you mean?,Actually there is a warning,-0.013,0.975,0.079,-0.628,-0.348,27.195478,1.411134,0.302663,8.231053,0.427097,40.114045,1.656995,0.000000,12.141019,0.501510
test.context.txt::01257,test.context.txt::01257__row21,I don't respect their beliefs I respect their right to have them,1.0,content_diversity,shouldn't we all,its the best thing to do as a whole,i agree too,i respect them,everyone has a right am i right?,-0.018,0.976,0.058,-0.663,-0.474,8.752064,1.168335,0.309484,2.708622,0.361581,58.282582,1.559505,0.000000,18.037515,0.482642
test.context.txt::01257,test.context.txt::01257__row22,I don't respect their beliefs I respect their right to have them,0.0,content_diversity,its is the best,best thing their is,its a best bet,it is best,its what you can do as a whole,-0.064,0.930,-0.153,-0.800,-0.752,11.518014,1.643929,0.207217,2.386732,0.340651,62.043026,1.469997,0.000000,12.856390,0.304609
test.context.txt::01258,test.context.txt::01258,I dunno charging from a plug still goes quick enough  I think,1.0,content_diversity,the plug is still fast yes,I agree that the plug is still quick,"the speed is still quick from the plug, yes",but quick enough overall?,but not as quick as it should be,-0.087,0.853,-0.282,-0.929,-0.569,40.219869,1.182069,0.410641,16.515915,0.485406,33.398450,1.425738,0.000000,13.714763,0.585466
test.context.txt::01259,test.context.txt::01259,It's hard not to love this song also your flair is great,1.0,content_diversity,Thank you,I agree with you,This song is perfect,I don't like this song,What is flair?,-0.022,0.956,-0.093,-0.611,-0.254,12.381847,0.533667,0.385683,4.775467,0.205826,27.152275,1.991157,0.000000,10.472169,0.767955
test.context.txt::01261,test.context.txt::01261,No  we are not doing this  stop  just stop,0.0,content_diversity,we need to keep trying,nothing is finished,we haven't even tried to end it correctly,the ending is not here,we haven't even started,-0.041,0.919,-0.213,-0.718,-0.597,43.974035,1.510851,0.405871,17.847789,0.613211,42.258207,1.152755,0.000000,17.151384,0.467870
test.context.txt::01263,test.context.txt::01263,I cannot stress enough the importance of not pooping on your bass,0.0,content_diversity,this is something I agree with,this is true,this is something most should know,I agree is slightly different terms,overall this is something most agree with,-0.166,0.782,-0.252,-0.831,-0.543,35.552933,1.342628,0.322017,11.448634,0.432349,78.061160,1.962532,0.000000,25.136989,0.631968
test.context.txt::01264,test.context.txt::01264__row27,I'm from almost georgia what does georgia have to do with it,1.0,content_diversity,the state matters a lot in this case,what state your in matters,the location matters a great deal,the state determines the risk,georgia deals with everything,-0.047,0.918,-0.203,-0.714,-0.354,28.975622,0.928844,0.366359,10.615479,0.340290,20.335147,0.926625,0.000000,7.449963,0.339477
test.context.txt::01264,test.context.txt::01264__row28,I'm from almost georgia what does georgia have to do with it,0.0,content_diversity,the state location determines most aspects,everything,the state will make the final say,the location is the main cause,every state has their own method,-0.036,0.937,-0.152,-0.681,-0.453,33.046024,1.295276,0.361496,11.946001,0.468237,50.821143,0.516732,0.000000,18.371634,0.186796
test.context.txt::01265,test.context.txt::01265__row29,Sorry you had to take the heat bro,1.0,content_diversity,thanksf for the concern,someone had to,I knew it was going to be me,"its ok, i knew it would happen",thanks for the pity,-0.029,0.942,0.006,-0.640,-0.338,29.439248,1.215761,0.344195,10.132851,0.418459,47.975326,1.386825,0.000000,16.512882,0.477339
test.context.txt::01265,test.context.txt::01265__row30,Sorry you had to take the heat bro,0.0,content_diversity,if it wasn't me who else,this was known,I knew is was me,I had to do it,this is something one has to take,-0.028,0.946,-0.124,-0.610,-0.477,20.289628,1.744815,0.288846,5.860584,0.503983,40.448568,1.423575,0.000000,11.683418,0.411194
test.context.txt::01266,test.context.txt::01266,Sadly I don't have an answer  I don't scream,1.0,content_diversity,why don't you?,One would need to scream to know,Oh i see what you mean,you would need to scream to answer that,I agree that you need to yell to do it,-0.085,0.836,-0.035,-0.733,-0.377,17.634230,0.613565,0.344727,6.078989,0.211512,43.378626,1.982237,0.000000,14.953768,0.683330
test.context.txt::01267,test.context.txt::01267,Yup I'm on soul silver and I got you one last night,1.0,content_diversity,"wow thanks, its my favorite",I like that variety,that is awesome,thanks for the gift,you shouldn't have,-0.006,0.989,0.013,-0.670,-0.364,19.329192,1.123743,0.392284,7.582535,0.440826,44.038296,1.560615,0.000000,17.275525,0.612205
test.context.txt::01268,test.context.txt::01268,Doing things differently in order to achieve the best results,0.0,content_diversity,changing things can help,changing things should happen often,a new view is a good thing,changing the situation can improve the outcome,switching up the method helps,-0.030,0.941,-0.248,-0.827,-0.588,31.207942,0.989932,0.355679,11.100012,0.352098,39.016014,1.393648,0.000000,13.877179,0.495691
test.context.txt::01269,test.context.txt::01269,Hey buddy don't worry at least I got the reference upvote,1.0,content_diversity,yeah thats all that matters,is this sarcasm?,what does it mean?,its that important,so what,-0.012,0.976,-0.002,-0.643,-0.329,16.563584,0.851532,0.338759,5.611058,0.288464,33.896595,1.052012,0.000000,11.482767,0.356378
test.context.txt::01272,test.context.txt::01272,College isn't about learning a what it's about learning a how,0.0,content_diversity,I need more than that...I need everything.,"I can use a who, when, and where too.",It takes more than how to get it through my thick skull.,I need all factors or I don't get it.,Hope it's that easy because I'm dense in school.,-0.029,0.946,-0.147,-0.710,-0.325,11.159464,0.315219,0.343246,3.830445,0.108198,82.222316,1.565281,0.000000,28.222506,0.537277
test.context.txt::01273,test.context.txt::01273,Whats your favorite video game of all time,0.0,content_diversity,I avoid videogames,I prefer to do other activities,I'm not good at videogames,I'm not a fan of videogames,I've never played a videogame,-0.034,0.942,-0.500,-0.852,-0.458,39.020981,1.529882,0.346387,13.516345,0.529931,22.353638,1.057310,0.000000,7.743001,0.366238
test.context.txt::01274,test.context.txt::01274__row37,What if that is the point of the music,1.0,content_diversity,It adds atmosphere,It is a big part of the presentation,Is sounds good,It makes it more interesting,I feel it brings out more of the presentation,-0.034,0.921,-0.323,-0.743,-0.568,23.618144,1.469960,0.330344,7.802118,0.485593,61.848046,1.682602,0.000000,20.431145,0.555838
test.context.txt::01274,test.context.txt::01274__row38,What if that is the point of the music,0.0,content_diversity,It makes the presentation more enjoyable.,It adds a musical quality to it,It brings it to the right mood,"without it, the presentation isn't as powerful",you need audio elements with it.,-0.037,0.944,-0.330,-0.777,-0.442,30.193487,0.794921,0.347853,10.502885,0.276516,57.876982,2.087556,0.000000,20.132663,0.726162
test.context.txt::01275,test.context.txt::01275,Last time we tried we gave up after three hours,0.0,content_diversity,took awhile,seemed to go forever,wow thats a long time,very broading time,that is awhile,-0.013,0.976,-0.164,-0.721,-0.575,29.239967,1.655842,0.204035,5.965984,0.337850,49.297086,2.252458,0.000000,10.058343,0.459581
test.context.txt::01276,test.context.txt::01276,Some of us won't even leave our parents basement  s,0.0,content_diversity,"At least in the basement, there's no one to mug you when you leave.",It's a cruel world out there and the basement is safe!,"Lol, I won't leave until they physically make me go.",I've gotten to the point where I'm afraid to leave.,"It's better here than out there, and safer too.",-0.018,0.963,-0.242,-0.716,-0.300,29.468044,0.535961,0.444989,13.112956,0.238497,50.952943,0.860109,0.000000,22.673499,0.382739
test.context.txt::01277,test.context.txt::01277__row41,Or when only one of the double doors is unlocked,1.0,content_diversity,then what happens?,open it,lock it,what does this mean,cool story,-0.016,0.769,-0.304,-0.573,-0.297,4.034000,0.855984,0.240602,0.970587,0.205951,44.152611,4.590090,0.000000,10.623185,1.104383
test.context.txt::01277,test.context.txt::01277__row42,Or when only one of the double doors is unlocked,0.0,content_diversity,what does it mean,ok it means what,sure the meaning,nice meaning,ok what is it,-0.043,0.729,-0.350,-0.792,-0.441,40.628106,2.787826,0.168215,6.834257,0.468954,31.034793,2.328162,0.000000,5.220518,0.391632
test.context.txt::01278,test.context.txt::01278__row43,Tv on the radio is one of my favorite bands,1.0,content_diversity,they are not one of my favorite,never heard of them,do you like them that much,I have never heard any of their song,"well, they are ok",-0.038,0.935,-0.108,-0.729,-0.214,14.772731,0.341305,0.426875,6.306116,0.145695,34.246202,2.351192,0.000000,14.618863,1.003666
test.context.txt::01278,test.context.txt::01278__row44,Tv on the radio is one of my favorite bands,0.0,content_diversity,they are not bad,they are decent,I don't think they are that great nor that bad,they are acceptable,I think I can tolerate their music,-0.104,0.891,-0.310,-0.722,-0.540,33.144560,1.433373,0.369704,12.253685,0.529924,43.494013,0.479650,0.000000,16.079922,0.177329
test.context.txt::01279,test.context.txt::01279,It should be a hot girl good grammar is hot,0.0,content_diversity,You're wrong,It is not in that situation,You're not right this time,You're mistaking,It doesn't have to be,-0.030,0.960,-0.195,-0.696,-0.550,27.870599,1.432832,0.354644,9.884136,0.508145,40.860318,1.108191,0.000000,14.490860,0.393013
test.context.txt::01282,test.context.txt::01282__row46,See this is exactly what I'm talking about,1.0,content_diversity,This is mostly your doing,I agree on the results,I see what you're saying,this is not something I disagree with,you are observant,-0.014,0.976,-0.139,-0.698,-0.537,9.301809,0.124801,0.363823,3.384209,0.045406,32.314592,1.906928,0.000000,11.756781,0.693784
test.context.txt::01282,test.context.txt::01282__row47,See this is exactly what I'm talking about,0.0,content_diversity,i understand your view,this is understandable,Your view makes sense,I get your viewpoint,your views make it possible,-0.019,0.970,-0.232,-0.886,-0.748,27.020442,1.389288,0.333341,9.007029,0.463107,35.343408,1.001373,0.000000,11.781418,0.333799
test.context.txt::01283,test.context.txt::01283,No worries man 26 is still good enough to be a dentist,0.0,content_diversity,26 is still good enough,no worries on my part either,"no concerns overall, agree with you",My agreement has no concerns,no worries and that is enough still,-0.045,0.928,-0.038,-0.829,-0.665,31.075392,1.048677,0.395709,12.296817,0.414971,71.708233,2.135282,0.000000,28.375604,0.844951
test.context.txt::01285,test.context.txt::01285,They just hate memes theyd love things like this,0.0,content_diversity,it makes sense that they would,I understand the difference,They make sense,It doesn't seem like an issue,this is something that makes sense overall,-0.022,0.960,-0.281,-0.768,-0.608,11.574753,0.800449,0.457184,5.291790,0.365952,40.301845,0.912612,0.000000,18.425350,0.417232
test.context.txt::01286,test.context.txt::01286,Explain to me what proves that it's natural,1.0,content_diversity,It is completely organic.,It has no artificial flavors.,All ingredients come from the earth.,All natural ingredients.,All organic ingredients.,-0.042,0.943,-0.471,-0.881,-0.513,30.063278,1.042421,0.345581,10.389304,0.360241,24.710768,0.764271,0.000000,8.539577,0.264118
test.context.txt::01288,test.context.txt::01288__row51,Sweet any idea on how to figure out the third one,1.0,content_diversity,"Yeah, just check the explanation",Not really,I think you can figure it on your own,I believe there is no solution to this one,Why would I want to help you,-0.012,0.975,-0.106,-0.631,-0.312,10.641999,0.429338,0.381559,4.060550,0.163818,42.236925,0.888731,0.000000,16.115876,0.339103
test.context.txt::01288,test.context.txt::01288__row52,Sweet any idea on how to figure out the third one,0.0,content_diversity,I have no idea,I've got no clue,Sorry but I don't know,I don't understand it either,"Unfortunately, no",-0.041,0.937,-0.154,-0.681,-0.644,21.025451,0.961827,0.445851,9.374220,0.428832,21.943748,1.261657,0.000000,9.783644,0.562511
test.context.txt::01290,test.context.txt::01290__row53,One of those latest two releases was starcraft 2,1.0,content_diversity,I got S2 as soon as it came out.,I didn't know the second one was out yet,It took a long time to release Starcraft 2,I am ordering Starcraft 2 now!!!,What was the other release?,-0.024,0.952,-0.232,-0.687,-0.265,28.227509,0.704766,0.362078,10.220566,0.255180,42.320223,1.162304,0.000000,15.323231,0.420845
test.context.txt::01290,test.context.txt::01290__row54,One of those latest two releases was starcraft 2,0.0,content_diversity,I lost interest in Starcraft because 2 took too long to come out.,Gee it's about time they released Starcraft 2,It took so long for Starcraft 2 it'll be decades before Starcraft 3,I got bored with waiting for Starcraft 2 so I started playing a few other games,I think other games could have released 3 versions in that time.,-0.056,0.918,-0.225,-0.885,-0.404,36.250889,0.555043,0.424462,15.387116,0.235594,67.485737,1.013735,0.000000,28.645114,0.430292
test.context.txt::01291,test.context.txt::01291,You need to get a new hard drive,1.0,content_diversity,why do I need to,is the old one broken,that sucks,I was going to get one anyone,I don't need to do anything,-0.035,0.934,-0.146,-0.571,-0.163,25.969260,1.685177,0.284736,7.394387,0.479831,36.662784,1.345309,0.000000,10.439220,0.383058
test.context.txt::01293,test.context.txt::01293,He would have found a way to argue it in,1.0,content_diversity,he always found a way,he was lucky,he did not,he was forcing the arugment,it was a loophold,-0.058,0.927,-0.142,-0.620,-0.276,7.198135,0.540989,0.230584,1.659773,0.124743,63.693755,2.993054,0.000000,14.686749,0.690150
test.context.txt::01294,test.context.txt::01294,I'm pretty sure he means your close circle of personal friends,0.0,content_diversity,sounds that way,it does seem that way,yeah its what you think,sounds about right,yea i agree,-0.024,0.954,0.090,-0.724,-0.718,28.833469,1.196012,0.270179,7.790207,0.323138,27.316235,2.404246,0.000000,7.380281,0.649578
test.context.txt::01295,test.context.txt::01295,Whoa I did't know you could use megusta as a verb,0.0,content_diversity,how were you not aware of this,Why didn't you know that,Are you dumb?,What else do you not know?,This is common knowledge for anyone with a brain.,-0.031,0.965,-0.150,-0.703,-0.388,13.797277,1.246077,0.355911,4.910600,0.443492,44.161078,1.117958,0.000000,15.717404,0.397893
test.context.txt::01296,test.context.txt::01296,Where is probability of boner when you need him,0.0,content_diversity,can you clarify the word boner,I am not sure what you are saying,I can not understand what you mean,can you give me the definition of boner,"by boner, what do you mean?",-0.064,0.918,-0.224,-0.804,-0.459,30.361006,0.798345,0.405125,12.300016,0.323430,25.519448,1.278134,0.000000,10.338578,0.517805
test.context.txt::01297,test.context.txt::01297,What  what does bleach even have to do with drug tests,0.0,content_diversity,People are nuts to drink bleach - I doubt it works.,I can't believe what people will do to cheat.,People are crazy - it's gonna burn everything on the way down.,"Bleach is not for consumption, People!!!",They drink it and still get caught on their drug tests - stupid people.,-0.021,0.957,-0.161,-0.741,-0.281,52.960013,1.122277,0.356878,18.900240,0.400515,52.719899,0.848737,0.000000,18.814548,0.302895
test.context.txt::01298,test.context.txt::01298,Must feel pretty good to get that off your chest,1.0,content_diversity,it did,it feels all right,I did not want to say anything,I was really hesitant to say it,I have been saving it,-0.054,0.926,-0.251,-0.591,-0.319,24.974449,1.193567,0.297787,7.437075,0.355429,26.236859,2.159513,0.000000,7.813005,0.643076
test.context.txt::01300,test.context.txt::01300,I never really understood the guess what chicken butt thing,0.0,content_diversity,"Me too, baffling.",I agree with you on that it does my head in.,"Agreed, best left alone",Nor me.,I am the same.,-0.003,0.992,-0.223,-0.662,-0.290,30.342584,2.004442,0.175980,5.339678,0.352741,53.807861,2.015834,0.000000,9.469090,0.354746
test.context.txt::01301,test.context.txt::01301__row63,I can't hear you over the sound of these incoming 7 championships,1.0,content_diversity,woah bragging,thats aweosme,cool championships,winning is great,champions!,0.000,0.600,-0.096,-0.675,-0.390,22.792520,1.129630,0.177840,4.053429,0.200894,22.119439,2.263327,0.000000,3.933728,0.402511
test.context.txt::01301,test.context.txt::01301__row64,I can't hear you over the sound of these incoming 7 championships,0.0,content_diversity,winning is cool,wiining is awesome,i like winning,who doesn't like to win,you win,-0.025,0.950,-0.269,-0.788,-0.395,37.974848,2.019063,0.206356,7.836354,0.416647,34.464329,1.944746,0.000000,7.111936,0.401311
test.context.txt::01302,test.context.txt::01302,Was it a minecraft account or a mojang account,1.0,content_diversity,beats me,it could be anything,kid stuff,awesome stuff is what it sounds like,something foreign,-0.009,0.976,-0.152,-0.658,-0.317,24.156091,1.724432,0.176830,4.271528,0.304932,45.636477,2.890877,0.000000,8.069911,0.511195
test.context.txt::01304,test.context.txt::01304,I'm learning so much geography in this thread,0.0,content_diversity,read a book,sure read,sounds like a good read,ok read it,book are good to read,-0.075,0.922,-0.267,-0.917,-0.504,33.241876,2.815026,0.146572,4.872340,0.412605,29.094397,2.044856,0.000000,4.264435,0.299719
test.context.txt::01305,test.context.txt::01305,Right except that your friend can't actually short the stock yet,0.0,content_diversity,what do you mean,what does it mean,explain it better please,i am not sure if it means something else,ok but elaborate,-0.022,0.967,-0.041,-0.734,-0.504,31.949129,1.223438,0.273662,8.743254,0.334808,48.912844,2.217978,0.000000,13.385574,0.606976
test.context.txt::01307,test.context.txt::01307__row68,You mean where rocky got his spelling style from,1.0,content_diversity,"Yes, from there.",I think so.,Is that how it happened?,"Yes, I believe that is where rocky got it.","Yes, rocky's style is from there.",-0.040,0.929,-0.210,-0.733,-0.421,24.746176,1.183935,0.326031,8.068021,0.386000,32.572354,1.078512,0.000000,10.619599,0.351628
test.context.txt::01307,test.context.txt::01307__row69,You mean where rocky got his spelling style from,0.0,content_diversity,That is the location.,yes from that place,it is where most people did,"yes, his unique style",for the most part yes.,-0.017,0.965,-0.140,-0.720,-0.509,23.370834,0.991753,0.306695,7.167708,0.304165,21.424375,0.675800,0.000000,6.570740,0.207264
test.context.txt::01308,test.context.txt::01308__row70,A true friend would have given me the 5 anyway,1.0,content_diversity,But then they would have nothing for themselves.,Then you aren't a true friend if you're that greedy.,"No, a true friend would make sure you ate, not given you all of their food.",They probably would have given them all to you to get you to shut up.,"No, that isn't' what a true friend does.",-0.058,0.902,-0.156,-0.750,-0.310,35.043557,0.368627,0.468782,16.427800,0.172806,41.727205,0.632723,0.000000,19.560976,0.296609
test.context.txt::01308,test.context.txt::01308__row71,A true friend would have given me the 5 anyway,0.0,content_diversity,They would to make you shut up.,They might to get you to be quiet.,"They should, just to get you to stop talking.",They probably would to get you to be quiet.,"If you'd stop talking, I'm sure they would give you anything.",-0.170,0.783,-0.452,-0.931,-0.635,36.576833,1.100565,0.330637,12.093637,0.363887,76.512227,0.882683,0.000000,25.297737,0.291847
test.context.txt::01309,test.context.txt::01309,Ill have a skinny vanilla sea foam please,0.0,content_diversity,what is that!!?,sounds gross what ever it is,what does that mean,ok but what is it?,what on earth,-0.071,0.930,-0.034,-0.696,-0.526,23.001450,1.115870,0.314221,7.227528,0.350629,46.789537,1.626843,0.000000,14.702233,0.511188
test.context.txt::01312,test.context.txt::01312,Is this image sfw  scared to click due to seeing the thumbnail,0.0,content_diversity,"For real, looks scary.",I'm not chancing it.,It looks really scary to me.,"I'm with you, worried I'll get upset.",I'm scared I'll open it and regret it.,-0.026,0.952,-0.288,-0.708,-0.381,26.577209,1.035276,0.298232,7.926180,0.308753,35.733574,1.410912,0.000000,10.656903,0.420779
test.context.txt::01313,test.context.txt::01313,I once submitted a link that made it to the front page,0.0,content_diversity,so you are a good writter,your writting must be decent,they must have like your writting,so they like what you wrote,I think you can write well,-0.035,0.936,-0.322,-0.820,-0.598,55.224427,1.908689,0.277032,15.298915,0.528767,16.739805,0.672888,0.000000,4.637456,0.186411
test.context.txt::01314,test.context.txt::01314__row75,Is there anything I wouldnt do for you,1.0,content_diversity,you are the best,a lot of things I think,"well, not letting me do this was one of them",are you being rhetorical?,is that a trick question?,-0.016,0.972,-0.004,-0.601,-0.217,29.241377,0.786341,0.406971,11.900407,0.320018,59.554878,1.104514,0.000000,24.237137,0.449506
test.context.txt::01314,test.context.txt::01314__row76,Is there anything I wouldnt do for you,0.0,content_diversity,you are so awesome,you are great,I really appreciate it,I love you so much,you are amazing,-0.087,0.898,-0.393,-0.787,-0.716,26.415654,1.545989,0.411590,10.872417,0.636313,16.118037,0.646951,0.000000,6.634022,0.266278
test.context.txt::01315,test.context.txt::01315__row77,This one is really cute  I hope you get more upvotes,1.0,content_diversity,I thinks so too.,It is cute.,More upvotes coming in.,You will get them.,"No, no more vote.",0.000,0.800,-0.294,-0.583,-0.269,10.577699,0.500055,0.210002,2.221338,0.105013,39.035234,2.150507,0.000000,8.197476,0.451611
test.context.txt::01315,test.context.txt::01315__row78,This one is really cute  I hope you get more upvotes,0.0,content_diversity,you will get them.,you seem to be getting more and more,upvotes are moving up,looks like you're getting them,your wish is happening.,-0.010,0.968,-0.258,-0.719,-0.555,22.738251,0.893504,0.334069,7.596152,0.298492,35.565923,1.897187,0.000000,11.881484,0.633792
test.context.txt::01317,test.context.txt::01317,How did you manage to do those at the same time,0.0,content_diversity,very weird,so strange to happen,so weird,its pretty weird,kinda weird,-0.062,0.738,-0.540,-0.969,-0.895,27.294880,2.336397,0.168726,4.605346,0.394210,48.931795,1.886151,0.000000,8.256049,0.318242
test.context.txt::01319,test.context.txt::01319__row80,What happened with old man any updates on that end,1.0,content_diversity,not yet,I have not heard back from him,"yes, he said it was fine",he gives the go ahead,he is playing silent,-0.018,0.975,-0.039,-0.593,-0.259,19.160289,1.069623,0.323738,6.202909,0.346277,45.495751,1.890957,0.000000,14.728692,0.612174
test.context.txt::01319,test.context.txt::01319__row81,What happened with old man any updates on that end,0.0,content_diversity,not a thing,he has not responded,he is still silent,I am not aware of anything new from him,he has not contacted me back yet,-0.056,0.926,-0.195,-0.684,-0.692,19.340091,1.035886,0.413017,7.987787,0.427839,37.036523,1.662200,0.000000,15.296715,0.686517
test.context.txt::01320,test.context.txt::01320,That this guy said it gives it all the more significance,0.0,content_diversity,not really,I do not agree with that,that may not be true,I don't think he makes it more significant,I disagree,-0.033,0.957,-0.128,-0.710,-0.548,24.745219,1.110337,0.314547,7.783526,0.349253,42.363599,1.432081,0.000000,13.325329,0.450456
test.context.txt::01321,test.context.txt::01321,I am completely and utterly neutral towards it,1.0,content_diversity,I hate it,I love it,I don't care much for it,I am leaning toward one over the other,I want more information before making a decision,-0.057,0.957,-0.388,-0.619,-0.243,22.887377,1.557654,0.360826,8.258362,0.562042,55.863203,1.217232,0.000000,20.156900,0.439209
test.context.txt::01323,test.context.txt::01323,I'm pretty sure douchebags would think he's a douchebag,1.0,content_diversity,he is that bad eh,that make him a big douchebag,I agree he is terrible,is he really that bad though,that seems harsh,-0.061,0.916,-0.191,-0.729,-0.640,31.456824,1.191128,0.273677,8.608998,0.325984,19.298064,1.537751,0.000000,5.281430,0.420846
test.context.txt::01324,test.context.txt::01324,Actually came here to say that damn you,0.0,content_diversity,I said it first!,I'm faster than you,I'm too quick,You need to be faster than that,I am always first,-0.023,0.952,-0.186,-0.712,-0.512,25.402433,1.310636,0.313051,7.952246,0.410295,28.938542,1.507001,0.000000,9.059226,0.471767
test.context.txt::01325,test.context.txt::01325,In other news the majority of russians do not think this,0.0,content_diversity,seems strange,very odd,so weird,that does seem that way,its pretty strange,-0.008,0.971,-0.467,-0.792,-0.680,16.677592,1.888354,0.192061,3.203119,0.362680,57.146951,1.860199,0.000000,10.975714,0.357272
test.context.txt::01326,test.context.txt::01326,Where do you even get things like this,1.0,content_diversity,at specialty stores,on the internet,On the web,through some questionable channels,from a friend,-0.007,0.787,-0.141,-0.674,-0.293,20.384939,1.241566,0.340244,6.935846,0.422435,40.537385,2.446556,0.000000,13.792587,0.832425
test.context.txt::01327,test.context.txt::01327,God yes I'm glad he finally become comfortable in the spotlight,0.0,content_diversity,idc,no one cares,do i like like i care,do not acknowledge,"cool, not really",-0.010,0.950,0.045,-0.626,-0.240,25.917415,1.962223,0.105132,2.724754,0.206293,53.583834,6.573163,0.000000,5.633384,0.691051
test.context.txt::01328,test.context.txt::01328,Sounds good just let me know when you're ready,1.0,content_diversity,I am ready,not for another few months,it will be soon,I think I need to check up on some stuff,eventually I will be,-0.035,0.952,-0.181,-0.675,-0.400,18.366275,0.979863,0.371102,6.815764,0.363629,50.102195,0.347175,0.000000,18.593032,0.128837
test.context.txt::01329,test.context.txt::01329__row90,I look at this and wish I had manly skills,1.0,content_diversity,I am sure you have if you try hard enough.,"I know, I am the same.",How do you know you haven't if you do not try.,Manly skills are over rated!,"Just go for it, what's the worst that can happen?",-0.024,0.937,-0.114,-0.654,-0.255,30.131447,0.980843,0.379691,11.440645,0.372417,25.313328,1.334532,0.000000,9.611248,0.506710
test.context.txt::01329,test.context.txt::01329__row91,I look at this and wish I had manly skills,0.0,content_diversity,"I get you, same here.","Me too, I totally lack them as well.","Ditto, me also.",Welcome to the club man.,You and me both my friend.,-0.008,0.985,-0.159,-0.665,-0.276,26.828111,1.438423,0.250658,6.724668,0.360552,33.666431,1.324533,0.000000,8.438744,0.332004
test.context.txt::01330,test.context.txt::01330__row92,Would eating a date make you feel better about having no dates,1.0,content_diversity,it probably would,having the choice is better then no choice,I don't think so,I don't want to go without,I don't like to not have the option,-0.039,0.935,-0.070,-0.663,-0.372,23.911777,1.076782,0.344443,8.236245,0.370890,43.891900,0.553183,0.000000,15.118258,0.190540
test.context.txt::01330,test.context.txt::01330__row93,Would eating a date make you feel better about having no dates,0.0,content_diversity,I like dates so yes,the option would be nice,I need to have the choice,"Yes, I love them.",Of course it would,-0.020,0.967,-0.142,-0.634,-0.448,41.477097,1.940504,0.249536,10.350029,0.484226,34.188412,1.450421,0.000000,8.531240,0.361932
test.context.txt::01331,test.context.txt::01331,Fun fact the dude who invented graham crackers was also against masturbation,0.0,content_diversity,That is vile.,Wow that sickens me.,That disturbs me.,That is awful.,Facts like that disgust me.,-0.057,0.918,-0.552,-0.741,-0.724,23.520738,1.710636,0.207270,4.875136,0.354563,32.654981,0.567798,0.000000,6.768387,0.117687
test.context.txt::01332,test.context.txt::01332,I wish I had a car worthy of subs so bad,1.0,content_diversity,Why don't you buy it,Me too man,I don't understand what do you like about it,It seems to me like you are a lazy person,This car doesn't seem good fit for me,-0.018,0.966,-0.078,-0.671,-0.169,23.729469,0.876449,0.306906,7.282718,0.268988,57.454505,2.413656,0.000000,17.633135,0.740766
test.context.txt::01333,test.context.txt::01333,Love the ass any chance you're taking requests thatll entertain you d,0.0,content_diversity,I love to take requests,always there to please,always want to be a help,I feel we will work together,Can always be part of the fun,-0.030,0.957,-0.172,-0.747,-0.558,23.510953,1.030420,0.345355,8.119625,0.355861,39.992603,0.984681,0.000000,13.811645,0.340064
test.context.txt::01334,test.context.txt::01334__row97,What kind of fish is the big bang,1.0,content_diversity,it is not a fish,I have no idea,I never heard of such fish,a really big fish I would think,do you know?,-0.024,0.960,-0.007,-0.756,-0.281,21.407453,0.578839,0.322009,6.893401,0.186392,35.718226,2.150918,0.000000,11.501605,0.692616
test.context.txt::01334,test.context.txt::01334__row98,What kind of fish is the big bang,0.0,content_diversity,I have no clue,I don't know what kind of fish that is,I don't know anything about it,no idea,I got nothing in my mind,-0.043,0.926,-0.188,-0.703,-0.691,21.943558,1.683002,0.269797,5.920300,0.454068,41.547364,2.137734,0.000000,11.209342,0.576754
test.context.txt::01336,test.context.txt::01336,Dealers that get high on their own supply,1.0,content_diversity,I hate that kind of dealers,Occasionally I do that as well,You shouldn't mix business with pleasure,What makes you think they do that,Maybe that's what makes them happy,-0.023,0.960,-0.106,-0.672,-0.149,31.495846,0.911823,0.413564,13.025546,0.377097,13.852785,0.499971,0.000000,5.729012,0.206770
test.context.txt::01338,test.context.txt::01338,Thank you for all the hard work you guys do,0.0,content_diversity,I think they're slacking,I don't think they're putting in much effort,I disagree with that,I don't believe they work hard,I think they're not working hard at all,-0.086,0.891,-0.354,-0.793,-0.541,54.366375,1.915906,0.342479,18.619354,0.656158,12.630436,0.888028,0.000000,4.325662,0.304131
test.context.txt::01339,test.context.txt::01339__row101,Be awake I'm never tired if it's dark out,1.0,content_diversity,Not me...I get sleepy when it's dark.,"Me too, I can sleep better during the day.",I work the night shift so I'm much better at night.,You're lucky because I get really tired.,I'd much rather be awake at night than during the day...too boring.,-0.029,0.942,-0.272,-0.796,-0.504,28.928070,0.786518,0.422189,12.213120,0.332059,31.170151,0.514126,0.000000,13.159702,0.217059
test.context.txt::01339,test.context.txt::01339__row102,Be awake I'm never tired if it's dark out,0.0,content_diversity,I get bored during the day because no one is around.,I am a night person - a vampire almost.,I would love to be away at night it doesn't work for me.,I envy you because I'm tired all the time after work.,I always felt weird because I didn't like the daytime but I fit in here.,-0.038,0.956,-0.261,-0.712,-0.354,13.508681,0.432975,0.433599,5.857347,0.187737,69.102713,0.879274,0.000000,29.962847,0.381252
test.ca-cb.ca::00240,test.ca-cb.ca::00240,Yeah I thought about not putting the door on it hangs weird,0.0,content_diversity,"Agreed, maybe try another door","It looks weird, try a different sized door",Yes hangs weird I agree with you,"It does hang weird, maybe a smaller door would be better",Try it without the door because it does look weird,-0.031,0.946,-0.213,-0.911,-0.462,50.058707,1.313924,0.397970,19.921840,0.522902,19.992843,1.066316,0.000000,7.956542,0.424361
test.ca-cb.ca::00241,test.ca-cb.ca::00241,I laughed so hard at this we should start this subreddit,1.0,content_diversity,This is not funny at all.,I don’t like this comment.,This is vulgar.,"This comment is offensive,",I was so sad to read this comment.,-0.057,0.919,-0.354,-0.746,-0.506,18.415315,1.156535,0.350923,6.462359,0.405855,38.422790,1.196910,0.000000,13.483443,0.420023
test.ca-cb.ca::00242,test.ca-cb.ca::00242,Kill la kill is still going new episode every thursday,0.0,content_diversity,Lead actor is soooo hot,Did you see the cliffhanger at the end of the season,I've been waiting for it to return for weeks,I'm totally gonna binge watch last season,I just got into this show and can't stop watching,-0.002,0.981,-0.129,-0.669,-0.305,21.066615,0.464978,0.429911,9.056769,0.199899,21.810568,2.357659,0.000000,9.376602,1.013583
test.ca-cb.ca::00243,test.ca-cb.ca::00243,Nope I'm pretty sure I bought them at target I'm cheap,0.0,content_diversity,Nothing wrong with not wanting to waste money.,There's no sense in overspending.,Good for you for saving money.,It's always best to comparison shop.,No shame in getting a good deal.,-0.009,0.975,-0.300,-0.708,-0.375,37.876754,1.138925,0.416971,15.793494,0.474898,15.339887,0.337595,0.000000,6.396282,0.140767
test.ca-cb.ca::00244,test.ca-cb.ca::00244__row107,Places apple slices in a bowl so they'll stay fresh,1.0,content_diversity,"Oh boy, I love apples.","I don't need you telling me how to keep things fresh, take a hike.","Girl, you're the fresh one around here.",This post might be better in the life hacks section.,This is actually a useful bit of advice.,-0.009,0.982,-0.143,-0.649,-0.184,35.565329,0.845513,0.347609,12.362843,0.293908,63.578288,0.873786,0.000000,22.100412,0.303736
test.ca-cb.ca::00244,test.ca-cb.ca::00244__row108,Places apple slices in a bowl so they'll stay fresh,0.0,content_diversity,I find merit in this input.,That information will serve me well.,"Thanks, that's really good to know!",Such knowledge is certainly beneficial.,"Wise words, I will heed them.",-0.007,0.986,-0.203,-0.730,-0.646,43.499831,1.191921,0.269574,11.726403,0.321310,41.076336,1.977934,0.000000,11.073093,0.533199
test.ca-cb.ca::00245,test.ca-cb.ca::00245,I think you just ruined slides for me,0.0,content_diversity,Perhaps you should consider what you're doing next time.,Maybe it would help to understand the consequences before you do something.,Think before you act next time!,You dont ever use your head when it comes to these things!,I would think that you might have known this would happen.,-0.027,0.960,-0.165,-0.822,-0.425,31.567249,0.702663,0.446120,14.082781,0.313472,64.347068,0.972206,0.000000,28.706513,0.433721
test.ca-cb.ca::00246,test.ca-cb.ca::00246,I'm glad to help  I've been lurking for over a year,0.0,content_diversity,"What stopped you from being involved,before?",Why didn't you feel it was important to be active?,What were you doing waiting so long?,What made you stay out of the discussion?,Did you decide it wasn't worth getting involved?,-0.037,0.964,-0.376,-0.787,-0.463,37.729086,0.942571,0.390129,14.719228,0.367725,37.075145,0.868719,0.000000,14.464106,0.338913
test.ca-cb.ca::00248,test.ca-cb.ca::00248,You can only move a window so many times,1.0,content_diversity,the workers is very important in any company.,it is fully depend upon the customer statisfication.,day by day encourage the workers,every year gives bonus to the workers.,if workers do well increase the value of the company,-0.061,0.932,-0.210,-0.761,-0.436,43.707085,1.244851,0.299921,13.108684,0.373357,54.490989,0.752825,0.000000,16.343006,0.225788
test.ca-cb.ca::00249,test.ca-cb.ca::00249,I'm gonna miss patches but ill always remember him somehow,0.0,content_diversity,You should get another animal,A new pet will help,You need another dog right now,You should replace him,A new furry friend will come into your life,-0.039,0.935,-0.286,-0.761,-0.374,39.795653,1.724659,0.338685,13.478206,0.584117,34.488214,0.682714,0.000000,11.680654,0.231225
test.ca-cb.ca::00250,test.ca-cb.ca::00250,The important thing to take away from this is that you tried,0.0,content_diversity,Yeah. Same with driving lifted trucks with loud music blaring to the game!,Or driving like an asshole and cutting someone off at the light...,Or adding 20' rims to your old beater (no pun intended).,How did this conversation took the turn to gay?,Self-esteem is one hell of a drug.,-0.014,0.973,-0.071,-0.566,-0.136,71.671155,1.135202,0.267597,19.178953,0.303776,140.272651,1.286199,0.000000,37.536475,0.344182
test.ca-cb.ca::00251,test.ca-cb.ca::00251__row114,That should be a good enough answer for everyone,1.0,content_diversity,Thats good enough for me!,"Really, because that is not enough information for me.",I really like your answer.,"Thats a great answer, and plenty of information",I need more information that you did not provide.,-0.023,0.956,-0.140,-0.821,-0.335,32.673894,0.953398,0.419175,13.696064,0.399640,39.683989,0.257182,0.000000,16.634517,0.107804
test.ca-cb.ca::00251,test.ca-cb.ca::00251__row115,That should be a good enough answer for everyone,0.0,content_diversity,"I think you could expand on it, its very useful info.",I cant come to a conclusion based off that answer.,Says who? I need more information.,"Its not a good enough answer, i need more.",Can you clarify that answer a little bit more for me?,-0.034,0.948,-0.152,-0.850,-0.414,30.283400,0.850556,0.405580,12.282341,0.344968,67.827712,1.184982,0.000000,27.509562,0.480605
test.ca-cb.ca::00252,test.ca-cb.ca::00252,New jersey have you seen the gun laws,1.0,content_diversity,"No gun laws for new jersey,",What gun law.,I did not hear anything about new gun laws.,New jersey should not have any new gun laws.,No new law.,-0.076,0.893,-0.429,-0.883,-0.493,34.577547,0.994777,0.266430,9.212507,0.265039,25.303154,2.231276,0.000000,6.741527,0.594480
test.ca-cb.ca::00253,test.ca-cb.ca::00253,Thats a rather unfortunate choice of words in the title there,0.0,content_diversity,"If you can't say something nice, don't say anything!",You just like to be Mr. Negative all the time.,If you were hung with a gold rope you'd still complain.,You must be an English professor.,Were you born with a silver spoon in your mouth?,-0.021,0.955,-0.129,-0.615,-0.130,48.948350,1.021267,0.415324,20.329445,0.424157,60.377530,1.259917,0.000000,25.076262,0.523274
test.ca-cb.ca::00254,test.ca-cb.ca::00254,I almost saw a movie last week does that count,0.0,content_diversity,Eh... maybe.,Depends on what you almost saw.,I'm not sure if I'd consider maybe an option.,It somewhat counts.,It's possible but I really don't know.,-0.005,0.993,-0.153,-0.741,-0.551,28.183266,0.955171,0.283634,7.993719,0.270918,40.909366,2.459565,0.000000,11.603268,0.697615
test.ca-cb.ca::00255,test.ca-cb.ca::00255__row119,Nice I'm online now I've added you already too,1.0,content_diversity,Nice to see you here.,You may want to rethink adding me.,"Welcome to the dark side, we have cookies- but you have to bring your own milk.","What is it, you have added me too?","Enjoy your stay, but you may want to sharpen your sarcasme sword.",-0.055,0.914,-0.079,-0.713,-0.195,20.528148,0.569847,0.404674,8.307202,0.230602,116.131697,1.068399,0.000000,46.995445,0.432353
test.ca-cb.ca::00255,test.ca-cb.ca::00255__row120,Nice I'm online now I've added you already too,0.0,content_diversity,"We are all crazy here, but it's the good kind of crazy.","Watch your head, this is one crazy rabbit hole you've gone down.","This psycho circus may be chaotic, at least we are fun.","While we aren't the jolliest bunch of nuts this side of the nut house, we do have a lot of fun.","Come for the humor, stay for the cat memes.",-0.021,0.951,-0.119,-0.699,-0.374,60.689124,0.856549,0.396592,24.068803,0.339700,103.828620,1.181555,0.000000,41.177570,0.468595
test.ca-cb.ca::00256,test.ca-cb.ca::00256,I've never had the app out of night mode,0.0,content_diversity,Everyone should be using night mode because it's actually better for your health.,We had a power outage and I put my phone in night mode to preserve battery life. I have never stopped using it since.,"It takes a little getting used to at first, but once you are hooked, it is hard to go back.",Kudos for you for bringing it up as it's a great mode to use.,I like the fact that you don't have to play around with brightness settings. Just put it in night mode and continue on.,-0.046,0.933,-0.232,-0.814,-0.322,23.264850,0.372618,0.533676,12.415885,0.198857,61.318503,1.134034,0.000000,32.724194,0.605206
test.ca-cb.ca::00257,test.ca-cb.ca::00257,I did and it said look with your eyes,0.0,content_diversity,People should learn the meaning of consent.,Is it so hard to keep your hands to yourself?,"If you're going to touch, at least ask whether it's okay.","If you say what you're about to do, that gives them the opportunity to refuse.","If you need a closer look, don't touch. Just get closer, but say you're getting closer for a good look. don't be creeping people out.",-0.024,0.956,-0.190,-0.758,-0.364,-10.740823,0.379424,0.440585,-4.732251,0.167169,217.586774,0.649699,0.000000,95.865571,0.286248
test.ca-cb.ca::00258,test.ca-cb.ca::00258__row123,Lets just get really really mad about it,1.0,content_diversity,How about we don't.,That sounds like a smart idea.,That idea is terrible what are you thinking.,How about we go to the game instead.,What are you my mother,-0.041,0.922,-0.157,-0.667,-0.159,29.286466,0.621546,0.351809,10.303228,0.218665,35.216400,0.656695,0.000000,12.389429,0.231031
test.ca-cb.ca::00258,test.ca-cb.ca::00258__row124,Lets just get really really mad about it,0.0,content_diversity,That sounds like a great plan.,"I agree, getting mad is the best option.","Smart guy, smart plan.",Your idea has merit.,"I shouldn't agree, but your idea is smart.",-0.019,0.960,-0.349,-0.818,-0.514,23.161746,1.296146,0.318009,7.365638,0.412186,53.934687,1.353689,0.000000,17.151702,0.430485
test.ca-cb.ca::00259,test.ca-cb.ca::00259__row125,Fuck no but everyone ends up accidentally using bing,1.0,content_diversity,This is 100% true.,Which browser do you use the most?,"What do you mean, I use Bing on purpose!","I keep forgetting who makes Bing, is it Microsoft?",I absolutely despise Bing's search function.,-0.021,0.959,-0.132,-0.696,-0.269,27.842322,0.716046,0.379950,10.578704,0.272062,42.581310,0.937681,0.000000,16.178790,0.356272
test.ca-cb.ca::00259,test.ca-cb.ca::00259__row126,Fuck no but everyone ends up accidentally using bing,0.0,content_diversity,I absolutely agree with this.,"Yes, I can't think of a time I used Bing on my own.",This couldn't be truer.,I wholeheartedly concur.,So much truth in this.,-0.020,0.973,-0.138,-0.668,-0.449,31.124466,1.072807,0.328590,10.227193,0.352514,52.399920,1.120221,0.000000,17.218098,0.368094
test.ca-cb.ca::00261,test.ca-cb.ca::00261__row127,You are a very cool person thanks for caring for others,1.0,content_diversity,Whatever... I can hear the sarcasm oozing from your comment.,"Sure, no problem!  I try to help others as much as I possibly can.",Thank you for bringing attention to the cause. I love getting others involved.,No thanks necessary.  Being cool comes naturally to me.,"Instead of spending your time thanking people, why don't you get out and help, too?",-0.020,0.964,-0.151,-0.765,-0.308,30.041836,0.526675,0.457036,13.730206,0.240709,57.011630,0.502561,0.000000,26.056379,0.229689
test.ca-cb.ca::00261,test.ca-cb.ca::00261__row128,You are a very cool person thanks for caring for others,0.0,content_diversity,You don't sound very sincere to me.,It sounds to me like you're nice comment is actually fake.,I don't think you really mean what you say.,It's hard to believe you're being honest with your comment.,Your response seems very sarcastic and exaggerated.,-0.020,0.959,-0.353,-0.842,-0.538,27.868664,0.541359,0.440102,12.265056,0.238253,70.897676,1.029518,0.000000,31.202211,0.453093
test.ca-cb.ca::00262,test.ca-cb.ca::00262__row129,This pic makes me feel like everythings gonna be ok,1.0,content_diversity,Take a closer look and embrace your sorrow.,"Yes, there is a light at the end of the tunnel.",Photoshop creates lies once again.,It does look like the calm after the storm - maybe there's hope afterall!,You're delusional you fool!,-0.009,0.976,-0.101,-0.582,-0.156,23.219236,0.365042,0.371124,8.617221,0.135476,73.889384,1.773296,0.000000,27.422142,0.658113
test.ca-cb.ca::00262,test.ca-cb.ca::00262__row130,This pic makes me feel like everythings gonna be ok,0.0,content_diversity,A little touching up can make a disaster look so nice.,Painting roses over a massacre does not change the facts.,It's an optical delusion you embrace!,A little makeup cannot cure ugliness.,Take a much closer look before you smile.,-0.019,0.965,-0.148,-0.652,-0.223,32.931777,0.835680,0.316249,10.414632,0.264283,36.131987,1.096114,0.000000,11.426694,0.346645
test.ca-cb.ca::00263,test.ca-cb.ca::00263,1 become giraffe 2 got to work 3  4 profit,0.0,content_diversity,Keep me updated.,Post your completion.,Share once you acheived this goal.,I want to know when it's done.,Can you inform us when it's done.,-0.022,0.938,-0.235,-0.746,-0.417,43.021717,1.486972,0.263410,11.332349,0.391683,54.272176,1.605389,0.000000,14.295832,0.422875
test.ca-cb.ca::00264,test.ca-cb.ca::00264,I don't see us getting a better result then this myself,1.0,content_diversity,"Really, who cares? It doesn't matter in the end.","Well, you're certainly right about that.",I can totally see us getting a better than this.,Maybe you're right. We'll have to see if we can do better.,We should at least try to do better.,-0.021,0.959,-0.155,-0.789,-0.368,28.168214,0.536173,0.472907,13.320933,0.253560,54.650689,0.870223,0.000000,25.844669,0.411534
test.ca-cb.ca::00265,test.ca-cb.ca::00265__row133,Well if that cat could talk what a tale he'd tell,1.0,content_diversity,If that cat could talk he would probably tell all the stories about what he see's humans do.,I wonder what the cat would say probably would be good storyteller.,"I would run the other way if I heard a cat talking, probably would be possessed.",If a cat could talk that means the world is going to end.,I wonder what that cat would say probably has seen some shit.,-0.097,0.862,-0.260,-0.932,-0.584,47.658326,0.658516,0.470240,22.410851,0.309660,49.581083,0.277939,0.000000,23.315008,0.130698
test.ca-cb.ca::00265,test.ca-cb.ca::00265__row134,Well if that cat could talk what a tale he'd tell,0.0,content_diversity,He looks like he could be a ghetto cat.,What is that cat standing on the corner all day in the bad parts of the neighborhood.,"Sound like he is a hood cat, probably wears bandanas and carries.",That cat definitely looks into your windows at night.,That cat has seen more shit then a toilet.,-0.031,0.949,-0.242,-0.806,-0.403,54.962402,0.738653,0.364042,20.008631,0.268901,96.842450,0.657130,0.000000,35.254733,0.239223
test.ca-cb.ca::00266,test.ca-cb.ca::00266__row135,Salute your shorts still has the best intro song ever,1.0,content_diversity,That song is horrible.,I think it is the best song ever also.,Salute your shorts is good without an intro song.,You are crazy if you think that song is remotely good.,I could find a different song that would be better than that one.,-0.052,0.943,-0.317,-0.849,-0.314,25.504196,0.759429,0.427418,10.900952,0.324594,58.593046,0.344257,0.000000,25.043721,0.147142
test.ca-cb.ca::00266,test.ca-cb.ca::00266__row136,Salute your shorts still has the best intro song ever,0.0,content_diversity,This is such an amazing song.,I agree! It is pretty great.,It really is good.,I really like this song myself.,I could listen to this song over and over again.,-0.041,0.930,-0.348,-0.781,-0.497,29.240429,1.317105,0.372074,10.879609,0.490061,23.709757,1.450501,0.000000,8.821788,0.539694
test.ca-cb.ca::00267,test.ca-cb.ca::00267,Not even us republicans will vote for palin,0.0,content_diversity,Maybe it's time to change sides? At least the democrats are smart!,"Take a look at the democrats then, we're not stupid.",You can always vote democrat.,If it's Palin or Trump then come vote democratic!,Time to come over to the other side and vote with us democrats!,-0.022,0.959,-0.168,-0.890,-0.511,35.331262,0.970659,0.381773,13.488505,0.370571,54.416695,1.169926,0.000000,20.774800,0.446646
test.ca-cb.ca::00268,test.ca-cb.ca::00268,Props for letting that rabbit dig a tunnel in their lawn,0.0,content_diversity,"Rabbits are dangerous, man.",Rabbits are unstoppable.,Can't tame a rabbit.,It would be useless.,Rabbits get it some way.,-0.029,0.957,-0.317,-0.830,-0.384,15.406142,0.823018,0.240468,3.704687,0.197910,37.668982,1.774691,0.000000,9.058192,0.426757
test.ca-cb.ca::00269,test.ca-cb.ca::00269,Omg can someone please do this to me,0.0,content_diversity,Same man. It's been a while for me too,Where are you? I can do that for you,I feel you. Miss those days,My ex used to do this with me,You can have that again one day,-0.017,0.964,-0.152,-0.664,-0.253,30.990544,1.042688,0.313327,9.710183,0.326703,27.577082,0.907244,0.000000,8.640652,0.284264
test.ca-cb.ca::00270,test.ca-cb.ca::00270__row140,How the hell did you make 100 a week through maple story,1.0,content_diversity,"I don't know, it just kind of happened.",Found lots and lots of rare items.,Believe me it was a lot of work!!,Spent a lot of time in the stores of the Free Market.,You say that like it's hard to do.,-0.031,0.942,-0.139,-0.569,-0.339,24.707284,0.603897,0.380390,9.398398,0.229716,53.642466,0.922749,0.000000,20.405045,0.351004
test.ca-cb.ca::00270,test.ca-cb.ca::00270__row141,How the hell did you make 100 a week through maple story,0.0,content_diversity,I was very determined and worked hard at it!,I put in a lot of time - even ate meals while I played most days.,"I just set it as a goal for myself, and put in the effort to hit the goal.",I stayed motivated and just kept working at it.,I played at least a few hours every day - lots of work!!.,-0.047,0.932,-0.365,-0.837,-0.510,43.480332,0.697182,0.397416,17.279769,0.277071,84.255586,0.982969,0.000000,33.484497,0.390647
test.ca-cb.ca::00271,test.ca-cb.ca::00271,Or you know dump it out the window and make yellow snow,0.0,content_diversity,"Dude, what are you talking about dumping?",What are we dumping out the window?,I'm scared to ask what you're talking about dumping here...,Dump what exactly?,What's getting dumped out the window?,-0.044,0.915,-0.221,-0.961,-0.483,59.948744,1.667222,0.369391,22.144516,0.615857,46.687540,1.206198,0.000000,17.245949,0.445558
test.ca-cb.ca::00272,test.ca-cb.ca::00272__row143,It's the second day of classes pace yourself,1.0,content_diversity,This message is a day too late. Already exhausted myself on the first day.,I'm more of a sprinter than a marathon runner.,I know! I'm already over it.,How is it the second day and I already feel behind?,I only have one speed. Try to keep up with me.,-0.023,0.957,-0.187,-0.669,-0.253,9.837802,0.468208,0.420773,4.139481,0.197009,94.003451,1.128301,0.000000,39.554105,0.474758
test.ca-cb.ca::00272,test.ca-cb.ca::00272__row144,It's the second day of classes pace yourself,0.0,content_diversity,"Yeah, second day and I don't even want to go.",Pretty sure I'm dropping half my classes.,I'm surprised at my lack of motivation already.,I'm dreading this semester already.,Second day and I already feel 10 steps behind everyone. I hate it.,-0.032,0.942,-0.340,-0.727,-0.354,18.371951,0.607150,0.431827,7.933512,0.262184,59.856791,0.259690,0.000000,25.847801,0.112141
test.ca-cb.ca::00273,test.ca-cb.ca::00273,Only in 2x would there be a post like this,1.0,content_diversity,Why would you say that about 2x?,"I don't know what 2x is, you may be right","I disagree with you, that post could show up anywhere",If you don't like it there are plenty of other places to post,"I agree, 2x has lots of similar posts",-0.023,0.963,-0.118,-0.807,-0.379,34.063820,0.670244,0.438319,14.930804,0.293781,31.566323,0.598772,0.000000,13.836105,0.262453
test.ca-cb.ca::00275,test.ca-cb.ca::00275__row146,People get stretch marks from perfectly natural things like pregnancy,1.0,content_diversity,"Not only from pregnancy, but when you gain or lose weight.","No, if u take care of your body during pregnancy you won't get any stretch marks!",We all should love your body's. with our without stretch marks.,Is nothing perfect when you eat like crazy and your skin pops of to much fat!,"I don't care, I am a man.",-0.014,0.970,-0.135,-0.702,-0.306,61.028126,0.582581,0.338386,20.651075,0.197137,146.639170,1.943977,0.000000,49.620670,0.657815
test.ca-cb.ca::00275,test.ca-cb.ca::00275__row147,People get stretch marks from perfectly natural things like pregnancy,0.0,content_diversity,"You are right, every change on our weight leaves marks on our skin.",Some people don't know that.,"That is the truth, we have to take care of our bodies.",You can use oil to prevent stretch marks during pregnancy.,Not all body's act the same during pregnancy.,-0.017,0.953,-0.167,-0.698,-0.294,23.553979,0.464883,0.400253,9.427552,0.186071,71.448631,0.942351,0.000000,28.597534,0.377179
test.ca-cb.ca::00276,test.ca-cb.ca::00276,Where was this at it looks real pretty,0.0,content_diversity,I went to see that mountain last Friday.,My family took a trip to that mountain before the weekend.,I had a day off so I drove to this place.,"I have waned to drive up this mountain, but Friday I had the chance.",My company had its retreat by this mountain during the weekend.,-0.059,0.915,-0.440,-0.876,-0.465,39.052163,0.825493,0.383862,14.990624,0.316875,98.313047,1.013341,0.000000,37.738600,0.388983
test.ca-cb.ca::00277,test.ca-cb.ca::00277,Thanks I should stop being lazy and just google it,0.0,content_diversity,This is a place for nurturing mutual enlightenment.,"Today you learn, tomorrow you teach.",Everyone shares information around here.,When it comes to knowledge a rising tide lifts all ships.,We espouse pedagogical cooperation.,-0.002,0.988,-0.190,-0.700,-0.271,26.482192,0.497569,0.364307,9.647656,0.181268,36.290075,1.368048,0.000000,13.220739,0.498390
test.ca-cb.ca::00278,test.ca-cb.ca::00278__row150,Haha yep that was my first time there,1.0,content_diversity,What took you so long?,"Poor newbie, doesn't know that they're getting into.",You gotta stop talking about things you don't know about.,"Don't feel so bad, I just went there for the first time too.",We're just giving you a hard time.,-0.017,0.967,-0.101,-0.679,-0.287,38.074011,0.621368,0.408787,15.564155,0.254007,83.460753,0.987330,0.000000,34.117659,0.403607
test.ca-cb.ca::00278,test.ca-cb.ca::00278__row151,Haha yep that was my first time there,0.0,content_diversity,Do your research first!,Get up to date before you post.,You're talking nonsense and you've only been there once.,You have no clue.,Ignorance is bliss but we know the truth.,0.000,1.000,0.005,-0.646,-0.209,31.674021,1.111638,0.310658,9.839802,0.345340,51.192554,0.610440,0.000000,15.903400,0.189638
test.ca-cb.ca::00279,test.ca-cb.ca::00279,You don't qualify under current medical cannabis law in canada,1.0,content_diversity,What do I need to do to qualify?,"Well, that sucks.",I want me some cannabis.,Canada law is awful.,Maybe my cousin can get it.,-0.003,0.977,-0.204,-0.655,-0.120,16.066619,0.872367,0.306854,4.930106,0.267689,38.611070,1.641634,0.000000,11.847960,0.503742
test.ca-cb.ca::00280,test.ca-cb.ca::00280,Another reason not to host with godaddy  this is all too common,1.0,content_diversity,Go Daddy hosting worked fine for me.,"I agree, they need to fix this immediately.",Hosting with godaddy is great.,I've been with their hosting for months and just had a problem.,Have you contacted godaddy to resolve the issue? That might help.,-0.012,0.977,-0.229,-0.723,-0.281,13.002240,0.512007,0.464009,6.033157,0.237576,50.688689,0.651724,0.000000,23.520011,0.302406
test.ca-cb.ca::00281,test.ca-cb.ca::00281__row154,Man I really can't wait to start doing nothing,1.0,content_diversity,You're so lazy lol. Have fun on your break.,I can't believe you want to sit around and do nothing. Your laziness disgusts me.,"Cool, take it easy man.","I'm so jealous, I wish I could take a vacation :(",You really deserve it. Enjoy your vacation.,-0.015,0.970,-0.256,-0.701,-0.280,37.593000,1.062775,0.386356,14.524285,0.410609,53.347268,1.028722,0.000000,20.611042,0.397453
test.ca-cb.ca::00281,test.ca-cb.ca::00281__row155,Man I really can't wait to start doing nothing,0.0,content_diversity,You're pathetic. I'm so sick and tired of this culture that values laziness.,Why don't you try doing something productive with your time?,"You're the worst sort of parasite, you should feel ashamed.",There's nothing redeeming about your lazy attitude.,You're useless. Try getting a job you bum.,-0.017,0.975,-0.256,-0.754,-0.415,28.012442,0.415849,0.428754,12.010458,0.178297,74.599835,1.015413,0.000000,31.985009,0.435363
test.ca-cb.ca::00282,test.ca-cb.ca::00282__row156,I've never heard of this variation of duck duck goose,1.0,content_diversity,I heard of this.,I know of this variation of duck duck goose.,I know about this duck duck goose variation.,This duck duck goose variation is familiar.,I am interested in this duck duck goose variation.,-0.208,0.729,-0.519,-0.852,-0.622,19.835450,0.498119,0.455831,9.041604,0.227058,20.360888,2.197029,0.000000,9.281115,1.001473
test.ca-cb.ca::00282,test.ca-cb.ca::00282__row157,I've never heard of this variation of duck duck goose,0.0,content_diversity,I know about this variation.,This duck duck goose variation is familiar to me.,This duck duck goose variation is something i am familiar with.,I know this duck duck goose variation like the back of my hand.,"This duck duck goose variation is nothing new to me, i am well aware of it.",-0.214,0.738,-0.426,-0.942,-0.660,39.607867,0.671034,0.512126,20.284202,0.343654,33.744196,0.971928,0.000000,17.281266,0.497749
test.ca-cb.ca::00283,test.ca-cb.ca::00283__row158,Meh I think they're better than tampons they're more comfortable at least,1.0,content_diversity,More comfortable there's no way they are more comfortable than tampons!,you are completely wrong,what century are you living in?,I think everyone has a personal and subjective idea and not everyone thinks they are comfortable,tampons are much more comfortable than anything else - you're wring!,-0.047,0.927,0.013,-0.697,-0.176,19.018972,0.774138,0.436944,8.310225,0.338255,105.405403,0.628818,0.000000,46.056254,0.274758
test.ca-cb.ca::00283,test.ca-cb.ca::00283__row159,Meh I think they're better than tampons they're more comfortable at least,0.0,content_diversity,people do have different preferences and what they like,people have different ideas of what comfort means to them and it could be different to what you think,yes you can't quantify people's subjective thoughts,comfort can mean different things to different people,not everyone thinks either are comfortable at all!,-0.029,0.941,-0.161,-0.844,-0.443,32.487568,0.474316,0.517867,16.824226,0.245632,67.985017,1.418088,0.000000,35.207170,0.734380
test.ca-cb.ca::00284,test.ca-cb.ca::00284,I yelled out fuck yeah when I read this,0.0,content_diversity,Ummm me too omg,Same I yelled so loud it startled my pet hamster Chad,I share your excitement,"I, too, approve of this",That makes two of us,-0.007,0.986,0.039,-0.631,-0.328,24.389993,0.801820,0.265807,6.483036,0.213130,92.205220,2.934514,0.000000,24.508811,0.780015
test.ca-cb.ca::00285,test.ca-cb.ca::00285,Who is calling horse I am on the phone,1.0,content_diversity,I think the cowboy is calling the horse XD,Why are you trying to talk to a horse on the phone lol?,Get off the phone so we can play basketball.,"I picked up the phone, it was your voice that was a little horse.",I want to call a horse on the phone.,-0.083,0.883,-0.213,-0.830,-0.381,33.175257,0.572972,0.462677,15.349412,0.265101,74.646244,0.930622,0.000000,34.537064,0.430577
test.ca-cb.ca::00286,test.ca-cb.ca::00286__row162,Do the kings like need a row really bad or something,1.0,content_diversity,It's possible but unlikely it will happen.,No way dude not at all.,Yeah I think that would be a big help.,That's the dumbest thing I've heard all day.,I think you are on to something with that!,-0.010,0.979,-0.070,-0.615,-0.245,23.299512,0.743359,0.384410,8.956570,0.285755,22.789307,1.266639,0.000000,8.760442,0.486909
test.ca-cb.ca::00286,test.ca-cb.ca::00286__row163,Do the kings like need a row really bad or something,0.0,content_diversity,I don't think that needs to happen.,In no world is that a good idea.,No way. Where are you getting this information?,Bad advice from another armchair analyst.,Nope that wouldn't help them at all now.,-0.008,0.989,-0.162,-0.592,-0.405,25.118307,0.624694,0.387494,9.733194,0.242065,53.694854,1.140286,0.000000,20.806436,0.441854
test.ca-cb.ca::00287,test.ca-cb.ca::00287,It goes for me good actually german is weird,1.0,content_diversity,Why would you think german is weird?,I have to disagree with you,I don't understand what you mean,If you say so,Whatever you say man.,-0.053,0.946,0.039,-0.721,-0.239,11.628159,0.595866,0.408975,4.755623,0.243694,29.646221,1.292364,0.000000,12.124554,0.528544
test.ca-cb.ca::00288,test.ca-cb.ca::00288,I wonder if this means well get a void monster support,0.0,content_diversity,It would be a good change that is definitely needed.,"I hope so, it would certainly make the game more interesting.","That's a good idea, we definitely need something like this.",I hope they change things up by doing this.,"That's the sort of change this game needs, and it's a good idea.",-0.044,0.931,-0.357,-0.901,-0.673,38.322529,0.770020,0.460326,17.640844,0.354460,34.581462,0.691303,0.000000,15.918735,0.318225
test.ca-cb.ca::00291,test.ca-cb.ca::00291,Not at playing obviously haven't in a long time,1.0,content_diversity,"I haven’t played the guitar in a long time either, but I plan to pick it up again soon.",It’s been awhile since I’ve played that game as well. It tends to make me cranky.,Playing sports is great cardio. You should try and pick it up again!,I enjoy playing with legos with my children at times. It gives great imagination and building skills.,I really dislike when people play games with others emotions. I don’t blame you for not putting up with that.,-0.028,0.952,-0.217,-0.725,-0.243,34.579340,0.561893,0.499282,17.264834,0.280543,80.157843,0.700562,0.000000,40.021349,0.349778
test.ca-cb.ca::00292,test.ca-cb.ca::00292,I agree I just don't want home blown up,1.0,content_diversity,Why would home be blown up?,Who's going to blow up your home?,Where is your home?,What is your home being blown up for?,I hope they don't blow it up too.,-0.043,0.931,-0.340,-0.850,-0.504,10.367463,0.455708,0.424729,4.403365,0.193553,41.056398,1.092936,0.000000,17.437853,0.464202
test.ca-cb.ca::00293,test.ca-cb.ca::00293__row168,Top reason I didnt do wrestling in high school,1.0,content_diversity,You didn't do wrestling because you don't have the toughness and mental fortitude for it.,With your physique it's probably for the best.,"Don't feel bad, everybody has their own thing they're good at.",What the hell? Nobody was even talking about wresting!,"Yeah, I heard you can get those weird puffy ears from wrestling too.",-0.011,0.982,-0.099,-0.650,-0.191,11.111705,0.302705,0.466829,5.187263,0.141311,70.343040,1.084160,0.000000,32.838148,0.506117
test.ca-cb.ca::00293,test.ca-cb.ca::00293__row169,Top reason I didnt do wrestling in high school,0.0,content_diversity,"Hey, you just do you buddy.",Every person must walk their own path.,Different strokes for different folks.,Find your own passion and follow that.,"Everybody's different, work within your skill set.",-0.006,0.981,-0.102,-0.675,-0.261,8.753966,0.353218,0.378010,3.309091,0.133520,59.955760,1.937152,0.000000,22.663906,0.732264
test.ca-cb.ca::00294,test.ca-cb.ca::00294,I don't have to you're great at it,0.0,content_diversity,What makes you think you're so bad?,How come you don't practice anymore?,I'll guarentee that you're pretty great at it.,We could practice together if you want?,I can help you be better.,-0.024,0.971,-0.175,-0.730,-0.263,26.515939,0.450726,0.433463,11.493679,0.195373,41.520338,0.964067,0.000000,17.997531,0.417887
test.ca-cb.ca::00295,test.ca-cb.ca::00295__row171,I can just go to my parents house,1.0,content_diversity,"Thats a good idea, avoid going anywhere else","No, don't go to their house",Didn't you do that last time?,"Parents are here to help, don't be afraid to ask",To be honest this is your mistake don't involve them,-0.013,0.975,-0.099,-0.719,-0.195,15.081491,0.647213,0.379847,5.728663,0.245842,57.690536,0.653917,0.000000,21.913591,0.248388
test.ca-cb.ca::00295,test.ca-cb.ca::00295__row172,I can just go to my parents house,0.0,content_diversity,That's true I get advice from them all the time,"I have to agree, more often than not they've been through what your going through","Disagree, we're grown ups. You should go somewhere",I went to mine for something everything worked out for the best,I need that wisdom I get from mine,-0.026,0.954,-0.105,-0.719,-0.338,46.588947,0.623974,0.378980,17.656256,0.236473,49.401511,1.471307,0.000000,18.722161,0.557595
test.ca-cb.ca::00296,test.ca-cb.ca::00296,I had no idea that was a thing,1.0,content_diversity,"Yes, it is most definitely a thing.",Seriously? You didn't know even though it's common knowledge?,This is my first time learning about it as well.,"It's not a thing, it must be false.",I don't even know what you're talking about.,-0.019,0.967,-0.122,-0.733,-0.334,24.181303,0.482572,0.481081,11.633157,0.232156,43.812632,1.099364,0.000000,21.077410,0.528883
test.ca-cb.ca::00299,test.ca-cb.ca::00299__row174,I am now sounds like a good time,1.0,content_diversity,Let's hope so!,I don't really care if it ends up not being one.,"I'm not going, I don't think.",When are you planning on leaving?,"I guess, I'm not sure it will be.",-0.029,0.945,-0.099,-0.661,-0.327,15.471754,0.482307,0.326254,5.047729,0.157355,45.898445,1.410492,0.000000,14.974573,0.460179
test.ca-cb.ca::00299,test.ca-cb.ca::00299__row175,I am now sounds like a good time,0.0,content_diversity,I don't think I'll be attending.,I'll probably pass on this one.,I think I'll go next time.,"This feels like a miss to me, I'll stay home.",I'm not really in the mood to go.,-0.034,0.955,-0.391,-0.723,-0.428,30.906064,0.940775,0.374838,11.584779,0.352639,81.675047,1.518980,0.000000,30.614941,0.569372
test.ca-cb.ca::00300,test.ca-cb.ca::00300,I heard that it will be in hardcore mode only,0.0,content_diversity,Did they announce this on Twitter or something?,What websites do you find these stories on?,"I thought this was just a rumor, did they confirm this?",Did they say this in a press release or something?,Was this information released when they announced the release date?,-0.040,0.944,-0.316,-0.854,-0.408,30.992674,0.667958,0.487392,15.105579,0.325557,56.847047,1.351236,0.000000,27.706792,0.658581
test.ca-cb.ca::00301,test.ca-cb.ca::00301__row177,Well hopefully it puts it back together again,1.0,content_diversity,Can't say I want that.,Oh man I sure hope so too!,And what makes you say that?,Well I think you are probably the only one.,"Nah screw it, leave it broke.",-0.015,0.976,-0.079,-0.651,-0.275,7.025309,0.177977,0.315796,2.218564,0.056204,43.725076,1.502206,0.000000,13.808199,0.474391
test.ca-cb.ca::00301,test.ca-cb.ca::00301__row178,Well hopefully it puts it back together again,0.0,content_diversity,I really hope so!,I agree with you there.,Oh yes please.,I think it would be in everyone's best interest to do that.,Thoughts and prayers that it does get put back together.,-0.014,0.976,-0.126,-0.673,-0.542,7.745293,0.919647,0.371576,2.877963,0.341718,57.019870,1.534105,0.000000,21.187202,0.570036
test.ca-cb.ca::00302,test.ca-cb.ca::00302,When I have more colors of wool I will add more,1.0,content_diversity,I have lots of colors in minecraftl,Let me know when you harvest it on your own!,You have enough colors as it is,When you do can you make me stomething?,I can give you mine if you want?,-0.030,0.950,-0.003,-0.710,-0.281,32.463560,0.842518,0.301723,9.795007,0.254207,70.867698,1.356952,0.000000,21.382425,0.409424
test.ca-cb.ca::00303,test.ca-cb.ca::00303,Is there any health risks that we know of with this,0.0,content_diversity,Nothing will happen to you if you use this.,On their website it says it's safe.,"There are no risks, no.",I've read that there are no side affects.,This is a risk-free product.,-0.012,0.970,-0.225,-0.695,-0.598,31.724584,1.033760,0.355002,11.262302,0.366987,25.048260,0.860539,0.000000,8.892191,0.305494
test.ca-cb.ca::00304,test.ca-cb.ca::00304,I can't upvote this more    seriously I can't,0.0,content_diversity,This is the best post I've seen all day.,Someone give the poster an award for this.,Two thumbs up for this post.,"This is what makes Reddit great, posters like you.","Thank you, I upvoted and added this to my favorites.",-0.026,0.956,-0.175,-0.765,-0.278,27.303437,0.835223,0.467720,12.770364,0.390651,49.856005,0.863582,0.000000,23.318652,0.403914
test.ca-cb.ca::00305,test.ca-cb.ca::00305,No he's a very caring and generous man,0.0,content_diversity,Wow...do you have to drag politics into everything?,It's sad that perceptions are based just on a few commercials and news stories.,That's because it's true!,Why should I care about this? He's just like all the others.,I don't know enough either way to make a judgement.,-0.007,0.983,-0.132,-0.692,-0.167,20.364935,0.566316,0.414882,8.449048,0.234954,80.355241,0.539681,0.000000,33.337955,0.223904
test.ca-cb.ca::00306,test.ca-cb.ca::00306,Eat more ice cream  because he says so,0.0,content_diversity,My ability to eat ice cream is superior to yours.,He does not have to tell me to eat more ice cream!,I was going to eat more anyway.,More ice cream will bring me closer to him.,What else does he say? Tell me more.,-0.067,0.910,-0.215,-0.790,-0.382,5.677513,0.157250,0.482569,2.739795,0.075884,27.163675,0.627423,0.000000,13.108361,0.302775
test.ca-cb.ca::00307,test.ca-cb.ca::00307,This beats my long house I had for my dogs,1.0,content_diversity,I agree it does,No it doesn't,I don't care what you think about the long house,"Yeah, whatever you think",I agree but it still could be better.,-0.040,0.935,-0.104,-0.690,-0.306,20.404453,1.062772,0.349323,7.127745,0.371251,52.602990,0.836821,0.000000,18.375434,0.292321
test.ca-cb.ca::00308,test.ca-cb.ca::00308,I was her personal taxi driver for 3 months,0.0,content_diversity,What happened?,Are you okay?,Did you finally have surgery?,Were you incapacitated?,"Ouch, what did you do?",-0.031,0.967,-0.331,-0.696,-0.386,20.661533,0.984691,0.261783,5.408838,0.257775,44.761462,1.271223,0.000000,11.717790,0.332785
test.ca-cb.ca::00309,test.ca-cb.ca::00309__row186,5 is guys 6 is chicks what do you have for 5,1.0,content_diversity,That sounds like fun drinking game.,Sounds boring.,You're not making any sense right now.,What is 7 then? What about 8? or 9?,"I stopped the alcohol man, I'm sober.",0.000,0.994,-0.129,-0.621,-0.140,6.960970,0.546360,0.277683,1.932946,0.151715,84.502770,1.836222,0.000000,23.465014,0.509888
test.ca-cb.ca::00309,test.ca-cb.ca::00309__row187,5 is guys 6 is chicks what do you have for 5,0.0,content_diversity,Not interested.,Waste of my time.,That does not sound fun to me.,"No thanks, man.",Why even bother with that? That's so mundane.,0.000,1.000,-0.178,-0.641,-0.600,23.876211,1.824729,0.214039,5.110432,0.390563,80.232728,1.255671,0.000000,17.172904,0.268762
test.ca-cb.ca::00310,test.ca-cb.ca::00310,Ferrari shirt you can see the disappointment in his eyes,0.0,content_diversity,"Yea, they're terrible now!",I agree! I bet his mom dressed him this morning!,Terrible team indeed!,Totally!  Did he even pay attention to their performance lately?,I could not agree more with you,-0.004,0.988,-0.032,-0.622,-0.168,45.194614,1.350861,0.294457,13.307869,0.397771,105.873728,1.323034,0.000000,31.175258,0.389577
test.ca-cb.ca::00311,test.ca-cb.ca::00311,Only problem with the game the final boss is way too overpowered,1.0,content_diversity,I thought he was kinda weak really.,Yeah I died on him several times.,That is not the only problem with the game...,They should update the game and nerf him.,I thought the boss before him was hard.,-0.040,0.937,-0.220,-0.621,-0.210,15.793981,0.389268,0.439407,6.939980,0.171047,10.043047,0.526827,0.000000,4.412982,0.231491
test.ca-cb.ca::00312,test.ca-cb.ca::00312,Anyone whos had a bad comic published it could be your turn,0.0,content_diversity,"That's true, look at the blockbusters.",It's what the people like.,At least they're making something worth watching.,Sometimes bad comics make the best movies.,I'd do it if I could make a ton of money.,-0.012,0.983,-0.236,-0.710,-0.282,20.461826,0.525248,0.355984,7.284079,0.186980,32.705863,1.086812,0.000000,11.642758,0.386887
test.ca-cb.ca::00314,test.ca-cb.ca::00314__row191,Is there a sub or site specifically for dancing,1.0,content_diversity,"No, on the entire internet there isn't a single place to talk about dancing.",Have you ever heard about Google?,I think my favorite is probably r/dance,What sort of dancing are you looking for?,"Do you want to watch dance videos, or do you want to learn to dance?",-0.016,0.950,-0.118,-0.794,-0.296,26.464497,0.843002,0.439547,11.632377,0.370539,63.070636,1.111833,0.000000,27.722478,0.488702
test.ca-cb.ca::00314,test.ca-cb.ca::00314__row192,Is there a sub or site specifically for dancing,0.0,content_diversity,"You know, you could try searching Google before you asked here.",Why don't you try looking at the top search results online?,You should try looking it up like everybody else here did.,Learn to use the internet and search for yourself.,Why are you asking us when you have access to the internet?,-0.036,0.944,-0.197,-0.860,-0.453,50.720867,0.907513,0.430118,21.815982,0.390338,43.572028,0.698327,0.000000,18.741134,0.300363
test.ca-cb.ca::00316,test.ca-cb.ca::00316__row193,Well the computers at my schools are potatoes so I can't,1.0,content_diversity,That's why I bring my own.,That sucks :(,Tax dollars hard at work.,I don't even think we had computers when I was your age.,This is why we need to fund education more.,-0.009,0.977,-0.103,-0.649,-0.086,28.905496,1.307110,0.293160,8.473922,0.383192,31.833884,1.859858,0.000000,9.332407,0.545235
test.ca-cb.ca::00316,test.ca-cb.ca::00316__row194,Well the computers at my schools are potatoes so I can't,0.0,content_diversity,I can sympathize.,That must be frustrating.,Aww I feel for you.,I know the feeling.,Brings back memories for me.,-0.019,0.971,-0.205,-0.717,-0.391,26.594627,1.493267,0.257908,6.858977,0.385126,31.939014,1.173948,0.000000,8.237339,0.302771
test.ca-cb.ca::00318,test.ca-cb.ca::00318__row195,But in his boxers is his cum already,1.0,content_diversity,he is too old for nocturnal emmissions,was there a lot of porn?,he must masturbate a lot,he is saving it for later,"well, if the doctor needs a stool, urine, and semen sample, he can just send his boxers.",-0.042,0.950,-0.098,-0.612,-0.172,-31.007742,0.279843,0.348379,-10.802434,0.097491,178.298569,1.357699,0.000000,62.115408,0.472993
test.ca-cb.ca::00318,test.ca-cb.ca::00318__row196,But in his boxers is his cum already,0.0,content_diversity,he is too old for nocturnal emissions,was there a lot of porn?,he must masturbate a lot,he is saving it for later,boys will be boys,-0.032,0.933,-0.094,-0.582,-0.210,15.208090,0.550565,0.346519,5.269885,0.190781,49.627731,1.669619,0.000000,17.196929,0.578554
test.ca-cb.ca::00319,test.ca-cb.ca::00319__row197,And wed still win more games than the lions,1.0,content_diversity,Are you sure about that? Look at the stats.,You know it! Our team has done so good this year!,Who cares? All that matters is the team who wins the championship.,"Doesn't matter to me, sports aren't my thing.",You are wrong! The lions have an amazing team this year.,-0.012,0.976,-0.206,-0.772,-0.219,33.879417,0.637470,0.447798,15.171123,0.285457,37.470783,0.790385,0.000000,16.779328,0.353933
test.ca-cb.ca::00319,test.ca-cb.ca::00319__row198,And wed still win more games than the lions,0.0,content_diversity,"I believe it, we've been on a winning streak this year.","Correct, as long as our key players keep it up.",I agree. They've trained hard this season.,Absolutely. Keep up the good work team!,Yes! We WILL make it to the Superbowl this year.,-0.019,0.959,-0.283,-0.736,-0.568,23.918092,0.628737,0.398331,9.527329,0.250446,51.590452,1.012646,0.000000,20.550101,0.403369
test.ca-cb.ca::00320,test.ca-cb.ca::00320,The same amount of hairs maybe not the same amount of hair,0.0,content_diversity,Make up your mind.,Figure it out.,Be more clear.,What are you saying?,That doesn't help at all.,0.000,1.000,-0.183,-0.699,-0.322,14.809156,1.160337,0.289912,4.293349,0.336396,20.531324,1.101232,0.000000,5.952273,0.319260
test.ca-cb.ca::00321,test.ca-cb.ca::00321__row200,God damnit west ham I was counting on you,1.0,content_diversity,Way to go westham.,I know they could do it.,That is the way to get it done.,Way to show them.,I am so proud of my hometeam.,-0.030,0.957,-0.278,-0.707,-0.406,29.360716,1.464635,0.268452,7.881954,0.393185,45.168373,0.839056,0.000000,12.125558,0.225247
test.ca-cb.ca::00321,test.ca-cb.ca::00321__row201,God damnit west ham I was counting on you,0.0,content_diversity,Way to lose my support.,You let me down.,What a letdown west ham is.,I was disappointed with their performance.,"I was hoping for result from west ham, now i feel so let down.",-0.014,0.965,-0.250,-0.715,-0.578,5.216739,0.718284,0.330489,1.724073,0.237385,88.879065,2.088837,0.000000,29.373519,0.690337
test.ca-cb.ca::00322,test.ca-cb.ca::00322,Et  used to have nightmares about it as a kid,0.0,content_diversity,ET is a fictional character.,"It was just a movie, not a documentary or reality.",Aliens don't exist.,Fake creatures don't dream.,"A film producer made ET up, nevertheless, it was a good film.",-0.020,0.959,-0.186,-0.632,-0.262,14.852118,1.057025,0.296100,4.397711,0.312985,112.124021,1.737475,0.000000,33.199915,0.514466
test.ca-cb.ca::00323,test.ca-cb.ca::00323,I always heard doggy was the best position for that,0.0,content_diversity,That totally true.,"That is what I have heard, too.","Yes, that worked for us.",I couldn't agree more,"Came here to say this, you are totally right.",-0.012,0.979,-0.080,-0.687,-0.538,10.060184,0.852470,0.309326,3.111876,0.263691,63.116564,1.533749,0.000000,19.523594,0.474428
test.ca-cb.ca::00324,test.ca-cb.ca::00324,So what did I miss in the first 20 minutes,0.0,content_diversity,Not much.,It was pretty dull.,"Blah, you didn't miss anything.",Not anything that important.,"Very little, it was uneventful.",-0.016,0.970,-0.234,-0.707,-0.554,29.005839,1.275827,0.281615,8.168477,0.359292,39.001675,0.767720,0.000000,10.983453,0.216201
test.ca-cb.ca::00325,test.ca-cb.ca::00325,In that case gravity it's still only a theory isn't it,0.0,content_diversity,It's the only explanation we got.,There aren't any other theories to lean on.,I guess it is better than nothing.,Something is always better.,I haven't heard any other explanation.,-0.023,0.954,-0.213,-0.740,-0.434,29.094913,0.912852,0.394120,11.466882,0.359773,31.696465,1.092599,0.000000,12.492206,0.430615
test.ca-cb.ca::00326,test.ca-cb.ca::00326__row206,You're in highschool where thats still something you can feel proud of,1.0,content_diversity,Highschool isn't that big of a deal,"Yea, being in highschool is something to be proud of",I am in college so this isn't relevent to me,"I disagree, college is someything to be more proud of",I never went to highschool so I wouldn't know.,-0.049,0.921,-0.182,-0.778,-0.381,36.839734,0.793030,0.477158,17.578387,0.378401,61.457020,0.955106,0.000000,29.324730,0.455737
test.ca-cb.ca::00326,test.ca-cb.ca::00326__row207,You're in highschool where thats still something you can feel proud of,0.0,content_diversity,Anyone can get into highschool,Highschool isn't that important,Don't see what is special about highschool,Highschool is overrated,Too much focus on highschool when it means so little.,-0.019,0.972,-0.232,-0.914,-0.522,12.272943,0.705344,0.431832,5.299853,0.304590,88.293294,1.159930,0.000000,38.127893,0.500895
test.ca-cb.ca::00327,test.ca-cb.ca::00327,Ii didnt know they could bend like that,1.0,content_diversity,"They're gymnasts, of course they can bend.",Anything can bend if it gets hot enough.,They can only bend so many times before they fail.,"I know, I thought they would break first.","What did you expect, for them to stay straight indefinitely?",-0.024,0.962,-0.083,-0.739,-0.354,14.588731,0.396235,0.485194,7.078365,0.192251,17.279893,0.513398,0.000000,8.384101,0.249098
test.ca-cb.ca::00328,test.ca-cb.ca::00328__row209,At least you wake up every day thats always a good thing,1.0,content_diversity,"Yay me, I guess.",I prefer to wake up every other day.,Now if I could just sleep every day.,Is it though?,"Not me, I'm currently in a coma.",-0.018,0.967,-0.167,-0.696,-0.241,6.649572,0.292635,0.293771,1.953450,0.085968,24.768948,2.411576,0.000000,7.276394,0.708451
test.ca-cb.ca::00328,test.ca-cb.ca::00328__row210,At least you wake up every day thats always a good thing,0.0,content_diversity,I don't get enough sleep,I'm wish I could afford to sleep in.,"My schedule is so messed up, I'm lucky to get a nap in before heading back to work.",It seems like my newborn knows the exact second I decide to close my eyes.,I swear my neighbors upstairs are running a gym every night around bedtime.,-0.032,0.956,-0.180,-0.704,-0.323,18.460954,0.355279,0.435012,8.030733,0.154550,123.310802,0.995251,0.000000,53.641652,0.432946
test.ca-cb.ca::00329,test.ca-cb.ca::00329,Looks like it was none of your business     I'm sorry,1.0,content_diversity,Looks like I just made it my business.,I was there when it happened so that makes it my business.,Maybe it wasn't any of my business. I'm sorry also.,"No, I guess it wasn't my business.",I'm sorry also that you see it that way.,-0.102,0.872,-0.295,-0.852,-0.338,25.847245,0.530784,0.492460,12.728734,0.261390,30.417881,0.520938,0.000000,14.979589,0.256541
test.ca-cb.ca::00330,test.ca-cb.ca::00330__row212,Scottish  pretty much anything  totally not biased at all because I'm scottish,1.0,content_diversity,Scottish is so biased.,Scottish is unfair.,Look at how biased they are.,They are so biased that they took away the meaning of the word fair in the dictionary.,There is nothing fair about scottish.,-0.046,0.926,-0.373,-0.842,-0.494,42.939890,1.315186,0.375629,16.129470,0.494022,86.848091,0.635688,0.000000,32.622666,0.238783
test.ca-cb.ca::00330,test.ca-cb.ca::00330__row213,Scottish  pretty much anything  totally not biased at all because I'm scottish,0.0,content_diversity,They are so biased.,That is just really biased.,Why is Scottish so biased.,Scottish is biased in a way you have not seen before.,Scottish is the epitome of biases.,-0.062,0.927,-0.452,-0.907,-0.606,26.247131,0.861071,0.355664,9.335169,0.306252,42.843707,0.659825,0.000000,15.237980,0.234676
test.ca-cb.ca::00331,test.ca-cb.ca::00331__row214,Sorry I thought it was a pretty good approach,1.0,content_diversity,"It was, until it wasn't!","You're fine, you're idea is actually excellent.",We never criticized you,What do you mean?,"Your approach isn't bad, but we need to look at this in a different way",-0.005,0.994,0.012,-0.633,-0.259,3.417887,0.674131,0.367269,1.255285,0.247587,72.924577,1.534293,0.000000,26.782950,0.563499
test.ca-cb.ca::00331,test.ca-cb.ca::00331__row215,Sorry I thought it was a pretty good approach,0.0,content_diversity,"The idea has a basis, and we can expand upon that",From more perspectives we'll be able to take what works from it,"Some works, some isn't quite enough",In a sense there is plenty we can use from it,I know; you'll see from our collaboration which aspects succeed,-0.017,0.967,-0.085,-0.816,-0.533,31.334337,0.945497,0.325540,10.200567,0.307797,81.897650,1.050757,0.000000,26.660926,0.342063
test.ca-cb.ca::00332,test.ca-cb.ca::00332__row216,Tell you what is a bit more common here in texas,1.0,content_diversity,The hot weather here is something to talk about,I enjoy the Live music concerts,I love how it gets cold at night,I enjoy watching the midnight skies,"Texas is not a place to live in, its too boring",-0.024,0.964,-0.152,-0.673,-0.219,17.728422,0.721132,0.376169,6.668876,0.271267,44.718334,0.947647,0.000000,16.821635,0.356475
test.ca-cb.ca::00332,test.ca-cb.ca::00332__row217,Tell you what is a bit more common here in texas,1.0,content_diversity,What's a bit more common?,I don't think it is.,It's more common in California!,I bet you will tell us ;),"You're right, it is more common",-0.035,0.940,-0.141,-0.717,-0.307,28.078302,1.066146,0.351585,9.871923,0.374842,53.415356,2.246135,0.000000,18.780063,0.789708
test.ca-cb.ca::00333,test.ca-cb.ca::00333,I have no idea what I'm reading but I am hype,0.0,content_diversity,Really? It makes perfect sense to me.,"I understood it just fine, not sure what your problem is.",I don't understand what part you're not getting.,It's pretty simple if you think about it.,"Read it again, it's straightforward.",-0.014,0.974,-0.188,-0.785,-0.433,40.001166,0.843018,0.436050,17.442496,0.367598,27.824327,0.433946,0.000000,12.132789,0.189222
test.ca-cb.ca::00334,test.ca-cb.ca::00334,Is it the most interesting room in the world,1.0,content_diversity,"""Interesting"" is such a vague and subjective descriptor that there is no way to answer this accurately.",I can't imagine anybody making a room more interesting than this.,"In the world? No. On the continent, maybe.","No, come to New Orleans and we'll show you the most interesting room in the world.",It's really amazing but I feel like to qualify as the most interesting room in the world it would have to be executed a little more smoothly.,-0.055,0.891,-0.138,-0.765,-0.302,-8.294830,0.390318,0.539331,-4.473660,0.210511,114.578855,0.596875,0.000000,61.795950,0.321913
test.ca-cb.ca::00335,test.ca-cb.ca::00335,I smile back ya you want to actually get something to eat,0.0,content_diversity,"I roll my eyes, I guess I could go for some chicken","Still smiling, I say nothing but just wink at you","Raising my eyebrows a few times, I point to the KFC down the road",I start laughing yeah sounds good bro,"I say sure, I'm in the mood for a chicken sandwich",-0.042,0.948,-0.114,-0.705,-0.243,46.493371,0.847084,0.428052,19.901604,0.362597,54.052664,1.232239,0.000000,23.137378,0.527463
test.ca-cb.ca::00336,test.ca-cb.ca::00336__row221,Is there anywhere I can buy this I really want this,1.0,content_diversity,This product isn't available any longer.,Unfortunately there's no way to purchase this anymore.,"I wouldn't be able to tell you where to get one, they're hard to find these days.","I can't find one of these either and I've been looking everywhere, they must be sold out.",I've called around and they are unavailable at most stores.,-0.013,0.966,-0.226,-0.782,-0.542,35.404559,0.443340,0.518142,18.344595,0.229713,75.352309,0.679374,0.000000,39.043207,0.352013
test.ca-cb.ca::00336,test.ca-cb.ca::00336__row222,Is there anywhere I can buy this I really want this,0.0,content_diversity,I found them on Ebay!,I was able to find this product on an auction site but it wasn't cheap.,I've heard you can find them online but they're rare and they are priced accordingly.,"Try looking online, I've had some friends who had some luck.","I found one for you, send me a message and I can forward you the link.",-0.026,0.948,-0.287,-0.754,-0.369,43.792799,0.683274,0.429214,18.796474,0.293271,69.798854,0.998018,0.000000,29.958631,0.428363
test.ca-cb.ca::00338,test.ca-cb.ca::00338,Yes but has your shower ever won an argument mine usually loses,1.0,content_diversity,My shower is undefeated in arguments.,Who argues with their shower?,I don't like arguing with my shower because my toilet will jump in too.,You are right.  My shower is terrible at arguing.,How often do you argue with your shower?,-0.036,0.935,-0.302,-0.959,-0.598,51.201878,1.000823,0.457375,23.418449,0.457751,69.764254,0.859054,0.000000,31.908412,0.392910
test.ca-cb.ca::00339,test.ca-cb.ca::00339,I was really hoping he would sober up for metallica,0.0,content_diversity,Can you explain why anyone would sober up for Metallica?,Metallica for the WIN!,"Metallica sober, really?",What gives you the idea Metallica is going to be the thing that he will be sober for?,"Yeah, He wants to ruin a perfect time by being sober, get over yourself.",-0.025,0.959,-0.127,-0.856,-0.497,-7.541011,0.533318,0.368961,-2.782336,0.196773,136.584813,1.378301,0.000000,50.394414,0.508539
test.ca-cb.ca::00350,test.ca-cb.ca::00350,A cat and a stack of books you're my kind of person,0.0,content_diversity,That is very kind of you!,Oh? Who doesn't love books and cats!,"Thanks, more of us around than you may realize!",I appreciate that comment!,"Thanks, right back at you!",-0.009,0.981,0.026,-0.729,-0.423,40.028997,0.978388,0.374106,14.975088,0.366021,67.412715,0.994764,0.000000,25.219501,0.372147
test.ca-cb.ca::00351,test.ca-cb.ca::00351__row226,I really hope you guys make your goal,1.0,content_diversity,I couldn't care less what the outcome is.,I hope you fail miserably.,I'm going to pray that you don't reach that goal.,Is there anything less important?,I have better things to worry about.,-0.017,0.966,-0.147,-0.727,-0.389,24.854629,0.638933,0.429343,10.671166,0.274321,35.454318,0.858676,0.000000,15.222071,0.368667
test.ca-cb.ca::00351,test.ca-cb.ca::00351__row227,I really hope you guys make your goal,0.0,content_diversity,I don't care about this at all.,I have other problems more important.,So what if you do ?,No interest either way.,It makes no difference to me.,-0.003,0.993,-0.135,-0.668,-0.344,33.402030,1.475570,0.306555,10.239555,0.452343,35.582764,1.621403,0.000000,10.908070,0.497049
test.ca-cb.ca::00353,test.ca-cb.ca::00353,Really depends on how deep the league is,1.0,content_diversity,"That's true, the dept of the league is important","No, depth of the league has nothing to do with it.",I think superstars are more important than league depth.,He says as if he understands how the league works...,Are we even watching the same league?,-0.048,0.936,-0.269,-0.878,-0.253,28.484811,0.429978,0.457767,13.039404,0.196830,44.568484,0.783629,0.000000,20.401978,0.358720
test.ca-cb.ca::00354,test.ca-cb.ca::00354__row229,If you're ready now I'm good to go,1.0,content_diversity,"Yeah, I'm ready now.","Nope, not ready.",I don't want to go.,Good to go and do what?,Are you sure you are ready?,-0.018,0.956,-0.241,-0.764,-0.274,18.260937,1.074254,0.328662,6.001685,0.353067,26.107692,1.215894,0.000000,8.580619,0.399619
test.ca-cb.ca::00354,test.ca-cb.ca::00354__row230,If you're ready now I'm good to go,0.0,content_diversity,"Cool, lets go.","Alright then, lets do this.",I'm ready too.,"Good, I can't wait.",Definitely ready.,-0.013,0.976,-0.318,-0.762,-0.605,19.278337,1.047422,0.249931,4.818247,0.261783,14.388942,0.791229,0.000000,3.596238,0.197752
test.ca-cb.ca::00355,test.ca-cb.ca::00355,Worse comes to worst bad lt worse lt worst get it,0.0,content_diversity,Can anyone translate this for me?,I think there's a profound message in there somewhere.,Reading this more than once will make my head explode.,What language is this?,Is your spell check not working?,-0.003,0.994,-0.083,-0.658,-0.283,27.639997,0.549415,0.443237,12.251067,0.243521,56.261529,0.968780,0.000000,24.937186,0.429399
test.ca-cb.ca::00356,test.ca-cb.ca::00356__row232,Low prices attract low income and low income typically means low class,1.0,content_diversity,this is rascist,there's no such thing as low class,low prices are great,low class is better than high class,move out,-0.022,0.945,-0.105,-0.656,-0.266,20.044929,-0.028491,0.274158,5.495482,-0.007811,15.862171,4.645627,0.000000,4.348745,1.273637
test.ca-cb.ca::00356,test.ca-cb.ca::00356__row233,Low prices attract low income and low income typically means low class,0.0,content_diversity,i would want to pay lower prices,the cheaper the better,low prices mean more money in your pocket,low costs make for more room to do other stuff,low cost means more people can enjoy it,-0.019,0.962,-0.165,-0.804,-0.666,29.267489,0.769174,0.378414,11.075223,0.291066,56.010215,1.206449,0.000000,21.195040,0.456537
test.ca-cb.ca::00357,test.ca-cb.ca::00357,Find germany big brother season 6  it lasted almost a year,0.0,content_diversity,I don't like reality shows like that.,I don't like television shows like that.,I don't like that show.,I hate Big Brother!,I don't watch reality television.,-0.158,0.783,-0.592,-0.828,-0.564,31.057666,1.203178,0.364025,11.305758,0.437986,22.628810,1.686409,0.000000,8.237446,0.613894
test.ca-cb.ca::00358,test.ca-cb.ca::00358__row235,I entered my name the lets play button doesn't work,1.0,content_diversity,Did you try refreshing the page?,Maybe you don't know how to work a button :),Sucks to be you.,Are you sure you entered your name correctly?,It works fine for me.,-0.028,0.970,-0.117,-0.674,-0.141,24.258013,0.912627,0.424385,10.294742,0.387305,61.744883,1.642767,0.000000,26.203614,0.697166
test.ca-cb.ca::00358,test.ca-cb.ca::00358__row236,I entered my name the lets play button doesn't work,0.0,content_diversity,Double check your spelling.,Is the name right?,Look at the name again.,Maybe you forgot your user name.,Are you sure you can spell your name?,-0.037,0.939,-0.222,-0.822,-0.359,23.361968,1.083465,0.372562,8.703785,0.403658,25.138379,0.786144,0.000000,9.365608,0.292888
test.ca-cb.ca::00360,test.ca-cb.ca::00360,Guess you and I are alone in a big city lol,1.0,content_diversity,"well, it depends on how you look at it","lool, i think you are alone on this",do you think i don't have anyone else here?,"i think so, but i will get used to it","it can be fun, if you want it to",-0.050,0.933,-0.096,-0.711,-0.336,31.986883,0.744627,0.405954,12.985205,0.302284,46.134716,1.278198,0.000000,18.728575,0.518890
test.ca-cb.ca::00361,test.ca-cb.ca::00361,Religion is rules and rhetoric faith is a relationship,0.0,content_diversity,"Wait, what are you talking about?",Could you elaborate on that just a bit?,I don't get what you're talking about.,"I'm sorry, I don't know what that's supposed to mean.","Whatever you say, buddy.",-0.029,0.953,-0.089,-0.744,-0.380,28.366679,0.614892,0.427364,12.122890,0.262783,24.681398,0.943227,0.000000,10.547935,0.403101
test.ca-cb.ca::00363,test.ca-cb.ca::00363__row239,No walking shoes means no walks he made a huge mistake,1.0,content_diversity,You don't need walking shoes to walk.,What huge mistake would that be?,Is that supposed to be clever?,"No postage stamps means no posting, you made a huge mistake.",This guy knows what's up.,-0.014,0.970,-0.087,-0.586,-0.204,20.873642,0.422014,0.416344,8.690617,0.175703,62.187424,1.391508,0.000000,25.891364,0.579346
test.ca-cb.ca::00363,test.ca-cb.ca::00363__row240,No walking shoes means no walks he made a huge mistake,0.0,content_diversity,You realize you can walk without walking shoes.,Since when did someone need walking shoes to walk?,"I walked without shoes just last night, your post is a huge mistake.",Shoes aren't the reason he had no walks.,"So without running shoes, he couldn't have any runs?",-0.020,0.970,-0.248,-0.930,-0.593,31.613391,0.541570,0.448454,14.177153,0.242869,57.443898,0.819904,0.000000,25.760949,0.367689
test.ca-cb.ca::00364,test.ca-cb.ca::00364,Were not all screaming queens some of us are just normal guys,0.0,content_diversity,You are brave for saying this.,Thank you!,"Agreed, some of us are just ordinary.",You speak what most people are thinking.,Can't disagree with that at all.,-0.012,0.979,-0.104,-0.691,-0.319,23.176624,0.860714,0.326564,7.568663,0.281078,36.650375,1.230292,0.000000,11.968711,0.401770
test.ca-cb.ca::00365,test.ca-cb.ca::00365__row242,I'm a girl but it's all good either way,1.0,content_diversity,"well, if you say so then",you really look like a boy,one would have assumed wrongly though,can you show us a proff?,this is getting interesting.,-0.013,0.979,0.063,-0.610,-0.239,27.082832,0.842989,0.335171,9.077392,0.282546,51.144469,1.771970,0.000000,17.142166,0.593914
test.ca-cb.ca::00365,test.ca-cb.ca::00365__row243,I'm a girl but it's all good either way,0.0,content_diversity,i get that a lot from people.,"well, that is based on your assumptions",does that change the fact that i am a girl?,you must be kidding me,every girl once looked like a boy so i'm not surprised.,-0.020,0.970,-0.005,-0.640,-0.180,4.281133,0.446556,0.404988,1.733809,0.180850,85.825815,0.598115,0.000000,34.758465,0.242230
test.ca-cb.ca::00366,test.ca-cb.ca::00366,To my husband hey I just changed the sheets ahhh romance,0.0,content_diversity,"Please, there are some people who don't need to know!",Truely don't think you need to advertise about it though!,Why do you feel it is necessary to tell the whole entire world about your sex life?,Try to keep this only between you and your partner for God's sake.,"Hide those raunchy sexual romance thoughts to yourself lady, no one is taking notes about it.",-0.039,0.951,-0.100,-0.716,-0.243,-7.080436,0.098550,0.409401,-2.898735,0.040346,179.291541,1.471599,0.000000,73.402068,0.602473
test.ca-cb.ca::00367,test.ca-cb.ca::00367__row245,I'm in the trade room already so I can trade now,1.0,content_diversity,What are you going to trade?,There are no good trades to do now,Wait for me,I don't have anything to trade with you,What do you have to trade,-0.045,0.928,-0.216,-0.807,-0.377,25.867899,1.334907,0.395576,10.232709,0.528057,45.175868,1.752899,0.000000,17.870469,0.693404
test.ca-cb.ca::00367,test.ca-cb.ca::00367__row246,I'm in the trade room already so I can trade now,0.0,content_diversity,What is in your inventory,What are your top trades,Anything your wanting to get rid of?,What is there to trade,Trading what?,-0.035,0.939,-0.090,-0.805,-0.378,28.631146,0.650035,0.329577,9.436165,0.214237,39.877701,2.137566,0.000000,13.142769,0.704492
test.ca-cb.ca::00368,test.ca-cb.ca::00368__row247,Thats it I was trying to think of the pineapple,1.0,content_diversity,Pineapples are really delicious.,I'd rather eat anything else than a pineapple.,"Whenever I think of a pineapple, I think of Spongebob.",Do pineapples grow on trees or bushes?,I can't believe you couldn't think of the pineapple.,-0.018,0.933,-0.114,-0.928,-0.542,37.003970,0.869241,0.498339,18.440516,0.433177,29.641545,0.320651,0.000000,14.771533,0.159793
test.ca-cb.ca::00368,test.ca-cb.ca::00368__row248,Thats it I was trying to think of the pineapple,0.0,content_diversity,"I love pineapple, it's my favorite food!",Nothing beats the taste of fresh pineapple.,"Pineapple is the best, it goes on everything.",The only thing better than pineapple is pineapple juice.,I wish I had a pineapple tree so I could eat them whenever I wanted.,-0.019,0.961,-0.253,-0.932,-0.608,32.468612,0.765348,0.517385,16.798775,0.395980,32.903676,0.588963,0.000000,17.023871,0.304721
test.ca-cb.ca::00370,test.ca-cb.ca::00370__row249,Feminists are known for their thick skin and awesome wit,1.0,content_diversity,Feminists are also known for being insufferable.,The world needs more feminists,"Their awesome wit consists of making the same, boring jokes.",They're also beautiful and caring and amazing.,"Yeah, okay, let's not pretend feminists are so perfect.",-0.008,0.979,-0.095,-0.718,-0.240,23.399319,0.502880,0.451145,10.556482,0.226872,81.673982,1.018078,0.000000,36.846794,0.459301
test.ca-cb.ca::00370,test.ca-cb.ca::00370__row250,Feminists are known for their thick skin and awesome wit,0.0,content_diversity,Feminism is such an important thing today.,Everybody should have women's rights as a priority.,Believing in equality is feminism.,Advocating for women is something everyone should do.,There's never enough feminists.,-0.012,0.981,-0.280,-0.846,-0.549,36.866517,0.781308,0.390999,14.414776,0.305491,24.613458,0.622536,0.000000,9.623840,0.243411
test.ca-cb.ca::00373,test.ca-cb.ca::00373__row251,I always knew dr pepper was the drink of the gods,1.0,content_diversity,What is dr pepper?,I knew it too!,Who told you that dr pepper is the drink of the gods?,Coke is way better.,I don't care about dr pepper.,-0.028,0.945,-0.148,-0.668,-0.257,29.063916,1.217566,0.316388,9.195478,0.385224,25.847672,1.886279,0.000000,8.177897,0.596796
test.ca-cb.ca::00373,test.ca-cb.ca::00373__row252,I always knew dr pepper was the drink of the gods,0.0,content_diversity,Dr who?,I never heard of dr pepper before.,Is that really a type of drink?,Where can I find out more about dr pepper?,Where can I get some of that drink?,-0.037,0.922,-0.135,-0.745,-0.343,26.902590,0.825714,0.272460,7.329870,0.224974,14.471485,5.318378,0.000000,3.942896,1.449044
test.ca-cb.ca::00374,test.ca-cb.ca::00374,Oh my god I am totally taking that link lol d,0.0,content_diversity,it feels really surreal,"you should try it out ntoo, its amazing",what do you want to know about it?,maybe we should check it out together,i like the fact that you can do so much with it...,-0.034,0.953,-0.138,-0.714,-0.339,18.874164,0.675810,0.384177,7.251016,0.259631,63.917116,1.390340,0.000000,24.555473,0.534136
test.ca-cb.ca::00375,test.ca-cb.ca::00375,Til that harper is literally hitler to canadians,1.0,content_diversity,"Why would you say that, he just has a different few point then previous prime ministers.",I don't think calling him Hitler is very nice.,Did he murder jews? I don't believe so.,"That's a bit harsh, what makes you say that?","I totally agree, I can't believe he got elected.",-0.030,0.952,-0.154,-0.709,-0.259,18.306016,0.528606,0.456354,8.354021,0.241231,96.297296,0.632560,0.000000,43.945641,0.288671
test.ca-cb.ca::00377,test.ca-cb.ca::00377,The heat would heat causes all sorts of bad for paint,0.0,content_diversity,"I just painted near heat, and everything turned out fine.",The paint directions say you can use it in hot weather.,It shouldn't be a problem for you.,I think its safe to say that you wont have any problems.,I can personally attest to the fact that you can paint near heat.,-0.031,0.946,-0.240,-0.787,-0.412,40.298155,0.905572,0.452278,18.225972,0.409570,33.083094,0.598285,0.000000,14.962759,0.270591
test.ca-cb.ca::00378,test.ca-cb.ca::00378,In that case suggestions of murder are usually downvoted,0.0,content_diversity,I see it all the time.,That is usually the situation here.,They almost are always downvoted.,I agree. Happens very often.,I agree. Its pretty par for the course.,-0.026,0.959,-0.287,-0.695,-0.419,11.005170,0.452860,0.353180,3.886801,0.159941,37.409897,0.565325,0.000000,13.212411,0.199661
test.ca-cb.ca::00379,test.ca-cb.ca::00379,Has nothing to do with anything I said,0.0,content_diversity,I can understand how it could be confusing.,What would help you understand?,Can you help me out by letting me know what was not clear?,You are right that was not clear.,Let me think about how to respond so it makes sense.,-0.018,0.959,-0.143,-0.814,-0.475,33.437479,0.911820,0.430154,14.383276,0.392223,46.906417,0.485223,0.000000,20.176998,0.208721
test.ca-cb.ca::00380,test.ca-cb.ca::00380,Huh neat  never heard of that  good luck,1.0,content_diversity,thanks for good wishes,if you hear anything let me know,I can tell you more if you want to know,you're heard of it you just don't want to help,it's really popular i'm surprised you haven't heard of it.,-0.044,0.918,0.002,-0.771,-0.241,15.064525,0.540423,0.405775,6.112802,0.219290,61.018635,1.318341,0.000000,24.759813,0.534949
test.ca-cb.ca::00381,test.ca-cb.ca::00381__row259,I don't live in an apartment or listen to death metal,1.0,content_diversity,I live in a house and listen to classical music.,My favorite place to live is in the countryside.,Who cares where you live or what you listen to?,What kind of job do you have?,I think you're lying.,-0.019,0.960,-0.203,-0.675,-0.115,14.753950,0.163747,0.502504,7.413917,0.082284,24.363674,1.337753,0.000000,12.242840,0.672226
test.ca-cb.ca::00381,test.ca-cb.ca::00381__row260,I don't live in an apartment or listen to death metal,0.0,content_diversity,No one is interested in that information.,That means nothing to me.,What difference does it make?,So what?,I don't really need to know that.,-0.006,0.985,-0.197,-0.683,-0.435,17.905277,1.276323,0.342011,6.123810,0.436517,31.679693,1.269916,0.000000,10.834817,0.434326
test.ca-cb.ca::00382,test.ca-cb.ca::00382,Thats correct as faith is knowledge in the lack of information,0.0,content_diversity,Not sure of that.,Are you positive?,I think you should learn a bit more.,Do you know what you are talking about?,I'll have to look more into it.,-0.019,0.973,-0.144,-0.677,-0.434,18.949471,0.689267,0.382424,7.246725,0.263592,27.195674,1.526424,0.000000,10.400267,0.583741
test.ca-cb.ca::00383,test.ca-cb.ca::00383,Radiohead  fake plastic trees  and if I could be who you wanted,1.0,content_diversity,what are the other options we have?,i do believe you possess some qualities though.,what are the pros and cons of your offers,do you want me to dwell on that?,is this the best we can get?,-0.030,0.945,-0.185,-0.689,-0.392,29.454759,0.627711,0.370075,10.900457,0.232300,64.446773,1.045579,0.000000,23.850112,0.386942
test.ca-cb.ca::00384,test.ca-cb.ca::00384,Troll skyrim isn't too complicated for you morrowind is,0.0,content_diversity,Everyone can confirm this,You're very correct,It's undeniable,That's a fact,It's completely true,-0.008,0.787,-0.213,-0.690,-0.797,34.622998,2.227911,0.249098,8.624504,0.554967,28.796835,1.096309,0.000000,7.173221,0.273088
test.ca-cb.ca::00385,test.ca-cb.ca::00385,I said a glass of juice not gas the jews  taylor swift,0.0,content_diversity,Sounded like jews instead of juice.,I misheard what you said.,I heard otherwise.,I didn't hear correctly.,"I heard one thing, you said another.",-0.048,0.932,-0.248,-0.772,-0.460,18.078465,1.065261,0.320304,5.790611,0.341208,43.421287,1.193413,0.000000,13.908027,0.382255
test.ca-cb.ca::00387,test.ca-cb.ca::00387,Wheres my gold guys I want it to buy skittles,0.0,content_diversity,I've got some gold for you!,"Take this, and go buy skittles.","Just awarded you, enjoy!","Gold for everyone, skittles for all!",Please enjoy this generous internet gift.,-0.009,0.979,-0.089,-0.711,-0.269,17.789529,0.902193,0.329193,5.856188,0.296996,52.567679,1.427968,0.000000,17.304910,0.470077
test.ca-cb.ca::00388,test.ca-cb.ca::00388__row266,Moved to japan eh get ready for 100 crit orange maps l,1.0,content_diversity,I have no idea what you are talking about here.,Japan is a nice place.,I'd say more like 200 crit orange maps!,Do you know Japanese?,What did you move to Japan for?,-0.013,0.982,-0.073,-0.691,-0.173,34.655950,1.267630,0.349137,12.099680,0.442577,34.797975,0.829772,0.000000,12.149267,0.289704
test.ca-cb.ca::00388,test.ca-cb.ca::00388__row267,Moved to japan eh get ready for 100 crit orange maps l,0.0,content_diversity,What is a crit orange map?,Huh? I'm very confused here.,You are not making any sense.,What do you mean?,Care to elaborate?,-0.004,0.992,-0.044,-0.706,-0.374,32.357747,1.318077,0.262820,8.504247,0.346416,40.294687,1.161853,0.000000,10.590230,0.305358
test.ca-cb.ca::00389,test.ca-cb.ca::00389__row268,What kind of victory do you usually go for with them,1.0,content_diversity,I like to go for the epic victory royale.,I dab on them.,I try to try my hardest.,I keep at it until I win!,Anything it takes to get the win.,-0.038,0.945,-0.254,-0.697,-0.384,20.999548,1.159774,0.226296,4.752104,0.262452,30.747394,2.501859,0.000000,6.957999,0.566160
test.ca-cb.ca::00389,test.ca-cb.ca::00389__row269,What kind of victory do you usually go for with them,0.0,content_diversity,I just keep punching at it and punching at it.,I try my absolute hardest for the win.,I keep trying until I get the victory.,I keep at it until I beat them.,I just do my best job to win.,-0.073,0.876,-0.429,-0.852,-0.555,29.693917,0.786658,0.331999,9.858350,0.261170,42.766412,1.013048,0.000000,14.198405,0.336331
test.ca-cb.ca::00390,test.ca-cb.ca::00390__row270,It's the british spelling what is the singular of feces,1.0,content_diversity,"lol, what sort of awkward question is this?","well, i think feace should be it.hahaha",what on earth do you need that info for?,i think you are getting more and more weird.,"well, let me know when you find out what it is",-0.024,0.954,-0.053,-0.753,-0.288,29.059805,0.738337,0.393708,11.441074,0.290689,55.728167,1.606624,0.000000,21.940618,0.632540
test.ca-cb.ca::00390,test.ca-cb.ca::00390__row271,It's the british spelling what is the singular of feces,0.0,content_diversity,maybe i am just trying to be creative here.lol,"well, i am thinking out loud.",do you think its awkward?,i don't know what i have been thinking of recent,"well, the type that needs an answer.",-0.023,0.961,-0.082,-0.748,-0.340,18.627178,0.723910,0.311200,5.796781,0.225281,52.048573,1.312718,0.000000,16.197524,0.408518
test.ca-cb.ca::00391,test.ca-cb.ca::00391__row272,Came to suggest this one just got it yesterday,1.0,content_diversity,"well, i am sure he is happy about that",do you think we can be that lucky too,"what is the process involved, if i may ask",do you have an idea how much he got it?,lets wait for him to open the package,-0.018,0.964,-0.062,-0.641,-0.248,41.393367,1.022677,0.369212,15.282945,0.377585,20.199467,0.373003,0.000000,7.457894,0.137717
test.ca-cb.ca::00391,test.ca-cb.ca::00391__row273,Came to suggest this one just got it yesterday,0.0,content_diversity,"well, if he got what he wanted, then its not a big deal",does he have a reason not to be happy?,can you show me the person you are referring to?,do you think he did the right thing to get that,what is he gonna say?,-0.032,0.954,-0.230,-0.644,-0.333,33.682531,0.506647,0.385170,12.973491,0.195145,53.428781,1.130898,0.000000,20.579149,0.435588
test.ca-cb.ca::00392,test.ca-cb.ca::00392__row274,Still available want nuclear dawn for 1 key,1.0,content_diversity,One key available for nuclear,Nuclear still available for one key,You can have some more,You are limited to one key for nuclear dawn,Want nuclear dawn for one key?,-0.074,0.884,-0.169,-0.847,-0.466,35.489660,1.186785,0.440577,15.635929,0.522870,32.159607,1.360796,0.000000,14.168783,0.599535
test.ca-cb.ca::00392,test.ca-cb.ca::00392__row275,Still available want nuclear dawn for 1 key,0.0,content_diversity,More options are available,Would you like to have more?,You can choose further,You can make more choices,You are free do choose more,-0.034,0.942,-0.140,-0.862,-0.722,30.503802,1.277875,0.325032,9.914725,0.415351,33.743676,1.151351,0.000000,10.967789,0.374226
test.ca-cb.ca::00393,test.ca-cb.ca::00393,Ill be happy just to wake up from surgery,1.0,content_diversity,That's all you can hope for.,Don't be so morbid.,"Well, why wouldn't you?",Everything will be fine.,Trust that you will.,-0.014,0.973,-0.140,-0.727,-0.351,19.132522,0.801261,0.314908,6.024976,0.252323,21.567642,1.449314,0.000000,6.791814,0.456400
test.ca-cb.ca::00395,test.ca-cb.ca::00395,They had him work out and practice before offering him a contract,1.0,content_diversity,"They didn't need to do that, you can tell from his form there wouldn't be problems.","That makes sense, you have to vet your players first.","I can't believe they offered to sign him, he's awful.","It's about time, that's the best decision they've made.","I wish I could care about the acquisition, but it doesn't seem like it'll help the team much.",-0.014,0.975,-0.242,-0.678,-0.210,6.072812,0.437673,0.422847,2.567873,0.185069,97.571908,0.442362,0.000000,41.258030,0.187052
test.ca-cb.ca::00396,test.ca-cb.ca::00396,I just use the reddit is fun droid app,1.0,content_diversity,you might want to speak a proper English that i understand bro,we all use reddit for fun,"well, it depends on what you mean by fun..",lets all assume we understand what you mean,lol. are you kidding me right now?,-0.037,0.940,-0.035,-0.715,-0.178,24.605535,0.648288,0.389022,9.572093,0.252198,85.985090,0.575522,0.000000,33.450087,0.223891
test.ca-cb.ca::00397,test.ca-cb.ca::00397,I think you wanted to post this as a reply,1.0,content_diversity,Maybe you shouln't think.,"Oops, your right, thanks.",How do you know what I wanted to do?,Thanks for letting me know what I meant to do.,"Sure did, at least someone let me know instead of letting me look stupid.",-0.033,0.923,-0.057,-0.718,-0.328,1.283526,0.443644,0.334353,0.429150,0.148333,101.476021,1.929874,0.000000,33.928762,0.645258
test.ca-cb.ca::00398,test.ca-cb.ca::00398,Thats some pretty impressive aim you got there,0.0,content_diversity,I spend a lot of time aiming on my computer.,I have honed my senses while playing games on my computer.,You should see me aim with a mouse and keyboard!,Games actually teach you a lot about aiming.,I play a lot of first person shooter.,-0.058,0.910,-0.321,-0.863,-0.524,52.798200,1.064464,0.399908,21.114420,0.425688,47.554933,0.662045,0.000000,19.017596,0.264757
test.ca-cb.ca::00399,test.ca-cb.ca::00399,I already have a whole wardrobe of band shirts,0.0,content_diversity,I wear band shirts everyday.,band shirts are my favorite shirts,you have to support your favorite bands,bands shirt are great,I wouldn't be embarrassed by wearing those shirts,-0.035,0.939,-0.247,-0.870,-0.507,19.672609,0.946887,0.378172,7.439634,0.358086,56.568020,1.268224,0.000000,21.392452,0.479607
test.ca-cb.ca::00402,test.ca-cb.ca::00402__row282,Were talking about human beings not world leaders,1.0,content_diversity,and we all know world leaders are actually lizards,world leaders are not people?,"good point, they live in a different world than us",World leaders still have emotions and feelings,Yes but they still are susceptible to the same vulnerabilities as every other human,-0.042,0.944,-0.171,-0.763,-0.226,22.352956,0.753860,0.504881,11.285589,0.380610,55.989503,0.827597,0.000000,28.268052,0.417838
test.ca-cb.ca::00402,test.ca-cb.ca::00402__row283,Were talking about human beings not world leaders,0.0,content_diversity,yeah world leaders have little concept of what life is for us,"you're right, imagine them spending a day in our shoes!","yep, they don't have a clue what it is to be ""normal""","This reminds me of that show ""Undercover Boss,"" they'd fail miserably being one of us",it's like they live in a completely different universe,-0.019,0.966,-0.067,-0.675,-0.192,65.410628,1.045527,0.429856,28.117181,0.449427,105.382392,1.073417,0.000000,45.299302,0.461415
test.ca-cb.ca::00403,test.ca-cb.ca::00403,Do you just want to start a flame in my heart,1.0,content_diversity,"hehe, what do you think?",that might be a possibility if you allow me.,"not realy, i just want to build a palace there.","if you allow me, i can start even more",i just want to love you truly.,-0.063,0.888,-0.170,-0.756,-0.293,47.429624,0.986982,0.331806,15.737444,0.327487,47.410572,0.759956,0.000000,15.731122,0.252158
test.ca-cb.ca::00405,test.ca-cb.ca::00405,I looked in my kitchen what are you getting at,1.0,content_diversity,Why did you look in there?,You just don't understand.,You didn't look hard enough.,"I don't know, I guess I'm just asking you to look again.",If you say so.,-0.027,0.948,-0.042,-0.766,-0.297,13.899044,0.041226,0.386728,5.375152,0.015943,55.362159,1.594616,0.000000,21.410106,0.616683
test.ca-cb.ca::00406,test.ca-cb.ca::00406__row286,These are a few of my favorite things,1.0,content_diversity,"i really love them, looks nice",can i have some of them?,you really have a great collection of goodies,i am sure you have more at home right?,i would like to check them out,-0.034,0.956,-0.094,-0.711,-0.367,33.967191,0.871946,0.356086,12.095231,0.310487,43.233392,1.200656,0.000000,15.394792,0.427536
test.ca-cb.ca::00406,test.ca-cb.ca::00406__row287,These are a few of my favorite things,0.0,content_diversity,"yeah, i'm the last child",my parents really don't joke with their kids,"well, if you say so","what else can io say, maybe i am",i still feel like i don't actually.,-0.007,0.982,0.024,-0.679,-0.170,14.398986,0.738239,0.239255,3.445028,0.176627,63.827991,1.159051,0.000000,15.271159,0.277309
test.ca-cb.ca::00407,test.ca-cb.ca::00407__row288,True but the frustration gets to me sometimes,1.0,content_diversity,maybe you should relax a little bit,what exactly frustrated with?,you should take your time and soak in the moment,i am sure you will get hold of it eventually,"i know you will get used to it eventually, you always do..",-0.036,0.936,-0.143,-0.679,-0.322,19.364891,0.609076,0.419008,8.114036,0.255208,62.570928,1.198396,0.000000,26.217692,0.502137
test.ca-cb.ca::00407,test.ca-cb.ca::00407__row289,True but the frustration gets to me sometimes,0.0,content_diversity,the fact that i can't readily understand it,the level of difficulty in the process,i believe the process is not straight forward enough,it feels like i am not getting a hold of the process,the reports aren't really adding up,-0.059,0.932,-0.216,-0.724,-0.616,24.272938,0.334033,0.448951,10.897360,0.149965,36.410453,1.373955,0.000000,16.346510,0.616839
test.ca-cb.ca::00408,test.ca-cb.ca::00408__row290,Sounds like quite a night and quite a girl,1.0,content_diversity,"Haha, you know it!",I didn't think it was that big of a deal.,It was the worst night of my life.,Sounds like you didn't even read the original comment.,What's that supposed to mean?,-0.015,0.967,-0.143,-0.609,-0.231,23.109272,0.545492,0.397490,9.185712,0.216828,55.202740,2.026790,0.000000,21.942554,0.805629
test.ca-cb.ca::00408,test.ca-cb.ca::00408__row291,Sounds like quite a night and quite a girl,0.0,content_diversity,I honestly had the most terrible time.,It absolutely sucked.,"Everything that could have gone wrong, did.",I can't imagine how things could have gone worse.,I never want to go through something as awful as that again.,-0.025,0.944,-0.220,-0.761,-0.489,22.659841,0.761131,0.419444,9.504536,0.319252,28.636416,1.159291,0.000000,12.011376,0.486258
test.ca-cb.ca::00409,test.ca-cb.ca::00409__row292,Your username is sniper and you don't like shooting guns,1.0,content_diversity,He can like playing shooter video games.,Do you like to shoot guns?,It is just a username,Why are you hating?,Your username is stupid too.,-0.015,0.970,-0.164,-0.613,-0.170,8.189577,0.583725,0.357960,2.931541,0.208950,54.805155,1.237313,0.000000,19.618053,0.442909
test.ca-cb.ca::00409,test.ca-cb.ca::00409__row293,Your username is sniper and you don't like shooting guns,0.0,content_diversity,LOL your username isn't better,How are you hating on his username?,Your username is dumb,He should shoot your username,Your username should be shot,-0.049,0.935,-0.334,-0.863,-0.549,31.391782,1.160011,0.359481,11.284764,0.417002,52.514562,1.296419,0.000000,18.878011,0.466038
test.ca-cb.ca::00410,test.ca-cb.ca::00410,Haha I do it as well take pride in it,0.0,content_diversity,Good to know.,You should appreciate yourself more.,Pride in small amounts is a good thing.,That's good to hear.,That's cool.,-0.016,0.973,-0.212,-0.712,-0.556,32.006443,0.971091,0.332758,10.650395,0.323138,57.995503,1.185191,0.000000,19.298459,0.394382
test.ca-cb.ca::00411,test.ca-cb.ca::00411,Thats pretty clean  never do work for smokers or cat owners,0.0,content_diversity,Imagine if all cat owners refused you any service.,What if  smokers refused to do any work for you.,Where would you be if cat owners and smokers denied you services?,Let all smoking cat's unite and deny OP any services!,That's a large chunk of the population that may deny you any services in return.,-0.049,0.935,-0.257,-0.884,-0.471,49.676181,1.029781,0.354016,17.586146,0.364559,95.054297,1.759224,0.000000,33.650709,0.622793
test.ca-cb.ca::00412,test.ca-cb.ca::00412__row296,How long did it take you to get an invite,1.0,content_diversity,I died and came back to life before I got an invite,It came surprisingly quick. Two days,Hell froze over before I got it,It didnt take too long but it could have been quicker,28 days! Way too long,-0.031,0.933,-0.082,-0.674,-0.236,30.174244,0.504069,0.371156,11.199349,0.187088,19.133720,1.697863,0.000000,7.101593,0.630172
test.ca-cb.ca::00412,test.ca-cb.ca::00412__row297,How long did it take you to get an invite,0.0,content_diversity,I didnt think I would ever recieve it in this lifetime,The apocalypse came and went and I was still waiting,2 centuries. Not a exaggeration,If I had a nickel for every day that I waited for an invite...I would be a rich man,It took so long I didnt even care about it anymore,-0.027,0.953,-0.054,-0.680,-0.239,43.760190,0.972454,0.418233,18.301977,0.406713,35.904452,1.269131,0.000000,15.016444,0.530793
test.ca-cb.ca::00414,test.ca-cb.ca::00414__row298,After this past years performance I think you're gonna be fine,1.0,content_diversity,I'm not so sure I will be.,"Yeah, you're right, I probably will.",Why would you say that?,"Aw, thanks! :)",I don't think you're qualified to make that judgment.,-0.014,0.973,-0.048,-0.641,-0.247,15.663354,0.961526,0.340137,5.327680,0.327050,24.646183,2.942491,0.000000,8.383069,1.000849
test.ca-cb.ca::00414,test.ca-cb.ca::00414__row299,After this past years performance I think you're gonna be fine,0.0,content_diversity,"I don't know, I feel like it could go either way.","I appreciate your saying so, but I don't know if I will be fine.","Yeah, but this year is different so anything could happen.","Maybe, maybe not!",I wish I had your confidence about that!,-0.031,0.952,-0.078,-0.681,-0.344,30.358663,0.817300,0.427128,12.967027,0.349091,50.171594,1.155479,0.000000,21.429679,0.493537
test.ca-cb.ca::00416,test.ca-cb.ca::00416__row300,There have been so many puns about my username,1.0,content_diversity,"well, i guess you are the rave of the moment then.",what exactly do you mean by that?,"it seems so, but i don't understand why",these are the types of things you love right?,is this a joke or what?,-0.018,0.960,-0.055,-0.716,-0.328,28.909193,0.641878,0.355496,10.277094,0.228185,94.487366,1.199601,0.000000,33.589853,0.426453
test.ca-cb.ca::00416,test.ca-cb.ca::00416__row301,There have been so many puns about my username,0.0,content_diversity,"well, it is everywhere",i am getting a lot of attention of recent,"i don't understand why either, and its annoying",i believe i am under some sort of attack or something,"well, lets see how eveything turns out",-0.020,0.958,-0.105,-0.629,-0.281,28.198783,0.567286,0.365371,10.303013,0.207270,41.639763,0.952648,0.000000,15.213954,0.348070
test.ca-cb.ca::00418,test.ca-cb.ca::00418,How exactly do you cut off a mouth,1.0,content_diversity,You don't.,The same way you cut off anything else.,You put a sock in it.,With a knife.,Why would you want to cut off a mouth?,-0.027,0.948,-0.135,-0.725,-0.229,32.702652,1.986598,0.295673,9.669297,0.587384,26.788641,1.762151,0.000000,7.920682,0.521021
test.ca-cb.ca::00419,test.ca-cb.ca::00419__row303,I killed the man who showed me reddit,1.0,content_diversity,I don't blame you.,Are you serious?,Sounds a little violent.,Reddit is a good place though!,Yeah? I would have just punched him.,-0.014,0.975,-0.093,-0.606,-0.192,6.876413,0.576216,0.333597,2.293951,0.192224,54.046968,0.475646,0.000000,18.029906,0.158674
test.ca-cb.ca::00419,test.ca-cb.ca::00419__row304,I killed the man who showed me reddit,0.0,content_diversity,I would too.,"Yeah, reddit is bad.",Sounds like a good idea.,Next you should kill reddit.,Excessive but I understand.,-0.010,0.981,-0.273,-0.652,-0.190,8.345520,0.555314,0.258065,2.153685,0.143307,49.285386,0.972805,0.000000,12.718827,0.251047
test.ca-cb.ca::00420,test.ca-cb.ca::00420,Thats because americans don't understand sarcasm so we can't take any chances,0.0,content_diversity,"I know, I've never seen so many clueless people in my life as when I visited the States last year.","Have to agree with you on that one, they're so unaware.","Hard to argue that, I've had the same experience with them.","Got to agree with you, Americans can be so unaware of what's going on.","Yeah you're right, Americans are on another planet half the time.",-0.037,0.942,-0.236,-0.768,-0.327,35.681806,0.629868,0.449259,16.030384,0.282974,54.210688,0.393231,0.000000,24.354656,0.176663
test.ca-cb.ca::00421,test.ca-cb.ca::00421,Night court  not just an amazing tv series,1.0,content_diversity,"Yes, it is more than that.",What do you mean?,I've never seen it.,I think it is a pretty bad show.,My friend loves that show.,-0.024,0.954,-0.182,-0.675,-0.150,22.030491,1.057371,0.346039,7.623402,0.365891,28.897145,0.490228,0.000000,9.999530,0.169638
test.ca-cb.ca::00422,test.ca-cb.ca::00422__row307,Checked it out and one refers to him as archer only,1.0,content_diversity,Are you sure? I am pretty sure that is the standard M.O.,Who cares?   There always has to a debate about something.,I would have to agree with the OP.,LOVE you people who know everything....,"""Checked it out,"" doesn't inspire too much confidence.",-0.009,0.982,-0.050,-0.614,-0.219,22.109030,0.681684,0.363119,8.028198,0.247532,68.586006,0.993594,0.000000,24.904848,0.360792
test.ca-cb.ca::00422,test.ca-cb.ca::00422__row308,Checked it out and one refers to him as archer only,0.0,content_diversity,"No offense, but I feel like that is the same as ""scanning"" a book.",I don't feel like peeking at something gives you the whole picture.,I think I will look into it myself - you don't sound too confident there.,"I checked out the aquarium the other day, doesn't mean I didn't miss something.","Checked it out is the equivalent of ""perusal"" - get back to us when you spend some real time on it!",-0.045,0.944,-0.116,-0.600,-0.243,31.262268,0.586958,0.412274,12.888605,0.241987,85.197078,0.283299,0.000000,35.124498,0.116797
test.ca-cb.ca::00423,test.ca-cb.ca::00423,How have we not started a band yet,0.0,content_diversity,That's the best idea I've heard.,"I can't wait, let's do something tomorrow.",We'll be such a good band.,"That's settled then, we're starting a band.",Looks like we're a band now!,-0.029,0.955,-0.240,-0.784,-0.441,28.298640,0.792610,0.371404,10.510215,0.294378,28.202091,0.796454,0.000000,10.474356,0.295806
test.ca-cb.ca::00425,test.ca-cb.ca::00425,Not a problem man thanks for the heads up,1.0,content_diversity,Thanks for understanding.,Anytime.  I will let you know if anything changes.,You're welcome.,Hopefully this will be the last change.,Let me know if there is something else I can do to help.,-0.010,0.970,-0.089,-0.773,-0.359,24.757079,1.046433,0.473158,11.714004,0.495128,53.047407,0.717866,0.000000,25.099792,0.339664
test.ca-cb.ca::00426,test.ca-cb.ca::00426__row311,I can't understand a word you're saying try speaking american,1.0,content_diversity,American isn't a language!,You should learn stuff.,"You know this website is world wide, right?",Is American the same as English?,Uneducated people should not be teaching others.,-0.011,0.979,-0.136,-0.638,-0.129,15.359604,0.604149,0.394475,6.058981,0.238322,53.237654,1.157052,0.000000,21.000928,0.456428
test.ca-cb.ca::00426,test.ca-cb.ca::00426__row312,I can't understand a word you're saying try speaking american,0.0,content_diversity,I forgot to bring my American Language 101 textbook.,How do you say Stupid in American?,"There are many languages in this world, and American ain't one of them.",How many people here speak American?,I'm fluent in American!,-0.019,0.969,-0.180,-0.814,-0.334,28.487921,0.384274,0.434054,12.365304,0.166796,51.776607,0.724490,0.000000,22.473857,0.314468
test.ca-cb.ca::00427,test.ca-cb.ca::00427,Okay no worries sorry to waste your time,0.0,content_diversity,I don't accept your apology.,Don't care about your sorry.,"Too late, my time is wasted.",I can never get that time back.,Just leave me alone.,-0.010,0.978,-0.192,-0.698,-0.412,38.533557,1.292614,0.347399,13.386518,0.449053,31.198651,0.847797,0.000000,10.838379,0.294524
test.ca-cb.ca::00428,test.ca-cb.ca::00428__row314,I wish I knew how awesome it felt,1.0,content_diversity,"well, we can go try it out one more time if you want","i wish so too, but we can go together if you are free",do you think it would be worth it?,i don't think youi want to,i can take you there if you want.,-0.064,0.900,-0.147,-0.784,-0.388,37.301596,0.964173,0.327705,12.223913,0.315964,66.769065,1.163124,0.000000,21.880545,0.381161
test.ca-cb.ca::00428,test.ca-cb.ca::00428__row315,I wish I knew how awesome it felt,0.0,content_diversity,that would be great,"well, just let me know when next you would be free",it feels like i am wasting away here,hope it does not cost much?,it will be ok soon.,-0.027,0.964,-0.062,-0.698,-0.277,30.963494,0.641590,0.272568,8.439671,0.174877,76.259987,2.182869,0.000000,20.786065,0.594981
test.ca-cb.ca::00429,test.ca-cb.ca::00429__row316,I bet he stays as long as peyton,1.0,content_diversity,What a thoughtless and idiotic response,"I seriously doubt it, seems like he's about to leave.",I think we need more evidence before we make such a proclamation,"I used to disagree, but I think it's looking more and more likely","Maybe, but the team will probably suck either regardless",-0.020,0.952,-0.105,-0.659,-0.302,19.496142,0.282728,0.415200,8.094805,0.117389,41.067984,0.917616,0.000000,17.051443,0.380995
test.ca-cb.ca::00429,test.ca-cb.ca::00429__row317,I bet he stays as long as peyton,0.0,content_diversity,He said last year he wanted out,Anyone in his position would be looking to leave ASAP,"The team will be worse without him, but it looks like this is the case",Rogers left quickly when he was in a similar position,If he were smart he'd look for a way out,-0.017,0.973,-0.166,-0.687,-0.396,48.317001,0.747231,0.400748,19.362962,0.299452,61.204148,0.518282,0.000000,24.527465,0.207701
test.ca-cb.ca::00431,test.ca-cb.ca::00431,Like id post it online o  nice try spider,0.0,content_diversity,"yeah, i feel like its the right thing","lol, you sound jealous",i am sure gonna do it.,don't make me look like a dracula,"hehehe, could you help me?",-0.010,0.980,-0.061,-0.660,-0.163,22.920911,1.003666,0.299791,6.871480,0.300890,27.953559,1.193149,0.000000,8.380222,0.357695
test.ca-cb.ca::00432,test.ca-cb.ca::00432,You wouldnt say that if you could see out of my window,1.0,content_diversity,Want to bet?,I agree there.,I don't like to look outside of windows.,I say whatever I want to say mostly.,Big talk from you.,-0.024,0.954,-0.108,-0.641,-0.184,16.036152,0.174801,0.245734,3.940622,0.042955,49.441386,1.396473,0.000000,12.149411,0.343160
test.ca-cb.ca::00434,test.ca-cb.ca::00434,Don't knock it until you try it my friend,1.0,content_diversity,I have tried it!,What makes you such an expert?,"Maybe you should take your own advice, I haven't seen you there.",I have enough information to have an opinion about it.,Don't call me your friend until you've made an effort.,-0.030,0.952,-0.209,-0.705,-0.265,20.684399,0.417400,0.444657,9.197471,0.185600,63.107841,0.849972,0.000000,28.061368,0.377946
test.ca-cb.ca::00435,test.ca-cb.ca::00435__row321,Must be annoying those times that googles down,1.0,content_diversity,you really have no idea how terrible it was,is was like going back to the stone age,it was frustrating actually,"well, we couldn't have done anything there.",it feels like we were going to lose all our clients,-0.032,0.949,-0.125,-0.699,-0.298,18.308210,0.718915,0.411125,7.526969,0.295564,45.604286,0.815741,0.000000,18.749078,0.335372
test.ca-cb.ca::00435,test.ca-cb.ca::00435__row322,Must be annoying those times that googles down,0.0,content_diversity,"i can imagine, stuffs like that aren't easy to deal with.",we really had to make do with what we had,"i bet you, i was really annoying",thank God we were able to scale through,good to know you are fully back now.,-0.023,0.955,-0.051,-0.688,-0.376,23.693230,0.687176,0.342373,8.111913,0.235270,46.069333,1.216079,0.000000,15.772877,0.416352
test.ca-cb.ca::00436,test.ca-cb.ca::00436__row323,Lost it when I saw there are two is,1.0,content_diversity,What does that even mean?,"Honestly, I did too!","Yeah, this post was so hilarious.","I disagree, this post was very boring and obviously fake.",You should work on your communication ability.,-0.020,0.951,-0.129,-0.633,-0.219,30.995052,1.009203,0.329592,10.215734,0.332625,65.839806,1.379573,0.000000,21.700300,0.454697
test.ca-cb.ca::00436,test.ca-cb.ca::00436__row324,Lost it when I saw there are two is,0.0,content_diversity,The comedic timing was on point.,I was laughing so hard at that!,This post had me rolling on the floor laughing.,"After seeing the post, I spit out my coffee and proceeded to die laughing",There are so many levels of comedic genius to post.,-0.025,0.957,-0.212,-0.825,-0.444,20.063992,0.427707,0.381484,7.654088,0.163163,86.727018,1.126700,0.000000,33.084954,0.429818
test.ca-cb.ca::00437,test.ca-cb.ca::00437,Yeah it's the best   no other like it,0.0,content_diversity,Completely with you on that.,Most people I talk to say so too.,"Yeah, everyone I've introduced to it loves it.",Agreed - it even beats out all the suggestions I've received.,"Yeah, I'd certainly recommend it to others.",-0.022,0.964,-0.147,-0.734,-0.430,37.291510,0.761604,0.371127,13.839870,0.282651,60.184355,0.907207,0.000000,22.336014,0.336689
test.ca-cb.ca::00439,test.ca-cb.ca::00439,And everybody who disagrees with you must think that way amirite,0.0,content_diversity,The evidence points to that I am right.,Because it shows it right here.,"Well, look at the numbers.",Look at how everyone else is responding. It shows it right there.,Because everything is listed on the paper.,-0.032,0.933,-0.271,-0.731,-0.431,24.541044,0.736988,0.362650,8.899816,0.267269,56.827828,0.580352,0.000000,20.608627,0.210465
test.ca-cb.ca::00440,test.ca-cb.ca::00440,It's never the dog that is retarded  the owner needs the class,0.0,content_diversity,They think the world revolves around them.,It's as if they only care about themselves.,Dog owners don't care about anyone else.,They act like this because they know they can get away with it.,"They are self-centered people that need constant attention, hence the dog.",-0.020,0.965,-0.242,-0.704,-0.309,12.100331,0.513452,0.465827,5.636662,0.239180,90.078265,0.918738,0.000000,41.960895,0.427973
test.ca-cb.ca::00441,test.ca-cb.ca::00441,Thats the very first thing I noticed too,0.0,content_diversity,"Thanks to you, I noticed it as well.","Took a while, but I can see what you were talking about.","Before you mentioned it, I completely skimmed over that part.","I would've missed it if I hadn't read your comment,",I hadn't though about it until now.,-0.045,0.953,-0.161,-0.779,-0.488,42.132711,0.628876,0.464188,19.557484,0.291917,36.103692,0.549150,0.000000,16.758888,0.254909
test.ca-cb.ca::00442,test.ca-cb.ca::00442__row329,How has destiny not been taken down yet,1.0,content_diversity,"there's nothing to take down, he's great",why don't you try to take him down,why would we want to take down destiny,destiny can't be take down,destiny will be eventually taken down,-0.072,0.909,-0.177,-0.901,-0.312,33.905285,1.073283,0.391021,13.257690,0.419676,39.022493,0.796348,0.000000,15.258627,0.311389
test.ca-cb.ca::00442,test.ca-cb.ca::00442__row330,How has destiny not been taken down yet,0.0,content_diversity,you should try taking destiny down yourself,if taking destiny down is so important you should give it a try,"if you think you can do it, take destiny down yourself",take destiny down yourself tough guy,destiny is waiting to be take down by you,-0.139,0.841,-0.197,-0.975,-0.647,49.334455,1.057285,0.407857,20.121386,0.431221,50.116612,1.080429,0.000000,20.440394,0.440660
test.ca-cb.ca::00443,test.ca-cb.ca::00443,Ill be in favor of drug tests when they implement alcohol tests,0.0,content_diversity,They are very different things.,For what reason would you need alcohol tests?,"I disagree, I just think it isn't necessary.",It's not right to implement alcohol tests.,How is that fair?,-0.003,0.988,-0.141,-0.658,-0.262,25.430123,0.232292,0.440402,11.199472,0.102302,36.551543,1.245609,0.000000,16.097365,0.548569
test.ca-cb.ca::00444,test.ca-cb.ca::00444,What you're describing sounds a lot like love hate,0.0,content_diversity,"yeah, at least from what i can see. it seems so",maybe you should expatiate further.,i have been trying to make sense of al this,is there something you feel i am missing?,let me look closely one more time..,-0.009,0.985,0.055,-0.685,-0.376,13.828327,0.267996,0.362178,5.008319,0.097062,39.295047,1.032484,0.000000,14.231809,0.373943
test.ca-cb.ca::00445,test.ca-cb.ca::00445,But why is a family member stopping you guys from being together,0.0,content_diversity,She is a very jealous person.,"He is unsatisfied in his relationship, so he doesn't want me to be happy in mine.","She thinks it's unfair that I spend less time with her now, and more with him.","He is so envious, he hates her.","She says she doesn't trust that our relationship is solid, but I think she is secretly covetous.",-0.033,0.945,-0.335,-0.724,-0.496,15.651536,0.541004,0.383382,6.000524,0.207412,128.639240,1.685744,0.000000,49.318026,0.646285
test.ca-cb.ca::00446,test.ca-cb.ca::00446__row334,Lol I guess I need to work on my reading skills,1.0,content_diversity,"you really need to, if you want to pass your exams","i bet you should, youre demn too slow","well, i think you are over reacting",its not as bad as you think,i think you are still better than i am.. lol,-0.067,0.909,-0.036,-0.698,-0.293,24.465661,0.848886,0.325420,7.961611,0.276244,96.448415,2.547279,0.000000,31.386227,0.828935
test.ca-cb.ca::00446,test.ca-cb.ca::00446__row335,Lol I guess I need to work on my reading skills,0.0,content_diversity,i don't think so,i still have a lot to read and i am still here,"pascal said i need to, so what are you saying","i know so, and i am not over reacting",what else do you want me to think?,-0.046,0.928,-0.033,-0.606,-0.188,49.344404,1.230552,0.297252,14.667715,0.365784,76.635929,0.873438,0.000000,22.780171,0.259631
test.ca-cb.ca::00448,test.ca-cb.ca::00448,Does the page fail to load for anyone else,1.0,content_diversity,the page loads for me,"what's a page, can you make your question clearer","the page fails to load for me as well, can anyone help",check with the company to see about the page,page only loads in certain places,-0.051,0.930,-0.077,-0.864,-0.372,31.739532,0.651326,0.414662,13.161173,0.270080,75.508078,1.325684,0.000000,31.310318,0.549711
test.ca-cb.ca::00791,test.ca-cb.ca::00791__row337,What if I told you that you can enjoy steak and beans,1.0,content_diversity,What if I told you to go screw yourself?,Maybe you enjoy steak and beans but there are some of us who don't.,"Unless they are made from scratch baked beans....ummmm, no.",Go enjoy your steak and beans - we're talking about baked potatoes.,Go away - we're not even talking about steak and beans.,-0.051,0.913,-0.173,-0.762,-0.282,63.953874,1.049209,0.393551,25.169086,0.412917,80.102421,1.163114,0.000000,31.524356,0.457744
test.ca-cb.ca::00791,test.ca-cb.ca::00791__row338,What if I told you that you can enjoy steak and beans,0.0,content_diversity,It would be nice if you'd remotely stick to the subject.,Get lost with your steak and beans,We're talking about Chinese food so beat it,"When we're talking about steak and beans, we'll come get you.",Just stop...we're talking about something totally different.,-0.029,0.957,-0.063,-0.708,-0.191,40.006823,0.972300,0.370427,14.819619,0.360167,63.518721,0.746770,0.000000,23.529069,0.276624
test.ca-cb.ca::00792,test.ca-cb.ca::00792__row339,the room   the room   the room   the room   the room,1.0,content_diversity,I love it so much,It's a hilariously good time,I saw it last year at a screen and it was a blast.,It sucks so much dude,You have clearly lost your mind,-0.024,0.952,-0.158,-0.634,-0.300,36.065466,1.005621,0.304940,10.997813,0.306654,65.649329,1.175070,0.000000,20.019124,0.358326
test.ca-cb.ca::00792,test.ca-cb.ca::00792__row340,the room   the room   the room   the room   the room,0.0,content_diversity,I think you have lost it,You've lost your marbles,I don't think you brain is working,Your mind is going haywire,I think your head is scrambled,-0.048,0.918,-0.368,-0.736,-0.457,44.932083,1.598842,0.330150,14.834346,0.527858,18.688593,0.366647,0.000000,6.170047,0.121049
test.ca-cb.ca::00795,test.ca-cb.ca::00795__row341,The number of people who masturbated while thinking about me,1.0,content_diversity,You think too highly of yourself.,I often wonder how many people have done that with me too.,How many people do you think it was?,That is a very interesting thought.,It is probably thousands!,-0.016,0.966,-0.137,-0.734,-0.358,20.334051,0.350405,0.443761,9.023452,0.155496,37.880826,1.153614,0.000000,16.810021,0.511928
test.ca-cb.ca::00795,test.ca-cb.ca::00795__row342,The number of people who masturbated while thinking about me,0.0,content_diversity,The number is likely in the thousands.,No doubt several thousand people.,There are in all likelihood numbers with four digits or more!,Almost certainly it's a four digit number or higher.,It's very likely that 1000s have done so.,-0.011,0.975,-0.279,-0.767,-0.541,50.687066,0.938090,0.402830,20.418260,0.377890,60.334102,1.009789,0.000000,24.304374,0.406773
test.ca-cb.ca::00797,test.ca-cb.ca::00797,These cars will be for sale in russia in a 4 days,1.0,content_diversity,I want them now,who cares about russia?,I don't want to know about those cars,I don't care for these cars,why are you telling me these for?,-0.030,0.943,-0.209,-0.672,-0.208,22.041230,0.811610,0.327322,7.214587,0.265658,33.994168,1.145983,0.000000,11.127051,0.375106
test.ca-cb.ca::00798,test.ca-cb.ca::00798,Do you play league of legends are you diamond,1.0,content_diversity,Yes I do but I am platinum,"No, I think videogames are waste of time",Who even plays that anymore,I think it is the best game of all time,I used to but it is not interesting anymore,-0.041,0.932,-0.196,-0.671,-0.226,28.436540,0.935851,0.397529,11.304339,0.372028,26.374610,0.757672,0.000000,10.484663,0.301196
test.ca-cb.ca::00800,test.ca-cb.ca::00800,Cool thanks would it support multiple people using it at once,1.0,content_diversity,I don't think it can do that.,I think it's over hyped.,It is too expensive.,I'll just wait and see.,What does it even do anyway?,-0.013,0.970,-0.248,-0.680,-0.267,27.433464,1.333995,0.317199,8.701866,0.423142,15.516990,0.799222,0.000000,4.921973,0.253512
test.ca-cb.ca::00801,test.ca-cb.ca::00801,Oh god you better go to that interview then,1.0,content_diversity,what interview are you talking about?,how do you even know I have an interview?,I don't need to go anywhere I do not want to,there is no reason for me to,thanks for the reminder,-0.016,0.962,-0.005,-0.644,-0.195,34.737893,0.833554,0.489217,16.994382,0.407789,37.614416,0.671252,0.000000,18.401627,0.328388
test.ca-cb.ca::00803,test.ca-cb.ca::00803,Dat jon tho  I'm dying laughing this is great,0.0,content_diversity,you are something great!,you are awesome,very great of you!,that is cool you are pretty great,how great is that,-0.067,0.904,-0.278,-0.875,-0.814,32.767201,1.470007,0.333660,10.933096,0.490482,38.034140,1.531403,0.000000,12.690462,0.510967
test.ca-cb.ca::00805,test.ca-cb.ca::00805__row348,After reading this thread I swear I never want to have kids,1.0,content_diversity,Well then it's unfortunate that you have one on the way.,"I agree, I don't need that kind of aggravation.",Kids can be a handful.,You'll change your mind when you have kids of your own.,It scarey isn't it?,-0.009,0.964,-0.100,-0.646,-0.327,7.909515,-0.030213,0.370531,2.930717,-0.011195,48.622147,3.275555,0.000000,18.015991,1.213693
test.ca-cb.ca::00805,test.ca-cb.ca::00805__row349,After reading this thread I swear I never want to have kids,0.0,content_diversity,Kids are hard to take care of.,Kids are always doing something wrong or dangerous.,You really have to stay on top of your game with kids.,It's a hard life to enter into.,Parenting can be very trying.,-0.021,0.963,-0.269,-0.790,-0.526,35.651782,0.713775,0.408621,14.568075,0.291664,46.453056,1.286408,0.000000,18.981705,0.525654
test.ca-cb.ca::00806,test.ca-cb.ca::00806__row350,My parents solely blame me for them not loving each other anymore,1.0,content_diversity,"Well, it's probably your fault",I'm sure they were terrible before you were born,Not your fault they made the mistake of having you,You should blame them for bringing you into the world,"Parents are completely terrible, I hate mine",-0.019,0.960,-0.160,-0.757,-0.404,24.067153,0.467517,0.449449,10.816949,0.210125,53.401621,1.174712,0.000000,24.001285,0.527972
test.ca-cb.ca::00806,test.ca-cb.ca::00806__row351,My parents solely blame me for them not loving each other anymore,0.0,content_diversity,You are likely to blame,"Most likely, you are at fault",It's because you are probably responsible,that's because it is your mistake,It is more than likely because of you,-0.039,0.941,-0.320,-0.887,-0.599,37.234918,1.144287,0.400841,14.925280,0.458677,40.000279,1.062492,0.000000,16.033750,0.425890
test.ca-cb.ca::00807,test.ca-cb.ca::00807,I have no school today    teacher work day or something,0.0,content_diversity,Gonna game all day.,Time to have some relaxing time.,Savor it while it lasts.,Having the day off will be fun.,Make sure to catch up on sleep during the break.,-0.009,0.975,-0.231,-0.701,-0.390,16.473666,0.792951,0.297038,4.893308,0.235537,25.688040,1.997835,0.000000,7.630328,0.593433
test.ca-cb.ca::00808,test.ca-cb.ca::00808,This reminded me of charlie preaching about bird law,0.0,content_diversity,I don't remember him preaching about birds.,Do you know when he spoke about bird law?,What episode was that?,When?,Do you have that clip?,-0.012,0.967,-0.173,-0.688,-0.312,20.321340,1.744847,0.226627,4.605355,0.395429,27.473441,5.350981,0.000000,6.226211,1.212674
test.ca-cb.ca::00810,test.ca-cb.ca::00810,It's a public holiday on may 1st where I live d,1.0,content_diversity,Lucky you...I have to work a double shift :(,That's cool! What holiday is it?,Where do you live that May 1 is a holiday?,I could use a holiday right now.,We don't have another holiday coming up until July 4th and I don't count Easter.,-0.020,0.966,-0.055,-0.771,-0.288,2.595222,0.548554,0.441405,1.145544,0.242134,105.143537,0.794019,0.000000,46.410895,0.350484
test.ca-cb.ca::00811,test.ca-cb.ca::00811,Wow how do you have time to play the game,0.0,content_diversity,There are not many important things I need to be doing.,I've not got many obligations.,The duties I must fulfill are minimal.,Not much going on in my life that I have to get done.,I live a life free of many tasks I have to do.,-0.041,0.935,-0.368,-0.824,-0.748,45.513269,1.141490,0.335380,15.264229,0.382833,34.280734,1.039969,0.000000,11.497064,0.348785
test.ca-cb.ca::00813,test.ca-cb.ca::00813,I wish the same could be said about mine,0.0,content_diversity,Stop kicking yourself.,Put an end to beating yourself up.,Quit torturing yourself.,Be nicer to you.,I am telling you that you need to stop putting the blame on yourself.,-0.036,0.955,-0.406,-0.778,-0.524,16.016512,1.271373,0.284400,4.555094,0.361578,69.160127,2.002516,0.000000,19.669130,0.569515
test.ca-cb.ca::00814,test.ca-cb.ca::00814,You my very smart friend are totally correct,1.0,content_diversity,I know!,Nice of you to say but I'm not really,I am correct maybe but not that smart.,It didn't take a genius to figure it out!,WHy thank you my friend.,-0.015,0.970,-0.021,-0.603,-0.334,25.176627,0.736503,0.283809,7.145357,0.209026,43.935196,2.560056,0.000000,12.469211,0.726567
test.ca-cb.ca::00815,test.ca-cb.ca::00815,It's been reposted a million times but I like it every time,1.0,content_diversity,Me too,I think it is the best post on reddit,I don't like it at all,Yeah I think I will repost it,There are better posts out there,-0.025,0.952,-0.102,-0.676,-0.189,25.868759,1.228700,0.255428,6.607600,0.313844,36.303620,2.658654,0.000000,9.272954,0.679094
test.ca-cb.ca::00816,test.ca-cb.ca::00816,Gotta say I like her way more with the long hair,0.0,content_diversity,I think she is attractive.,She is stunning.,Do they make them that beautiful anymore?,She's so gorgeous!,She is beauty personified.,-0.029,0.961,-0.380,-0.826,-0.669,25.047894,0.965018,0.357308,8.949817,0.344809,49.614451,0.849252,0.000000,17.727648,0.303445
test.ca-cb.ca::00819,test.ca-cb.ca::00819__row360,This is why I only do that over water now,1.0,content_diversity,do what? im curious,why are you doing this with water,i am confused about this,what are you getting at,can you elaborate,-0.024,0.956,-0.089,-0.686,-0.498,30.450400,1.204479,0.283118,8.621059,0.341010,43.852858,2.346659,0.000000,12.415538,0.664382
test.ca-cb.ca::00819,test.ca-cb.ca::00819__row361,This is why I only do that over water now,0.0,content_diversity,this is very confusing,i dont understand at all,its very confusing,how do we stop confusing things,still confused,-0.029,0.957,-0.292,-0.866,-0.550,27.535657,1.122998,0.312542,8.606061,0.350984,58.587986,1.533053,0.000000,18.311231,0.479144
test.ca-cb.ca::00820,test.ca-cb.ca::00820,Well  you also got arch enemy chick with voice like a dude,1.0,content_diversity,She has a super manly voice!,Which arch enemy chick are you talking about?,I don't know who you mean.,I hate her!,She's a lame enemy.,-0.015,0.970,-0.187,-0.667,-0.255,21.127701,0.967478,0.269034,5.684080,0.260285,47.570005,2.545753,0.000000,12.797972,0.684895
test.ca-cb.ca::00821,test.ca-cb.ca::00821,Til you are supposed to change tires with the seasons,0.0,content_diversity,money saver,less money spent,more money gets saved,you spend less,its great i t saves money,-0.042,0.956,-0.209,-0.840,-0.642,11.329735,1.134085,0.220076,2.493406,0.249585,82.253166,2.510296,0.000000,18.101974,0.552457
test.ca-cb.ca::00822,test.ca-cb.ca::00822,So then yes but other than yes no,0.0,content_diversity,Next time move along rather than showing your ignorance.,I have so many things to say but this stupid comment stopped me for a minute.,Don't come on here just to annoy people with your stupidity.,When you see someone moronic like this...try to move on.,Why do you insist on spending your life being a troll and saying dumb things.,-0.022,0.967,-0.212,-0.749,-0.393,23.361432,0.469236,0.422554,9.871467,0.198278,57.780779,0.834138,0.000000,24.415500,0.352468
test.ca-cb.ca::00823,test.ca-cb.ca::00823,I was wondering when you were gonna do this have fun,1.0,content_diversity,"Thank you, I hope I will","Why were you wondering, is it so obvious?",Yeah I was wondering too,I just hope it won't rain and ruin it,They forcasted sunny weather so you should have fun,-0.024,0.957,-0.010,-0.655,-0.224,6.998264,0.608588,0.394258,2.759120,0.239941,85.357077,0.866713,0.000000,33.652691,0.341708
test.ca-cb.ca::00824,test.ca-cb.ca::00824,Were praying I hope you get the help and healing you need,0.0,content_diversity,Prayers I really don't need.,Prayers don't help me.,Who needs prayers? I need money.,There is no God and prayer are useless.,"I need money, not prayers.",-0.036,0.948,-0.333,-0.926,-0.532,41.395385,1.373518,0.312946,12.954533,0.429838,39.425543,0.672866,0.000000,12.338078,0.210571
test.ca-cb.ca::00825,test.ca-cb.ca::00825,I don't think it depends on age so much as effort,1.0,content_diversity,"I agree with you, I know many older folks who can run rings around younger ones.",I don't know about that because younger people pick it up so much faster.,I'd have to see more information on it because it's new to me.,If you say so...it makes no difference to me.,The younger people don't care about it so some older people would be better.,-0.030,0.942,-0.156,-0.774,-0.304,18.452741,0.438688,0.476747,8.797283,0.209143,44.175988,0.632672,0.000000,21.060755,0.301624
test.ca-cb.ca::00827,test.ca-cb.ca::00827,No you're supposed to punch the shark in the eye,0.0,content_diversity,Wouldn't that just make him mad?,Wouldn't that incense the shark?,I think that would piss him off.,I think the shark would be angry.,"If you punch him, he'll just get madder.",-0.039,0.931,-0.311,-0.792,-0.569,20.327180,0.699887,0.436604,8.874922,0.305573,32.975625,0.642905,0.000000,14.397280,0.280695
test.ca-cb.ca::00828,test.ca-cb.ca::00828,If you don't mind can you name the guns in the picture,0.0,content_diversity,there is no gun in this photo,I don't see any gun in the picture,there is no gun in this picture,"in this photo, there is no gun",what gun are you talking about? there is none in this picture,-0.251,0.730,-0.525,-0.975,-0.851,31.551621,1.129859,0.425417,13.422582,0.480661,57.983168,0.948403,0.000000,24.667001,0.403466
test.ca-cb.ca::00829,test.ca-cb.ca::00829,Looks like a pleasant game to play keeping this one in mind,1.0,content_diversity,The game looks like fun.,The game is boring.,I am forgetting this one.,I will remember it.,I will put it on my list to play.,-0.036,0.937,-0.355,-0.733,-0.263,19.973418,1.118491,0.380336,7.596612,0.425403,23.343719,0.555033,0.000000,8.878459,0.211099
test.ca-cb.ca::00830,test.ca-cb.ca::00830,Is your friend getting any help for his depression,0.0,content_diversity,"Yes, but not as often as they should.","Yes, but they've missed their last few appointments.",They haven't been going lately.,They didn't go to their most recent appointment.,They've skipped a lot of appointments lately.,-0.019,0.955,-0.336,-0.841,-0.573,42.219366,1.040039,0.409844,17.303351,0.426254,13.043081,0.353092,0.000000,5.345628,0.144713
test.ca-cb.ca::00832,test.ca-cb.ca::00832,I've got all day today if you're ready to party,0.0,content_diversity,If I leave right now my boss will have my head.,I'll try to get past my boss and we can get the party started.,I'll leave as soon as my coworkers turn their backs.,"I'm ready, I don't even care if people notice I'm missing.",I'll walk right out the door and ignore eveyone who notices.,-0.023,0.947,-0.263,-0.735,-0.391,25.117471,0.489830,0.409216,10.278479,0.200446,39.295628,0.337423,0.000000,16.080412,0.138079
test.ca-cb.ca::00833,test.ca-cb.ca::00833,I can forgive the lying but not eating all the pizza,0.0,content_diversity,lying about pizza is weird,why lie about it?,stop lying about food,why do you lie about food,i only lie about pizza so i can have the last slice,-0.085,0.891,-0.304,-0.819,-0.387,12.649674,1.013694,0.339197,4.290730,0.343842,73.506225,1.185435,0.000000,24.933081,0.402096
test.ca-cb.ca::00835,test.ca-cb.ca::00835,Funny you mention that  apparently 49 of people thought he was,0.0,content_diversity,And do you have an opinion?,Is that what you thought as well?,Does your opinion concur with that as well?,And where does your line of thought go on this?,Do you think 49 is a lot or a little?,-0.026,0.951,-0.252,-0.795,-0.530,37.347056,0.888840,0.357537,13.352953,0.317793,53.852372,0.908531,0.000000,19.254214,0.324833
test.ca-cb.ca::00838,test.ca-cb.ca::00838,No  it is 2013 and soap died in 2006,0.0,content_diversity,Just stop using soap,Replace soap with something else,Just wash your hand with soap substitute,Why don't you buy different product to replace soap,You should get a substitute for soap,-0.043,0.956,-0.303,-0.958,-0.621,47.290243,1.267072,0.380161,17.977902,0.481691,50.907029,0.712176,0.000000,19.352862,0.270742
test.ca-cb.ca::00839,test.ca-cb.ca::00839,You must be hipster because I've never heard of these bands before,0.0,content_diversity,I think you would recognize them if you heard them.,I am an avid listerner to music so I am more familiar with all the new bands.,"They are all really big bands, you should know them.",You don't have to be a hipster to recognize these bands.,I'm not a hipster you're just a square.,-0.023,0.939,-0.227,-0.780,-0.231,16.859101,0.116593,0.489111,8.245973,0.057027,84.648947,1.154689,0.000000,41.402737,0.564771
test.ca-cb.ca::00840,test.ca-cb.ca::00840,But did you get caught by the police with the same girl,1.0,content_diversity,"Yeah, so I guess maybe she's bad luck.","Well, yeah, she's the reason I was caught; she's an undercover cop.","When I was caught she was there, but she was with somebody else.","Yeah, but I was so high I didn't know she was there.","No, she wasn't there, but she told the cops she was there.",-0.081,0.877,-0.321,-0.780,-0.263,29.594398,0.444829,0.403268,11.934469,0.179385,43.434628,1.516724,0.000000,17.515789,0.611646
test.ca-cb.ca::00841,test.ca-cb.ca::00841,Sounds like it was a slow news day in wales,1.0,content_diversity,Is it ever fast?,It's always about the UK isn't it?,They don't have any new information on the Royal Family today?,Don't even bother with checking the news today.,Is it time to pick up a tabloid?,-0.019,0.973,-0.111,-0.685,-0.184,22.725440,0.113948,0.347185,7.889930,0.039561,30.623456,2.089079,0.000000,10.632003,0.725297
test.ca-cb.ca::00842,test.ca-cb.ca::00842__row379,Thank you so much for this this is great,1.0,content_diversity,you are very welcome,I did my best,I am glad my effort is appreciated,you can pay me back later,I like steak and ice cream,-0.019,0.970,-0.078,-0.671,-0.314,19.647346,0.920602,0.361816,7.108722,0.333088,50.096659,1.503186,0.000000,18.125766,0.543877
test.ca-cb.ca::00842,test.ca-cb.ca::00842__row380,Thank you so much for this this is great,0.0,content_diversity,you can reward me later,pay me back for my effort after,you can show your appreciation another time,you owe me a favor to be repaid another day,"another time, you can repay this favor",-0.057,0.932,-0.200,-0.782,-0.641,48.850262,1.359399,0.339015,16.560972,0.460857,44.973355,1.115457,0.000000,15.246642,0.378157
test.ca-cb.ca::00843,test.ca-cb.ca::00843__row381,Thanks I do use that but don't know how to tag someone,1.0,content_diversity,"Not a problem, happy to help.",I can show you how to tag someone.,What is it you do not understand?,It can be a little tricky to learn.,Let me show you a few more features.,-0.032,0.951,-0.095,-0.645,-0.226,11.394728,0.359487,0.424888,4.841482,0.152742,32.439004,0.789794,0.000000,13.782939,0.335574
test.ca-cb.ca::00843,test.ca-cb.ca::00843__row382,Thanks I do use that but don't know how to tag someone,0.0,content_diversity,People find it hard to get it.,Other individuals to have difficulty learning that.,It can be problematic to acquire that ability.,It's tough to grasp.,Figuring that out can be complex.,-0.036,0.943,-0.376,-0.745,-0.660,60.566366,1.772261,0.302359,18.312768,0.535859,54.000786,0.703996,0.000000,16.327608,0.212859
test.ca-cb.ca::00844,test.ca-cb.ca::00844__row383,It seems like too high a price to pay,1.0,content_diversity,It does at first but not when you really think about it.,"I agree, way too much.",Its just as well its not you that has to pay it.,I guess that's what happens when you push way too hard.,You can afford it can't you?,-0.028,0.951,-0.079,-0.708,-0.303,27.850398,0.603605,0.360070,10.028097,0.217340,48.566774,1.261891,0.000000,17.487445,0.454369
test.ca-cb.ca::00844,test.ca-cb.ca::00844__row384,It seems like too high a price to pay,0.0,content_diversity,If you get your head around it it isn't so bad.,When you first hear it maybe but it isn't really.,It is a lot it has to be agreed but try putting it in perspective.,Give it some thought and you may change your mind.,"I don't think so once you come to terms with it,",-0.048,0.947,-0.168,-0.774,-0.499,49.395241,0.823093,0.410875,20.295274,0.338189,54.872523,0.676651,0.000000,22.545752,0.278019
test.ca-cb.ca::00847,test.ca-cb.ca::00847,So dope I wish I could find a pair,1.0,content_diversity,They are so beautiful,I think that shoes are overrated,I really like the colour,"I disagree, think that these shoes are ugly",I would never wear something so ugly,-0.051,0.917,-0.253,-0.697,-0.351,28.345264,0.878683,0.416081,11.793930,0.365604,40.827520,0.612790,0.000000,16.987561,0.254970
test.ca-cb.ca::00848,test.ca-cb.ca::00848,But you said lots of viewers would watch it in present tense,1.0,content_diversity,couldn't watch it,what are you thinking,how do you know this,i want to watch this sounds cool,i dont like that show,-0.016,0.967,-0.133,-0.585,-0.245,13.728846,0.450728,0.386012,5.299502,0.173987,35.265666,0.914379,0.000000,13.612978,0.352961
test.ca-cb.ca::00849,test.ca-cb.ca::00849__row387,I'm drunk and alone and you make a good point good sir,1.0,content_diversity,You need to stop drinking so much.,People don't like being around you when you're drunk.,You are not a happy drunk.,If you don't stop drinking you'll be alone for the rest of your life.,I always try to make sense.  You'll find you understand even more if you stop drinking.,-0.033,0.949,-0.263,-0.877,-0.477,-5.277633,0.516099,0.459413,-2.424616,0.237103,164.667915,1.460036,0.000000,75.650661,0.670760
test.ca-cb.ca::00849,test.ca-cb.ca::00849__row388,I'm drunk and alone and you make a good point good sir,0.0,content_diversity,You really make a fool of yourself when you are drunk.,You turn people off when you get drunk.,You can't have meaningful relationships is you are constantly drunk.,Maybe you will find a companion when you sober up.,Nobody wants to be around a mean drunk.,-0.060,0.926,-0.363,-0.875,-0.429,39.020869,0.635713,0.443122,17.290986,0.281698,38.145324,0.642809,0.000000,16.903013,0.284842
test.ca-cb.ca::00851,test.ca-cb.ca::00851,Quick someone get this man a sense of humor,1.0,content_diversity,That is so funny,"I don't know what you're talking about, the joke was funny","Yeah I agree, he has a bad sense of humor","Leave the man alone, he just tried to be funny",I think that the joke was funny,-0.053,0.916,-0.201,-0.927,-0.611,41.103834,0.950709,0.416517,17.120456,0.395987,44.892830,1.184195,0.000000,18.698638,0.493238
test.ca-cb.ca::00854,test.ca-cb.ca::00854,Letting the days go by   let the water hold me down,1.0,content_diversity,What are you saying?,How are you doing?,Is it that bad?,Did you lose your job or something?,Did someone die?,-0.029,0.952,-0.264,-0.663,-0.415,31.322044,1.463494,0.237293,7.432500,0.347277,17.134696,1.370531,0.000000,4.065942,0.325217
test.ca-cb.ca::00855,test.ca-cb.ca::00855__row391,It's so weird that you're bigger than he is,1.0,content_diversity,Why would that be weird?,It just looks like I am but I am not,Because he has growth problems,It is because he is half my age,Of course because he is a kid,-0.027,0.926,-0.130,-0.658,-0.278,24.408970,0.759815,0.401483,9.799794,0.305053,34.652415,0.619417,0.000000,13.912367,0.248686
test.ca-cb.ca::00855,test.ca-cb.ca::00855__row392,It's so weird that you're bigger than he is,0.0,content_diversity,It is because he is younger than me,The reason behind this is his age,"Of course, because he is much younger than I am",That is because he is so young,It is because he is young and still developing,-0.184,0.790,-0.457,-0.918,-0.613,32.415839,0.938272,0.455977,14.780884,0.427831,33.894139,0.530330,0.000000,15.454955,0.241818
test.ca-cb.ca::00856,test.ca-cb.ca::00856,Pump your brakes man no need to be so rude chap,1.0,content_diversity,I am never rude,What are you talking about? when was I rude?,"since you said I am rude when I am not, get lost","get the hell out of my face, how is that for rude?","you have no idea what rude is, I was perfectly polite.",-0.050,0.932,-0.124,-0.938,-0.450,31.397169,0.862597,0.418744,13.147377,0.361207,72.653231,0.504423,0.000000,30.423107,0.211224
test.ca-cb.ca::00857,test.ca-cb.ca::00857,I first saw absolute values in fourth grade in the late 90s,0.0,content_diversity,"Such a wonderful movie, one of my favorites","I thought it was great, a terrific movie",A great movie that I really like,"A movie that I've always loved, so good",I have always liked that movie so much,-0.044,0.938,-0.364,-0.962,-0.805,52.842527,1.412893,0.356553,18.841145,0.503771,23.199211,0.550055,0.000000,8.271741,0.196124
test.ca-cb.ca::00858,test.ca-cb.ca::00858,Why are you gonna cry yourself to sleep,1.0,content_diversity,I've been very depressed lately.,My boyfriend just left me with no explanation.,My back has been hurting so badly.,I just got fired from my job.,The school I wanted to go to denied me.,-0.013,0.967,-0.318,-0.666,-0.266,22.440860,0.705265,0.396184,8.890713,0.279415,29.771804,0.694389,0.000000,11.795117,0.275106
test.ca-cb.ca::00859,test.ca-cb.ca::00859,Thx d   let me know when u know the last one,1.0,content_diversity,Okay I will,I don't think I will know til next month,Let you know what?,What are you guys talking about?,"Nevermind, I will just find it myself",-0.047,0.935,0.045,-0.660,-0.270,14.839058,0.883932,0.351675,5.218520,0.310857,58.652197,1.199277,0.000000,20.626490,0.421755
test.ca-cb.ca::00861,test.ca-cb.ca::00861__row397,The first part isn't really awesome  this a straight up sap,1.0,content_diversity,I enjoyed it.,Why do you think that?,I don't know what you're talking about.,I thought it was amazing!,You're crazy if you think that!,-0.030,0.952,-0.169,-0.665,-0.385,27.768516,0.980614,0.371101,10.304914,0.363906,16.833808,1.456371,0.000000,6.247037,0.540460
test.ca-cb.ca::00861,test.ca-cb.ca::00861__row398,The first part isn't really awesome  this a straight up sap,0.0,content_diversity,I loved it a lot.,I really like it.,I enjoyed it very much.,I'm impressed by it.,"It's really awesome, in my opinion.",-0.044,0.950,-0.543,-0.783,-0.835,9.913818,0.786068,0.335579,3.326867,0.263788,49.055404,0.864574,0.000000,16.461953,0.290133
test.ca-cb.ca::00862,test.ca-cb.ca::00862,Man whoever is right here you're kind of an asshole,0.0,content_diversity,thats very mean to say,can you just be nice and not mean,very mean person,"be nicer , that was mean",how hard is it to not be mean,-0.062,0.932,-0.161,-0.886,-0.510,23.038395,1.213268,0.349201,8.045025,0.423674,30.641551,1.194052,0.000000,10.700052,0.416964
test.ca-cb.ca::00863,test.ca-cb.ca::00863__row400,lol my mom still talks about what happened,1.0,content_diversity,mustv'e been bad then,moms always do,thats bad,moms are cool,how embarrassing for you,-0.014,0.775,-0.054,-0.647,-0.329,16.392495,1.778603,0.205773,3.373127,0.365988,57.449564,2.571314,0.000000,11.821549,0.529106
test.ca-cb.ca::00863,test.ca-cb.ca::00863__row401,lol my mom still talks about what happened,0.0,content_diversity,moms are great,my mom is cool,shes so cool,"i agree, very cool",moms are awesome,-0.040,0.736,-0.344,-0.785,-0.667,36.116220,2.557339,0.209033,7.549493,0.534569,52.164967,2.890043,0.000000,10.904216,0.604115
test.ca-cb.ca::00866,test.ca-cb.ca::00866,The album is awesome  I can't stop listening to can't hold us,1.0,content_diversity,You are so wrong about that because that album sucks.,"I know, that is one of my favorite songs of all time.",I think that album is just okay but not great.,At my wedding I had them play can't hold us.,That song is the most meaningful song I have ever heard in my life.,-0.032,0.950,-0.209,-0.777,-0.230,34.902122,0.844845,0.410606,14.331011,0.346898,30.068998,0.954849,0.000000,12.346503,0.392066
test.ca-cb.ca::00867,test.ca-cb.ca::00867__row403,Damn auto correct it did't accept math as a real word,1.0,content_diversity,That doesn't make sense.,Are you sure you spelled it right?,It's not always accurate.,"You probably spelled it wrong, knowing you.",I highly doubt that.,-0.013,0.960,-0.162,-0.735,-0.368,24.692444,0.785245,0.408664,10.090903,0.320901,49.870518,1.011912,0.000000,20.380266,0.413532
test.ca-cb.ca::00867,test.ca-cb.ca::00867__row404,Damn auto correct it did't accept math as a real word,0.0,content_diversity,I don't think so.,I don't believe that.,That can't be right.,I don't really believe you.,I can't see that happening.,-0.072,0.904,-0.382,-0.743,-0.738,25.970756,1.227770,0.372669,9.678504,0.457552,24.749704,0.562797,0.000000,9.223456,0.209737
test.ca-cb.ca::00869,test.ca-cb.ca::00869,Thank you the input helps me a lot,0.0,content_diversity,"Sure, love to lend assistance.","No worries, I'm happy to assist.",My assistance is always available.,"Sure thing, always happy to lend a hand.","My services are here whenever needed, no sweat.",-0.033,0.941,-0.252,-0.812,-0.674,24.207527,0.761343,0.364390,8.820982,0.277426,61.355665,1.764902,0.000000,22.357392,0.643113
test.ca-cb.ca::00870,test.ca-cb.ca::00870__row406,Your really on form in this post aren't you,1.0,content_diversity,Don't talk to me like that.,I don't know what that means.,You're the one on form.,You don't even know what you're speaking about.,"Come at me, bro.",-0.015,0.964,-0.159,-0.684,-0.215,22.583309,0.563963,0.350920,7.924933,0.197906,27.617131,1.936264,0.000000,9.691402,0.679474
test.ca-cb.ca::00870,test.ca-cb.ca::00870__row407,Your really on form in this post aren't you,0.0,content_diversity,I don't even know what that means.,What are you trying to say?,I can't tell what you mean.,I'm not sure what you're trying to tell me.,What does that even mean?,-0.036,0.932,-0.290,-0.823,-0.682,36.966368,1.148652,0.450687,16.660271,0.517683,18.780855,0.489559,0.000000,8.464292,0.220638
test.ca-cb.ca::00872,test.ca-cb.ca::00872,Oh that looks pretty good do you wear them most days,1.0,content_diversity,I try to wear them as much as possible.,I only wear them for cheer practice.,This is my very first time wearing them.,"Yes, they are my go to shoes.",I only where them when I'm feeling fabulous!,-0.037,0.937,-0.326,-0.825,-0.322,13.573988,0.499871,0.450305,6.112437,0.225095,58.324961,1.191435,0.000000,26.264029,0.536509
test.ca-cb.ca::00873,test.ca-cb.ca::00873,Night and day afghanistan is much more dangerous,1.0,content_diversity,I disagree they are at least equal.,I guess you can't really compare anything to Afghanistan.,"I agree, Afghanistan is in a catagory of its own.",I've never been to Afghanistan so I can't really make a valid comparison.,How do you know?  Have you been to Afghanistan?,-0.041,0.932,-0.204,-0.797,-0.417,34.975351,0.573071,0.446699,15.623451,0.255990,16.452452,1.203849,0.000000,7.349292,0.537758
test.ca-cb.ca::00874,test.ca-cb.ca::00874,Gt and it offended me  I'm glad for that clarification,1.0,content_diversity,"No problem, glad I helped",How did that offend you,You are too easily offended,I am also glad that he clarified that,Just stop using internet if you get offended easily,-0.020,0.956,-0.072,-0.677,-0.243,6.328717,0.534436,0.429865,2.720496,0.229736,56.830345,0.914474,0.000000,24.429396,0.393101
test.ca-cb.ca::00875,test.ca-cb.ca::00875__row411,Yea it was enjoyable I hope they make it into a series,1.0,content_diversity,i hope they dont,they should,i agree it was so good,ok i dont think so,it sucked,-0.033,0.937,-0.121,-0.617,-0.342,20.592185,0.917575,0.341743,7.037240,0.313575,32.262900,1.547368,0.000000,11.025627,0.528803
test.ca-cb.ca::00875,test.ca-cb.ca::00875__row412,Yea it was enjoyable I hope they make it into a series,0.0,content_diversity,hopefully no,i dont think they should,"i do not agree, hopefully they dont",i hope they do not,no they dont,-0.079,0.876,-0.186,-0.833,-0.578,37.509185,1.321403,0.340356,12.766464,0.449747,41.920949,1.617573,0.000000,14.268033,0.550550
test.ca-cb.ca::00876,test.ca-cb.ca::00876__row413,Key still reports paul 0 even though I see the yellow,1.0,content_diversity,What does that mean?,I don't get why Paul is at 0 still.,That does not make sense.,Thanks for filling me in on that.,"Wow, that is a surprise.",-0.019,0.973,-0.219,-0.631,-0.281,26.267296,0.852454,0.354784,9.319208,0.302437,46.849041,1.028329,0.000000,16.621275,0.364834
test.ca-cb.ca::00876,test.ca-cb.ca::00876__row414,Key still reports paul 0 even though I see the yellow,0.0,content_diversity,What you are saying does not compute.,I am confused by that.,My mind is searching for a way to understand but I cannot.,This is difficult to comprehend.,I'm having trouble getting the meaning of that.,-0.011,0.978,-0.364,-0.745,-0.658,43.808461,1.129413,0.392322,17.187035,0.443094,48.420445,0.577324,0.000000,18.996420,0.226497
test.ca-cb.ca::00877,test.ca-cb.ca::00877,Yes it's just that simple isn't it s,1.0,content_diversity,not always,"im not sure, seems complicated to me",yeah i dont agree,kinda agree kinda dont,easy enough for you to say!,-0.017,0.957,0.040,-0.685,-0.483,25.092687,1.365752,0.245095,6.150087,0.334739,52.818868,1.289663,0.000000,12.945630,0.316090
test.ca-cb.ca::00878,test.ca-cb.ca::00878,Thats his fault besides it's not ruined for everybody else,1.0,content_diversity,True that he is totally to blame.,I don't blame him for that at all.,Why are you saying that he is at fault?,Everyone else will have a great time.,"Yeah, screw him, let's have a good time.",-0.038,0.929,-0.244,-0.700,-0.341,16.104902,0.465094,0.403196,6.493427,0.187524,37.702509,0.987226,0.000000,15.201488,0.398045
test.ca-cb.ca::00879,test.ca-cb.ca::00879,If you don't know the reference google it,1.0,content_diversity,everything is on google,what do you mean,im nt sure where its from,don't know what you mean,what is it anyway?,-0.034,0.945,-0.024,-0.644,-0.387,18.170695,0.684003,0.371192,6.744814,0.253896,41.235169,1.734171,0.000000,15.306160,0.643710
test.ca-cb.ca::00880,test.ca-cb.ca::00880,Oh so you're just a complete liar thats cool then,0.0,content_diversity,"We have different views, doesn't mean I lie",I am not a liar because we disagree on something,"We see things differently, doesn't mean I'm lying",I don't think I am a liar just because you disagree with me,Your disagreement doesn't mean that I lie,-0.063,0.910,-0.448,-0.916,-0.646,60.474451,1.224965,0.471238,28.497839,0.577250,16.021245,0.445922,0.000000,7.549814,0.210135
test.ca-cb.ca::00881,test.ca-cb.ca::00881,Rejected from all  tossed out of everything  they come here to join,1.0,content_diversity,who says they are welcome here,what is the point of all this?,we can give them hope,we are not concerned about them,what are you saying?,-0.023,0.964,-0.178,-0.677,-0.287,24.854989,0.897082,0.410139,10.194003,0.367928,15.312268,0.767036,0.000000,6.280160,0.314591
test.ca-cb.ca::00882,test.ca-cb.ca::00882,I believe they can indeed hear your weird conversations,0.0,content_diversity,Why would that be a problem?,So what?,I don't care much,It's not a big deal,Not a problem for me,-0.011,0.982,-0.158,-0.682,-0.457,28.449531,1.978664,0.267479,7.609645,0.529251,20.504638,1.304639,0.000000,5.484555,0.348963
test.ca-cb.ca::00883,test.ca-cb.ca::00883,I wonder  isn't he the most unique musician living right now,0.0,content_diversity,He's gonna make it big very soon.,I see him becoming huge not too far away.,He will definitely be famous soon.,His name will be in lights soon enough.,He will be selling out big arenas in the near future.,-0.036,0.945,-0.404,-0.785,-0.595,29.611314,0.890980,0.387096,11.462426,0.344895,41.006407,0.872746,0.000000,15.873422,0.337837
test.ca-cb.ca::00885,test.ca-cb.ca::00885,Id let him have a blast with me mm hm,1.0,content_diversity,I would worry about catching an STD.,I don't want my heart to get broken.,His girlfriend would probably kill you.,Is he single?,Is he good in bed?,-0.023,0.964,-0.283,-0.582,-0.279,23.541913,0.858415,0.307313,7.234737,0.263802,48.105833,0.709263,0.000000,14.783550,0.217966
test.ca-cb.ca::00886,test.ca-cb.ca::00886,Doubt the servers would even be up for it,0.0,content_diversity,The servers would love to do it obviously.,It is clear to be that they would totally want to do this.,Or course the servers are gonna be into that.,They will love the idea and be happy to do it.,Clearly the servers would be delighted to try that.,-0.079,0.897,-0.397,-0.835,-0.663,40.937688,0.875726,0.393819,16.122051,0.344878,49.039122,0.762536,0.000000,19.312552,0.300301
test.ca-cb.ca::00888,test.ca-cb.ca::00888,Oh okay for some reason I interpreted bearded dragon as a euphemism,1.0,content_diversity,How did you interpret it so wrong haha,I think it was meant to be euphemism,How else would you interpret it,Yeah me too,I didn't even understand it,-0.041,0.927,-0.075,-0.698,-0.320,21.936408,1.131258,0.361447,7.928848,0.408890,36.249318,1.471811,0.000000,13.102206,0.531981
test.ca-cb.ca::00889,test.ca-cb.ca::00889__row425,Lets get stoned and then go home and get stoned,1.0,content_diversity,Getting stoned is the only thing you care about.,That's the best idea I've heard in a while.,I can't get stoned I have to work in the morning.,Do we have enough stoner supplies?,That sounds dangerous we may get arrested.,-0.017,0.962,-0.136,-0.699,-0.177,18.464562,0.451429,0.434538,8.023551,0.196163,30.335768,1.025649,0.000000,13.182039,0.445683
test.ca-cb.ca::00889,test.ca-cb.ca::00889__row426,Lets get stoned and then go home and get stoned,0.0,content_diversity,I never though I'd find someone who likes to get stoned as much as me.,You lead the way.,"I'm game, let's do it.","I can't wait, I've needed to get stoned for a while now.",You always know just what to say.,-0.018,0.951,-0.197,-0.646,-0.320,26.851308,0.973710,0.338707,9.094720,0.329802,45.096894,1.520833,0.000000,15.274624,0.515116
test.context.txt::01570,test.context.txt::01570,Makes it all the more hilarious for those of us that do,1.0,content_diversity,Do what exactly,yeah its funny,cool,hilarious,alright but who cares,0.000,0.800,-0.095,-0.637,-0.381,9.239293,2.104720,0.157978,1.459605,0.332499,41.617405,2.310436,0.000000,6.574633,0.364998
test.context.txt::01572,test.context.txt::01572__row428,My name is short as it is would be pointless,1.0,content_diversity,"Probably, forgot its already short.","Maybe, but you could make it shorter",Pointless? No.,Just make it shorter.,Shorter the better.,-0.027,0.928,-0.158,-0.852,-0.543,25.002298,1.333216,0.261627,6.541268,0.348805,63.466865,1.849821,0.000000,16.604623,0.483962
test.context.txt::01572,test.context.txt::01572__row429,My name is short as it is would be pointless,0.0,content_diversity,Your name is quite short.,"Yes, anymore short doesn't change anything.",Can't get much shorter.,I forgot about the shortness.,Your name is shorter then I remember.,-0.034,0.926,-0.254,-0.915,-0.564,25.153649,1.013671,0.334756,8.420346,0.339333,63.084193,1.070223,0.000000,21.117840,0.358264
test.context.txt::01573,test.context.txt::01573,Would you mind sending me a trade I can't find you online,0.0,content_diversity,Happy to.,On it's way.,I wouldn'tmind at all.,I will do that right now.,No problem my friend.,-0.004,0.989,-0.121,-0.642,-0.449,23.401466,1.312845,0.225439,5.275614,0.295967,21.671281,2.439406,0.000000,4.885561,0.549938
test.context.txt::01575,test.context.txt::01575__row431,I could of sworn I heard it a little,1.0,content_diversity,what did you hear?,I heard it too,I did not hear anything,"Well, maybe if you did not swear you would hear it more","there are many sounds recently, of which are you referring to",-0.036,0.938,-0.186,-0.800,-0.286,5.343912,0.858247,0.334155,1.785696,0.286788,131.375566,1.048481,0.000000,43.899823,0.350355
test.context.txt::01575,test.context.txt::01575__row432,I could of sworn I heard it a little,0.0,content_diversity,I also hear it,I heard the same noise,I too have heard something,there was a noise which I also happen to hear,some noise was made that affect me too,-0.050,0.930,-0.339,-0.936,-0.745,28.123654,1.189840,0.288880,8.124357,0.343721,81.422514,1.381093,0.000000,23.521323,0.398970
test.context.txt::01578,test.context.txt::01578,It looks like your site might be down,0.0,content_diversity,Seems ok,I can access without issue,"just checked, it's working",I don't have a problem,"Don't think so, I am on it now",-0.010,0.983,-0.150,-0.668,-0.548,26.062532,1.568197,0.269329,7.019393,0.422361,39.323978,1.432092,0.000000,10.591084,0.385704
test.context.txt::01580,test.context.txt::01580,So dark I couldn't see a darn thing she was doing,0.0,content_diversity,I was too dark to full view everything.,Too dark to see much.,"Yes, way to dim for viewing.",I questioned my eyesight on that.,Way dark for easy viewing.,-0.034,0.945,-0.279,-0.801,-0.612,31.831013,1.184875,0.260886,8.304255,0.309117,63.249406,1.040967,0.000000,16.500864,0.271573
test.context.txt::01583,test.context.txt::01583,Whats brown and rhymes with snoop  dr dre,1.0,content_diversity,I have no idea,This doesn't seem to be a joke,I can't figure this out.,This doesn't seem to be funny,Is this a joke,-0.084,0.776,-0.236,-0.775,-0.576,34.431905,1.323151,0.402639,13.863627,0.532752,21.304569,0.703927,0.000000,8.578050,0.283428
test.context.txt::01584,test.context.txt::01584,Until you get a fire axe before that they're pretty lethal,1.0,content_diversity,I agree they are very lethal.,I don't think they are that lethal.,You sure I was a fire axe,Was the fire axe the lethal one?,Not as lethal as the sword.,-0.048,0.913,-0.283,-0.761,-0.316,29.700739,1.027936,0.326760,9.705005,0.335888,35.849741,1.564147,0.000000,11.714251,0.511100
test.context.txt::01586,test.context.txt::01586,Well I guess you shouldn't go see the movie then problem solved,1.0,content_diversity,But I want to know what happens!,"Okay, you are probably right.",I wasn't anyway.,I was only going to go because Dylan wanted to.,That is just your opinion.,-0.014,0.973,-0.110,-0.628,-0.231,20.395782,0.881358,0.371155,7.569995,0.327121,39.717195,1.045840,0.000000,14.741233,0.388169
test.context.txt::01588,test.context.txt::01588,Yeah ill probably be on around midnight est if thats all right,1.0,content_diversity,its fine with me,thats pretty late,look at you staying on late,thats not that late lol,"cool, i'll be asleep",-0.019,0.973,0.009,-0.722,-0.311,28.567312,1.182359,0.336892,9.624105,0.398327,46.396782,1.631618,0.000000,15.630714,0.549679
test.context.txt::01589,test.context.txt::01589__row439,I can't believe my andy is this cute,1.0,content_diversity,how is it cute.,cute it is not,there is no cutest there,it seems to keep its cuteness,why does it seem odd?,-0.043,0.942,-0.151,-0.834,-0.463,16.265233,0.678880,0.250846,4.080075,0.170295,28.974983,1.181008,0.000000,7.268269,0.296252
test.context.txt::01589,test.context.txt::01589__row440,I can't believe my andy is this cute,0.0,content_diversity,it has kept the cuteness,always good looking,stays cute always,it never changes,the cuteness seems to stay,-0.025,0.944,-0.274,-0.750,-0.618,34.780367,1.965827,0.288887,10.047608,0.567903,16.725708,0.495571,0.000000,4.831845,0.143164
test.context.txt::01590,test.context.txt::01590,For those 10 seconds or less I'm free,1.0,content_diversity,wooo good,10 seconds?,very short timer,i like being free,elaborate,0.000,0.800,-0.048,-0.557,-0.226,22.254551,1.089382,0.133760,2.976775,0.145716,31.191382,4.182192,0.000000,4.172167,0.559411
test.context.txt::01593,test.context.txt::01593,Yeah yeah this looks like a decent afternoon,1.0,content_diversity,it does,doesn't it!?,love a good afternoon,sweet,very decent,0.000,0.800,-0.064,-0.565,-0.431,26.496394,2.430879,0.174714,4.629287,0.424708,35.787447,2.630262,0.000000,6.252563,0.459543
test.context.txt::01594,test.context.txt::01594,Commenting for reference in case I end up shooting fireworks this monday,0.0,content_diversity,More animals get scared and run away.,The humane societies can't keep up with the runaway animals due to fireworks.,I hate what fireworks does to animals.,My pets get delirious when all the fireworks go off.,Please take care of your pets before you shoot them off.,-0.023,0.963,-0.311,-0.865,-0.436,37.387620,0.795498,0.383951,14.355002,0.305432,52.153276,0.544784,0.000000,20.024285,0.209170
test.context.txt::01595,test.context.txt::01595,I did not se her coming at all,1.0,content_diversity,I did but I couldn't alert you.,She showed up out of nowhere.,I was surprised by her too.,She was trying to sneak up on us.,I think she thought she would catch us doing something.,-0.022,0.957,-0.289,-0.681,-0.357,1.746167,0.455034,0.396214,0.691857,0.180291,70.321997,1.707960,0.000000,27.862586,0.676718
test.context.txt::01596,test.context.txt::01596__row445,You can't eat them  oh god thats embarrassing,1.0,content_diversity,Why can't I eat them.,Sure I can eat them.,I don't plan on eating them at all.,"Calm down, no issues with eating them.",I don't plan to.,-0.079,0.887,-0.376,-0.861,-0.388,30.097754,0.785290,0.344545,10.370030,0.270568,53.343720,1.245609,0.000000,18.379310,0.429168
test.context.txt::01596,test.context.txt::01596__row446,You can't eat them  oh god thats embarrassing,0.0,content_diversity,Those things are not going in my mouth.,No thought on eating it.,I had no intent on such a thing.,Nothing is being eaten.,"Those things won't be ate, no worries.",-0.014,0.968,-0.305,-0.722,-0.440,26.370022,1.062839,0.313249,8.260388,0.332933,56.364545,1.656445,0.000000,17.656148,0.518880
test.context.txt::01597,test.context.txt::01597__row447,Only when they can buy all the tea in china,1.0,content_diversity,"Unfortunately, they probably can buy all the tea in China.","Well, that rules that out then.",Lol...just say what you mean.,"I agree, I would never donate to that fund.",I can't imagine how much tea that would be.,-0.019,0.964,-0.152,-0.680,-0.197,37.460545,1.179232,0.342164,12.817659,0.403491,41.675279,1.734224,0.000000,14.259790,0.593390
test.context.txt::01597,test.context.txt::01597__row448,Only when they can buy all the tea in china,0.0,content_diversity,"I agree, it's out of the question.",That pretty much says it.,"I guess you're not up to discussing it, lol.",That's pretty blunt so you're out.,I'd say that would be a no for you.,-0.012,0.978,-0.237,-0.726,-0.472,37.305516,1.017773,0.282114,10.524417,0.287128,59.249423,1.134117,0.000000,16.715105,0.319950
test.context.txt::01599,test.context.txt::01599,I started drinking to forget  I don't remember when,0.0,content_diversity,I always thought you were like that because you're an idiot...but it's the booze.,You always seemed like a guy not really there.,It's not like we couldn't tell.,You always seems three sheets to the wind.,"LOL, yep you are the top dawg in that department.",-0.030,0.953,-0.074,-0.637,-0.202,14.463921,0.560165,0.320289,4.632633,0.179415,92.199758,1.573413,0.000000,29.530557,0.503947
test.context.txt::01600,test.context.txt::01600,You can also count the fact that the building itself is metal,1.0,content_diversity,It is metal.,"No, some of it is brick.",I can't agree with you on that.,"Mostly metal, but not all of it",Does it matter that it is metal?,-0.038,0.937,-0.227,-0.675,-0.382,23.886690,0.935175,0.344132,8.220165,0.321823,31.104978,1.107809,0.000000,10.704206,0.381232
test.context.txt::01601,test.context.txt::01601__row451,I thought it would be  obvious   it's an analogy,1.0,content_diversity,I thought it was,no not really,it is not overall,obvious to some only,I can't say that,-0.016,0.768,-0.070,-0.611,-0.405,24.593877,1.459083,0.286760,7.052533,0.418406,37.135528,1.725761,0.000000,10.648973,0.494879
test.context.txt::01601,test.context.txt::01601__row452,I thought it would be  obvious   it's an analogy,0.0,content_diversity,it wasn't obvious to me,not apparent to me,did not see it,not really for me,I didn't even know it was there,-0.051,0.931,-0.247,-0.671,-0.693,23.454524,1.615867,0.322935,7.574297,0.521821,26.621589,1.243173,0.000000,8.597054,0.401465
test.context.txt::01602,test.context.txt::01602,I think the 48 part deserves 1 12 downvotes,0.0,content_diversity,It's not perfect but it's not a complete dud.,"At least he was trying, that's all you can ask.",He's got some fans here so they'll like what he said.,I like what he said so he's okay with me.,He tried to please everyone and he did okay with that.,-0.039,0.928,-0.238,-0.725,-0.414,43.218272,0.939883,0.373976,16.162580,0.351493,31.805240,0.462331,0.000000,11.894385,0.172901
test.context.txt::01603,test.context.txt::01603__row454,If she is staring at you probably she wants something,1.0,content_diversity,maybe she wants me,I think you are right,"she is my girlfriend, did you not know that?","well, she is obviously in love with me",maybe she was trying to see if I like her too,-0.037,0.944,-0.221,-0.689,-0.441,26.874038,0.901382,0.396333,10.651073,0.357248,60.409332,0.604999,0.000000,23.942223,0.239781
test.context.txt::01603,test.context.txt::01603__row455,If she is staring at you probably she wants something,0.0,content_diversity,you are probably correct,maybe you are onto something,I agree with that,I am thinking the same thing,that is what I think too,-0.030,0.950,-0.135,-0.734,-0.679,30.167183,1.298478,0.413149,12.463540,0.536465,13.776295,0.427451,0.000000,5.691662,0.176601
test.context.txt::01604,test.context.txt::01604,Your head is supposed to be the other way around typically,0.0,content_diversity,In most case that seems to be true.,It does seem to look better that way.,I can seem to disagree with you,"yes, backward from what it is",backwards is the correct way I believe,-0.025,0.955,-0.097,-0.753,-0.350,26.042882,0.875160,0.390083,10.158884,0.341385,23.096615,1.144891,0.000000,9.009596,0.446602
test.context.txt::01605,test.context.txt::01605,You asked for anal did't you  I get that line a lot,0.0,content_diversity,they are so abrupt,they seem to do it on accident,accidental perhaps,they want to stay innocent,the choice seems to be theirs,-0.022,0.967,-0.106,-0.681,-0.329,27.568924,1.354974,0.287229,7.918600,0.389188,11.707145,1.342223,0.000000,3.362634,0.385526
test.context.txt::01606,test.context.txt::01606,Ill play spy for team bad internet srsly,1.0,content_diversity,I can do a spy also,"no don't, you are not needed","play the spy, it will work","do it, someone has to",I think you should you are good,-0.018,0.959,-0.102,-0.730,-0.245,34.696758,1.452887,0.299547,10.393303,0.435208,24.902319,1.488141,0.000000,7.459410,0.445768
test.context.txt::01607,test.context.txt::01607__row459,Not everyone wants to be reading about weed,1.0,content_diversity,And you know this how exactly?,I think people can forgo reading this thread then.,"Probably true, most would rather just smoke!",A ton of people find this kind of thread useful.,What's for you will be for you.,-0.016,0.953,-0.034,-0.671,-0.205,42.173810,0.826196,0.332698,14.031163,0.274874,62.531463,0.609685,0.000000,20.804123,0.202841
test.context.txt::01607,test.context.txt::01607__row460,Not everyone wants to be reading about weed,0.0,content_diversity,What are you basing this on?,Oh please enlighten us then.,Let's see your polling data already!,Not sure that this is more than your opinion.,Because you asked everyone what they want to read about?,-0.008,0.983,-0.085,-0.690,-0.328,33.909502,1.108133,0.325104,11.024108,0.360258,50.105997,1.247276,0.000000,16.289650,0.405494
test.context.txt::01608,test.context.txt::01608,Sorry nothing to offer but now I want to read it too,0.0,content_diversity,"Great book, and so informative.",I loved this book!,One of my favorites,I've read it at least 3 times.,I'll read it again before too long.,-0.009,0.976,-0.193,-0.780,-0.378,16.123058,0.967585,0.361178,5.823291,0.349470,51.557045,0.938533,0.000000,18.621260,0.338977
test.context.txt::01609,test.context.txt::01609,At least he has the fart fan blowing the right direction,1.0,content_diversity,I hope so because I can't go through that again.,"OMG, not him again.","If he starts farting again, I'm going to report him.","Lol, noooooo. He can't do that again.",I'll just leave. that's all.,-0.019,0.960,-0.230,-0.728,-0.348,34.135606,0.877161,0.260347,8.887112,0.228366,34.057559,1.711502,0.000000,8.866793,0.445585
test.context.txt::01610,test.context.txt::01610__row463,I was a fan of the insanity wolf one,1.0,content_diversity,I was not.,Why was that?,Is that one of your favourites?,I have not heard of that.,What is that all about then?,-0.029,0.950,-0.145,-0.609,-0.408,25.999080,1.189739,0.283089,7.360062,0.336803,23.053178,1.872921,0.000000,6.526109,0.530204
test.context.txt::01610,test.context.txt::01610__row464,I was a fan of the insanity wolf one,0.0,content_diversity,I hated it.,Not one I liked.,I didn't like it.,I thought that was rubbish.,"Played it once, never again.",-0.046,0.952,-0.388,-0.731,-0.576,7.509814,0.639667,0.261855,1.966481,0.167500,47.260204,1.590282,0.000000,12.375311,0.416423
test.context.txt::01611,test.context.txt::01611,I did't quit anything I'm not sure I understand your comment,1.0,content_diversity,"I didn't say you quit, I said you didn't try.",You looked like you quit.,Doesn't look like full effort.,"Oh sorry, thought you quit.","Nothing to understand, I thought wrong.",-0.034,0.934,-0.172,-0.756,-0.352,22.407299,1.011474,0.362880,8.131161,0.367044,41.448881,1.057414,0.000000,15.040971,0.383714
test.context.txt::01612,test.context.txt::01612,Please tell me this wasn't college or high school for that matter,1.0,content_diversity,I'm not going to tell you but,Yeah doubtful,Seemingly it was,It could be it could,It's a possibility,-0.004,0.980,-0.031,-0.652,-0.425,22.571648,1.449737,0.258644,5.838028,0.374966,23.675685,2.033505,0.000000,6.123581,0.525954
test.context.txt::01613,test.context.txt::01613,Gb just lost in a horrible way to spain,0.0,content_diversity,spain is the superior ball team,gb needed to lose.,gb hasn't done well this year,I am not surprised,gb was bound to lose this time,-0.026,0.954,-0.234,-0.689,-0.298,23.212412,1.083410,0.327319,7.597870,0.354621,27.044312,1.398108,0.000000,8.852125,0.457628
test.context.txt::01614,test.context.txt::01614,Couldn't do it I'm a front to back man,0.0,content_diversity,don't ever say you can't,why can you not do anything?,I think anyone can do anything by trying.,Always try,Never put yourself down in ability.,-0.009,0.978,-0.091,-0.766,-0.458,29.852358,1.534353,0.319541,9.539055,0.490289,63.758208,1.083688,0.000000,20.373368,0.346283
test.context.txt::01615,test.context.txt::01615__row469,Thats amazing  wait they allow computers in prison yeah I know sorry,1.0,content_diversity,"They don't allow everyone access, do they?","It probably keeps some of the violence down, I would think.",They find wives and girlfriends on the internet.,I think it's a good thing to treat them better.,That's one of the one good things they do for them.,-0.022,0.953,-0.211,-0.683,-0.196,22.621621,0.456487,0.434987,9.840102,0.198566,18.213566,0.368029,0.000000,7.922657,0.160088
test.context.txt::01615,test.context.txt::01615__row470,Thats amazing  wait they allow computers in prison yeah I know sorry,0.0,content_diversity,"If they're on the computer, they're not beating someone up.",I hope it helps to calm down the prison population.,"I wonder how much access they have to the internet, time wise.",Maybe it will help them to feel connected and not go off the deep end.,It's a good thing to have a computer there.,-0.027,0.957,-0.307,-0.736,-0.286,38.065007,0.544274,0.490019,18.652595,0.266705,49.395438,0.263628,0.000000,24.204727,0.129183
test.context.txt::01616,test.context.txt::01616,Lebron gave a little shove to pierce on that one,0.0,content_diversity,I love LeBron but Jordan is number 1.,There will always be a who's better debate with LeBron and Michael Jordan.,LeBron is going to be better than MJ someday.,LeBron is the best player of his time and Jordan of his.,LeBron is amazing almost as much as MJordan.,-0.047,0.927,-0.263,-0.892,-0.504,6.991984,0.035953,0.403575,2.821787,0.014510,68.219486,1.719410,0.000000,27.531652,0.693910
test.context.txt::01617,test.context.txt::01617,Get a haircut you look like an idiot,0.0,content_diversity,very not cool,that was very mean,very rude of you,how mean,why would you be so mean,-0.038,0.947,-0.092,-0.716,-0.679,25.988306,2.008230,0.237246,6.165630,0.476445,17.516343,2.689911,0.000000,4.155688,0.638172
test.context.txt::01618,test.context.txt::01618__row473,Pandas everything about them is a design flaw,1.0,content_diversity,"Nooo, pandas are perfect.",Why do you say that about pandas?,"I don't agree, they are symmetrical in every way.",I think they're cute so I don't care.,"I love pandas, they are so adorable.",-0.034,0.941,-0.211,-0.788,-0.374,34.748629,0.852589,0.430513,14.959741,0.367051,34.074099,1.290001,0.000000,14.669346,0.555362
test.context.txt::01618,test.context.txt::01618__row474,Pandas everything about them is a design flaw,0.0,content_diversity,"Have you ever seen a newborn panda, so cute!",I have always had a soft spot for pandas.,"Everyone one loves pandas, they are amazing animals.","I would love to own one, wouldn't you?","I love pandas so much, my room was filled with them.",-0.015,0.973,-0.225,-0.849,-0.512,24.621590,0.586398,0.454882,11.199927,0.266742,36.229844,0.651825,0.000000,16.480317,0.296504
test.context.txt::01619,test.context.txt::01619__row475,This may be the strangest thing I've read today,1.0,content_diversity,"I agree, very strange.",Not the strangest for me.,No way the strangest for today.,I think you might be correct.,That many things are weird today?,-0.030,0.940,-0.195,-0.822,-0.513,15.685651,0.618637,0.313565,4.918476,0.193983,50.442699,1.009727,0.000000,15.817080,0.316615
test.context.txt::01619,test.context.txt::01619__row476,This may be the strangest thing I've read today,0.0,content_diversity,A lot of things happened today that are strange.,Today involved a lot of weird things.,Weird would describe today.,Today was an oddity.,I never felt like today was real.,-0.028,0.947,-0.283,-0.899,-0.652,26.428303,1.097659,0.313972,8.297757,0.344635,34.158947,1.263854,0.000000,10.724966,0.396815
test.context.txt::01620,test.context.txt::01620,Verify that the system language is set to english  united states,1.0,content_diversity,cool will do,you verify it,alright lets do it,very tech,this sounds intense,-0.012,0.773,-0.148,-0.616,-0.387,24.706010,2.071368,0.138253,3.415676,0.286373,15.794872,2.939326,0.000000,2.183686,0.406370
test.context.txt::01621,test.context.txt::01621,Cause the actor definitely actually ate her out,0.0,content_diversity,I don't think that could actually happen on set.,That would never take place.,In a normal studio that wouldn't happen.,That is beyond a possibility.,"I doubt it, seems over the top.",-0.015,0.970,-0.302,-0.711,-0.529,18.169713,0.445603,0.357421,6.494243,0.159268,31.529223,1.251059,0.000000,11.269217,0.447155
test.context.txt::01622,test.context.txt::01622,Wait so what did the op actually want them to remove,0.0,content_diversity,it is unclear what they wanted removed,no one knows,I have no idea what it was,everyone seems to not know,that seems to be uncertain.,-0.023,0.954,-0.300,-0.720,-0.549,22.317852,1.076814,0.433674,9.678677,0.466987,40.499655,1.341581,0.000000,17.563656,0.581809
test.context.txt::01624,test.context.txt::01624,Apparently you've never slept on one before  they're to die for,0.0,content_diversity,and apparently you're better than the rest of us plebs.,"ooh, tell me again why you're smarter than everyone?","Don't look now, your humility is showing! Not!",So nice to get the humble brag on here.,let's not get too carried away with feeling like you're above the masses.,-0.015,0.976,-0.102,-0.683,-0.299,26.717044,0.845615,0.373835,9.987760,0.316120,44.961576,1.181056,0.000000,16.808200,0.441520
test.context.txt::01627,test.context.txt::01627,Good now do a similar analysis for your favorite democrat,0.0,content_diversity,Both side should be analyzed.,agree that it can't be one sided,both side for sure,analyzing both sides is necessary,"I think so, both sides is appropriate.",-0.040,0.929,-0.153,-0.884,-0.524,37.479352,1.681546,0.270097,10.123079,0.454181,55.201642,1.347627,0.000000,14.909825,0.363991
test.context.txt::01628,test.context.txt::01628,The dogs so much hair everywhere especially in a change of season,0.0,content_diversity,That's the only bad part about having a dog.,Some dogs shed so bad but no big deal,It's worth every hair you have to pick up.,I love dogs so I don't care,I would do anything for my dog.,-0.014,0.971,-0.187,-0.758,-0.369,35.771412,0.961895,0.427021,15.275140,0.410749,51.315440,1.154035,0.000000,21.912765,0.492797
test.context.txt::01629,test.context.txt::01629,Have a lovely day you deserve it lt3,1.0,content_diversity,Have a good day sir,More people need to be nice like you,Yeah good day to you too,That's nice of you,Cool man,-0.029,0.942,0.069,-0.715,-0.438,27.174211,0.874198,0.285767,7.765488,0.249817,29.236156,2.971178,0.000000,8.354724,0.849064
test.context.txt::01630,test.context.txt::01630__row484,Haha only if you want thats very sweet,1.0,content_diversity,It is sweet but I'd could eat a hundred!,Sweet is my weakness.,I just eat something savory with it to balance it.,I do want...they're delicious!,"I'm a candy freak, I can eat anything.",-0.020,0.960,-0.194,-0.806,-0.371,25.209565,0.756291,0.304197,7.668665,0.230061,62.130513,0.939887,0.000000,18.899894,0.285911
test.context.txt::01630,test.context.txt::01630__row485,Haha only if you want thats very sweet,0.0,content_diversity,Try a piece of bacon with it so it helps with the sweetness.,I always eat something salty with sweets.,Like chips and candy bars - sweet and savory,I put salt on really sweet items.,eat some pretzels the salt will help,-0.016,0.958,-0.198,-0.805,-0.485,50.425288,1.233768,0.333736,16.828748,0.411753,60.110322,1.008613,0.000000,20.060995,0.336611
test.context.txt::01631,test.context.txt::01631,As long as you don't go ass to mouth,0.0,content_diversity,"Had no intentions of going that way, now my interest is aroused!",Here we go putting thoughts in my head!,Can you explain? My curiosity is piqued!,"well, there's an idea that I hadn't thought of!","Now that you say it, can you walk me through the steps?",-0.014,0.975,-0.146,-0.787,-0.380,28.532732,0.773584,0.361517,10.315076,0.279664,55.091382,0.670242,0.000000,19.916488,0.242304
test.context.txt::01632,test.context.txt::01632,We will get to see the mars landing 4 sure,0.0,content_diversity,There's so many billionaires trying to get there so we'll see what happens.,NASA is probably way ahead of the game right now.,I heard Richard Branson is also into Space travel which is cool.,NASA has been planning a Mars trip for decades so it should be soon.,"When I was a kid, I wanted to be an astronaut for NASA to go to Mars.",-0.020,0.955,-0.154,-0.727,-0.405,30.552838,0.521938,0.474385,14.493800,0.247599,35.801320,0.406425,0.000000,16.983600,0.192802
test.context.txt::01633,test.context.txt::01633__row488,Can someone explain to me why this awesome wallpaper is being downvoted,1.0,content_diversity,that wallpaper is not awesome,the wallpaper is weak,I hate that wallpaper,people like different things,wallpapers are subjective,-0.034,0.933,-0.306,-0.825,-0.495,35.354314,1.486162,0.330625,11.689026,0.491363,14.868194,0.990916,0.000000,4.915799,0.327622
test.context.txt::01633,test.context.txt::01633__row489,Can someone explain to me why this awesome wallpaper is being downvoted,0.0,content_diversity,I hate that wallpaper.,the wallpaper doesn't fit well with me.,I have seen better wallpapers,wallpapers are often not good,I can't say I like it,-0.026,0.963,-0.296,-0.822,-0.481,33.480529,1.018935,0.347858,11.646461,0.354444,39.423563,0.859261,0.000000,13.713791,0.298900
test.context.txt::01634,test.context.txt::01634__row490,I agree but he was damn funny in scrubs,1.0,content_diversity,I think he was too.,The humor was alright.,scrubs is a very old show now.,perhaps back then it was good,I thing scrubs is fairly good too.,-0.031,0.943,-0.253,-0.660,-0.310,10.877570,0.497412,0.318966,3.469577,0.158658,41.048328,0.460661,0.000000,13.093026,0.146935
test.context.txt::01634,test.context.txt::01634__row491,I agree but he was damn funny in scrubs,0.0,content_diversity,His humor was very light.,The humor didn't stand out much.,He was sometimes funny.,"Funny, but only every now and then.",Could have been funnier.,-0.008,0.985,-0.270,-0.900,-0.596,24.456909,0.817452,0.349798,8.554989,0.285944,29.277004,0.546855,0.000000,10.241050,0.191289
test.context.txt::01635,test.context.txt::01635__row492,It is a nice looking flag simple yet striking,1.0,content_diversity,"Yes, it is full of design.",The flag is too simple,The flag is odd looking.,The simplicity is a bit much.,I am not impress with such a simple flag.,-0.066,0.917,-0.404,-0.813,-0.385,10.066968,0.683351,0.332301,3.345260,0.227078,63.033413,1.761493,0.000000,20.946042,0.585345
test.context.txt::01635,test.context.txt::01635__row493,It is a nice looking flag simple yet striking,0.0,content_diversity,The flag needs to have more to it.,The design is too basic overall.,Basic design does not draw my interest.,I am not looking for a simple flag.,Simple is putting it mildly.,-0.017,0.959,-0.243,-0.786,-0.293,36.311544,0.923813,0.344423,12.506534,0.318182,19.018377,0.721720,0.000000,6.550368,0.248577
test.context.txt::01636,test.context.txt::01636,I like making people happy it makes me happy,1.0,content_diversity,you are nice,you are a people's pleaser,that means you want to contribute socially,maybe you care about other's people,why do you feel like that? do you need their approval or something?,-0.054,0.945,-0.124,-0.723,-0.415,19.659814,1.088084,0.353797,6.955590,0.384961,86.692536,0.476375,0.000000,30.671592,0.168540
test.context.txt::01637,test.context.txt::01637,My sister sent me this text then posted it on facebook,0.0,content_diversity,What did it say,Can you read it,Okay but what does it mean,Read it out,What is it,-0.058,0.950,-0.294,-0.757,-0.589,32.794646,2.038001,0.295347,9.685799,0.601917,31.533599,1.284976,0.000000,9.313353,0.379514
test.context.txt::01638,test.context.txt::01638,Lol he looks more happy with dirt butt,0.0,content_diversity,"I remember playing like that for hours on end, I love watching them.",It really fun to watch the kids on the playground.,It nice to see the kids all carefree and happy at the park,Kids can play for hours and hours doing the same thing at the park.,Children should really appreciate this time because it goes away so fast.,-0.040,0.927,-0.252,-0.821,-0.507,38.526040,0.725415,0.438731,16.902581,0.318262,36.612118,0.246951,0.000000,16.062883,0.108345
test.context.txt::01640,test.context.txt::01640,You've never spoken to each other but are facebook friends odd,0.0,content_diversity,"Yes, most people talk first","maybe, but still friends",virtual friend then,no talking to be friends,I don't think its odd,-0.004,0.991,-0.111,-0.703,-0.238,23.365301,1.099903,0.341450,7.978072,0.375561,36.640286,1.342222,0.000000,12.510809,0.458301
test.context.txt::01641,test.context.txt::01641__row498,Theres a good amount of stoners who do this,1.0,content_diversity,Stoners are a trip!`,Yes they do and it's funny,"They will eat anything, I swear","I love them, they are hysterical.",I can't stand the smell of the weed.,-0.016,0.967,-0.201,-0.646,-0.217,23.591694,0.844778,0.268674,6.338478,0.226970,40.034078,3.257204,0.000000,10.756122,0.875126
test.context.txt::01641,test.context.txt::01641__row499,Theres a good amount of stoners who do this,0.0,content_diversity,Stoners are always hungry.,The munchies is a serious thing.,I love watching them trying to eat everything.,It's so funny to watch a stoner look at food.,I take picture of my stoner friend eating to embarrass him.,-0.013,0.974,-0.184,-0.826,-0.434,23.948910,0.756101,0.369028,8.837808,0.279022,66.209391,0.357366,0.000000,24.433090,0.131878
test.context.txt::01642,test.context.txt::01642,I wonder what went through his mind in those 5 seconds,1.0,content_diversity,I do wonder,I also wonder what they were thinking of.,those five seconds must have been unique,i'm not sure what they would think about,what kind of thoughts would take place,-0.027,0.950,-0.123,-0.726,-0.486,29.186880,0.956052,0.371081,10.830694,0.354773,42.239314,0.808487,0.000000,15.674203,0.300014
test.context.txt::01643,test.context.txt::01643__row501,I did't expect to learn so much this year,1.0,content_diversity,"I know, the class was really interesting.",I loved hearing from an Iraqi citizen who was there.,I have so much respect for the speaker in the class.,I sure learned how much I didn't know.,I wish there was a part 2 to this class.,-0.052,0.939,-0.243,-0.724,-0.236,21.096174,0.362086,0.452167,9.539000,0.163724,51.985315,0.712458,0.000000,23.506059,0.322150
test.context.txt::01643,test.context.txt::01643__row502,I did't expect to learn so much this year,0.0,content_diversity,It's funny how you think you know but you don't know anything...,I thought I knew more about the subject than I really did.,It was hard to not learn because it was so engrossing.,I learned more than I bargained for.,I loved this class and I was completely stupid before.,-0.034,0.946,-0.245,-0.721,-0.427,8.779461,0.220955,0.513346,4.506903,0.113426,65.735826,0.983084,0.000000,33.745232,0.504662
test.context.txt::01644,test.context.txt::01644__row503,Which is weird considering english itself has a hard g,1.0,content_diversity,Agreed it does,"No, its not that weird",It doesn't seem that weird to me,"for the most part, perhaps",I am not sure at all,-0.014,0.967,-0.054,-0.656,-0.420,19.411272,0.738683,0.294471,5.716065,0.217521,30.185923,1.966093,0.000000,8.888892,0.578958
test.context.txt::01644,test.context.txt::01644__row504,Which is weird considering english itself has a hard g,0.0,content_diversity,I don't know why it is weird,why so weird though,seems normal,the hard g doesn't change things,not really weird for the most part,-0.017,0.969,-0.112,-0.782,-0.459,19.403190,1.400880,0.302760,5.874517,0.424131,32.944729,1.191456,0.000000,9.974358,0.360726
test.context.txt::01645,test.context.txt::01645,Google music has this feature they call it instant mix,0.0,content_diversity,I tried mixing rap and country once. Not a good sound.,I would try mixing Still D.R.E. with The Real Slim Shady.,I saw a live performance mix once of Yesterday with Paul McCartney and Jay Z.,What do you think of mixing In the Still of the Night with All Along the Watchtower,New challenge: mix your three favorite songs.,-0.023,0.951,-0.197,-0.806,-0.161,60.279463,0.633048,0.386990,23.327549,0.244983,50.352767,1.179131,0.000000,19.486017,0.456312
test.context.txt::01646,test.context.txt::01646__row506,How will we know what is worth buying,1.0,content_diversity,You will know.,Others can vouch for me.,You will recognize the quality.,You will see the difference.,You can feel free to shop around,-0.066,0.924,-0.332,-0.720,-0.455,20.898865,0.843509,0.277052,5.790075,0.233696,41.371939,1.687348,0.000000,11.462183,0.467483
test.context.txt::01646,test.context.txt::01646__row507,How will we know what is worth buying,0.0,content_diversity,Do I need an appointment?,When can I come over?,Is that really ok?,"Great, I'm excited to come over.",I look forward to seeing you.,-0.018,0.969,-0.190,-0.723,-0.317,38.551789,1.681468,0.246365,9.497813,0.414255,35.111260,1.623345,0.000000,8.650187,0.399935
test.context.txt::01648,test.context.txt::01648__row508,That video made me really happy for some reason,1.0,content_diversity,"Agreed, that movie was uplifting.",I think that movie was not that good.,It was alright.,It didn't seem that impressive to me.,"Why, it seemed generic.",-0.045,0.918,-0.332,-0.714,-0.316,6.478476,0.217585,0.297608,1.928043,0.064755,49.889698,2.488031,0.000000,14.847549,0.740457
test.context.txt::01648,test.context.txt::01648__row509,That video made me really happy for some reason,0.0,content_diversity,I think that movie gave the wrong message.,The movie didn't really flow well.,I felt like it was a poor movie.,I am not impressed with the movie at all.,I thought about leaving the movie a few times.,-0.051,0.944,-0.486,-0.887,-0.527,20.510693,0.671888,0.378587,7.765089,0.254368,22.696737,0.645370,0.000000,8.592698,0.244329
test.context.txt::01649,test.context.txt::01649,Every guy tries it anyone who says they haven't is lying,0.0,content_diversity,"yes, they all do",i never met one that hasn't,every male has,"for sure, all males",they are not telling the truth if they say otherwise,-0.011,0.978,-0.027,-0.676,-0.363,13.102689,1.268239,0.381458,4.998120,0.483779,31.896786,1.484908,0.000000,12.167270,0.566429
test.context.txt::01650,test.context.txt::01650__row511,They were probably dragged out there by someone else,1.0,content_diversity,the thought of it is sickening.,"You may be right, I wonder.",It makes me feel awful to think about it.,I've stopped going on some other sites because of all the talk.,It's spooky because it can happen to anyone.,-0.017,0.971,-0.217,-0.692,-0.311,17.691817,0.389652,0.331278,5.860902,0.129083,75.247545,1.196743,0.000000,24.927825,0.396454
test.context.txt::01650,test.context.txt::01650__row512,They were probably dragged out there by someone else,0.0,content_diversity,It happens anywhere and everywhere.,It could be a neighbor or a relative...scary!,I'm looking at people around me more because it can happen.,I'm far more careful now than I've ever been,It's frightening to even imagine it happening here.,-0.009,0.976,-0.180,-0.717,-0.282,48.582682,0.986751,0.366261,17.793943,0.361408,56.802988,0.860763,0.000000,20.804720,0.315264
test.context.txt::01651,test.context.txt::01651,Screw the stereotypes I'm catholic amp I think this is cool,0.0,content_diversity,any religion is good enough,all religions can be cool,"agree, no religion should be stereotyped",nothing wrong with catholics,most religions are ok in my book,-0.011,0.978,-0.216,-0.819,-0.397,34.988698,1.048043,0.412448,14.431005,0.432263,38.101775,0.606132,0.000000,15.714986,0.249998
test.context.txt::01652,test.context.txt::01652,Okay thats what I intend to do thanks for your help,1.0,content_diversity,You're very welcome!,Anytime...glad I could help.,Let me know if you need anything else.,Let me know how it goes for you.,I'm just glad I was some help. good luck!,-0.026,0.939,-0.064,-0.764,-0.519,0.625025,0.254858,0.424046,0.265039,0.108072,80.477320,1.580226,0.000000,34.126077,0.670089
test.context.txt::01653,test.context.txt::01653__row515,Abandon hope all ye who enter here  walt disney,1.0,content_diversity,I love Disney and everything associated with Disney.,One of my first memories is of being at Disneyland with my family.,Are you old enough to remember the original Mickey Mouse Club?,Anyone who doesn't love Disney is someone I don't want to know.,"I hope Disney never turns into a righteous, political organization.",-0.024,0.955,-0.193,-0.801,-0.273,8.783944,0.171816,0.524146,4.604069,0.090057,73.809180,0.945277,0.000000,38.686788,0.495463
test.context.txt::01653,test.context.txt::01653__row516,Abandon hope all ye who enter here  walt disney,0.0,content_diversity,"I love going to Disneyland, I don't care how many times I go.",Some of my favorite memories of my mom is at Disneyland.,I've only been to Disneyland once but I will never forget it.`,I love Disneyland and can't believe some of my friends has never been there.,I used to live in California and Disneyland was an annual event of memories.,-0.050,0.927,-0.282,-0.920,-0.562,29.745456,0.513797,0.478182,14.223728,0.245688,50.201187,0.406971,0.000000,24.005281,0.194606
test.context.txt::01654,test.context.txt::01654,It's because we know how truly miserable we are,1.0,content_diversity,"yes, we are sad","No, not miserable",I don't think so,are we that saddened?,I'm not sure I do,-0.020,0.960,-0.065,-0.711,-0.461,24.874588,1.398119,0.233150,5.799511,0.325972,38.465255,1.505971,0.000000,8.968176,0.351117
test.context.txt::01655,test.context.txt::01655,That was the first thing that I noticed,1.0,content_diversity,I didn't even notice it until someone pointed it out.,Same here...it stuck out like a sore thumb.,I wasn't even paying attention.,I was reading backwards and it was pointed out before I got to it.,I didn't notice and still don't see what you do.,-0.038,0.931,-0.186,-0.735,-0.333,20.157308,0.470039,0.433609,8.740386,0.203813,76.831347,1.333106,0.000000,33.314748,0.578047
test.context.txt::01656,test.context.txt::01656,If it was id be impressed however no,0.0,content_diversity,I liked it.,I thought it was great.,I was impressed no matter what you think.,It was amazing.,"It made me very happy,",-0.035,0.950,-0.409,-0.755,-0.705,19.727412,0.779574,0.306266,6.041839,0.238757,42.163591,1.299684,0.000000,12.913282,0.398049
test.context.txt::01657,test.context.txt::01657,Why are people exploding when they die oo,1.0,content_diversity,that is what they do to everyone,all characters need to explode,it is more exciting that way,I think that was always the case,i never noticed that before,-0.026,0.967,-0.099,-0.665,-0.324,24.254302,0.797652,0.466228,11.308035,0.371888,22.877560,0.515651,0.000000,10.666159,0.240411
test.context.txt::01658,test.context.txt::01658__row521,Are you my best friend you sound like my best friend,1.0,content_diversity,Of course I am your best friend.,"No, I hate you,",I have no idea who you even are.,Best friends share their ice cream.,Do you not even know whay your best friend sounds like?,-0.029,0.941,-0.148,-0.682,-0.246,14.559506,1.219663,0.385094,5.606771,0.469684,70.550475,1.922495,0.000000,27.168530,0.740340
test.context.txt::01658,test.context.txt::01658__row522,Are you my best friend you sound like my best friend,0.0,content_diversity,"Yes I am, you know that,",Always and forever.,"Totally am, and happy about it.",Proud to say I am.,"We've known each other for years, or course  I am.",-0.023,0.959,-0.108,-0.733,-0.520,20.627481,1.386744,0.289821,5.978272,0.401907,86.641357,0.840332,0.000000,25.110462,0.243546
test.context.txt::01659,test.context.txt::01659__row523,Hate to say this but that in fact is a xbox 360,1.0,content_diversity,"Agreed, it is an xbox 360","No, its a 180",I don't find any fault in that,It is fine its a 360,Ps4 is better in most ways.,-0.030,0.950,-0.106,-0.686,-0.269,12.935802,0.781758,0.241094,3.118748,0.188477,33.653173,2.644218,0.000000,8.113588,0.637506
test.context.txt::01659,test.context.txt::01659__row524,Hate to say this but that in fact is a xbox 360,0.0,content_diversity,it was quite apparrent,The 360 aspect was quite obvious,"I'm not sure I care, but probably true.","For the most part, I agree","Yes a 360, but not difficult to say.",-0.021,0.961,-0.099,-0.645,-0.359,25.272359,0.822375,0.305067,7.709763,0.250879,63.010802,1.295987,0.000000,19.222518,0.395363
test.context.txt::01660,test.context.txt::01660,Whats sad is that we have soldiers dying there for no reason,0.0,content_diversity,totally agree,i could not agree more,how can you not agree,very agreeable,completely agree,-0.048,0.932,-0.257,-0.962,-0.550,35.908869,2.154833,0.272858,9.798038,0.587964,23.373074,1.527408,0.000000,6.377541,0.416766
test.context.txt::01662,test.context.txt::01662__row526,If you find the answer to this please share it with me,1.0,content_diversity,"Of course, I'll share.","No, I don't think I will",why would I do that?,"perhaps, but we will see.",I can try to share soon,-0.023,0.962,-0.139,-0.668,-0.312,16.415979,0.750660,0.292371,4.799558,0.219471,40.916437,1.621775,0.000000,11.962783,0.474160
test.context.txt::01662,test.context.txt::01662__row527,If you find the answer to this please share it with me,0.0,content_diversity,sharing shouldn't be an issue,"of course, I'll help",That is what I planned,Always want to help you.,Sharing is not an issue.,-0.021,0.956,-0.220,-0.693,-0.336,33.724744,1.493719,0.298525,10.067694,0.445913,23.442290,1.192542,0.000000,6.998120,0.356004
test.context.txt::01664,test.context.txt::01664__row528,Did it take anyone else a long time to find the dog,1.0,content_diversity,What dog?,I took ages to find it.,"No, why did you?","I found the dog then I lost it again, I'm not playing anymore.",My dog died.,-0.009,0.971,-0.221,-0.695,-0.261,34.233935,1.563440,0.177130,6.063852,0.276932,86.092963,1.745630,0.000000,15.249634,0.309203
test.context.txt::01664,test.context.txt::01664__row529,Did it take anyone else a long time to find the dog,0.0,content_diversity,My dog passed away.,My dog is gone.,My dog is dead.,My dog is no more.,My dog croaked.,-0.229,0.780,-0.704,-0.895,-0.671,37.123585,2.206702,0.172838,6.416359,0.381402,19.961856,1.531065,0.000000,3.450164,0.264626
test.context.txt::01665,test.context.txt::01665__row530,Wow thats really cool how did the devs know about his surgery,1.0,content_diversity,I don't know but I'll try to find out.,I think they were told by the hospital.,It's all over online so they probably got it there.,Brian told them before they went into the hospital.,"Who knows, people get info all over the place.",-0.030,0.950,-0.242,-0.694,-0.248,25.324195,0.516140,0.441621,11.183694,0.227938,51.487384,0.694382,0.000000,22.737905,0.306654
test.context.txt::01665,test.context.txt::01665__row531,Wow thats really cool how did the devs know about his surgery,0.0,content_diversity,Probably on a social media site.,People get all their information on Twitter so probably Twitter.,"I'm sure they heard it on one of the sites like FB, Twit, IG","Online on Twitter, I'll bet.",Probably any social media outlet.,-0.030,0.959,-0.182,-0.851,-0.587,72.994170,1.600525,0.310094,22.635038,0.496313,81.037528,1.755334,0.000000,25.129233,0.544318
test.context.txt::01666,test.context.txt::01666,Shhh were french we don't speak english remember,0.0,content_diversity,why play the game of pretending,no need to hide it,be proud of your language use,no reason not to admit it,hiding knowing a language is childish,-0.018,0.966,-0.227,-0.667,-0.280,25.945526,1.282057,0.332218,8.619559,0.425922,57.461804,0.830573,0.000000,19.089820,0.275931
test.context.txt::01667,test.context.txt::01667,Time to block espn for the next 4 weeks,1.0,content_diversity,why so?,espn should be blocked,isn't that a bit severe?,that seems a bit over the tope,I do not think I will do the same,-0.016,0.946,0.010,-0.641,-0.339,17.205661,0.833143,0.247489,4.258206,0.206194,42.623925,4.198904,0.000000,10.548939,1.039181
test.context.txt::01668,test.context.txt::01668__row534,Time to set up video cameras at work,1.0,content_diversity,Yes set them up,already set them up,"you are late, already done",the cams need to be turned on,get them going,-0.054,0.919,-0.299,-0.723,-0.352,34.435236,1.288088,0.259529,8.936952,0.334297,41.404577,1.448225,0.000000,10.745700,0.375857
test.context.txt::01668,test.context.txt::01668__row535,Time to set up video cameras at work,0.0,content_diversity,they need to be set by tomorrow,being the setup now,someone has expected them for days,the cameras need to function now,they need to be engaged quickly,-0.067,0.876,-0.155,-0.723,-0.461,39.346269,1.298931,0.285933,11.250397,0.371407,42.440945,2.469806,0.000000,12.135267,0.706199
test.context.txt::01669,test.context.txt::01669__row536,I like bullet point summary right at the beginning,1.0,content_diversity,a bullet point always helps,"yes, a bullet point summary helps in most cases",I need no guide to help,at the beginning always helps,some sort of summary usually helps,-0.052,0.916,-0.289,-0.800,-0.337,35.117139,1.264721,0.380914,13.376618,0.481750,40.560543,1.649418,0.000000,15.450088,0.628287
test.context.txt::01669,test.context.txt::01669__row537,I like bullet point summary right at the beginning,0.0,content_diversity,A summary of some sort is necessary,"yes, need a guideline.",I need a summary at first also.,its always better with a summary.,A bullet point list does lay out everything,-0.035,0.948,-0.267,-0.762,-0.524,24.656117,1.018369,0.322927,7.962135,0.328859,38.180882,1.994343,0.000000,12.329651,0.644028
test.ca-cb.ca::00570,test.ca-cb.ca::00570,Omg thats awesome and cupcakes too I'm on board,0.0,content_diversity,cupcakes sounds yummy,"I concur, that is good",cupcakes sounds delicious,cupcakes is tasty,decadent cupcakes is not too shabby of an idea,-0.065,0.926,-0.205,-0.815,-0.615,14.174125,1.286051,0.323422,4.584218,0.415937,94.997162,2.267284,0.000000,30.724131,0.733289
test.ca-cb.ca::00579,test.ca-cb.ca::00579,Just because she used pills doesn't mean she wasn't serious,1.0,content_diversity,"Well, you can't blame them for taking her seriously","I don't know, using pills is pretty serious.",Using pills definitely sends a strong message.,Drug use isn't something to fool around with.,It's pretty serious when you talk about using pills.,-0.022,0.960,-0.172,-0.831,-0.483,27.931180,0.638310,0.476294,13.303441,0.304023,37.479459,0.713913,0.000000,17.851225,0.340032
test.ca-cb.ca::00581,test.ca-cb.ca::00581__row540,Russia or some other eastern european country was my first thought,1.0,content_diversity,"Has to be, makes total sense.","I've never been to any of them, would like to though.","If it happens it happens, nothing we can do about it.","I love Russia, I've been there loads of times.",I reckon Karl would beg to differ.,-0.022,0.955,-0.114,-0.596,-0.162,14.741794,0.051206,0.381307,5.621147,0.019525,33.516940,1.903257,0.000000,12.780239,0.725725
test.ca-cb.ca::00581,test.ca-cb.ca::00581__row541,Russia or some other eastern european country was my first thought,0.0,content_diversity,Have you ran it past Karl?,I don't think Karl would agree with you.,"Don't let Karl hear you say that, he would be livid.",Karl would say you are totally nuts.,Did Karl have an opinion? He must have as he won;t like whatyou are saying.,-0.043,0.944,-0.193,-0.893,-0.534,22.074839,1.022827,0.271296,5.988809,0.277489,170.479459,1.736397,0.000000,46.250346,0.471077
test.ca-cb.ca::00582,test.ca-cb.ca::00582,I could see mythbusters going somewhere with that,0.0,content_diversity,I heard that show was cancelled.,Is mythbusters still being filmed?,There are no new ones think about when was the last one taped.,I thought that series was no longer in production.,Those idiots can't still be making shows can they?,-0.017,0.971,-0.223,-0.733,-0.404,38.114518,0.745742,0.408165,15.557019,0.304386,94.089292,1.121565,0.000000,38.403974,0.457784
test.ca-cb.ca::00583,test.ca-cb.ca::00583__row543,That is probably more beneficial in the long run lt3,1.0,content_diversity,of course it is,it is called foresight,I knew that,I plan for the long run,it may or may not be,-0.028,0.945,0.030,-0.551,-0.347,22.141593,1.407839,0.336232,7.444710,0.473360,26.715055,0.908565,0.000000,8.982454,0.305488
test.ca-cb.ca::00583,test.ca-cb.ca::00583__row544,That is probably more beneficial in the long run lt3,0.0,content_diversity,for sure,it would be,I believe it is,I am pretty sure it will be,that is damn sure,-0.043,0.930,-0.206,-0.689,-0.714,12.885253,0.899962,0.335160,4.318622,0.301631,29.568600,1.378298,0.000000,9.910214,0.461951
test.ca-cb.ca::00586,test.ca-cb.ca::00586,Oh I'm sure thats tame compared to some other ones out there,1.0,content_diversity,"well, to be wild and crazy",surely not I say,I think not likely,There is probably is,I want someone wilder,-0.020,0.964,-0.020,-0.668,-0.317,16.807428,1.060216,0.223639,3.758802,0.237106,29.347517,0.887428,0.000000,6.563259,0.198464
test.ca-cb.ca::00587,test.ca-cb.ca::00587__row546,I wonder if it's the same in store,1.0,content_diversity,depends on what you are talking about in store?,it should be,depends on the store,probably not,store do not have it,-0.027,0.945,-0.157,-0.731,-0.295,7.762315,0.865357,0.350623,2.721647,0.303414,61.958401,1.749264,0.000000,21.724049,0.613332
test.ca-cb.ca::00587,test.ca-cb.ca::00587__row547,I wonder if it's the same in store,0.0,content_diversity,it may be,it can be,it is likely,why would it not be?,I think it is,-0.078,0.918,-0.247,-0.718,-0.516,25.023559,2.187364,0.247316,6.188724,0.540970,30.599159,0.998232,0.000000,7.567659,0.246879
test.ca-cb.ca::00588,test.ca-cb.ca::00588,Id say that the spider is the most annoying bug imho,0.0,content_diversity,A spiders web is the most amazing thing.,Spider webs are like the most incredible structures.,Spiders may look yucky but their webs are beautiful.,There is nothing more stunning than a dew covered spiders web in the morning.,I am fascinated by their webs.,-0.038,0.936,-0.353,-0.936,-0.586,42.303830,0.633690,0.448916,18.990852,0.284473,48.211614,0.482980,0.000000,21.642949,0.216817
test.ca-cb.ca::00589,test.ca-cb.ca::00589,The only reason I'm clicking on every provided image link,1.0,content_diversity,what is that reason?,you are wasting time,"you are searching for porn again, aren't you",you have too much free time,so you are addicted,-0.062,0.927,-0.081,-0.728,-0.201,31.150840,0.807960,0.337777,10.522052,0.272911,43.449101,1.927864,0.000000,14.676127,0.651189
test.ca-cb.ca::00590,test.ca-cb.ca::00590,Even more amazed that he made you a minecraft cake,1.0,content_diversity,I want a cake.,You should be thankful for that.,He was kind to you.,You should make him a cake in return.,Send the cake back.,-0.029,0.945,-0.320,-0.757,-0.382,18.482319,0.621077,0.306149,5.658339,0.190142,20.697398,2.010971,0.000000,6.336482,0.615656
test.ca-cb.ca::00591,test.ca-cb.ca::00591,Oh okay at least it won't go on your legal record,1.0,content_diversity,what legal records?,I did not do anything,what are you talking about?,"for what, telling the truth?",they are lucky they are not shot for trying to frame an innocent person,-0.014,0.955,-0.044,-0.587,-0.205,-7.282864,0.484709,0.409443,-2.981914,0.198461,103.994113,1.042768,0.000000,42.579610,0.426954
test.ca-cb.ca::00592,test.ca-cb.ca::00592,Wow do you really mean that what is your thought process,0.0,content_diversity,"No, they don't mean that!",Don't pay attention to them too much.,You're being too gullible.,They're saying something harmless.,"Let's move on, it isn't serious.",-0.004,0.992,-0.228,-0.696,-0.414,25.039653,0.812131,0.328129,8.216225,0.266483,23.698589,0.794031,0.000000,7.776184,0.260544
test.ca-cb.ca::00593,test.ca-cb.ca::00593__row553,Alright ill go there why why is this true,1.0,content_diversity,You should go there.,I don't know why it's true.,Going there is boring.,I think it's true because it's fun.,Why? Why not?,-0.020,0.948,-0.191,-0.710,-0.165,26.655059,0.792616,0.348178,9.280700,0.275971,23.707697,2.259127,0.000000,8.254494,0.786578
test.ca-cb.ca::00593,test.ca-cb.ca::00593__row554,Alright ill go there why why is this true,0.0,content_diversity,I don't understand why.,Who knows why it's true.,I don't get it either.,When you figure it out please explain it to me.,"I do not know why, Please explain.",-0.034,0.947,-0.326,-0.779,-0.536,12.903423,0.575217,0.446185,5.757311,0.256653,44.863162,0.999367,0.000000,20.017261,0.445902
test.ca-cb.ca::00594,test.ca-cb.ca::00594,Or you could get res and save the comment,1.0,content_diversity,I could care less about this,do not save it,speak your mind,let it out,do not get involved.,-0.022,0.957,-0.017,-0.688,-0.347,11.643942,1.194915,0.257351,2.996575,0.307512,24.194025,1.440470,0.000000,6.226345,0.370706
test.ca-cb.ca::00595,test.ca-cb.ca::00595,What is this and why is it so beautiful,1.0,content_diversity,it is a gemstone from my collection,it is a dress,it is a sapphire,it is a diamond,it is not that pretty,-0.251,0.792,-0.363,-0.759,-0.365,11.455840,0.934191,0.266763,3.055998,0.249208,45.547129,1.689687,0.000000,12.150305,0.450747
test.ca-cb.ca::00596,test.ca-cb.ca::00596,Lol at espn still using our old logo on their graphics,0.0,content_diversity,Why don't you email them your new logo?,I think you should call someone there and let them know.,Perhaps they were not aware so they need someone to tell them about it.,Get one of your people to contact them.,Well what are you waiting for? Go tell them already!,-0.035,0.953,-0.177,-0.771,-0.359,44.995239,0.811862,0.458819,20.644657,0.372498,44.616114,0.509207,0.000000,20.470707,0.233634
test.ca-cb.ca::00597,test.ca-cb.ca::00597,Thats because it was on a beach moron,0.0,content_diversity,"There are many beaches, idiot!",Where is the beach?,"Moron, which beach?","And the beach is where, idiot.","Please explain which beach, moron.",-0.019,0.965,-0.300,-0.946,-0.708,27.604040,1.299064,0.348016,9.606641,0.452095,28.119396,0.552729,0.000000,9.785993,0.192359
test.ca-cb.ca::00598,test.ca-cb.ca::00598__row559,I love living in bc for this reason,1.0,content_diversity,What reason is that?,I think bc is the most bleakest place to live in.,I wish I lived there but I'm not sure if I can find work there.,Imagine loving where you live.,I too enjoy the grocery stores there.,-0.022,0.957,-0.156,-0.688,-0.069,14.915360,0.102419,0.412672,6.155158,0.042265,51.048784,0.880100,0.000000,21.066426,0.363193
test.ca-cb.ca::00598,test.ca-cb.ca::00598__row560,I love living in bc for this reason,0.0,content_diversity,Can you tell me the reason?,"So the reason is what, exactly?",I wasn't paying attention. What reason?,I can't make out what reason you're talking about?,What's the logic behind it?,-0.019,0.969,-0.207,-0.836,-0.585,34.724611,0.800986,0.379709,13.185260,0.304142,30.805639,0.782629,0.000000,11.697189,0.297172
test.ca-cb.ca::00601,test.ca-cb.ca::00601,I wish you two the best of luck,0.0,content_diversity,I hope your luck runs out.,Curses upon you instead of good fortune.,You will have bad things happen to you.,"I do not wish you any good tidings, sir.",Be careful because I'm praying for you to be filled with bad luck.,-0.025,0.963,-0.223,-0.779,-0.464,12.201341,0.573576,0.365501,4.459604,0.209643,77.740200,0.887660,0.000000,28.414130,0.324441
test.ca-cb.ca::00603,test.ca-cb.ca::00603,I've always tried to do that but I always fail,1.0,content_diversity,"there is doing and not doing, there is no try",you have another chance,try harder,give it your best shot,sometimes it is about the journey,-0.012,0.954,-0.026,-0.683,-0.271,12.974734,1.097999,0.350294,4.544969,0.384622,81.942195,1.037410,0.000000,28.703843,0.363398
test.ca-cb.ca::00605,test.ca-cb.ca::00605,To 360 or to ps3 that is the question,0.0,content_diversity,I don't get it.,What?,"Make some sense, man!",What are you trying to say.,What is the question?,-0.004,0.989,-0.147,-0.719,-0.525,30.762265,2.259183,0.237070,7.292798,0.535584,34.262753,3.097886,0.000000,8.122658,0.734415
test.ca-cb.ca::00606,test.ca-cb.ca::00606,My farts are way worse than his farts,0.0,content_diversity,I am disgusted,Ew,I am sure that is gross,Farts are gross,Gross,-0.020,0.935,-0.099,-0.744,-0.505,31.893369,4.553043,0.064799,2.066662,0.295033,36.413204,7.102479,0.000000,2.359544,0.460234
test.ca-cb.ca::00607,test.ca-cb.ca::00607,I'm a girl so if anything my girlfriend would be a vibrator,1.0,content_diversity,"well, you could also be a lesbian",that is nice,that kind of girlfriend never fights with you,I want to watch,can I join? you can have both a girlfriend vibrator and a guy,-0.018,0.954,-0.072,-0.665,-0.177,9.596393,0.853799,0.347677,3.336441,0.296846,107.979613,0.640375,0.000000,37.541979,0.222643
test.ca-cb.ca::00609,test.ca-cb.ca::00609__row566,I made a new one and the tutorial worked for me,1.0,content_diversity,The tutorial still doesn't work for me.,How do I make a new one?,I tried like six times and it finally worked.,The company needs to fix this already.,That's weird because I didn't have any problems with it.,-0.012,0.980,-0.229,-0.669,-0.201,25.704408,0.781992,0.456244,11.727475,0.356779,48.756868,1.097141,0.000000,22.245015,0.500564
test.ca-cb.ca::00609,test.ca-cb.ca::00609__row567,I made a new one and the tutorial worked for me,0.0,content_diversity,The tutorial ran fine for me.,It all worked when I used it last.,The app opened up and ran smoothly on my device.,How odd. It works when I use it.,I have still not run into any problems while using it.,-0.027,0.958,-0.394,-0.760,-0.443,35.489661,1.035565,0.359743,12.767141,0.372537,44.421135,1.089097,0.000000,15.980172,0.391795
test.ca-cb.ca::00610,test.ca-cb.ca::00610,Our pants down to our knees I hope,1.0,content_diversity,Pull up your pants.,Why would you hope that?,I am happy for you.,You wish your pants were down.,Put a belt on those pants!,-0.017,0.967,-0.134,-0.725,-0.264,12.240236,0.617471,0.322036,3.941797,0.198848,35.501416,1.044188,0.000000,11.432733,0.336266
test.ca-cb.ca::00611,test.ca-cb.ca::00611,I swear some of them are on purpose,0.0,content_diversity,"Yeah, I think you might be correct",I like the way you think,You're probably right,It seems like you are on to something there,"I totally agree, you are not wrong!",-0.037,0.943,-0.171,-0.767,-0.621,18.859214,0.704744,0.413843,7.804753,0.291653,46.317379,1.108667,0.000000,19.168121,0.458814
test.ca-cb.ca::00613,test.ca-cb.ca::00613__row570,People playing on their phones in a meeting or at dinner,1.0,content_diversity,that is their right,they forget how to interact face to face like human being,they are no longer fun to talk to,where is the fun in that,let's make fun of them,-0.025,0.947,-0.077,-0.716,-0.221,23.913477,0.658476,0.388753,9.296442,0.255985,51.673099,0.579420,0.000000,20.088086,0.225251
test.ca-cb.ca::00613,test.ca-cb.ca::00613__row571,People playing on their phones in a meeting or at dinner,0.0,content_diversity,they don't remember how to communicate like human beings,they let go of the chance to interact with others in their presence,they no longer remember what face to face human interaction is like,they do not remember how to interact in person,they forget how to socialize in person,-0.086,0.897,-0.449,-0.903,-0.640,44.482670,0.774064,0.525578,23.379128,0.406831,60.048896,0.621869,0.000000,31.560399,0.326841
test.ca-cb.ca::00615,test.ca-cb.ca::00615__row572,I'm not witty enough to comment something funny here,1.0,content_diversity,Well then why comment at all?,Thank you for wasting my time.,"Idk, then man. Sounds like a personal problem.",Then maybe it's not a laughing matter,Well that's five seconds I'll never get back,-0.008,0.983,-0.036,-0.625,-0.197,31.300660,0.798418,0.392045,12.271265,0.313016,67.848257,1.098768,0.000000,26.599564,0.430766
test.ca-cb.ca::00615,test.ca-cb.ca::00615__row573,I'm not witty enough to comment something funny here,0.0,content_diversity,That was a giant waste of time,"Thank you for wasting valuable time, I'll never get that back.","Well, that was a waste.",I can't believe I wasted time reading this.,I'll just stop wasting time and stop reading,-0.030,0.938,-0.245,-0.866,-0.439,28.110530,0.888659,0.415678,11.684937,0.369396,46.520084,0.843303,0.000000,19.337389,0.350543
test.ca-cb.ca::00617,test.ca-cb.ca::00617,Orange crush I get the reference but that isn't very intimidating,1.0,content_diversity,it was not meant to be,it is if you use it right,what do you mean?,I have no idea what you are talking about?,what? an orange have  a crush on an apple?,-0.020,0.960,0.068,-0.588,-0.218,-4.760040,0.293696,0.395399,-1.882116,0.116127,110.321352,2.086782,0.000000,43.620981,0.825112
test.ca-cb.ca::00618,test.ca-cb.ca::00618,Reddit where people think I was crying for an entire game,1.0,content_diversity,"You were crying, big baby.",I think you were laughing.,Did you play the entire game?,People are guessing that.,How would they know?,-0.008,0.983,-0.199,-0.630,-0.196,15.429763,0.453733,0.331050,5.108022,0.150208,27.721055,0.955027,0.000000,9.177052,0.316162
test.ca-cb.ca::00619,test.ca-cb.ca::00619,Actually it was directed at the ref  good job good effort though,1.0,content_diversity,you know how I do,the ref was terrible,fire the ref I say,the ref was fired,"well, wonder if they get paid?",-0.072,0.904,-0.116,-0.665,-0.243,-11.952890,0.062573,0.335567,-4.010995,0.020997,94.175248,2.601625,0.000000,31.602105,0.873019
test.ca-cb.ca::00620,test.ca-cb.ca::00620,Yes we can do as many trips as it takes,1.0,content_diversity,How many do you think it will take?,That's encouraging!,How many trips would be too many?,How many trips have you taken so far?,How many are you thinking it will take?,-0.082,0.867,-0.303,-0.789,-0.500,19.875598,0.758738,0.400687,7.963897,0.304017,25.599884,1.683297,0.000000,10.257545,0.674476
test.ca-cb.ca::00621,test.ca-cb.ca::00621,Thanks the name was the hardest thing to do in this,0.0,content_diversity,I spent a good month brainstorming names for my dog.,Oh yeah? I can't even come up for a name on Reddit!,I always find making a title for something to be hard.,It took a while but I finally named my computer after my favorite food.,Pulling my hair out over names today as well.,-0.036,0.957,-0.180,-0.700,-0.215,30.934505,0.460639,0.410868,12.710005,0.189262,54.293228,1.188056,0.000000,22.307363,0.488134
test.ca-cb.ca::00622,test.ca-cb.ca::00622,If they win I'm using this on facebook,1.0,content_diversity,Great,You should not,I would not do that,I like facebook,Use it all,-0.010,0.973,-0.137,-0.595,-0.221,17.349807,1.124440,0.222590,3.861890,0.250289,18.870552,2.273865,0.000000,4.200393,0.506139
test.ca-cb.ca::00623,test.ca-cb.ca::00623,I wouldnt enjoy it if they aren't into it,0.0,content_diversity,When are they going to quit?,They should not even try.,"If they can't do it,they should just give up.",Giving up is the best thing for them,They should spare society the misery and give up.,-0.031,0.944,-0.240,-0.778,-0.557,19.073693,0.644989,0.359725,6.861292,0.232019,67.742693,0.917847,0.000000,24.368769,0.330173
test.ca-cb.ca::00624,test.ca-cb.ca::00624__row581,Spoiler tags are useless if you're using the app reddit is fun,1.0,content_diversity,Right who even reads the tags anyways,No spoiler tags are important saved me many times,"Reddit is so fun, spoilers all the way",Don't use reddit if you don't want to see spoilers,Reddit is not fun I hate spoilers,-0.021,0.965,-0.122,-0.819,-0.329,28.776230,0.623071,0.419856,12.081876,0.261600,59.251315,1.273650,0.000000,24.877027,0.534750
test.ca-cb.ca::00624,test.ca-cb.ca::00624__row582,Spoiler tags are useless if you're using the app reddit is fun,0.0,content_diversity,Stay off reddit to avoid spoilers,Don't use reddit and you wont see spoilers,If you don't want to see spoilers stay off reddit,If you don't want to see spoilers don't use reddit,Stay away from reddit and you won't see spoilers,-0.168,0.734,-0.417,-0.980,-0.856,58.624395,1.342219,0.464145,27.210249,0.622985,15.243597,0.491207,0.000000,7.075247,0.227991
test.ca-cb.ca::00625,test.ca-cb.ca::00625__row583,I must have crashed into the bang bus,1.0,content_diversity,lucky you,sounds wonderful,"well, do your job",stay away from those,make sure you use protection,-0.006,0.988,-0.177,-0.661,-0.243,24.462501,1.665735,0.242133,5.923187,0.403330,28.084200,1.895927,0.000000,6.800121,0.459067
test.ca-cb.ca::00625,test.ca-cb.ca::00625__row584,I must have crashed into the bang bus,0.0,content_diversity,how fortuitous for you,that is so fortunate,your fortune is good,"well, enjoy yourself",lady luck sure is on your side,-0.016,0.973,-0.144,-0.723,-0.640,24.651707,1.313404,0.264254,6.514300,0.347072,33.484908,1.528813,0.000000,8.848505,0.403994
test.ca-cb.ca::00627,test.ca-cb.ca::00627,The odds of him playing a secret are 0,0.0,content_diversity,He should look on improving his game,Is that what you think about his improvement?,How can he improve?,Where can he improve,How much improvement can he accomplish?,-0.050,0.942,-0.426,-0.942,-0.708,30.648233,1.349740,0.296387,9.083734,0.400045,54.036041,0.793784,0.000000,16.015573,0.235267
test.ca-cb.ca::00628,test.ca-cb.ca::00628,Sorry officer I uh did't know I couldn't do that,1.0,content_diversity,i never put on my seatbelt,i thought everyone drank and drove,are you sure that's illegal,can't you cut me a break,did YOU know you couldnt do that?,-0.013,0.980,-0.055,-0.569,-0.213,0.594042,0.135905,0.438090,0.260244,0.059539,50.333676,1.315463,0.000000,22.050697,0.576292
test.ca-cb.ca::00629,test.ca-cb.ca::00629,I thought he was an adult just looks like a kid,1.0,content_diversity,Yeah because he shaved his beard,Actually he is an adult,He looks like kid because he is a kid,Exactly what I was thinking,"I think you are wrong, he looks like an adult to me",-0.044,0.916,-0.192,-0.713,-0.184,10.774025,0.501511,0.485941,5.235537,0.243705,36.538253,0.771162,0.000000,17.755424,0.374739
test.ca-cb.ca::00630,test.ca-cb.ca::00630,Best game ever and here I am at work 00,1.0,content_diversity,I can't believe you went to work.,I don't think it's the best game.,I can't believe you played all night.,I wish I could have played.,What does 00 mean?,-0.059,0.894,-0.281,-0.673,-0.196,23.851044,0.492272,0.373431,8.906724,0.183830,22.994821,1.578657,0.000000,8.586983,0.589520
test.ca-cb.ca::00631,test.ca-cb.ca::00631,No surely not  no one was alive back then,0.0,content_diversity,I think there was someone,there must be or we would have been extinct,there is usually a survivor,there should be a few,someone did survive,-0.033,0.956,-0.142,-0.681,-0.472,28.901405,1.028439,0.412772,11.929705,0.424511,48.992519,0.464185,0.000000,20.222764,0.191603
test.ca-cb.ca::00632,test.ca-cb.ca::00632__row590,Gt do I offer to share a snack  no,1.0,content_diversity,You're being selfish.,You're just being smart. They might want more.,What kind of snack you got there?,I have a ton of snacks with me so it's all good.,No one here is hungry anyway.,-0.010,0.983,-0.169,-0.705,-0.198,25.303850,0.647426,0.380004,9.615567,0.246025,77.546350,0.916816,0.000000,29.467932,0.348394
test.ca-cb.ca::00632,test.ca-cb.ca::00632__row591,Gt do I offer to share a snack  no,0.0,content_diversity,Sharing is caring though.,Try to think about how others feel for once.,I think you should be more selfless.,Stop hoarding your snacks.,Don't you think you're acting a little self-centered?,-0.010,0.981,-0.164,-0.693,-0.292,13.770600,0.583893,0.404673,5.572597,0.236286,29.344431,1.047762,0.000000,11.874913,0.424001
test.ca-cb.ca::00634,test.ca-cb.ca::00634,Fuckin ea  edit gold awesome you get one free puzzle piece,1.0,content_diversity,I want all the puzzle pieces!,Reddit gold is overrated.,What am I supposed to do with one puzzle piece though?,I think I would rather be given a coffee.,It's not awesome at all.,-0.017,0.971,-0.148,-0.645,-0.082,34.458677,0.791038,0.374404,12.901456,0.296167,47.891126,1.284506,0.000000,17.930614,0.480924
test.ca-cb.ca::00637,test.ca-cb.ca::00637,Now whos going to post this on digg,1.0,content_diversity,I will post it on digg,"Not me, I don't have time for that",I don't care enough to post it,what is digg though?,who would post it on digg?,-0.061,0.902,-0.202,-0.769,-0.297,23.763848,0.891177,0.399319,9.489351,0.355864,30.839485,1.445434,0.000000,12.314785,0.577189
test.ca-cb.ca::00638,test.ca-cb.ca::00638,What if you couldn't swim and you were afraid of heights,0.0,content_diversity,Hypothetically you mean like if maybe I were like you?,Are you asking because you are?,Is there someone you know who has this problem?,Why would someone ask that question if they didn't feel that way?,It's obvious you are trying to see what others think of your fears.,-0.021,0.968,-0.075,-0.779,-0.405,6.967398,0.314564,0.424191,2.955506,0.133435,88.834713,1.273138,0.000000,37.682867,0.540053
test.ca-cb.ca::00639,test.ca-cb.ca::00639,Thing is I'm on a campus not in a neighborhood,1.0,content_diversity,What school do you go to?,Are you in a dorm or what?,Do you have people living in close quarters with you?,There's not really much of a difference,A campus is essentially a neighborhood if you think about it,-0.025,0.971,-0.071,-0.706,-0.271,19.904759,0.583325,0.497402,9.900676,0.290147,37.043007,0.612511,0.000000,18.425282,0.304665
test.ca-cb.ca::00641,test.ca-cb.ca::00641,Yeah you can hardly claim it makes no difference,0.0,content_diversity,You don't have valid responses to the situation.,You cannot seem to make your case.,You cannot get your point across if it's not based in logic.,There is no logical bit of truth in your response.,That is not a valid argument.,-0.030,0.948,-0.322,-0.800,-0.462,40.115658,0.704013,0.392426,15.742430,0.276273,60.089383,0.490959,0.000000,23.580641,0.192665
test.ca-cb.ca::00642,test.ca-cb.ca::00642__row597,I only buy weed grown in manhattan or queens,1.0,content_diversity,I don's smoke weed,I could care less,I only smoke weed grown in atlantis,what is weed?,why are you so picky?,-0.025,0.954,-0.023,-0.699,-0.256,18.247874,0.821487,0.332465,6.066771,0.273115,27.088158,1.103908,0.000000,9.005852,0.367010
test.ca-cb.ca::00642,test.ca-cb.ca::00642__row598,I only buy weed grown in manhattan or queens,0.0,content_diversity,I am not a smoker,I do not consume weeds,I do not like weeds,I don't care for weeds,weeds is not something I enjoy,-0.105,0.884,-0.484,-0.832,-0.588,23.283223,1.246344,0.344698,8.025676,0.429612,33.852236,0.799593,0.000000,11.668791,0.275618
test.ca-cb.ca::00643,test.ca-cb.ca::00643,You had youtube when you were in high school  man I'm old,0.0,content_diversity,I am not who you think I am.,You have someone else in mind.,"Hey, don't confuse me with those idiots you're always talking about.",Who do you think I am anyway?,Evidently you haven't got a clue who this is.,-0.042,0.918,-0.172,-0.744,-0.393,37.392408,0.921929,0.386123,14.438068,0.355978,70.638050,0.615490,0.000000,27.274975,0.237655
test.ca-cb.ca::00645,test.ca-cb.ca::00645,I see you're done is it dry yet,0.0,content_diversity,I confirm,I want to say yes,Super duper dry yes,Dry it is,I am sure it is,-0.039,0.933,-0.056,-0.652,-0.360,29.552367,2.239225,0.200628,5.929046,0.449252,20.550811,2.048642,0.000000,4.123078,0.411016
test.ca-cb.ca::00646,test.ca-cb.ca::00646,Oh my gosh I don't even know what to say to that,1.0,content_diversity,I would not either,You should say yay,I think you should say something,We have a duty to say something,I do,-0.044,0.926,-0.169,-0.669,-0.339,24.722997,0.503642,0.253813,6.275029,0.127831,46.498635,2.998121,0.000000,11.801978,0.760963
test.ca-cb.ca::00648,test.ca-cb.ca::00648__row602,I do but need to figure out travel plan,1.0,content_diversity,I don't think it's wise to be traveling right now.,You can use this app I know that makes travel planning easier.,I never get to travel but I wish I did.,What city do you plan to go to?,Get that plan finished already!,-0.024,0.960,-0.130,-0.761,-0.185,21.436509,0.403701,0.393387,8.432838,0.158811,48.496425,1.462858,0.000000,19.077850,0.575469
test.ca-cb.ca::00648,test.ca-cb.ca::00648__row603,I do but need to figure out travel plan,0.0,content_diversity,It's dangerous to be out of the country currently.,Officials do not advise traveling to other places in this climate.,The weather is making it difficult to go to other places.,"With the way the world is today, it's just not the best decision to go overseas.",Staying inside at this time is smarter than going out.,-0.040,0.932,-0.354,-0.725,-0.500,31.661925,0.439593,0.435075,13.775310,0.191256,52.449954,0.479641,0.000000,22.819660,0.208680
test.ca-cb.ca::00650,test.ca-cb.ca::00650__row604,Not gonna lie I came in here hoping for a verification picture,1.0,content_diversity,did you get one?,what is that?,how do you get a verification picture?,you want a what?,for what?,-0.032,0.937,-0.254,-0.703,-0.583,16.456755,0.434398,0.258853,4.259874,0.112445,28.424530,2.170991,0.000000,7.357764,0.561967
test.ca-cb.ca::00650,test.ca-cb.ca::00650__row605,Not gonna lie I came in here hoping for a verification picture,0.0,content_diversity,you may or may not get one,"well, did you?",let me know if you did,I want to know if you get one,and were you able to acquire a verification picture?,-0.047,0.909,-0.039,-0.747,-0.410,14.689983,1.152610,0.327983,4.818070,0.378037,39.458766,1.624375,0.000000,12.941819,0.532768
test.ca-cb.ca::00651,test.ca-cb.ca::00651,Fell off one ball but landed on two,0.0,content_diversity,What did it feel like,How are you feeling,How were your feels,How are you now,what was the feeling,-0.053,0.909,-0.454,-0.783,-0.681,29.490669,1.668740,0.297334,8.768573,0.496173,24.836289,1.325673,0.000000,7.384668,0.394167
test.ca-cb.ca::00652,test.ca-cb.ca::00652,Were here we have beer get used to it,1.0,content_diversity,what do you mean?,i will never get used to this.,you don't get to tell me what to do,you get used to it,"I like beer very much, give me some.",-0.057,0.910,-0.058,-0.665,-0.161,3.474936,0.261726,0.439138,1.525976,0.114934,65.765159,1.074087,0.000000,28.879975,0.471672
test.ca-cb.ca::00653,test.ca-cb.ca::00653,Call the cops anyway just to make sure,0.0,content_diversity,Do you really want to waste the time of a couple of cops?,This problem is really not important enough to call the authorities over.,They shouldn't call the cops!,Police would not help much in this situation.,I think it's fine if they don't call them.,-0.022,0.961,-0.267,-0.766,-0.462,16.715556,0.497962,0.455891,7.620474,0.227017,44.363603,0.540242,0.000000,20.224973,0.246292
test.ca-cb.ca::00654,test.ca-cb.ca::00654,But the jackets are on a 8 game point streak now,1.0,content_diversity,"well, streaks are meant to end",and the nudes are losing?,who are the jackets?,"so if I wear a jacket, I win?",no idea what you are talking about?,-0.027,0.967,-0.119,-0.696,-0.215,17.352472,0.920705,0.317507,5.509536,0.292331,41.498472,1.674847,0.000000,13.176067,0.531776
test.ca-cb.ca::00656,test.ca-cb.ca::00656,This mentality is why I don't try at anything,1.0,content_diversity,you should try,don't blame it,talking like this will not help,you have to get rid of this kind of thinking,there is doing and not doing,-0.009,0.964,-0.090,-0.677,-0.302,26.469231,1.093649,0.322487,8.535986,0.352688,44.793191,1.378169,0.000000,14.445228,0.444442
test.ca-cb.ca::00657,test.ca-cb.ca::00657,No shipping and payment outside us oh come on ಠಠ,1.0,content_diversity,And where are you ordering from?,Yeah because it would be too complicated,There are companies offering that services,Just ship it to USA and have someone send it to you,Are you ordering from Europe,-0.023,0.948,-0.115,-0.636,-0.242,30.354302,0.640485,0.451946,13.718513,0.289465,37.169390,0.295749,0.000000,16.798566,0.133663
test.ca-cb.ca::00658,test.ca-cb.ca::00658,Dude I totally banged that girl last night   no you did't,0.0,content_diversity,Prove it dude.,Show me the evidence.,I'll believe that when I hear it from her.,That doesn't sound true.,That doesn't sound very believable.,-0.037,0.935,-0.266,-0.716,-0.281,32.068949,1.295264,0.317536,10.183049,0.411293,19.435742,1.481737,0.000000,6.171550,0.470505
test.ca-cb.ca::00659,test.ca-cb.ca::00659,I met her a few weeks ago nice kid,1.0,content_diversity,"Kid, she's an adult.",I met her too.,I don't think she's nice.,I think the kid is nice.,I don't like her at all.,-0.047,0.926,-0.436,-0.745,-0.251,7.505378,0.376866,0.285525,2.142972,0.107605,51.254160,2.981582,0.000000,14.634337,0.851316
test.ca-cb.ca::00660,test.ca-cb.ca::00660__row614,This attitude is why they get away with it,1.0,content_diversity,I agree,What attitude would you prefer,That is the best attitude,I would do the same,As they should get away,-0.018,0.964,-0.042,-0.649,-0.339,21.385592,1.118349,0.316792,6.774776,0.354284,29.651686,0.984768,0.000000,9.393405,0.311966
test.ca-cb.ca::00660,test.ca-cb.ca::00660__row615,This attitude is why they get away with it,0.0,content_diversity,That is the attitude to have,Yes a good attitude,I want the sme attitude,I would concur,yes to that,-0.026,0.952,-0.035,-0.783,-0.487,35.165628,1.549067,0.219718,7.726506,0.340357,34.872468,2.227530,0.000000,7.662094,0.489427
test.ca-cb.ca::00661,test.ca-cb.ca::00661__row616,Wha seriously  I did't even know that was an option,1.0,content_diversity,"How could you not know it was in giant font, bold type and capital letters?",I think you are just making up excuses.,Seriously? I thought I was the only one.,You have to read the fine print whenever you are agreeing to anything.,"That's on purpose, they don't want you to know all your options.",-0.026,0.957,-0.121,-0.629,-0.273,12.504836,0.400542,0.470059,5.878007,0.188278,98.905926,0.871805,0.000000,46.491592,0.409800
test.ca-cb.ca::00661,test.ca-cb.ca::00661__row617,Wha seriously  I did't even know that was an option,0.0,content_diversity,"It was obvious, it was the first thing listed.","How could you have possibly missed it, it was in 34 font size.",Seriously? You must be blind or an idiot or both.,There is no way anyone didn't see that option.,You must not be able to read if it didn't jump out at you.,-0.020,0.956,-0.080,-0.666,-0.296,48.386528,0.975360,0.411915,19.931124,0.401765,50.059290,0.606543,0.000000,20.620159,0.249844
test.ca-cb.ca::00662,test.ca-cb.ca::00662,In all fairness you do suck and they do hate you,1.0,content_diversity,Well I hate them too,You suck and I hate you,Yeah I do suck bummer,Haters are always going to hate,I'm the best and they suck,-0.040,0.941,-0.169,-0.787,-0.617,24.073462,1.083865,0.360874,8.687483,0.391138,30.176839,1.523862,0.000000,10.890032,0.549922
test.ca-cb.ca::00664,test.ca-cb.ca::00664,I'm guessing dot variety  source I'm dot variety too,0.0,content_diversity,what do you mean?,what are you talking about?,you makes no sense,I do not understand what you said,I could not understand what you said,-0.118,0.778,-0.173,-0.760,-0.604,28.539185,1.284016,0.432797,12.351667,0.555718,20.625506,1.321102,0.000000,8.926653,0.571769
test.ca-cb.ca::00667,test.ca-cb.ca::00667__row620,It makes you wonder who profits from these kind of rumors,1.0,content_diversity,the ones who spreads and the ones who gains,there are those who know how to make use of the situation,"nobody, it is a waste of time",I think nobody,I profit from the publicity at least,-0.019,0.939,-0.128,-0.695,-0.206,9.043949,0.599004,0.383884,3.471823,0.229948,56.753403,0.976508,0.000000,21.786697,0.374865
test.ca-cb.ca::00667,test.ca-cb.ca::00667__row621,It makes you wonder who profits from these kind of rumors,0.0,content_diversity,no one,every body lose,it waste every body's time,nobody profits,not a single person that I know of,-0.005,0.990,-0.035,-0.642,-0.559,23.893650,1.874642,0.237788,5.681628,0.445768,53.558663,0.926627,0.000000,12.735619,0.220341
test.ca-cb.ca::00668,test.ca-cb.ca::00668,Why do you say that is it not real or something,1.0,content_diversity,of course it is real,it is a fake,I say what exactly?,why would you think that?,I never said it was not real,-0.029,0.950,-0.032,-0.744,-0.330,20.609013,1.195546,0.399674,8.236896,0.477829,29.599854,2.305067,0.000000,11.830305,0.921276
test.ca-cb.ca::00669,test.ca-cb.ca::00669__row623,I'm down to my last one today after that no more,1.0,content_diversity,I should go out to the store,Coronovirus has worn out my supply,Maybe i should conserve,May i borrow some,I am worried about leaving the house,-0.018,0.964,-0.181,-0.671,-0.208,34.176881,1.603171,0.317112,10.837901,0.508385,57.887189,1.748182,0.000000,18.356725,0.554370
test.ca-cb.ca::00669,test.ca-cb.ca::00669__row624,I'm down to my last one today after that no more,0.0,content_diversity,I get worried about getting infected if I leave,I am self quarantined,What about the diseases out there,Would leaving even be worth it,Can I make it another day?,-0.021,0.968,-0.145,-0.653,-0.185,34.692400,1.112818,0.324278,11.249981,0.360862,24.727400,0.980845,0.000000,8.018551,0.318066
test.context.txt::01790,test.context.txt::01790,The only person I want to punch is myself,0.0,content_diversity,Why would you want to do that?,Can you explain why?,Please explain to us why first.,I don't understand. Why?,You have to tell me why before you do it.,-0.026,0.955,-0.208,-0.890,-0.574,21.011078,0.937704,0.385853,8.107192,0.361816,57.625379,1.272529,0.000000,22.234936,0.491009
test.context.txt::01791,test.context.txt::01791__row626,After all these years I'm convinced that this is indeed the case,1.0,content_diversity,I agree this is the case.,I disagree with you.,What makes you so sure?,How many years did it take you to figure it out?,How did you come to this conclusion?,-0.032,0.945,-0.269,-0.709,-0.250,16.173450,0.649181,0.464975,7.520255,0.301853,37.035563,1.304839,0.000000,17.220622,0.606718
test.context.txt::01791,test.context.txt::01791__row627,After all these years I'm convinced that this is indeed the case,0.0,content_diversity,What is your evidence?,And you are sure how?,You sound so sure. Why?,How can you be so sure?,I suppose you have evidence that you are so sure of.,-0.039,0.933,-0.265,-0.855,-0.616,12.750967,0.934933,0.313583,3.998487,0.293179,65.167129,1.323324,0.000000,20.435309,0.414972
test.context.txt::01792,test.context.txt::01792,I am guilty of singing the alphabet song to figure that out,1.0,content_diversity,"Ha ha, I do that all the time.",Did you know the alphabet song is sung to the tune of Twinkle Twinkle little star?,That's funny because I have to do that sometimes.,lol I think we all do that now and then.,I haven't done that for awhile but now I probably will.,-0.053,0.936,-0.142,-0.778,-0.281,23.800176,0.576590,0.482572,11.485293,0.278246,38.321885,0.652990,0.000000,18.493061,0.315114
test.context.txt::01793,test.context.txt::01793,No they don't even get the difference between funny and not funny,0.0,content_diversity,Does it bug you that much anyway?,I don't know why you care at all.,Is it bothering you that much?,You seem to care about this a lot?,Do you really give that much of a damn?,-0.042,0.941,-0.313,-0.756,-0.578,29.350990,0.942488,0.354679,10.410181,0.334281,24.658623,0.828384,0.000000,8.745897,0.293811
test.context.txt::01794,test.context.txt::01794,What about hand guns and the ability to carry them,0.0,content_diversity,"I don't want to see one more redneck, fat, bearded, bald piece of crap moaning for his rights....","I'm an so done hearing about their rights, I could puke.",Have you seen the type of people rallying for guns?,"I don't think these people should look at a gun, let alone owning one.",It's scary to see what our nation has produced in gun nuts.,-0.017,0.966,-0.137,-0.732,-0.307,30.035931,0.550342,0.359110,10.786218,0.197634,127.375934,1.052932,0.000000,45.742034,0.378119
test.context.txt::01795,test.context.txt::01795,Ya no one stopped going to work from cigarette addiction,0.0,content_diversity,"Trouble is, others have to breathe it in as well.",Then we all end up stinking of smoke.,It hurts all those around them as well.,It's very inconsiderate to the people around them.,People shouldn't have to smell it.,-0.033,0.938,-0.228,-0.735,-0.444,30.854680,0.703265,0.363885,11.227564,0.255908,42.462470,0.944840,0.000000,15.451469,0.343813
test.context.txt::01796,test.context.txt::01796__row632,Isn't there a separate subreddit for this stuff,1.0,content_diversity,If there's not there should be!,That would be a good idea.,Yes we should work on that.,"This is getting very confusing, a subreddit would be very useful.",I don't think there is which make this very hard to sift through.,-0.020,0.956,-0.124,-0.728,-0.350,20.936379,0.870992,0.372834,7.805791,0.324735,79.627926,0.797865,0.000000,29.687988,0.297471
test.context.txt::01796,test.context.txt::01796__row633,Isn't there a separate subreddit for this stuff,0.0,content_diversity,I'm new to reddit so I don't know whose responsible to make something like that.,They need a suggestion box for these ideas.,If someone was to make a subreddit for this they would be a hero!,Is that something that the administrator would do?,"Maybe if enough people suggest it, it would miraculously appear.",-0.020,0.956,-0.185,-0.712,-0.211,29.466625,0.593647,0.421296,12.414182,0.250101,48.440852,0.453211,0.000000,20.407955,0.190936
test.context.txt::01797,test.context.txt::01797,I'm 22 and I've never seen these pictures before,0.0,content_diversity,same for me,"yes, i agree",i'm in the same situation,exactly the same,also it is the case for me,-0.051,0.918,-0.181,-0.694,-0.699,30.258554,2.018791,0.229913,6.956849,0.464147,41.892822,1.874516,0.000000,9.631724,0.430976
test.context.txt::01800,test.context.txt::01800,Was she drunk when she filled that out,0.0,content_diversity,"That's just how she writes,",Her handwriting has always been terrible.,She hates her writing but can't improve it.,It always turns out that bad.,That's her trying her best as well.,-0.011,0.975,-0.190,-0.759,-0.388,27.004868,0.797008,0.335695,9.065394,0.267552,65.213514,1.776623,0.000000,21.891838,0.596403
test.context.txt::01801,test.context.txt::01801__row636,No those episodes were from a different timeline duh,1.0,content_diversity,"No, they weren't. All the episodes were from the Paris episodes.",You're wrong about that.,Name one thing that's from a different time line.,"It doesn't matter if it was from another timeline, it's still a fact.",The timeline doesn't change anything so it doesn't matter.,-0.016,0.956,-0.206,-0.676,-0.273,15.669903,0.459318,0.485415,7.606401,0.222960,67.459003,0.719939,0.000000,32.745592,0.349469
test.context.txt::01801,test.context.txt::01801__row637,No those episodes were from a different timeline duh,0.0,content_diversity,You're thinking about it the wrong way.,"It is the same, go back and look at them.","Sorry, but you're not right - it's the same timeline.",Go back an look at the episode list and you'll see you're wrong.,"I don't think so, rethink that.",-0.025,0.956,-0.176,-0.780,-0.368,32.326868,0.480676,0.430881,13.929021,0.207114,42.295771,0.913823,0.000000,18.224427,0.393749
test.context.txt::01802,test.context.txt::01802__row638,Thank you so much  I will re tip this,1.0,content_diversity,"You're welcome, I have a lot more to come.","Thank you, I appreciate it.",I put up more a few months back.,"Go back through the threads, there are tons of them.","Thank you, I love helping others.",-0.047,0.939,-0.201,-0.689,-0.351,43.716786,1.208765,0.374992,16.393424,0.453277,69.451225,1.460853,0.000000,26.043620,0.547808
test.context.txt::01802,test.context.txt::01802__row639,Thank you so much  I will re tip this,0.0,content_diversity,I'm only putting them out little by little so check back.,I post about 10 a month so people don't get bored with them.,It helps when people re-tip...thanks.,I will be putting some up this weekend.,There's plenty more so don't forget to check.,-0.017,0.960,-0.195,-0.748,-0.319,51.623797,1.215551,0.334414,17.263733,0.406498,57.339399,0.938521,0.000000,19.175112,0.313855
test.context.txt::01803,test.context.txt::01803,Yep wow did't expect anyone from there to see this,1.0,content_diversity,"Wow, you're lucky they saw it.",Are you embarrassed?,Where are they from?,"Well, they saw it.",Did you lose your job over it?,-0.043,0.923,-0.299,-0.683,-0.190,22.978513,1.371763,0.291448,6.697052,0.399798,32.954572,0.614923,0.000000,9.604559,0.179218
test.context.txt::01804,test.context.txt::01804,I haven't told mine either I don't know why though,0.0,content_diversity,Maybe you are more frightened than you think?,That's because you are actually afraid to.,Probably fear driven and you aren't really aware of it.,Possibly part of you is afraid to?,Your subconcious is probably scared of doing it.,-0.042,0.944,-0.240,-0.954,-0.756,36.813424,0.825558,0.400520,14.744522,0.330653,39.523469,0.659779,0.000000,15.829950,0.264255
test.context.txt::01805,test.context.txt::01805,Is there anywhere I can buy a knock it around tshirt,0.0,content_diversity,They cost far too much.,Do you realise how much they cost?,I would think they are out of your price range.,"Whoah, they are very pricey!",You splashing the cash?,-0.018,0.967,-0.173,-0.750,-0.417,37.116552,0.963100,0.289489,10.744838,0.278807,32.570997,1.658501,0.000000,9.428950,0.480118
test.context.txt::01806,test.context.txt::01806__row643,Id dry box it for 3  5 days before smoking,1.0,content_diversity,"Okay, I'll do that.",This sure takes a long time to get to smoke,Thanks for the advice!,I'll be sure to take that into it.,"Thanks, I didn't know that.",-0.021,0.961,-0.065,-0.716,-0.236,28.575304,1.031098,0.341800,9.767027,0.352429,79.232226,1.311138,0.000000,27.081541,0.448146
test.context.txt::01806,test.context.txt::01806__row644,Id dry box it for 3  5 days before smoking,0.0,content_diversity,This is my first time doing this so thank you.,"Yep, I'm a newbie...","Thank you, any advice you can give helps",I was going to ask if I need to dry it first,"Thank you, I almost messed it up.",-0.018,0.955,-0.102,-0.732,-0.293,33.074024,0.969298,0.349917,11.573169,0.339174,9.310532,2.018703,0.000000,3.257915,0.706379
test.context.txt::01807,test.context.txt::01807,Thats why you check reviews and gameplay videos before buying games,1.0,content_diversity,I normally do but didn't this time.,You can never trust those anyway.,Why on earth would you do thay?,Thats good advice.,Do you do that every time?,-0.016,0.971,-0.058,-0.654,-0.207,21.212189,0.813902,0.349729,7.418525,0.284645,38.825058,0.630175,0.000000,13.578263,0.220391
test.context.txt::01809,test.context.txt::01809,I don't think so because I am not anyones wife,0.0,content_diversity,It's pretty black and white and not a wife thing at all.,not being married doesn't mean you can't have a thought,You're either for it or against it,What does married have to do with it - it's simple,I'm single and I can answer it.,-0.023,0.962,-0.097,-0.719,-0.226,33.316965,0.642398,0.426861,14.221698,0.274214,42.834624,0.901520,0.000000,18.284411,0.384823
test.context.txt::01810,test.context.txt::01810,Stds I hope to continue with this trend,0.0,content_diversity,What's trash to your ears...you know the rest,Why not just say everyone needs to agree with you,Can't say 'hell' is a little too stringent,"You can have your purity thread, I'll go elsewhere",You are ridiculous with those dumb rules,-0.012,0.976,0.021,-0.624,-0.232,39.842150,0.827683,0.311141,12.396513,0.257526,58.576973,1.352616,0.000000,18.225678,0.420854
test.context.txt::01811,test.context.txt::01811__row648,Aw hell   I like you times infinity  I win,1.0,content_diversity,How much do you like me?,Thanks a lot,Thanks a bunch,I try my best,Way to brag,-0.023,0.965,-0.096,-0.695,-0.364,11.573643,0.820286,0.241945,2.800181,0.198464,32.619508,3.465509,0.000000,7.892116,0.838462
test.context.txt::01811,test.context.txt::01811__row649,Aw hell   I like you times infinity  I win,0.0,content_diversity,Not much humility behind your win,Just pile it on,Way to win with grace,Way to be a sport,Way to go champ!,-0.046,0.937,-0.116,-0.662,-0.382,27.197139,1.320655,0.230498,6.268873,0.304408,51.641321,1.861894,0.000000,11.903197,0.429162
test.context.txt::01812,test.context.txt::01812,Of course dyrus is in the middle d,1.0,content_diversity,I don't even know who Dyrus is.,What makes you think Dyrus is in the middle?,Did anyone else see Dyrus in the photo?,You are just making stuff up about Dyrus.,I lost all the respect I had for Dyrus.,-0.045,0.940,-0.310,-0.877,-0.527,31.398234,0.782503,0.400698,12.581200,0.313547,46.727242,1.114772,0.000000,18.723498,0.446687
test.context.txt::01813,test.context.txt::01813__row651,Gt all hell broke loose  I spot apple autocorrect,1.0,content_diversity,What do you mean?,Autocorrect is your friend.,You should be happy this happened.,You sound like all hell broke loose.,How can you see autocorrect.,-0.008,0.985,0.003,-0.692,-0.235,23.726810,0.684349,0.349704,8.297370,0.239320,34.775221,0.824373,0.000000,12.161048,0.288287
test.context.txt::01813,test.context.txt::01813__row652,Gt all hell broke loose  I spot apple autocorrect,0.0,content_diversity,What does that mean?,You don't say...,I don't get what you're saying.,This is gibberish.,Say what you mean...don't leave us guessing.,-0.008,0.983,-0.098,-0.755,-0.449,20.959983,1.333650,0.304575,6.383882,0.406196,62.548782,1.450096,0.000000,19.050781,0.441663
test.context.txt::01814,test.context.txt::01814,Sarcasm is really funny okay always funny and always original,1.0,content_diversity,It is yes.,It really isn't. sometimes it is just nasty.,"Sometimes it is funny, sometimes it isnt.",It depends on who is the target.,Not everyone can pull it off though.,-0.052,0.929,-0.229,-0.658,-0.293,20.291899,0.569568,0.319959,6.492584,0.182239,45.013411,3.100975,0.000000,14.402464,0.992186
test.context.txt::01815,test.context.txt::01815,Are you making 1000 to 5000 a day at your job,0.0,content_diversity,Are you a Prince's lawyer and need my help to funnel money?,From what African nation are you royalty?,"You are far away in a another country, aren't you.","Lol, another Nigerian prince needs my bank account information.","Yes, Mr Nigerian royalty, let me give you all my personal information.",-0.028,0.960,-0.063,-0.768,-0.213,42.021772,0.924223,0.326332,13.713062,0.301604,45.632704,0.911333,0.000000,14.891426,0.297397
test.context.txt::01816,test.context.txt::01816,Sounds like your brother or sister owes you some money,1.0,content_diversity,My sister owed me money.,No they don't.,If you say so.,How do you know they do?,Why does it sound like that?,-0.009,0.983,-0.094,-0.602,-0.211,15.050640,1.048660,0.316171,4.758579,0.331556,17.750577,1.216999,0.000000,5.612221,0.384780
test.context.txt::01817,test.context.txt::01817,Definitely clearing my internet history after this thread,0.0,content_diversity,Why do you think that's necessary?,Do you really think you need to do that?,It wasn't that bad unless you're a zealot.,You must have an awfully strict set of rules to live by.,"You have to be kidding, are you an evangelical or what?",-0.026,0.957,-0.074,-0.709,-0.294,21.596447,0.607615,0.433185,9.355256,0.263210,81.253712,1.160145,0.000000,35.197887,0.502557
test.context.txt::01819,test.context.txt::01819,But I loved the second song too lt3,1.0,content_diversity,I like it too.,I wonder what other people think.,I didn't not like it,What other songs do they sing?,I don't listen to music.,-0.042,0.944,-0.248,-0.660,-0.145,12.272514,0.485180,0.382411,4.693148,0.185538,25.025804,0.661143,0.000000,9.570151,0.252829
test.context.txt::01820,test.context.txt::01820__row658,You go to college in my town haha,1.0,content_diversity,"Seriously? That's cool, I love this town.",I really like it here.,I'm thinking about staying once I get out of college.,"You poor thing, you need to get out of here.","I don't like it very much, very straight-laced town.",-0.042,0.923,-0.244,-0.704,-0.212,10.929206,0.380464,0.461424,5.042997,0.175555,67.141150,0.667924,0.000000,30.980531,0.308196
test.context.txt::01820,test.context.txt::01820__row659,You go to college in my town haha,0.0,content_diversity,I got to really liking the town and the people in it.,I might just make my home here after graduation.,"If the work situation is pretty good, I might stay for awhile.",I fell in love with this town and plan on getting a job here if I can.,I met my boyfriend here so I'll probably stick around after school.,-0.042,0.945,-0.330,-0.761,-0.449,31.895310,0.539656,0.490783,15.653678,0.264854,40.081971,0.735844,0.000000,19.671553,0.361140
test.context.txt::01821,test.context.txt::01821,What if they put everything we say is false on the caps,0.0,content_diversity,It doesn't matter what you say so just ignore them.,Why spend time worrying about them lying about us.,It's doesn't do any good to think about the trolls.,They'll always do the same thing and so should we,Trolls will always be trolls no matter what,-0.025,0.948,-0.141,-0.732,-0.258,60.792167,1.207986,0.396835,24.124450,0.479371,51.684884,0.872557,0.000000,20.510362,0.346261
test.context.txt::01823,test.context.txt::01823__row661,The justice system is fair and won't harm the innocent,1.0,content_diversity,That just isn't the reality.,"I agree, the justice system is about as good as it gets.",Innocent people are screwed by the justice system every day.,The justice system is generally fair but it also makes some serious mistakes.,The system needs to be revamped before you can say the innocent won't be harmed.,-0.044,0.928,-0.219,-0.782,-0.272,3.983611,0.164654,0.554222,2.207805,0.091255,49.200805,0.860236,0.000000,27.268171,0.476762
test.context.txt::01823,test.context.txt::01823__row662,The justice system is fair and won't harm the innocent,0.0,content_diversity,Our system of justice is far better than any other country in the world.,The justice system is at a point where it can't be improved anymore.,Compared to other countries our system is close to ideal.,I am truly impressed with our justice system.,"Our system really is excellent, everybody is treated fairly.",-0.049,0.936,-0.356,-0.847,-0.458,10.699527,0.249314,0.518837,5.551312,0.129353,51.996411,0.920838,0.000000,26.977671,0.477765
test.context.txt::01826,test.context.txt::01826__row663,Seriously dude this was posted a few hours ago,1.0,content_diversity,Sorry I have a life.,Well I'm not on here 24/7.,"My fault, next time I'll make sure to scrool through the whole thread.","Okay, sorry I didn't see  it.",Well now it's back on the table.,-0.012,0.978,-0.147,-0.694,-0.235,27.202388,0.540890,0.313687,8.533039,0.169670,70.021344,1.372950,0.000000,21.964794,0.430677
test.context.txt::01826,test.context.txt::01826__row664,Seriously dude this was posted a few hours ago,0.0,content_diversity,I didn't know there was a law about posting something twice.,Well it's back now deal with itl.,"Okay, calm down, posting again isn't going to hurt you.",I can't address a  topic again?,I think we can post things as many times as we want.,-0.010,0.974,-0.132,-0.725,-0.196,36.037429,0.875656,0.345967,12.467774,0.302949,72.172107,3.402008,0.000000,24.969192,1.176984
test.context.txt::01827,test.context.txt::01827,Yep ugh I thought it was est only another hour or so,1.0,content_diversity,It seems to be taking a very long time,I'm about done waiting I think,I've got too much to do besides waiting here like this,I'm going to go do a few things and come back later,I'll be back. I'm tired of waiting.,-0.029,0.956,-0.191,-0.788,-0.465,39.448825,0.787044,0.459645,18.132452,0.361761,35.711901,0.746856,0.000000,16.414794,0.343289
test.context.txt::01828,test.context.txt::01828__row666,You are simply not living up to your name,1.0,content_diversity,"Yes, I am.",And who are you to say it.,I agree with you.,You are very rude.,I am wrong and you are right.,-0.045,0.934,-0.260,-0.727,-0.338,11.198638,0.807385,0.259399,2.904916,0.209435,35.165956,1.872645,0.000000,9.122015,0.485762
test.context.txt::01828,test.context.txt::01828__row667,You are simply not living up to your name,0.0,content_diversity,I kinda agree.,We are both on the same page.,I have to concur with your statement.,"Sure, I agree.",You are right and I agree.,-0.053,0.944,-0.367,-0.768,-0.605,22.451652,0.981771,0.261675,5.875029,0.256905,14.486508,1.837823,0.000000,3.790752,0.480912
test.context.txt::01829,test.context.txt::01829__row668,Hey guys I'm glad you're enjoying the post kisses,1.0,content_diversity,"Ewww, no post kisses.",I love the post kisses.,Maybe I enjoy it a little bit.,You are gross!,"What are you, like 12.",-0.023,0.956,-0.175,-0.627,-0.133,20.690895,0.956114,0.242507,5.017689,0.231864,43.745002,1.902705,0.000000,10.608474,0.461420
test.context.txt::01829,test.context.txt::01829__row669,Hey guys I'm glad you're enjoying the post kisses,0.0,content_diversity,You're disgusting!,How much more gross can a person be.,I've never seen anything more disgusting.,"Go back to your hole, disgusting pig!",I don't like you because you are gross.,-0.008,0.974,-0.170,-0.827,-0.589,30.077108,0.933151,0.352271,10.595307,0.328723,57.413138,1.114899,0.000000,20.225011,0.392747
test.context.txt::01830,test.context.txt::01830__row670,Someone please make a gif of the black kid,1.0,content_diversity,I would do it if I could,"Yes, he is so cute",I love that little kid,I laughed so hard at this,That kid is going to be a heart-breaker,-0.025,0.961,-0.164,-0.674,-0.299,17.207150,0.977757,0.338072,5.817262,0.330553,23.345859,1.153060,0.000000,7.892591,0.389818
test.context.txt::01830,test.context.txt::01830__row671,Someone please make a gif of the black kid,0.0,content_diversity,I am still laughing about that kid,This is pure laughter gold,I literally laughed out loud,I can't stop looking at this and laughing,I'm laughing while typing this,-0.022,0.967,-0.220,-0.938,-0.649,22.168214,0.742388,0.409601,9.080116,0.304083,27.288186,1.093460,0.000000,11.177260,0.447882
test.context.txt::01831,test.context.txt::01831__row672,More information wouldnt hurt like when does it crash,1.0,content_diversity,"Yes, I should have mentioned that.",It crashes every time I try to install something.,"Sorry, it crashes every time I get to level 4.",It crashes whenever I try to save a file.,It freezes up whenever I answer the 4th question.,-0.080,0.873,-0.343,-0.736,-0.328,21.006353,0.493029,0.473337,9.943095,0.233369,57.106597,1.095225,0.000000,27.030694,0.518411
test.context.txt::01831,test.context.txt::01831__row673,More information wouldnt hurt like when does it crash,0.0,content_diversity,It seems to start acting crazy every time I try to level up.,It won't let me get above level 3.,It's when I try to open the door to move up.,It actually starts earlier but it goes out on level 4.,Whenever I grab the last shield it starts to get really slow on level 3 then stops on 4.,-0.052,0.914,-0.244,-0.789,-0.330,16.069137,0.800233,0.360563,5.793944,0.288535,120.262050,0.520457,0.000000,43.362105,0.187658
test.context.txt::01832,test.context.txt::01832,Thats great did you buy or make it,1.0,content_diversity,I made it because I couldn't find it anywhere.,"Unfortunately, I'm not creative so I don't make anything.",I wish I made it but my friend did,"No, I don't sew so I have to buy it anywhere I can find them",I would but then I'd have to throw it away.,-0.088,0.893,-0.230,-0.787,-0.327,32.198287,0.672188,0.432287,13.918910,0.290578,62.994676,0.976402,0.000000,27.231798,0.422086
test.context.txt::01834,test.context.txt::01834,Voice communication is far faster and easier than typing everything out,1.0,content_diversity,You are not wrong there.,I simply do not agree with you.,But is it always though as you always have to double check it all?,My computer is completely broken.,"It depends on what you prefer,",-0.012,0.968,-0.118,-0.670,-0.159,50.673345,1.022097,0.369894,18.743775,0.378068,103.158536,0.844997,0.000000,38.157741,0.312560
test.context.txt::01835,test.context.txt::01835,Finally a principal with a head on his or her shoulders,1.0,content_diversity,i agree with you,in which school?,i think you're mistaken,where can i see him,what do you mean by that,-0.018,0.973,-0.053,-0.580,-0.269,28.624738,1.462265,0.305026,8.731301,0.446029,29.039669,1.866579,0.000000,8.857866,0.569356
test.context.txt::01836,test.context.txt::01836__row677,It's a dairy cow or at least thats what I'm telling myself,1.0,content_diversity,"Lol, I think it's a cow too","yes, it is a dairy cow",You're right about that,I don't think it's a cow but I don't know what it is.,"No, it's not a dairy cow!",-0.063,0.859,-0.248,-0.823,-0.309,18.579526,0.662318,0.420787,7.818022,0.278695,25.903163,0.802772,0.000000,10.899713,0.337796
test.context.txt::01836,test.context.txt::01836__row678,It's a dairy cow or at least thats what I'm telling myself,0.0,content_diversity,"Yep, I'm thinking that, too",It's gotta be a cow,What else could it be?,"You're right, I believe about the cow.",I've had dairy cows and that's a dairy cow.,-0.011,0.974,-0.046,-0.690,-0.307,10.846647,0.709758,0.377125,4.090546,0.267668,59.950677,0.878602,0.000000,22.608924,0.331343
test.context.txt::01837,test.context.txt::01837__row679,What can I say I'm a nice guy,1.0,content_diversity,You could have fooled me...lol,"Yes, you are a nice guy, sometimes.",I agree with you for once.,You may as well say it because no one else does.,"If you're a nice guy, I'm a saint.",-0.025,0.948,-0.117,-0.741,-0.367,16.960678,0.534937,0.392062,6.649638,0.209729,41.301430,0.809902,0.000000,16.192722,0.317532
test.context.txt::01837,test.context.txt::01837__row680,What can I say I'm a nice guy,0.0,content_diversity,"When it serves your purpose, you're a really swell guy.",You hacked my phone...Mr. Nice Guy???,"Lol, if you say so. well maybe now and again",I agree and don't forget it.,Nice guys always finish last but you won't,-0.010,0.980,-0.004,-0.684,-0.166,36.670739,0.978003,0.335421,12.300151,0.328043,79.937759,1.964525,0.000000,26.812836,0.658944
test.context.txt::01838,test.context.txt::01838,May I ask what kind of cases those are,1.0,content_diversity,those are old cases,i can't tell you,are they top secret cases,i wanna find out more about it,nothing that you would find important,-0.020,0.962,0.004,-0.678,-0.223,23.871991,1.221643,0.332036,7.926369,0.405630,37.352611,0.448980,0.000000,12.402425,0.149078
test.context.txt::01839,test.context.txt::01839__row682,Thats not funny and completely out of context,1.0,content_diversity,I think it's funny.,I feel it's true.,It's not funny.,"Hilarious, I don't think so.",It is in context.,-0.029,0.950,-0.307,-0.762,-0.370,10.928202,0.581961,0.318918,3.485203,0.185598,42.753346,2.008074,0.000000,13.634820,0.640411
test.context.txt::01839,test.context.txt::01839__row683,Thats not funny and completely out of context,0.0,content_diversity,I agree with you completely.,It is so true.,I agree that it's true.,"Well, we finally agree.",So happy we agree on something.,-0.042,0.939,-0.337,-0.859,-0.770,17.469341,1.076390,0.330326,5.770574,0.355559,33.756759,1.520904,0.000000,11.150729,0.502394
test.context.txt::01841,test.context.txt::01841__row684,Please post more pictures when you get the opportunity thank you,1.0,content_diversity,I will do that...thanks for caring.,I will post more soon as soon as I find a certain album.,Thanks for liking them.,I will put some up this afternoon.,I'm so happy you liked them.,-0.033,0.931,-0.165,-0.750,-0.395,20.899176,0.705078,0.400777,8.375903,0.282579,69.182805,0.791797,0.000000,27.726857,0.317334
test.context.txt::01841,test.context.txt::01841__row685,Please post more pictures when you get the opportunity thank you,0.0,content_diversity,My pictures situation is a mess.,"My pictures are packed all over, so it'll be a bit.",I'll post them as soon as I find them.,I've been looking for the best ones but can't find the album they're in.,I hope to do that again but gotta find them first.,-0.024,0.948,-0.247,-0.744,-0.268,20.417372,0.430434,0.394195,8.048420,0.169675,70.169784,1.118090,0.000000,27.660558,0.440745
test.context.txt::01842,test.context.txt::01842__row686,This smiley  is completely unacceptable never give it a nose,1.0,content_diversity,First smiley I've ever seen with a nose.,I didn't even notice the nose,now we're gonna get all the same smileys but with a nose,smileys get on my nerves anyway but the nose seals it,it's a nosejob in reverse,-0.045,0.925,-0.138,-0.896,-0.539,24.048256,0.087666,0.416779,10.022813,0.036537,67.855065,2.039829,0.000000,28.280581,0.850158
test.context.txt::01842,test.context.txt::01842__row687,This smiley  is completely unacceptable never give it a nose,0.0,content_diversity,I hate smileys anymore,I used to like them they're overused by some,smileys need to stop being used so much,I don't use smileys ever so I didn't even notice it.,"Yeah, the nose is really annoying",-0.028,0.958,-0.152,-0.776,-0.304,32.610301,0.709074,0.377351,12.305544,0.267570,58.381456,0.499058,0.000000,22.030327,0.188320
test.context.txt::01843,test.context.txt::01843__row688,10 billion isn't that much for a military branch to waste,1.0,content_diversity,"$10 billion is a lot to ""waste"" in any stretch of the imagination.",You have to be kidding!,What makes you think it's not a lot to WASTE?,That's crazy. it's a lot of money.,"Yes, they waste much more everywhere else and don't think a thing.",-0.043,0.938,-0.049,-0.738,-0.319,0.350304,0.524529,0.400364,0.140249,0.210003,114.138083,1.090826,0.000000,45.696832,0.436728
test.context.txt::01843,test.context.txt::01843__row689,10 billion isn't that much for a military branch to waste,0.0,content_diversity,Someone should get fired for wasting 10 billion dollars.,Do you know how long it takes for citizens to pay that 10 billion?,"That's a freaking lot of dough, no matter what",How do you even say that's not a lot of money?,There's nothing that says $10 billion isn't a lot of money except you,-0.038,0.941,-0.174,-0.794,-0.387,25.259139,0.633709,0.488638,12.342577,0.309654,42.507603,0.509665,0.000000,20.770833,0.249042
test.context.txt::01844,test.context.txt::01844__row690,Id be surprised if he did't already have a costume for that,1.0,content_diversity,He has a costume for everything.,"I'd be surprised, too.","Seriously, I don't think I've ever seen anything on him like that.","He might, you want me to ask him.",I don't think he does because he asked me where he could bet one.,-0.016,0.947,-0.072,-0.683,-0.197,10.889070,0.513842,0.419180,4.564477,0.215392,90.712333,1.277012,0.000000,38.024765,0.535297
test.context.txt::01844,test.context.txt::01844__row691,Id be surprised if he did't already have a costume for that,0.0,content_diversity,He has two closets of costumes.,He loves costumes and even makes his own.,I go over there every year and it's like a store.,He has everything you can think of.,Costumes are his life.,-0.027,0.955,-0.228,-0.723,-0.341,37.430903,0.754643,0.376033,14.075251,0.283771,46.948447,0.827795,0.000000,17.654160,0.311278
test.context.txt::01845,test.context.txt::01845__row692,Crap any idea when it's back up again,1.0,content_diversity,They reckon a couple of hours.,I have no idea at all.,Mines working fine so I don't know why yours isn't.,Maybe never?,"I dont know, I'm doing something else right now.",-0.007,0.988,-0.009,-0.649,-0.276,7.121096,0.589904,0.314393,2.238820,0.185462,59.143500,2.039101,0.000000,18.594280,0.641078
test.context.txt::01845,test.context.txt::01845__row693,Crap any idea when it's back up again,0.0,content_diversity,I don't know.,"Don't ask me, I am as in the dark as you are.",Who knows?,I haven't a clue.,Beats me!,-0.012,0.974,-0.192,-0.634,-0.487,23.372671,1.421814,0.212761,4.972792,0.302506,50.472136,3.506429,0.000000,10.738502,0.746031
test.context.txt::01846,test.context.txt::01846,He actually looks sort of like a human jake lol,0.0,content_diversity,They probably did that to get people talking about Jake.,You think it was planned?,I think they want us talking about so get traction for the film.,I think that's planted there to get us going.,It's possible this is exactly what the producers wanted.,-0.031,0.942,-0.281,-0.738,-0.463,34.297523,0.743557,0.389389,13.355070,0.289533,71.601939,1.042882,0.000000,27.880990,0.406086
test.context.txt::01847,test.context.txt::01847__row695,And also that bacon grease on your breath,1.0,content_diversity,You are rude!,I love bacon.,You are just jealous.,"It's not bacon, it's sausage.",I don't like you.,-0.025,0.954,-0.361,-0.614,-0.230,19.972379,0.953844,0.217341,4.340821,0.207310,25.354244,1.718097,0.000000,5.510522,0.373413
test.context.txt::01847,test.context.txt::01847__row696,And also that bacon grease on your breath,0.0,content_diversity,I just can't get enough bacon.,Nothing better than bacon.,Bacon is my favorite food.,I have a love affair with bacon.,I love bacon more than you.,-0.038,0.950,-0.385,-0.936,-0.670,23.778257,0.834467,0.373225,8.874642,0.311444,17.081399,0.765316,0.000000,6.375207,0.285635
test.context.txt::01848,test.context.txt::01848,Unless you read it as bike locking fail,1.0,content_diversity,What is a bike locking fail?,Is this how the bike was stolen?,How would the bike lock fail?,Is that even possible?,I agree with you.,-0.023,0.954,-0.238,-0.719,-0.311,15.632261,0.369496,0.408061,6.378920,0.150777,26.783502,1.045459,0.000000,10.929310,0.426611
test.context.txt::01849,test.context.txt::01849,Look at number 34 on the list this list is void,1.0,content_diversity,why would it be void,i think it is a mistake,what list are you talking about,i can't find the list,"oh you are right, i didn't notice",-0.024,0.959,-0.100,-0.645,-0.323,19.245196,0.933088,0.410652,7.903076,0.383174,46.529412,1.009869,0.000000,19.107390,0.414704
test.context.txt::01850,test.context.txt::01850,Can I have a source on that please,1.0,content_diversity,there is no source for that,"yes, just give me a minute",your source link is broken,why do you post without source,i can send you a source if that helps,-0.031,0.956,-0.032,-0.713,-0.305,19.674715,0.840507,0.363422,7.150225,0.305459,37.224968,1.064379,0.000000,13.528374,0.386819
test.context.txt::01851,test.context.txt::01851,Jesus thats nuts sorry to hear you had such horrible luck,1.0,content_diversity,How did it all happen?,Is there anything I can do to help?,What are you going to do now?,Are there any further developments?,Have things improved since then?,-0.009,0.980,-0.276,-0.704,-0.465,22.639777,0.736569,0.477460,10.809578,0.351682,23.196280,0.747256,0.000000,11.075286,0.356784
test.context.txt::01852,test.context.txt::01852,Thats what I ended up doing too haha,1.0,content_diversity,What's so funny?,I would never do that.,What did you end up doing?,I'm jealous you got to do that.,I want to do it too.,-0.031,0.937,-0.176,-0.670,-0.213,28.375320,1.059908,0.357435,10.142338,0.378849,16.569901,1.234072,0.000000,5.922666,0.441101
test.context.txt::01854,test.context.txt::01854__row702,It looks so real I felt bad for the people getting hit,1.0,content_diversity,"Yes, the special effects people do a good job with it.","I know what you mean, I had to close my eyes.",Some things look so real and then others are laughable.,It was pretty good from a special effects standpoint.,It was pretty violent and real looking.,-0.032,0.939,-0.221,-0.701,-0.345,30.535664,0.503519,0.437780,13.367908,0.220431,44.493648,0.686417,0.000000,19.478436,0.300500
test.context.txt::01854,test.context.txt::01854__row703,It looks so real I felt bad for the people getting hit,0.0,content_diversity,It was surprising how real it looked.,"I had to laugh at the monster, though, totally messed up.",The fx were really tight in this film.,I thought some effects were thrown in there for no reason.,It's like they had two different departments working on special effects.,-0.010,0.979,-0.184,-0.712,-0.270,17.006991,0.531910,0.406834,6.919021,0.216399,67.717706,1.063506,0.000000,27.549860,0.432670
test.context.txt::01855,test.context.txt::01855,Did we though or did we see rick imagining what happened,1.0,content_diversity,"Hard to tell, that's the point I guess.",No I think we definitely saw it happening.,I just thought it was stupid all round.,It's a real mind messer.,Either way it was really funny.,-0.022,0.965,-0.224,-0.672,-0.308,24.460339,0.730377,0.338386,8.277027,0.247149,30.458915,1.932217,0.000000,10.306859,0.653834
test.context.txt::01856,test.context.txt::01856,Thats too bad  I was hoping it had some story to it,0.0,content_diversity,"There was a story, you didn't read it.",I don't think you read much of it if you think that.,I read a perfectly good story to it.,"It's a great story, you just have to read it.",There is a story to it.,-0.092,0.883,-0.252,-0.930,-0.490,40.093615,0.945606,0.404363,16.212393,0.382368,59.086360,0.808845,0.000000,23.892365,0.327067
test.context.txt::01857,test.context.txt::01857,It is not compatible with the operating system I am running,1.0,content_diversity,Google it.,What is your operating system?,It is compatible with your operating system.,Why are you running it?,How is it not compatible?,-0.028,0.948,-0.277,-0.728,-0.212,18.801975,0.635028,0.370724,6.970337,0.235420,14.860373,2.901830,0.000000,5.509092,1.075777
test.context.txt::01859,test.context.txt::01859,I interpret this as here let me pour alcohol on that wound,0.0,content_diversity,They're pretending to be empathetic but are the opposite.,lol there's a lot of aggression in that sympathy statement,I would respect them more if they were an out-and-out jackass.,Like we wouldn't see through that back-handed compliment.,Yes the sarcasm completes outshines the sympathy.,-0.009,0.982,-0.187,-0.677,-0.357,16.889794,0.156404,0.373799,6.313394,0.058464,60.943668,1.591443,0.000000,22.780702,0.594880
test.context.txt::01860,test.context.txt::01860__row708,So do you guys eat those or do they eat you,1.0,content_diversity,i prefer eating them,that makes no sense,what do you think,i can't answer that,it all depends on a few factors,-0.010,0.983,-0.060,-0.602,-0.253,11.258502,0.842479,0.392140,4.414907,0.330370,24.587191,0.409562,0.000000,9.641616,0.160605
test.context.txt::01860,test.context.txt::01860__row709,So do you guys eat those or do they eat you,0.0,content_diversity,eating them is better,i am a fan of eating,i would always choose eating them,i like eating them,i think it have to choose eating them,-0.121,0.876,-0.292,-0.939,-0.629,29.409646,1.399493,0.321078,9.442783,0.449346,49.393073,0.899123,0.000000,15.859016,0.288688
test.context.txt::01861,test.context.txt::01861,We do not speak of that hang your head in shame,0.0,content_diversity,Not speaking of it doesn't help the situation at all,"Talking about it helps heal but ignoring it, doesn't.",It's ridiculous to ignore it because it's still there.,Sticking your head in the sand doesn't make it go away,"It's a fact and will always be a fact, no matter how hard you try to shut it out",-0.029,0.966,-0.210,-0.752,-0.458,35.874506,0.778318,0.459973,16.501297,0.358005,66.268644,0.970187,0.000000,30.481773,0.446259
test.context.txt::01863,test.context.txt::01863,Imagine all the faces of women who tan when they get older,0.0,content_diversity,The damage isn't just cosmetic.,Many will have fallen victim to skin cancer.,Tanning can wipe out lives.,Tanning is deadly they will be lucky is they are still around.,If they aren't already dead they will certainly feel regret.,-0.015,0.959,-0.158,-0.725,-0.396,20.813816,0.780925,0.362643,7.547995,0.283197,69.492729,0.814289,0.000000,25.201084,0.295296
test.context.txt::01865,test.context.txt::01865,Upvote for our game  see you later tonight,1.0,content_diversity,I love our game.,I upvoted the game.,I hate this game.,I will see you later.,I downvoted this.,-0.072,0.930,-0.384,-0.703,-0.192,16.433129,0.872843,0.274469,4.510385,0.239568,16.069354,1.064269,0.000000,4.410539,0.292109
test.context.txt::01866,test.context.txt::01866__row713,If you left with a spare I would love one,1.0,content_diversity,"Yeah, sure.",Sorry I need them all.,If there is any left I will be selling them.,"There is never any left, sorry.",If I am left with a spare I have gone wrong badly!,-0.022,0.954,-0.141,-0.665,-0.300,10.987779,0.828455,0.284273,3.123526,0.235507,101.821344,1.583219,0.000000,28.945036,0.450066
test.context.txt::01866,test.context.txt::01866__row714,If you left with a spare I would love one,0.0,content_diversity,Of course  you can.,It would be my pleasure.,"Sure, no problem.","Absolutely, I will bring it round if there is one.","Of course, be happy to.",-0.008,0.985,-0.209,-0.715,-0.568,14.985136,0.529839,0.312852,4.688125,0.165761,76.682664,2.339720,0.000000,23.990302,0.731985
test.context.txt::01867,test.context.txt::01867__row715,Interesting that most of you are assuming the artist is a woman,1.0,content_diversity,I didn't realize that until you mentioned it.,"You're right...we are all saying ""she""",It does seem like it has a very feminine touch.,"I don't know, I guess it could be a male.","It's funny how we do that, isn't it.",-0.019,0.971,-0.116,-0.655,-0.283,36.635430,0.806860,0.435191,15.943424,0.351139,45.271570,1.298755,0.000000,19.701798,0.565207
test.context.txt::01867,test.context.txt::01867__row716,Interesting that most of you are assuming the artist is a woman,0.0,content_diversity,I really can't imagine a man drawing that.,"I think it screams ""a woman created this""",There is nothing masculine about this piece of art,I think almost everyone would say it's very soft and feminine.,I would love to know the man that could paint this picture.,-0.025,0.962,-0.267,-0.733,-0.193,18.757546,0.421580,0.477318,8.953319,0.201228,45.769185,0.721738,0.000000,21.846466,0.344499
test.context.txt::01868,test.context.txt::01868__row717,Thank you so much I really really appreciate it,1.0,content_diversity,"You're welcome, I so happy you approve.",I'm just glad I could help.,"You're welcome, it's nice to be able to help someone.","YW, let me know if you need anything else.",I'm happy to help anytime,-0.037,0.933,-0.230,-0.819,-0.594,19.281430,0.378924,0.472991,9.119941,0.179228,63.416513,1.317171,0.000000,29.995436,0.623010
test.context.txt::01868,test.context.txt::01868__row718,Thank you so much I really really appreciate it,0.0,content_diversity,I love helping people so you're welcome.,It was fun for me so no thanks necessary.,You've help me before many time so it's just paying you back a bit.,It was fun to help so no worries.,I learned a few things as well so YW.,-0.051,0.929,-0.240,-0.773,-0.495,42.699676,0.778925,0.390682,16.681977,0.304312,88.170999,1.286201,0.000000,34.446786,0.502495
test.context.txt::01869,test.context.txt::01869__row719,I met a shower bear once that was quite the experience,1.0,content_diversity,"Do tell, do tell :)","Wait, what? Is that the cousin of the dreaded drop bear?",Where on earth did you find a shower bear?,Ha - I don't believe it. Shower bears are far too rare!,Did it offer you a drink and a cigar?,-0.010,0.974,-0.010,-0.683,-0.196,17.091005,0.246541,0.317984,5.434663,0.078396,86.767508,1.872305,0.000000,27.590665,0.595363
test.context.txt::01869,test.context.txt::01869__row720,I met a shower bear once that was quite the experience,0.0,content_diversity,You lie! Shower bears don't exist!,Are you telling the truth? What is a shower bear?,I don't get it - what's a shower bear?,"I'm curious, was this in a dream? That's where I've met shower bears.",I think you're a big liar.,-0.036,0.943,-0.233,-0.845,-0.474,34.939242,0.687767,0.392178,13.702406,0.269727,79.744050,0.829260,0.000000,31.273871,0.325218
test.context.txt::01870,test.context.txt::01870__row721,Way better in season 2 than 8 amp 9 imo,1.0,content_diversity,"Yes, I agree...it started falling off in the middle",Seasons 8 and 9 are pretty bad.,I hear the stars started hating each other so the show suffered.,It was good up until about season 7,I loved the show and was sorry it petered out.,-0.025,0.956,-0.193,-0.669,-0.277,34.479697,0.695880,0.425439,14.669017,0.296055,67.457904,0.575536,0.000000,28.699242,0.244856
test.context.txt::01870,test.context.txt::01870__row722,Way better in season 2 than 8 amp 9 imo,0.0,content_diversity,One star didn't like sharing the spotlight with the other.,I heard the stars wouldn't even be in the same room together.,I read that the male star made the female star cry a lot.,The male star decided he had to have all the air time.,The male lead is a male chauvinist pig.,-0.050,0.937,-0.296,-0.744,-0.211,57.238555,0.899128,0.381506,21.836847,0.343023,23.474880,0.755604,0.000000,8.955805,0.288267
test.context.txt::01871,test.context.txt::01871,Til  there are places you can't order a sandwich,0.0,content_diversity,We have our own refrigerators and hands so....,then I'll open a place to make my own sandwiches,My sandwiches would have to do then.,I'll go to my mom's house and make a sandwich.,My sandwiches are always pretty good so I wouldn't miss it.,-0.038,0.934,-0.205,-0.860,-0.464,32.327050,0.920374,0.350128,11.318595,0.322249,52.215973,1.274815,0.000000,18.282258,0.446348
test.context.txt::01872,test.context.txt::01872__row724,This making the front page is going to triple reddits collective vocabulary,1.0,content_diversity,"Oh no, we don't know big words.",You sound like a bit of an arrogant snob.,The intellectuals are going to have a field day.,I find the whole story too boring to even finish.,I don't understand how this made the front page to begin with.,-0.014,0.974,-0.227,-0.618,-0.222,16.959747,0.448018,0.408972,6.936067,0.183227,36.500573,1.719672,0.000000,14.927723,0.703298
test.context.txt::01872,test.context.txt::01872__row725,This making the front page is going to triple reddits collective vocabulary,0.0,content_diversity,Are you saying you're too smart for Reddit?,Is someone is too good for Reddit?,Tone down the snobery just a bit.,Just like Donald Trump you too must have the best words.,"Wow, do you think we can handle this added intellectualism?",-0.024,0.962,-0.192,-0.677,-0.265,27.661046,1.004210,0.333534,9.225908,0.334938,75.058359,1.597278,0.000000,25.034539,0.532747
test.context.txt::01873,test.context.txt::01873,This isn't madden it doesn't just work like that,1.0,content_diversity,Why isn't this Madden?,It does work like that.,Why wouldn't it work like this?,Please explain yourself.,I agree with you on this.,-0.020,0.956,-0.198,-0.706,-0.292,12.550348,0.429363,0.413641,5.191335,0.177602,21.325783,1.148329,0.000000,8.821212,0.474996
test.context.txt::01874,test.context.txt::01874__row727,You need to be online before I can check the third slot,1.0,content_diversity,"Ok, let me know when to be here and I will.",Sounds good...we'll do it this weekend.,"Thanks, I should have known that.","Alright, I'll be here tonight when you're on.",Let me know what nights you're on and I'll log on.,-0.029,0.931,-0.232,-0.796,-0.451,32.433007,0.916052,0.372715,12.088265,0.341426,28.943139,0.707761,0.000000,10.787539,0.263793
test.context.txt::01874,test.context.txt::01874__row728,You need to be online before I can check the third slot,0.0,content_diversity,Does Saturday or Sunday work for you?,What weekend day do you want to do it?,I can be here on weekends more than weekdays.,I have more free time on Sunday...how's that?,Can you be on this weekend?,-0.018,0.964,-0.165,-0.874,-0.560,44.832601,0.998771,0.379986,17.035768,0.379519,62.283951,0.989011,0.000000,23.667040,0.375811
test.context.txt::01875,test.context.txt::01875,I think you can only do 3 of those as president,0.0,content_diversity,I'm not well-versed when it comes to presidential powers.,I'll google it because I have no idea.,"You may be right, I'll check it out.",I know nothing about politics so I'd have to google.,I don't have a clue so I'll defer to you.,-0.038,0.947,-0.272,-0.734,-0.286,14.997383,0.404405,0.437127,6.555765,0.176777,28.044375,0.557085,0.000000,12.258961,0.243517
test.context.txt::01876,test.context.txt::01876,Lets all chip in and send him a real one,0.0,content_diversity,i don't want to chip in,i don't want to give money,i'm not giving money,i would prefer not to,i don't want to do that,-0.156,0.776,-0.434,-0.755,-0.605,40.407311,1.829893,0.326936,13.210622,0.598259,15.101096,0.867060,0.000000,4.937098,0.283473
test.context.txt::01877,test.context.txt::01877,Whats wrong with thanking someone for spending 4 bucks on a stranger,1.0,content_diversity,there is nothing wrong with that,why would it be wrong,i disagree with you,why would you spend on strangers,did you buy something for a stranger?,-0.030,0.948,-0.103,-0.680,-0.299,8.733448,0.654439,0.442451,3.864123,0.289557,49.558191,1.255418,0.000000,21.927071,0.555461
test.context.txt::01878,test.context.txt::01878,Id like to be a part of this,0.0,content_diversity,As would I!,"You and me both,","I know, I feel just the same.","You're not kidding, I'd love to be.",That's just what I have been saying.,-0.008,0.979,-0.072,-0.672,-0.614,32.878430,1.471050,0.228712,7.519696,0.336447,31.715971,2.551526,0.000000,7.253827,0.583565
test.context.txt::01879,test.context.txt::01879,I want you to draw me like one of your french girls,1.0,content_diversity,What do French girls look like?,Do you want me to exaggerate features?,What do you want me to draw of you?,What else do you want me to draw?,I can draw you anyway you like.,-0.138,0.793,-0.286,-0.787,-0.379,8.375551,0.190466,0.492296,4.123254,0.093766,19.811930,0.618307,0.000000,9.753341,0.304390
test.context.txt::01880,test.context.txt::01880__row734,I like options 2 5 and 6 the best,1.0,content_diversity,I think any of these options would be acceptable.,I like option 2 the best.,None of these options are acceptable.,I think we need additional options.,There's no way everyone will agree to any one of these options.,-0.074,0.895,-0.410,-0.923,-0.357,12.034218,0.593285,0.522222,6.284528,0.309826,60.739467,0.652142,0.000000,31.719457,0.340563
test.context.txt::01880,test.context.txt::01880__row735,I like options 2 5 and 6 the best,0.0,content_diversity,We will never get everyone to agree on one option.,Since we can't all agree we should choose the most popular option.,The majority rules since we can't all agree.,"Not everyone will agree, we just have to choose one and go with it.",We need an option that everyone will be okay with.,-0.060,0.903,-0.371,-0.943,-0.513,44.726573,0.814578,0.461130,20.624744,0.375626,30.958157,0.467085,0.000000,14.275721,0.215387
test.context.txt::01881,test.context.txt::01881,How are you friends which such a whore,1.0,content_diversity,Because she is a whore! Duh.,"I am not her friend, I don;t know why you think I am.",You were friends with her once.,I hate it when people pick on her.,Everyone needs a friend sometimes.,-0.014,0.957,-0.230,-0.713,-0.301,21.599487,0.593530,0.362903,7.838513,0.215394,41.208209,0.906998,0.000000,14.954572,0.329152
test.context.txt::01882,test.context.txt::01882,I've held one out the window on the highway before pretty impressive,0.0,content_diversity,That is so dangerous.,Dont you think that is pretty reckless?,Thats a crazy thing to do.,You have to be nuts to do that.,Have you lost your mind? That's insane.,-0.020,0.955,-0.149,-0.758,-0.600,30.090150,1.164172,0.354446,10.665347,0.412637,42.045035,0.510306,0.000000,14.902713,0.180876
test.context.txt::01883,test.context.txt::01883,You are missing out on meeting some very friendly people,0.0,content_diversity,I am not bothered.,It really doesn't matter that much to me.,So what?,I really don't care.,I am simply not interested.,-0.032,0.945,-0.382,-0.705,-0.500,22.092776,1.590752,0.238074,5.259726,0.378717,22.829059,1.837240,0.000000,5.435016,0.437400
test.context.txt::01884,test.context.txt::01884,Look at the expression of the guy at the table,0.0,content_diversity,He looks mental!,That's a crazy looking dude.,I think he is nuts!,Wow he looks like a psycho.,He is scary mental.,-0.022,0.957,-0.391,-0.803,-0.595,26.684876,1.189888,0.216817,5.785740,0.257988,27.725322,1.463202,0.000000,6.011327,0.317247
test.context.txt::01885,test.context.txt::01885,How is it going to affect your gameplay,0.0,content_diversity,How do I answer this?,I'm not sure of the answer.,I don't know the answer to this.,"Man, I really don't know.",I have to think about how to answer this.,-0.060,0.910,-0.377,-0.863,-0.677,22.604811,0.949181,0.382882,8.654983,0.363425,29.297764,0.951540,0.000000,11.217596,0.364328
test.context.txt::01886,test.context.txt::01886__row741,I would love to invest in vodka  what a great idea,1.0,content_diversity,"If I had the money to invest in vodka, I put it into a savings account.",I'm too chicken to do any kind of risky investing.,I heard a tequila company sold for a billion dollars.,I would love to be able to do that but alas my cupboard is bare.,I'm with you on that!,-0.022,0.960,-0.138,-0.618,-0.090,31.365571,0.301674,0.456512,14.318775,0.137718,64.255935,0.890167,0.000000,29.333636,0.406373
test.context.txt::01886,test.context.txt::01886__row742,I would love to invest in vodka  what a great idea,0.0,content_diversity,I'll never be rich because I am too conservative with money to invest it.,That could be really great or really bad.,"If you can afford to lose that kind of money, it would be good but I can't.","If I have two bucks, I can't risk losing it.",I'm too wimpy to be an investor...maybe if I had more.,-0.038,0.946,-0.174,-0.770,-0.338,27.738124,0.469620,0.416550,11.554314,0.195620,54.321412,1.016041,0.000000,22.627581,0.423232
test.context.txt::01887,test.context.txt::01887,I don't think spiderman would be too happy about that,0.0,content_diversity,Spot on.,I couldn't agree with you more.,I think you are right there.,I was thinking the same.,You are on the money with that comment.,-0.028,0.948,-0.202,-0.669,-0.486,16.036276,0.948220,0.294695,4.725816,0.279436,27.224599,2.913540,0.000000,8.022963,0.858607
test.context.txt::01888,test.context.txt::01888,2 wow I know the feeling bro hate when that happens,0.0,content_diversity,You always think this stuff happens to someone else,I thought everything would turn out okay but it didn't.,"I counted my chickens, as they say...","Well, it really floored me when it happened.",Nobody can believe it but here we are.,-0.015,0.976,-0.128,-0.652,-0.222,31.427412,0.712280,0.424040,13.326485,0.302035,23.125210,1.204070,0.000000,9.806018,0.510574
test.context.txt::01889,test.context.txt::01889,Wow really what was his reaction to that,1.0,content_diversity,he was angry,what do you think,nothing special,why would he react,i don't remember,-0.006,0.787,-0.131,-0.583,-0.273,16.953624,1.086945,0.435214,7.378463,0.473054,9.294117,0.730636,0.000000,4.044934,0.317983
test.context.txt::01350,test.context.txt::01350__row746,I hoped to read some actual discussions on the country,1.0,content_diversity,I think you sets your sights to high for this thread.,"Nope, there's only arguing and complaining here.",Maybe we should start another thread for intelligent people.,"Me, too...but all I see is name-calling.",I'm tired of the arguments because they're the same ones over and over.,-0.008,0.974,-0.189,-0.688,-0.237,17.412541,0.462685,0.389579,6.783553,0.180252,40.927991,1.229194,0.000000,15.944669,0.478868
test.context.txt::01350,test.context.txt::01350__row747,I hoped to read some actual discussions on the country,0.0,content_diversity,Some people have absolutely nothing to say but they say it anyway.,I'm sick of all the rhetoric in these threads.,Can anyone say anything new and worth hearing?,The same people say the same things every day.,I think I'll go somewhere else to hear new people complain,-0.020,0.963,-0.210,-0.768,-0.356,28.541717,0.706545,0.410614,11.719619,0.290117,56.304250,0.992518,0.000000,23.119293,0.407542
test.context.txt::01351,test.context.txt::01351__row748,Well jesus christ which one is it catholic or christian,1.0,content_diversity,"What's it to you, anyway?",I'm a good christian just not a good catholic,It shouldn't matter as long as I don't hurt anyone.,Catholic is to strict for me so I would say Christian.,I don't have to call it anything...especially for you.,-0.023,0.944,-0.044,-0.695,-0.231,14.732549,0.366629,0.435690,6.418825,0.159737,64.856424,0.702776,0.000000,28.257302,0.306193
test.context.txt::01351,test.context.txt::01351__row749,Well jesus christ which one is it catholic or christian,0.0,content_diversity,Why is it that you think I need to answer to you?,It's really none of your business.,I'm not even talking to you so MYODB.,I don't talk religion with an atheist.,How about nunya biz?,-0.008,0.978,-0.057,-0.628,-0.254,27.222809,0.312092,0.299680,8.158119,0.093527,69.127808,3.594511,0.000000,20.716189,1.077201
test.context.txt::01352,test.context.txt::01352,Both of you are the reasons I am here right now,0.0,content_diversity,You know I'd do anything for you.,You are my friend and I'd help you with anything.,Thanks and you're one of the reasons I stick around.,You are a blessing to me and I will repay someday.,Let me know if you ever need anything.,-0.040,0.939,-0.232,-0.780,-0.529,36.426012,0.677484,0.446929,16.279823,0.302787,62.945696,0.824563,0.000000,28.132226,0.368520
test.context.txt::01353,test.context.txt::01353__row751,He played the friend in everybody hates chris,1.0,content_diversity,"I never watched that show, so not helpful.","Was he in something else too, another sitcom?",And what about on the big screen?,"Yeah, nobody remembers the friend of a nobody. ha",He really grew up to be hot!,-0.002,0.990,-0.135,-0.640,-0.091,29.730122,0.557842,0.305911,9.094760,0.170650,53.341841,0.981134,0.000000,16.317836,0.300139
test.context.txt::01353,test.context.txt::01353__row752,He played the friend in everybody hates chris,0.0,content_diversity,"man, he's aged like fine wine!",what a looker he is now compared to those awkward teen years.,Who knew he would be this fine?,"I did a double take when I say that mature, handsome face on screen.",The years have been kind to his face.,-0.009,0.974,-0.107,-0.700,-0.340,51.982351,1.155903,0.292804,15.220639,0.338453,79.016831,0.987025,0.000000,23.136443,0.289005
test.context.txt::01356,test.context.txt::01356,This explains me and my girlfriend in a nutshell,0.0,content_diversity,There are some parts that are really spot on.,I certainly see a lot of myself in that.,I hate it when some random paragraph describes me.,I sure feel a lot of what is said there.,It's a pretty accurate description of my relationship.,-0.033,0.940,-0.262,-0.726,-0.342,36.381870,0.850803,0.427685,15.559987,0.363876,55.509868,1.246766,0.000000,23.740748,0.533223
test.context.txt::01357,test.context.txt::01357,I promise I will respond allow me time to absorb,0.0,content_diversity,No problem out all...whatever you need.,I have all the time in the world so no hurry.,There's no time limit so just let me know when you can.,Do it at your own pace.,"Absolutely, just text me when you're ready to talk.",-0.013,0.964,-0.166,-0.733,-0.420,21.616982,0.604753,0.389272,8.414896,0.235414,76.201086,1.988570,0.000000,29.662985,0.774095
test.context.txt::01358,test.context.txt::01358,And the worlds gone crazy and it aint safe on the streets,1.0,content_diversity,it is safe now,I could care less,I am safe whenever I am,the world has always been crazy,the street is never safe,-0.025,0.934,-0.108,-0.698,-0.237,28.610350,1.275406,0.340714,9.747955,0.434549,13.968772,1.378053,0.000000,4.759360,0.469522
test.context.txt::01359,test.context.txt::01359,Way to repost the same thing you posted a few minutes ago,1.0,content_diversity,I do what I want,do you not like the repost,it got a lot of audience,do you have other suggestion?,"well, what else can we do",-0.031,0.948,-0.063,-0.590,-0.265,27.267507,1.066013,0.296834,8.093920,0.316429,27.256030,0.892871,0.000000,8.090513,0.265034
test.context.txt::01360,test.context.txt::01360,But then you can say I learned it from you,0.0,content_diversity,I have taught multiple people,I have done the same with many,this is not an uncommon thing,the people I have taught are numerous,I am a teacher,-0.062,0.909,-0.265,-0.754,-0.441,34.459031,0.950310,0.392342,13.519720,0.372846,30.296343,0.539931,0.000000,11.886523,0.211837
test.context.txt::01361,test.context.txt::01361,Wish id known ahead of time I'm stuck working down in houston,1.0,content_diversity,I really wish I'd have mentioned earlier.,I meant to tell you and kept forgetting.,"I'm sorry, I thought you already knew.","Well, maybe next time you can come along.",I thought you were the one who told me.,-0.042,0.945,-0.204,-0.744,-0.508,28.950010,0.733954,0.406641,11.772250,0.298455,41.304570,0.929801,0.000000,16.796115,0.378095
test.context.txt::01363,test.context.txt::01363,You can tell by the pixels  edit I'm an expert,1.0,content_diversity,I don't even know what a pixels edit is.,I wouldn't know an expert from a newbie.,Everyone is an expert compared to me.,You know way more than anyone else I know.,I will never understand this stuff.,-0.039,0.943,-0.247,-0.691,-0.265,21.671485,0.530870,0.467507,10.131573,0.248185,22.918081,0.421069,0.000000,10.714366,0.196853
test.context.txt::01365,test.context.txt::01365,You can fix the ending  thats more than you deserve,0.0,content_diversity,That's not even worth my time to comment.,"Oh wah, wah, wah...just be quite, would you?",That's actually pretty funny.,You can't get under my skin so don't try.,Lol...you are a trip.,-0.006,0.982,-0.052,-0.656,-0.199,24.814583,0.475093,0.306242,7.599267,0.145494,80.494779,2.116384,0.000000,24.650881,0.648126
test.context.txt::01366,test.context.txt::01366,I'm highly skeptical of the idea that she hasn't had work done,1.0,content_diversity,I dont know that I believe she didnt do the work,It seems to be that she probably did do the work,I find it very unlikely she did not take part in the work,"The work, it seems to me, was probably done by her",I just dont think I can believe she was not involved in the work,-0.080,0.883,-0.358,-0.942,-0.672,59.252914,1.151249,0.428091,25.365630,0.492839,19.553871,0.284840,0.000000,8.370833,0.121937
test.context.txt::01367,test.context.txt::01367,I turned up the volume expecting to hear it,1.0,content_diversity,You couldn't hear it?,What did you hear then?,I didn't hear it either.,Yeah I turned it way up too,Were you able to hear it or did you change the channel?,-0.045,0.931,-0.236,-0.802,-0.309,9.249973,0.793134,0.368875,3.412084,0.292567,52.573617,0.925866,0.000000,19.393095,0.341529
test.context.txt::01368,test.context.txt::01368__row763,I have about 2 and a half I think,1.0,content_diversity,"oh, thats a good amount",sound about right,only that many?,seems about average,just today?,-0.007,0.988,-0.066,-0.670,-0.426,20.666974,0.833129,0.263274,5.441083,0.219341,29.989362,3.379921,0.000000,7.895428,0.889846
test.context.txt::01368,test.context.txt::01368__row764,I have about 2 and a half I think,0.0,content_diversity,that is a large amount,that is good enough,that amount is normal,that is plenty,I would think that amount is good enough,-0.158,0.808,-0.323,-0.864,-0.589,15.501099,1.215433,0.431976,6.696103,0.525038,54.507123,0.751285,0.000000,23.545769,0.324537
test.context.txt::01369,test.context.txt::01369,Itt people that have never been to detroit,1.0,content_diversity,That's not true because I've been to detroit.,I know what you mean because no one ever knows what I'm talking about.,I haven't been to Detroit in years and I love hearing about it.,I've never been to Detroit and find the conversation booooring.,I like talking about different things even if I've never been there.,-0.061,0.905,-0.218,-0.802,-0.362,29.041450,0.466610,0.495735,14.396864,0.231315,42.725332,0.451127,0.000000,21.180444,0.223640
test.context.txt::01370,test.context.txt::01370__row766,Well if your boyfriends name is matt this would be awkward,1.0,content_diversity,It could be awkward but not impossible to deal with.,It's also a pretty funny coincidence.,"Luckily, his name isn't Matt.","You're not kidding, it would be awkward.","It would be a point of conversation, too.",-0.026,0.948,-0.174,-0.711,-0.368,4.325023,0.239127,0.433976,1.876957,0.103775,28.306289,0.733073,0.000000,12.284253,0.318136
test.context.txt::01370,test.context.txt::01370__row767,Well if your boyfriends name is matt this would be awkward,0.0,content_diversity,I am so glad his name isn't Matt.,"You're right, I'm sure glad it isn't.",Thank God his mother named him Todd.,"It's not Matt, lucky for me!",Matt is not his name and I'm so glad.,-0.035,0.933,-0.288,-0.773,-0.535,40.032784,1.218385,0.340426,13.628201,0.414770,44.346328,1.216019,0.000000,15.096643,0.413965
test.context.txt::01371,test.context.txt::01371,Face off sadly I have family that loved that movie,1.0,content_diversity,Ha ha...so do I. And so did I. It's a fun movie!,It was lame but actually worth watching.,I can't watch anything with John Travolta in it.,I have not seen it but I know people who liked it too.,It was a corny premise but it was still good for a few thrills.,-0.034,0.945,-0.193,-0.727,-0.295,-8.584667,0.002106,0.418298,-3.590951,0.000881,92.314270,1.711873,0.000000,38.614898,0.716073
test.context.txt::01372,test.context.txt::01372__row769,Fuck you now it's on repeat in my head,1.0,content_diversity,"haha, that is nice",that was my plan all along,"well, you can fix it on your own",I don't have anything to do with your head,that is your own fault,-0.038,0.948,-0.058,-0.677,-0.276,29.430888,0.777950,0.377797,11.118910,0.293907,33.427402,1.886901,0.000000,12.628782,0.712866
test.context.txt::01372,test.context.txt::01372__row770,Fuck you now it's on repeat in my head,0.0,content_diversity,that is your issue,that is your problem,your head is yours own fault,what going on in your head is your doing,it is your responsibility,-0.155,0.840,-0.402,-0.790,-0.553,47.657467,1.829994,0.345121,16.447575,0.631569,56.733146,1.427482,0.000000,19.579779,0.492654
test.context.txt::01373,test.context.txt::01373__row771,Normally I wouldnt but I also don't want op to die,1.0,content_diversity,well aren't you just the sweetest!,don't waste your words on this nonsense.,not like anyone took you seriously to begin with!,some things really ought not need to be said!,is this your official disclaimer for the ensuing law suit?,-0.015,0.971,-0.043,-0.660,-0.242,16.330880,0.509605,0.365560,5.969911,0.186291,69.101758,0.583628,0.000000,25.260814,0.213351
test.context.txt::01373,test.context.txt::01373__row772,Normally I wouldnt but I also don't want op to die,0.0,content_diversity,are you just covering your own hide now?,I see that we're making a record for later.,"Good, you will have the receipts when the time comes.",Is this for your protection or for op?,"Right, of course it has nothing to do with absolving yourself of blame later.",-0.010,0.971,-0.150,-0.630,-0.274,32.387396,0.846715,0.360019,11.660075,0.304833,44.151547,1.288509,0.000000,15.895392,0.463888
test.context.txt::01374,test.context.txt::01374,Here is my humble and sadly only upboat for your true words,0.0,content_diversity,I only speak the truth,I only like to say true things,my words are often true,i like truth above all else,truth must be spoken,-0.030,0.946,-0.212,-0.924,-0.612,44.249307,1.743302,0.330840,14.639422,0.576753,30.852648,0.911901,0.000000,10.207277,0.301693
test.context.txt::01375,test.context.txt::01375,I don't know I did't read your novel,1.0,content_diversity,I was talking to someone else when I said that.,I wasn't assuming you did read it.,"I was making a statement, not asking a question.",You didn't have to read it to understand what I was saying.,You're missing out then...,-0.038,0.931,-0.165,-0.728,-0.343,5.135166,-0.355982,0.457597,2.349835,-0.162896,39.287501,2.590991,0.000000,17.977833,1.185629
test.context.txt::01376,test.context.txt::01376__row775,Only the bbc version and only the first two seasons,1.0,content_diversity,Is the BBC version that much different?,I didn't realize there was a BBC version,Why only the first two seasons?,The BBC version is no longer availaible.,I'll try it for sure,-0.029,0.955,-0.021,-0.731,-0.259,20.015503,0.311389,0.395946,7.925061,0.123293,41.544883,2.010024,0.000000,16.449535,0.795861
test.context.txt::01376,test.context.txt::01376__row776,Only the bbc version and only the first two seasons,0.0,content_diversity,"Okay, I'll give it a shot.",I'll see if I can find that version,"That sounds good, I'll look for it.","Thanks, I'll watch it",I'll look for it today,-0.094,0.883,-0.416,-0.801,-0.610,33.262747,1.107696,0.321736,10.701838,0.356386,16.277930,1.117928,0.000000,5.237203,0.359678
test.context.txt::01377,test.context.txt::01377,Really but I learned it in my 4th year genetics class,0.0,content_diversity,apparently people know all of the things out of nowhere!,people are talking with so much conviction on stuff they know nothing about!,"You learn them all, kiddo!","Yeah, well said. Nice way to shut down the armchair scientists!",People do a google search and they're experts all of a sudden!,-0.012,0.968,-0.140,-0.727,-0.248,30.607495,0.938364,0.361068,11.051388,0.338813,35.868800,1.682820,0.000000,12.951077,0.607612
test.context.txt::01378,test.context.txt::01378,Alright you can add me whenever you want to offer,0.0,content_diversity,that works,let's do that,all righty,works for me,I am down for that,-0.033,0.947,-0.149,-0.704,-0.492,32.197857,3.065826,0.231444,7.452010,0.709568,21.609722,1.442370,0.000000,5.001447,0.333828
test.context.txt::01379,test.context.txt::01379,Gtmy ex wives  I think you're the problem here buddy,0.0,content_diversity,"Oh right, thanks!",Cheers!,"Nice of you to say, thanks.",Well thank you sir.,"Oh, okay, thanks!",-0.011,0.976,-0.190,-0.802,-0.630,27.417643,1.620366,0.227164,6.228289,0.368088,19.822929,1.681258,0.000000,4.503047,0.381920
test.context.txt::01380,test.context.txt::01380__row780,I require more info on the third link please,1.0,content_diversity,What kind of info do you need?,I found everything I needed on google.,"What are you looking for, I think I have everything.",I'd be happy to send you what I have.,"They provided a lot of info, if you need any more than look it up.",-0.038,0.950,-0.194,-0.774,-0.421,8.042111,0.404670,0.470159,3.781070,0.190259,93.050121,0.926828,0.000000,43.748337,0.435756
test.context.txt::01380,test.context.txt::01380__row781,I require more info on the third link please,0.0,content_diversity,Tell me what you need and I'll post it,I'll send whatever.,I think I have whatever you need.,I'll share whatever I have.,I send you my stuff if you want.,-0.063,0.904,-0.356,-0.838,-0.640,19.290485,0.798680,0.341641,6.590412,0.272862,32.269385,1.084196,0.000000,11.024531,0.370405
test.context.txt::01381,test.context.txt::01381,Can you do that on a standard iphone,0.0,content_diversity,You can do most things on a standard iphone.,I think so but I don't really know.,You probably can but we'll find out.,Let's try it because you should be able to.,I hope so otherwise let's get you upgraded.,-0.016,0.966,-0.154,-0.706,-0.324,21.037009,0.593039,0.425964,8.961008,0.252613,45.076715,0.972257,0.000000,19.201057,0.414146
test.context.txt::01382,test.context.txt::01382,Happy cake day   sorry I just had to yell  0,0.0,content_diversity,I like cakes,I really enjoy cakes,cake is one of my favorite thing,yay cake,cakes are wonderful,-0.029,0.958,-0.178,-0.960,-0.774,34.346718,2.148692,0.265345,9.113724,0.570144,17.904633,1.870336,0.000000,4.750902,0.496284
test.context.txt::01383,test.context.txt::01383,Honestly I tried that one first lets be friends,1.0,content_diversity,You can't ever have enough friends,I'm with you on that,Thanks...I'd like that very much.,I'm sorry I misunderstood you...I do want to be friends.,"I'm glad that's over...Howdy, friend!",-0.016,0.974,-0.005,-0.728,-0.347,11.554040,0.350182,0.387946,4.482339,0.135851,73.763682,1.641602,0.000000,28.616293,0.636852
test.context.txt::01384,test.context.txt::01384,Any state especially florida so many florida tattoos,0.0,content_diversity,Why would you want to put ink on your nice clean body?,God disallows tattoos.,Why is it considered OK to hurt yourself like that?,You'll regret mutilating your body one day.,It should be illegal to get tattoos.,-0.015,0.974,-0.190,-0.731,-0.343,28.655852,0.716266,0.390960,11.203290,0.280031,46.451273,1.657823,0.000000,18.160587,0.648142
test.context.txt::01387,test.context.txt::01387,Nah I think you're the only one who does that,0.0,content_diversity,You're the odd one out here,You only wish that were true because you don't,Everyone does it but you,You're the funny one that doesn't,You're the first person to say that to me and only one.,-0.044,0.930,-0.057,-0.726,-0.338,3.395913,0.513017,0.422792,1.435766,0.216900,78.520021,0.673008,0.000000,33.197669,0.284543
test.context.txt::01389,test.context.txt::01389,Id also love to see stores in china and japan,1.0,content_diversity,"me too, great to see",that is always fun,"yes, that is fun to see",that is always a fun thing to do,the stores there are always fun,-0.098,0.865,-0.297,-0.859,-0.722,32.797943,1.391006,0.340315,11.161641,0.473381,45.106843,2.531870,0.000000,15.350548,0.861634
test.context.txt::01390,test.context.txt::01390__row788,His gas cap is on the wrong side,1.0,content_diversity,Is it? I don't know about such things.,How do you know?,It is isn't it? What a jerk.,I don't think it is.,It looks broken to me.,-0.020,0.957,-0.107,-0.715,-0.362,34.126538,1.426969,0.275586,9.404780,0.393252,54.180005,1.427444,0.000000,14.931225,0.393383
test.context.txt::01390,test.context.txt::01390__row789,His gas cap is on the wrong side,0.0,content_diversity,What makes you think that?,How can you tell?,Do you know about such things?,Is that something you know about?,Are you familliar with gas caps like that?,-0.046,0.950,-0.280,-0.755,-0.498,16.629890,0.753744,0.369027,6.136886,0.278152,57.025764,0.942827,0.000000,21.044074,0.347929
test.context.txt::01391,test.context.txt::01391,Mold mold mold mold mold I am calling it now,1.0,content_diversity,I think you may be right.,I hope it's not mold,Please God make it anything but mold.,I hope you're not right about it being mold.,That would be the worst case scenario,-0.036,0.940,-0.222,-0.757,-0.322,37.102692,1.105736,0.456223,16.927102,0.504462,34.603852,0.724520,0.000000,15.787074,0.330543
test.context.txt::01392,test.context.txt::01392,Once they're out of the playoffs I think itll really sink in,1.0,content_diversity,It should sink in now!,I think they will stay in the playoffs for the long haul.,When do you think they will be out?,What will sink in?,I don't think it will ever sink in.,-0.056,0.909,-0.180,-0.749,-0.359,20.891538,0.650497,0.416972,8.711194,0.271239,38.524666,1.457729,0.000000,16.063721,0.607833
test.context.txt::01393,test.context.txt::01393__row792,Ill be there look for the guy in a vintage a shirt,1.0,content_diversity,I'll be sure to try to find you.,Hope to see you there...if not enjoy!,I'll do that and I'll be wearing a large sunhat and dress.,I can't wait to go...I hope the weather keeps up.,"If I go, I will certainly look for you.",-0.029,0.947,-0.170,-0.739,-0.441,44.821250,0.838656,0.373413,16.736842,0.313165,70.314190,0.800498,0.000000,26.256240,0.298917
test.context.txt::01393,test.context.txt::01393__row793,Ill be there look for the guy in a vintage a shirt,0.0,content_diversity,"I'll do my best but if we don't connect, enjoy your day.",I'll see you there then!,I'm going to try to go and hope we can hook up for a chat.,"Great, I'll be watching for you...see ya then!",It should be fun and I hope to see you!,-0.025,0.956,-0.184,-0.781,-0.470,35.134553,0.720207,0.370995,13.034743,0.267193,77.061549,0.672922,0.000000,28.589447,0.249651
test.context.txt::01394,test.context.txt::01394,A drunk woman peeing in one of the dressing rooms,0.0,content_diversity,let's change the topic,I want to talk about other things,let's stop discussing this,next topic,I do not want to talk about this,-0.050,0.861,-0.263,-0.812,-0.403,46.533992,2.343611,0.296903,13.816084,0.695825,16.345334,2.659601,0.000000,4.852980,0.789644
test.context.txt::01396,test.context.txt::01396__row795,Purple shoes with black clothes  110 would not bang,1.0,content_diversity,I agree with your assessment,those clothes are hidious,i am not a fan of purple shoes,that outfit just does not work,I am not keen on the outfit either,-0.020,0.960,-0.235,-0.747,-0.342,26.964279,0.964189,0.373706,10.076725,0.360324,32.417368,1.380983,0.000000,12.114580,0.516082
test.context.txt::01396,test.context.txt::01396__row796,Purple shoes with black clothes  110 would not bang,0.0,content_diversity,That outfit is a bit much.,The outfit does look pretty bad.,I am not a fan of those clothes nor shoes,the shoe and clothes combo is not really that good,the combo in shoe choices and body wear is a very poor choice,-0.030,0.946,-0.408,-0.861,-0.500,9.533794,0.589049,0.352630,3.361899,0.207716,122.625520,1.285299,0.000000,43.241401,0.453235
test.context.txt::01397,test.context.txt::01397__row797,Damn it I don't have a y movie gtgt,1.0,content_diversity,"bye, see you later",what do you mean?,I do not understand what you said,I have a good movie,let's do something else,-0.032,0.950,-0.004,-0.602,-0.254,22.212646,0.923709,0.407716,9.056442,0.376611,20.756071,1.414748,0.000000,8.462574,0.576815
test.context.txt::01397,test.context.txt::01397__row798,Damn it I don't have a y movie gtgt,0.0,content_diversity,I want to do some other thing,let's find another activity,why don't we do some other fun thing,let's not do that,let's find something else that we can enjoy,-0.054,0.903,-0.302,-0.802,-0.570,32.767306,1.263757,0.411775,13.492742,0.520383,20.895715,0.729932,0.000000,8.604323,0.300568
test.context.txt::01399,test.context.txt::01399__row799,then try typing in what you said in google,1.0,content_diversity,I can't remember what I said in google,I tried to type it in but it doesn't work.,I can't make it do the same thing no matter what,I don't remember the exact words so it comes out differently,Ok I'll try that,-0.037,0.940,-0.197,-0.720,-0.304,38.059740,0.576474,0.429368,16.341639,0.247520,54.035502,1.377560,0.000000,23.201121,0.591480
test.context.txt::01399,test.context.txt::01399__row800,then try typing in what you said in google,0.0,content_diversity,I'll try it right now,I'll give it shot,Ok i'll do it for you,"I hope it works, here goes",I will try it,-0.060,0.934,-0.363,-0.798,-0.636,38.072593,1.836244,0.299928,11.419041,0.550741,38.876033,1.208970,0.000000,11.660015,0.362604
test.context.txt::01400,test.context.txt::01400,Wasn't david tennant relatively unknown when he took the role,1.0,content_diversity,"I think he was, I had never heard of him before Doctor Who.",I think he was known in some circles.,Can you imagine being a nobody and then get the Doctor Who role?,"Yes, I believe you're right.","No, he was well established when he took on the role.",-0.039,0.933,-0.185,-0.680,-0.267,35.762946,0.860665,0.475098,16.990911,0.408900,55.123724,0.685716,0.000000,26.189183,0.325782
test.context.txt::01401,test.context.txt::01401__row802,Haha yeah I think people should play however it makes them happy,1.0,content_diversity,"Me, too...life's too short lol","""Play"" is the operative word.",playing a game is supposed to be fun,why play if they're not happy playing it.,it's important to have fun and that's why they do it.,-0.014,0.968,-0.072,-0.750,-0.328,4.543069,0.363734,0.403321,1.832314,0.146701,60.314869,2.090822,0.000000,24.326234,0.843272
test.context.txt::01401,test.context.txt::01401__row803,Haha yeah I think people should play however it makes them happy,0.0,content_diversity,That's the reason people play games.,Playing should make you happy or you wouldn't play,People play to be happy and distracted.,I don't know any other reason to play than being fun,If it's not fun...it's not a game.,-0.021,0.960,-0.211,-0.917,-0.461,40.623021,0.865091,0.433519,17.610854,0.375034,29.017433,0.795411,0.000000,12.579610,0.344826
test.context.txt::01402,test.context.txt::01402,It happens to the best of us  carry on,0.0,content_diversity,Except I'm no mere mortal! haha,Do you really judge yourself by such low standards as the common man?,"My IQ is higher than most, so that's not helping.","But (in my Yogi bear voice), I'm smarter than the average bear!","It does not happen to me, so there's that!",-0.010,0.980,-0.129,-0.684,-0.198,39.762015,0.632161,0.308551,12.268602,0.195054,69.063431,1.391202,0.000000,21.309578,0.429256
test.context.txt::01403,test.context.txt::01403__row805,Okay how many times can you point and click in a minute,1.0,content_diversity,"It depends, mouse or trackpad?",What do I get for my effort?,This sounds like some kind of stupid human trick.,Good one for man versus bots if you ask me!,"For me it varies on what I'm clicking on, if you know what I mean!",-0.009,0.973,-0.004,-0.694,-0.234,13.254589,0.555794,0.355664,4.714176,0.197676,93.790920,1.702156,0.000000,33.358023,0.605395
test.context.txt::01403,test.context.txt::01403__row806,Okay how many times can you point and click in a minute,0.0,content_diversity,I think most people will have reaction times based on subject matter.,Don't you think it matters what we're pointing at?,And what exactly will people need to click?,You do know it changes things depending on the target?,"For something cool, click count is bound to be high!",-0.015,0.971,-0.142,-0.751,-0.372,13.547309,0.365398,0.378624,5.129330,0.138348,66.513784,1.208237,0.000000,25.183685,0.457467
test.context.txt::01404,test.context.txt::01404,What kinds of history were you interested in,1.0,content_diversity,I always loved the 1920's.,I am obsessed with Queen Elizabeth 1 and her era.,"I like the 1960s with the Beatles, Woodstock, The Doors and other music.",I like the Vikings.,I like the old Western days.,-0.104,0.898,-0.395,-0.693,-0.319,50.801747,1.246615,0.281124,14.281569,0.350453,67.745310,0.742780,0.000000,19.044804,0.208813
test.context.txt::01406,test.context.txt::01406__row808,Took me way too long to figure out whats going on,1.0,content_diversity,Why did it take you so long?,I would've find out sooner,That is because you're stupid,I knew in a second,What didn't you know,-0.008,0.985,-0.053,-0.645,-0.250,25.720126,1.018995,0.308264,7.928588,0.314119,28.081926,1.427522,0.000000,8.656646,0.440053
test.context.txt::01406,test.context.txt::01406__row809,Took me way too long to figure out whats going on,0.0,content_diversity,That is because you're not intelligent,Your IQ is low,Your intelligence is low,You are not smart,You can't think properly,-0.039,0.934,-0.442,-0.792,-0.617,39.017826,2.102357,0.251454,9.811188,0.528646,38.644599,0.838003,0.000000,9.717339,0.210719
test.context.txt::01407,test.context.txt::01407__row810,Lol I did't expect you to be so specific,1.0,content_diversity,"Well you asked, so I answered!",And that's not even the half of it!,This is why they say be careful what you ask for!,I forgot how prudish humans can be!,"What can I say, we aim to please!",-0.014,0.980,-0.042,-0.732,-0.226,22.076819,0.484934,0.394533,8.710023,0.191322,45.527354,1.325342,0.000000,17.962022,0.522891
test.context.txt::01407,test.context.txt::01407__row811,Lol I did't expect you to be so specific,0.0,content_diversity,can you imagine the stuff I haven't said?,"take heart then, 'cause that's only the tip of the iceberg!",And wouldn't you know I left out the juiciest parts of the story.,It's even more salacious than what I've told you!,That's the Cliff Notes version if you can believe it!,-0.035,0.956,-0.085,-0.716,-0.294,47.059602,0.811916,0.399694,18.809420,0.324517,47.851274,0.484782,0.000000,19.125847,0.193764
test.context.txt::01408,test.context.txt::01408,The initial exploding noise is just so great,0.0,content_diversity,"Said no one but you, ever!","OK weirdo, it's all you.",Love how your thinking is the opposite of all other humans!,"You must be an alien, 'cause nobody agrees with this.",Are you being contrary for attention?,-0.006,0.989,-0.096,-0.639,-0.348,47.551581,1.024492,0.259295,12.329893,0.265646,46.838652,1.716855,0.000000,12.145034,0.445172
test.context.txt::01409,test.context.txt::01409,I don't consider tipping anyone it's my culture,0.0,content_diversity,"Man, that literally takes no creativity!",How boring to use the same old tired excuses.,"Oh, surprise surprise at that explanation",Like we've never heard this one before.,Time to think up a new and exciting way to say you're a jerk!,-0.006,0.976,-0.113,-0.635,-0.243,28.937834,0.852470,0.332963,9.635229,0.283841,55.996045,1.083359,0.000000,18.644612,0.360719
test.context.txt::01410,test.context.txt::01410,I think they're all 32 except may whos probably 23 or 25,0.0,content_diversity,May seems really young when she posts.,I was wondering if we should even be talking to her.,I don't think May is old enough to vote.,May is a very young soul.,If May is 23 then she's much older than I thought.,-0.041,0.949,-0.302,-0.784,-0.389,23.443322,0.749330,0.378086,8.863602,0.283311,30.337540,1.050289,0.000000,11.470212,0.397100
test.context.txt::01411,test.context.txt::01411,Perhaps she's wanting you to turn to your right,0.0,content_diversity,What if it was an involuntary spasm?,Looked like tourette to me.,That was the slightest of gestures though.,It's a good thing I was watching closely or I could have missed it!,Who knew a slight movement of the head meant all that?,-0.013,0.973,-0.112,-0.660,-0.250,26.891510,0.755332,0.332137,8.931659,0.250874,35.829868,1.918375,0.000000,11.900416,0.637163
test.context.txt::01412,test.context.txt::01412__row816,Because everybody on reddit has been to an american high school,1.0,content_diversity,I'm not saying that at all.,No need to get sarcastic.,I misspoke...I didn't mean that.,I meant that the majority of the people I talk to has.,That's not what I meant so get off your high horse.,-0.029,0.943,-0.179,-0.717,-0.254,27.996403,0.926570,0.379842,10.634222,0.351951,46.288609,0.967036,0.000000,17.582378,0.367321
test.context.txt::01412,test.context.txt::01412__row817,Because everybody on reddit has been to an american high school,0.0,content_diversity,"You don't have ""roll your eyes"" I didn't mean what you think.",Don't take everything so literally.,If you'd stop looking down you nose at everyone maybe you'd understand what I said.,Knock it off... no one is saying that.,I'm don't talking to you...you misunderstand everything.,-0.010,0.974,-0.132,-0.621,-0.390,35.049741,0.625610,0.366094,12.831497,0.229032,96.822916,1.197453,0.000000,35.446282,0.438380
test.context.txt::01413,test.context.txt::01413__row818,I can think of two reasons why guys like katy perry,1.0,content_diversity,Yep aside from that I can think of zero.,Sounds like someone doesn't like Katy Perry,"She had a very strict, religious childhood so she's different.",Oh leave her alone and stop being a jerk.,She's just one step above Britney Spears.,-0.002,0.990,-0.072,-0.610,-0.230,29.289293,0.461694,0.391381,11.463286,0.180699,68.846038,1.329810,0.000000,26.945062,0.520463
test.context.txt::01413,test.context.txt::01413__row819,I can think of two reasons why guys like katy perry,0.0,content_diversity,stop it...you sound like a child.,she's never hurt a soul so just stop.,your envy is starting to show again so ignore her.,you really are obsessed with katy perry...it's getting old.,there are others much worse than katy perry so pick on them.,-0.016,0.973,-0.145,-0.705,-0.320,46.142497,1.073443,0.307809,14.203071,0.330415,39.696058,0.906538,0.000000,12.218800,0.279040
test.context.txt::01414,test.context.txt::01414,All I could think about was how human they look,0.0,content_diversity,Them looking human-like really freaked me out.,They were eerily like humans,It was spooky for me that they resembled us.,Weird that they looked so human,They looked freaky human,-0.024,0.954,-0.373,-0.874,-0.624,41.894452,1.128945,0.371638,15.569561,0.419559,54.847336,0.638040,0.000000,20.383342,0.237120
test.context.txt::01415,test.context.txt::01415__row821,There should be a button near the top,1.0,content_diversity,there is not,there is one,why?,what do you need a button for?,you should be looking for something else,-0.026,0.959,-0.085,-0.662,-0.267,20.214251,3.090754,0.141369,2.857663,0.436936,44.259583,4.710348,0.000000,6.256921,0.665896
test.context.txt::01415,test.context.txt::01415__row822,There should be a button near the top,0.0,content_diversity,I see one,I see a button,I know there is a button,it does exist,I do notice a button there,-0.081,0.883,-0.319,-0.774,-0.538,28.632922,2.044706,0.203889,5.837942,0.416893,30.191353,1.877111,0.000000,6.155689,0.382723
test.context.txt::01417,test.context.txt::01417,I disagree I think you are wonderful and beautiful inside and out,1.0,content_diversity,Thank you but you're a little partial.,That's nice of you to say.,I wasn't looking for compliments but I appreciate you saying that.,I wish I was what you think I am.,Thank you very much for that.,-0.046,0.933,-0.139,-0.770,-0.427,25.966240,0.551345,0.440328,11.433650,0.242772,53.525985,1.037465,0.000000,23.568964,0.456824
test.context.txt::01418,test.context.txt::01418,His name references booze and butts probably explains a lot about reddit,0.0,content_diversity,"OMG, I hadn't thought of that.",It never occurred to me but you're right.,It's funny how you don't see something until someone points it out.,I would have never noticed that before you said it.,It went way over my head...thanks for pointing it out.,-0.021,0.960,-0.214,-0.696,-0.500,21.132055,0.403145,0.449381,9.496336,0.181166,52.556867,1.109412,0.000000,23.618038,0.498548
test.context.txt::01419,test.context.txt::01419,Those bastards keep trying to take away my fun,0.0,content_diversity,There's too many to fight about it.,The problem is you are heavily outnumbered.,There's too many of them.,And they can because of how many of them there are.,And it's just you against them.,-0.059,0.898,-0.257,-0.748,-0.381,19.606153,0.517963,0.362421,7.105675,0.187720,48.613334,0.785243,0.000000,17.618478,0.284588
test.context.txt::01420,test.context.txt::01420,Correct battle arena would imply something like angel arena,0.0,content_diversity,Correct!,Spot on there.,"Yes, I agree with you totally.",Damn right!,Never a truer word spoken.,0.000,1.000,-0.091,-0.570,-0.514,23.861036,1.695939,0.181822,4.338453,0.308358,30.664523,1.881882,0.000000,5.575474,0.342167
test.context.txt::01421,test.context.txt::01421,They already have windows open if they're using paint,1.0,content_diversity,"Yes, that's true. They'd have to have them open.",I don't know if they're ready to paint yet.,The screens aren't up yet so all the bugs are going to come in.,Let's hope they can get them open.,I hope they're painting already.,-0.024,0.954,-0.273,-0.701,-0.314,37.992876,0.721307,0.396126,15.049966,0.285728,55.142027,0.756432,0.000000,21.843190,0.299642
test.context.txt::01422,test.context.txt::01422,25 damn I can count all of mine on one hand lol,0.0,content_diversity,"Just keep at it, you'll get more.",It won't take long to get 25.,You'll be there before you know it.,You'll be surprised how fast you'll get it.,"Hang in there, it's only be a few weeks.",-0.030,0.951,-0.182,-0.756,-0.375,18.358973,0.579597,0.409558,7.519073,0.237379,48.901255,1.133937,0.000000,20.027924,0.464414
test.context.txt::01423,test.context.txt::01423__row829,Jesus man don't you go shooting your eye out,1.0,content_diversity,I know how to handle a gun.,Don't worry I've been doing this for years.,I won't...lol.,It won't be pointed towards me so I doubt that will happen.,"I'm very careful handling any type of weapon, even a slingshot.",-0.014,0.985,-0.188,-0.679,-0.230,20.401133,1.322971,0.329446,6.721075,0.435848,80.996329,2.807555,0.000000,26.683929,0.924938
test.context.txt::01423,test.context.txt::01423__row830,Jesus man don't you go shooting your eye out,0.0,content_diversity,I'll take all the necessary precaution to make sure that doesn't happen.,I'll be safe so don't worry.,I'll be fine!,Only an idiot would do that and I'm not an idiot.,I'll be perfectly okay,-0.059,0.936,-0.243,-0.780,-0.466,33.881480,1.411117,0.351920,11.923558,0.496600,46.197830,1.212044,0.000000,16.257923,0.426542
test.context.txt::01424,test.context.txt::01424,Sometimes to her bf lives out of town,1.0,content_diversity,"Oh, I didn't know that.",Where does he live when out of town?,I thought he was gone a lot.,It probably makes the heart grow fonder and all that...,She's out a lot with her friends so that must be why.,-0.022,0.961,-0.078,-0.602,-0.177,8.179885,0.568569,0.388532,3.178144,0.220907,75.341777,0.350599,0.000000,29.272659,0.136219
test.context.txt::01425,test.context.txt::01425,The dark tower series is excellent  a very unique journey,0.0,content_diversity,I've heard of it but don't know anyone that saw it.,"Thanks, I've thought about looking into it.",It's good to have someone's recommendation.,I thought it looked good but never go past that.,I've wondered about ordering it so thank you.,-0.037,0.948,-0.234,-0.754,-0.347,33.419515,0.741763,0.359310,12.007976,0.266523,24.870379,0.500655,0.000000,8.936183,0.179891
test.context.txt::01426,test.context.txt::01426__row833,Why is it so small   nice drawing though d,1.0,content_diversity,Because I ran out of paper,I better like it that way,I actually don't like your drawing at all,I think drawing is too explicit,You should add some colours,-0.024,0.968,-0.118,-0.724,-0.229,26.468977,0.724777,0.373914,9.897125,0.271004,26.482633,1.028975,0.000000,9.902232,0.384748
test.context.txt::01426,test.context.txt::01426__row834,Why is it so small   nice drawing though d,0.0,content_diversity,I think you could've done better job,I don't really like it,I believe you didn't put much effort in it,I kinda hate your drawing,Your drawing is ugly,-0.029,0.960,-0.306,-0.725,-0.404,36.574760,1.185337,0.371856,13.600555,0.440775,27.345548,0.598484,0.000000,10.168615,0.222550
test.context.txt::01427,test.context.txt::01427__row835,Stop editing your comment it's not getting better,1.0,content_diversity,I can edit it as many times as I want,I'm trying to explain what I mean,Don't tell me what to do,You are assuming I care what you think,I'm made some mistakes and I'm correcting them.,-0.027,0.954,-0.164,-0.675,-0.255,8.843864,0.543387,0.458634,4.056100,0.249216,68.000191,1.050868,0.000000,31.187229,0.481964
test.context.txt::01427,test.context.txt::01427__row836,Stop editing your comment it's not getting better,0.0,content_diversity,Mind your own business,Don't begin to think you can order me around,What makes you think you can tell me what to do,You don't have a say in it,Just leave me alone and keep to yourself.,-0.027,0.940,-0.089,-0.702,-0.404,31.989689,0.990780,0.403653,12.912744,0.399932,49.913885,0.963411,0.000000,20.147906,0.388884
test.context.txt::01428,test.context.txt::01428,What would I pay     to spend a day,1.0,content_diversity,I am not sure,is usually goes for 100 a day,over 90 a day usually,the price can fluctuate,the price often changes drastically,-0.029,0.940,-0.174,-0.687,-0.347,36.129438,1.767201,0.248804,8.989160,0.439687,42.646241,1.298188,0.000000,10.610568,0.322995
test.context.txt::01429,test.context.txt::01429,Lol no thanks thanks for the offer though,0.0,content_diversity,"No worries, I dont mind at all.","No problem, pleased to.","Okay pal, I wouldn't have minded though.",It really wouldn't be a problem and I am more than happy to.,"Don't mention it, it would have been my pleasure.",-0.018,0.970,-0.241,-0.812,-0.714,46.880717,1.336094,0.366676,17.190057,0.489914,42.447241,1.465695,0.000000,15.564405,0.537436
test.context.txt::01430,test.context.txt::01430__row839,Flying is not a right government or no it's a privilege,1.0,content_diversity,Nowhere else in the world does this need to be explained,"A privilege that people pay a premium price to enjoy, don't forget it!",Who ever argued otherwise?,What would happen if we all drove?,Why is this a thing now?,-0.006,0.985,-0.089,-0.595,-0.255,16.461955,0.402801,0.398582,6.561446,0.160549,71.117138,1.063055,0.000000,28.346040,0.423715
test.context.txt::01430,test.context.txt::01430__row840,Flying is not a right government or no it's a privilege,0.0,content_diversity,and what brings this issue up?,what is this conversation in reference to exactly?,is anyone really questioning this fact?,This has always been the case though.,"Well, this has never been in debate.",-0.032,0.953,-0.164,-0.770,-0.326,22.020914,0.484496,0.409776,9.023647,0.198535,23.062273,0.991370,0.000000,9.450371,0.406240
test.context.txt::01431,test.context.txt::01431,Thats the hilarious irony that japan is in fact a retro nation,0.0,content_diversity,What do you mean?,I don't know what retro nation implies.,What are you saying?,What does retro mean?,How is Japan a retro nation?,-0.036,0.952,-0.273,-0.757,-0.503,20.905606,0.926021,0.386182,8.073360,0.357612,48.411138,0.861395,0.000000,18.695490,0.332655
test.context.txt::01433,test.context.txt::01433,No but if you turn the crown backward the second hand stops,1.0,content_diversity,oh i see now,that is weird,that is odd how that does that,"oh, i see how that works now",that is an odd thing with that clock,-0.089,0.877,-0.193,-0.777,-0.447,33.860953,1.778715,0.278630,9.434684,0.495604,51.697383,0.985627,0.000000,14.404452,0.274625
test.context.txt::01434,test.context.txt::01434,I'm a 4th grade teacher  it hit the community hard,1.0,content_diversity,I agree with you,Why do you think so,I think you are overreacting,Not sure if you are right,What did hit the community,-0.041,0.942,-0.065,-0.611,-0.251,20.367568,0.925169,0.411327,8.377727,0.380547,28.457916,0.625252,0.000000,11.705504,0.257183
test.context.txt::01435,test.context.txt::01435__row844,By the way comment karma is more worthless than link karma,1.0,content_diversity,I need the link karma then,And link karma is more worthless than do karma,But not everything has a link unfortunately,Tell that to the trolls,Link karma...that's so funny,-0.020,0.960,-0.076,-0.751,-0.330,19.479488,0.410280,0.376348,7.331060,0.154408,36.261268,1.012212,0.000000,13.646843,0.380944
test.context.txt::01435,test.context.txt::01435__row845,By the way comment karma is more worthless than link karma,0.0,content_diversity,That's hilarious!,That's a good one - link karma,It would be funny to tell everyone about link karma,Link karma could be the new funny meme,That made me laugh out loud.,-0.022,0.956,-0.179,-0.828,-0.423,50.354981,1.391026,0.366504,18.455300,0.509817,48.491921,0.452207,0.000000,17.772482,0.165736
test.context.txt::01436,test.context.txt::01436,Newt gingrich  the ignorant persons idea of an intellectual,0.0,content_diversity,"The fact that his party is known for anti-intellectualism, this is par for the course.",Who is shocked by this when you look at his party affiliation?,I think this is arguably true of most of the GOP.,"Yep, you can substitute his name for pretty much anyone in his party's leadership!","yeah, people in that party never need to rely on their smarts to get ahead.",-0.032,0.940,-0.160,-0.782,-0.257,19.608346,0.411377,0.445446,8.734461,0.183246,57.840666,0.622908,0.000000,25.764899,0.277472
test.context.txt::01437,test.context.txt::01437__row847,That kitchen would look nice with an island in the middle,1.0,content_diversity,"And it would be really convenient, too.",I would love to have an island in the kitchen.,I wonder how much it would cost to do that.,"That would look nice and really useful, too.","It would make the kitchen pretty cramped, though.",-0.045,0.938,-0.370,-0.769,-0.344,11.071756,0.288431,0.495712,5.488398,0.142979,39.348992,0.751435,0.000000,19.505754,0.372495
test.context.txt::01437,test.context.txt::01437__row848,That kitchen would look nice with an island in the middle,0.0,content_diversity,"On top of looking good, it would double the workspace.",It would nice to have more space when baking.,"You'd have room to lay out all your groceries, etc.",Cooking dinner could be a breeze with all that room.,You could also pull up a barstool and eat lunch on it.,-0.016,0.969,-0.253,-0.761,-0.319,26.307482,0.548795,0.430065,11.313928,0.236018,22.533933,0.544073,0.000000,9.691057,0.233987
test.context.txt::01439,test.context.txt::01439,I wonder what was photoshopped out in the background,1.0,content_diversity,Maybe UFO?,I think he didn't photoshop anything out,What makes you think he did that?,I am also curious,What could that possibly be?,-0.016,0.958,-0.088,-0.698,-0.291,24.349190,0.766686,0.285536,6.952580,0.218917,19.334223,4.134014,0.000000,5.520625,1.180411
test.context.txt::01440,test.context.txt::01440__row850,I still don't see how either were penalties,1.0,content_diversity,Because you're blind,"Obviously, he was fouled",They weren't,I think the referee was bribed,Well at least he missed one,-0.008,0.981,-0.058,-0.572,-0.282,14.943223,0.878723,0.293386,4.384134,0.257805,40.440644,0.971772,0.000000,11.864722,0.285104
test.context.txt::01440,test.context.txt::01440__row851,I still don't see how either were penalties,0.0,content_diversity,They paid the referee,Referee was paid to call penalties,They somehow bribed referees,I believe that the referee was paid to do so,That is because referee was crook,-0.055,0.898,-0.324,-0.927,-0.609,41.604310,1.387679,0.303919,12.644334,0.421742,57.728364,1.593279,0.000000,17.544738,0.484228
test.context.txt::01441,test.context.txt::01441__row852,Thank you you are the best kind of person,1.0,content_diversity,"Awww...thanks, I didn't do anything, though.",Thank you for your kind words.,Stop...you're making me want to cry.,Thanks and I feel the same about you.,That is a sweet thing to say and totally not true...lol.,-0.010,0.978,-0.130,-0.753,-0.350,13.321959,0.622782,0.410617,5.470219,0.255725,77.152912,1.208616,0.000000,31.680278,0.496278
test.context.txt::01441,test.context.txt::01441__row853,Thank you you are the best kind of person,0.0,content_diversity,I didn't deserve that but I will take it and be grateful.,Thank you but you are the good person here.,I appreciate that but I only told you the truth.,I thank you and will try to live up to it.,I only did what most people would do.,-0.054,0.914,-0.207,-0.772,-0.402,27.941356,0.589636,0.448155,12.522067,0.264248,26.797340,0.325283,0.000000,12.009370,0.145777
test.context.txt::01442,test.context.txt::01442,Yeah you can do that already seriously it's in the game,1.0,content_diversity,That's good news...I guess I never noticed it.,I need to pay more attention then.,"I'm so embarrassed, I swore you couldn't do it.",I need to play more then because I didn't know that.,I need to go check it out right now.,-0.079,0.909,-0.203,-0.732,-0.285,28.653188,0.568493,0.418548,11.992744,0.237942,68.155606,1.205888,0.000000,28.526414,0.504722
test.context.txt::01443,test.context.txt::01443__row855,Sure if you're looking to avoid having to answer the question,1.0,content_diversity,I should say nothing then?,Best if I just kept out of their way you think?,Maybe I'll just stay in tonight and avoid them.,I'll just make sure to keep the subject off the table.,I think I'll just text and say I can't make it.,-0.039,0.939,-0.231,-0.751,-0.457,31.429493,0.566272,0.377367,11.860440,0.213692,51.279802,1.512611,0.000000,19.351282,0.570809
test.context.txt::01443,test.context.txt::01443__row856,Sure if you're looking to avoid having to answer the question,0.0,content_diversity,Shall I just not say anything?,Best if I keep my mouth shut you think?,I think I should just keep schtum.,I am not going to say a word about it.,"I think silence is the best option here, don't you?",-0.047,0.947,-0.212,-0.733,-0.510,30.490249,0.927467,0.405174,12.353846,0.375785,30.025151,0.725511,0.000000,12.165401,0.293958
test.context.txt::01444,test.context.txt::01444__row857,It did but then she asked me out,1.0,content_diversity,did you say yes?,did you decline?,what was your response?,did you go out with her?,I would not have asked you out,-0.063,0.929,-0.307,-0.762,-0.326,0.350498,0.287883,0.332804,0.116647,0.095809,51.150818,1.270007,0.000000,17.023196,0.422663
test.context.txt::01444,test.context.txt::01444__row858,It did but then she asked me out,0.0,content_diversity,did you agree?,did you accept?,was your response yes?,did you accept her asking you out?,and did you tell her you would go out with her?,-0.100,0.910,-0.381,-0.809,-0.599,5.407056,0.596500,0.291485,1.576075,0.173871,44.171137,0.759113,0.000000,12.875218,0.221270
test.context.txt::01445,test.context.txt::01445,Could have cut out the first 2 minutes of the video,1.0,content_diversity,"I agree, it wasn't necessary.",It was a waste of a good two minutes,The first two minutes set up the rest of the story,What was wrong with the first two minutes?,You're right it was awful,-0.032,0.930,-0.268,-0.710,-0.284,22.190324,0.364549,0.441572,9.798631,0.160975,18.889856,1.342776,0.000000,8.341236,0.592932
test.context.txt::01446,test.context.txt::01446,Oh I know thank science sagan is only 5 letters,0.0,content_diversity,I've never heard that phrase before but I'm stealing it,"I can't wait to use ""thank science"" on someone and watch them freak out",One of my friends would get so mad if I said Thank Science...I love it!,I'm actually making a not of that phrase because I like it so much.,"Note to self...remember ""Thank Science""",-0.018,0.965,-0.031,-0.741,-0.346,70.437652,0.966284,0.436620,30.754518,0.421899,68.633964,0.880781,0.000000,29.966991,0.384567
test.context.txt::01447,test.context.txt::01447__row861,Hey as long as she's british it could work,1.0,content_diversity,"Good, because she's British.",It would work no matter what nationality she is.,She could be from Mars and it would work.,She is British with the cutest accent.,Why does she need to be British for it to work?,-0.026,0.944,-0.256,-0.790,-0.385,26.332360,0.677195,0.443788,11.685981,0.300531,29.030024,1.215901,0.000000,12.883172,0.539602
test.context.txt::01447,test.context.txt::01447__row862,Hey as long as she's british it could work,0.0,content_diversity,It should work even from any country.,"Even if she was from New York, it should work.",It'll work for anyone really.,I think it would work anywhere not just british,No matter that she,-0.029,0.953,-0.149,-0.708,-0.419,38.125493,0.876533,0.386184,14.723472,0.338503,28.710450,0.963011,0.000000,11.087529,0.371900
test.context.txt::01448,test.context.txt::01448,You want your axe to be beaten with a machete,1.0,content_diversity,That makes no sense at all.,"No, it's the machete that has to be beaten with an axe.",I don't know if that's right...let me find the link.,That's right and then the samurai sword comes after that.,I can never get a machete so that's out for me.,-0.015,0.971,-0.110,-0.704,-0.215,19.507460,0.356714,0.433516,8.456798,0.154641,87.103041,1.290681,0.000000,37.760568,0.559531
test.context.txt::01449,test.context.txt::01449,Oh my got I can't believe people this socially retarded exist,0.0,content_diversity,I wonder what they'd say about us?,It's funny but they probably say something similar to their friends.,"YES! and they, no doubt, laugh about the same thing.",They might think we're the socially inept ones.,They think we're strange because we're not like them.,-0.018,0.964,-0.166,-0.788,-0.296,53.419312,1.026976,0.401539,21.449915,0.412370,81.017080,1.378493,0.000000,32.531483,0.553518
test.context.txt::01681,test.context.txt::01681,Shit son I've got some bad news for you,1.0,content_diversity,what is it?,you mean good news,what are you talking about?,tell me now,do you have good news too?,-0.031,0.940,-0.037,-0.739,-0.439,12.644155,1.046448,0.299221,3.783395,0.313119,28.746167,1.104589,0.000000,8.601452,0.330516
test.context.txt::01683,test.context.txt::01683,Then why do you have posts saying you are 16,1.0,content_diversity,I never have such post,what post are you talking about?,you got the wrong profile,you got the wrong information,you are mistaken me with someone else,-0.078,0.879,-0.119,-0.712,-0.358,26.063431,1.029937,0.410665,10.703351,0.422959,27.264269,1.387451,0.000000,11.196493,0.569778
test.context.txt::01684,test.context.txt::01684,Nice and clean do you know what the specs are,1.0,content_diversity,I do know the specs,"not really, can you let me know","of course, I built it",no idea,what specs are you talking about?,-0.014,0.968,-0.046,-0.645,-0.229,30.694634,2.025464,0.331331,10.170092,0.671100,32.246326,2.133477,0.000000,10.684216,0.706888
test.context.txt::01685,test.context.txt::01685,When the lights go off faces don't matter,1.0,content_diversity,yes they still do,they are still in your minds,I disagree,what on earth are you talking about?,are you thinking of something naughty?,-0.024,0.950,0.035,-0.597,-0.260,9.163475,1.098526,0.337106,3.089065,0.370320,46.755872,1.184301,0.000000,15.761697,0.399235
test.context.txt::01687,test.context.txt::01687,Why pm when you can type it out here,0.0,content_diversity,I do type it here,I type at this moment,I enjoy typing at the now,I am currently doing the typing right now,"this is what I do, typing",-0.060,0.927,-0.268,-0.896,-0.682,45.565316,1.719164,0.268988,12.256533,0.462435,33.267939,1.282502,0.000000,8.948684,0.344978
test.context.txt::01688,test.context.txt::01688,1 your link doesn't seem to work  2 keep it,0.0,content_diversity,"When you try to do something, then talk.","If you try to help then you have a say, otherwise stuff it.",The laziest are always the loudest...lol,When was the last time you contributed?,Get out of here or help.,-0.030,0.937,-0.086,-0.672,-0.251,43.093495,0.750113,0.299083,12.888543,0.224346,56.743923,1.678231,0.000000,16.971158,0.501931
test.context.txt::01690,test.context.txt::01690,I think about 80 of that could have just not been said,1.0,content_diversity,that doesn't change the fact that it was truth,i agree with you,"even more, maybe 90 per cent",i think you hurt his feelings,why did you even say something,-0.019,0.968,-0.020,-0.626,-0.174,23.309838,0.995916,0.399233,9.306046,0.397602,55.221001,1.387141,0.000000,22.046021,0.553792
test.context.txt::01691,test.context.txt::01691,Cool let me know if you have suggestions after you try it,0.0,content_diversity,I do have some suggestion for you now,I have some idea,I can give you some pointer right now,I do have things to tell you,want to hear my suggestion now?,-0.071,0.891,-0.193,-0.808,-0.529,32.474544,1.178009,0.363515,11.804993,0.428224,41.663640,1.098801,0.000000,15.145370,0.399431
test.context.txt::01692,test.context.txt::01692__row873,What does that have to do with calvin and hobbes,1.0,content_diversity,it does not,I don't think it has anything to do with them,every things has to do with them,who are you talking about?,let's talk about something else,-0.034,0.903,0.061,-0.635,-0.316,24.929584,0.816356,0.439233,10.949891,0.358570,30.710950,1.328096,0.000000,13.489257,0.583343
test.context.txt::01692,test.context.txt::01692__row874,What does that have to do with calvin and hobbes,0.0,content_diversity,nothing it seems,calvin and hobbes has nothing to do with them,I think nothing at all,there should not be anything related between them,nothing in my opinion,-0.028,0.972,0.051,-0.731,-0.585,26.964436,0.857925,0.422948,11.404561,0.362858,37.227623,0.983525,0.000000,15.745359,0.415980
test.context.txt::01694,test.context.txt::01694__row875,Shit man I spend about 3 hours of my day masturbating,1.0,content_diversity,that is way too much,what is masturbating,i usually spend only 30 minutes,how can you do it so long,my record is 4 hours,-0.014,0.985,-0.145,-0.623,-0.150,22.891052,0.762707,0.406913,9.314658,0.310355,23.495790,0.933697,0.000000,9.560733,0.379933
test.context.txt::01694,test.context.txt::01694__row876,Shit man I spend about 3 hours of my day masturbating,0.0,content_diversity,you're doing it too much,you're addicted to masturbation,i think you have a problem,that is addicition,you are masturbating way too long,-0.011,0.975,-0.282,-0.678,-0.443,26.773715,1.111406,0.379513,10.160985,0.421794,33.945311,2.305168,0.000000,12.882702,0.874842
test.context.txt::01695,test.context.txt::01695,Lets save some runs for the other games guys,1.0,content_diversity,let's do it,"no, I am taking a break",I want to play other games,one more round,you are nonstop,-0.003,0.990,-0.135,-0.624,-0.234,12.656262,0.452861,0.290812,3.680592,0.131697,41.773511,2.264760,0.000000,12.148237,0.658619
test.context.txt::01696,test.context.txt::01696,Must be bc I still don't get it,0.0,content_diversity,give it time,be patient,you just need more time,you can with time,wait and you will,-0.029,0.956,-0.095,-0.779,-0.544,36.743864,2.469403,0.227605,8.363090,0.562049,31.349213,1.512564,0.000000,7.135240,0.344267
test.context.txt::01697,test.context.txt::01697,He's not a random fan he's a super fan,0.0,content_diversity,whose fan?,he is a fan of who?,who is he a fan of?,who does he admire?,and the object of his fanhood is?,-0.033,0.934,-0.403,-0.902,-0.643,6.913184,0.877931,0.252310,1.744264,0.221510,51.518438,2.082045,0.000000,12.998602,0.525320
test.context.txt::01699,test.context.txt::01699,Nope has been unknown for atleast a few months,0.0,content_diversity,That isn't true,That's not truth,You are lying,You are not telling the truth,That is incorrect,-0.032,0.929,-0.482,-0.834,-0.690,35.156222,1.996208,0.281174,9.885014,0.561282,15.703489,1.218047,0.000000,4.415412,0.342483
test.context.txt::01700,test.context.txt::01700,What if the people who like your comments are dudes,0.0,content_diversity,I don't mind,I have no problem with that,I'm not bothered,I think it's fine,I don't really care about that,-0.041,0.943,-0.388,-0.688,-0.697,31.871387,1.933976,0.352140,11.223181,0.681030,19.759949,0.890989,0.000000,6.958263,0.313753
test.context.txt::01701,test.context.txt::01701,They still sell it dude thats god mode,1.0,content_diversity,I have it,I don't need it,I don't spend money on those,that is awesome,I want one,-0.047,0.933,-0.359,-0.652,-0.366,25.962748,1.222676,0.350389,9.097049,0.428412,32.651213,0.910492,0.000000,11.440611,0.319026
test.context.txt::01702,test.context.txt::01702,I lold at that one I gotta use that line somewhere,1.0,content_diversity,that you did,that is funny,that is not that funny,how long have you been holding that in?,"haha, you are hilarious",-0.067,0.919,-0.155,-0.698,-0.382,18.148950,0.932054,0.354013,6.424957,0.329959,43.291728,1.377621,0.000000,15.325818,0.487695
test.context.txt::01703,test.context.txt::01703,Well thanks ill remember that in the future,0.0,content_diversity,I am glad,glad to be of help,you are very welcome,it is my pleasure,no problems,-0.005,0.989,-0.189,-0.708,-0.659,27.855490,1.551329,0.338483,9.428606,0.525098,8.673890,1.614389,0.000000,2.935963,0.546443
test.context.txt::01705,test.context.txt::01705,Cock    damnit my accent doesn't translate well on text,1.0,content_diversity,that is too bad,you said a bad word,there is no accent on text,you are mistaken,you makes little sense about accent and text,-0.027,0.954,-0.105,-0.674,-0.315,5.173193,0.800236,0.315271,1.630960,0.252292,76.128455,1.210439,0.000000,24.001128,0.381617
test.context.txt::01706,test.context.txt::01706__row886,What else you gonna do on your last day at work,1.0,content_diversity,party I think,maybe have some celebration,I can relax,talk with my colleague,clean out my desk,-0.012,0.778,-0.143,-0.646,-0.205,21.403734,1.398057,0.260751,5.581053,0.364545,11.525759,1.819294,0.000000,3.005357,0.474383
test.context.txt::01706,test.context.txt::01706__row887,What else you gonna do on your last day at work,0.0,content_diversity,celebrate a little,party with others,celebrate in the office,have a enjoyable time,enjoy the moment with a celebration,-0.029,0.950,-0.186,-0.813,-0.546,22.335470,1.275106,0.310707,6.939797,0.396185,21.921417,0.761250,0.000000,6.811148,0.236526
test.context.txt::01707,test.context.txt::01707__row888,Check the sidebar you are breaking several rules,1.0,content_diversity,Thanks for the warning.,"Oops, you're right",Sorry about that...I'll delete,I don't think that breaks the rules unless you're really reaching,"Thanks, I'll check it out.",-0.006,0.985,-0.056,-0.707,-0.306,25.986626,0.890611,0.362939,9.431570,0.323238,82.045456,0.595600,0.000000,29.777528,0.216167
test.context.txt::01707,test.context.txt::01707__row889,Check the sidebar you are breaking several rules,0.0,content_diversity,"Oh man, I didn't realize that.",I remove it right away.,I should have looked before I posted,Thanks for the heads-up.,I'll take it down...sorry :(,-0.019,0.970,-0.087,-0.647,-0.230,27.541077,1.000335,0.338440,9.321006,0.338554,40.230349,1.524243,0.000000,13.615565,0.515865
test.context.txt::01708,test.context.txt::01708,Wow  you're all here  what are the chances,1.0,content_diversity,"yes, I wonder that too",this is joyful,let's celebrate,what a drag,I am leaving now,-0.004,0.988,-0.085,-0.608,-0.344,13.972390,1.234831,0.231946,3.240839,0.286414,36.159022,1.670090,0.000000,8.386937,0.387371
test.context.txt::01709,test.context.txt::01709,Thats no suit  thats an actual living creature,0.0,content_diversity,"Look around the mouth, it just looks plastic-y.",I think it's a suit.,Doesn't really look like a real creature to me.,the movements aren't fluid like a real animal.,I think you might be wrong - fake!,-0.034,0.938,-0.218,-0.678,-0.287,18.056076,0.445945,0.311494,5.624358,0.138909,84.119913,1.700217,0.000000,26.202841,0.529607
test.context.txt::01710,test.context.txt::01710,We can meet at peoples park thats a place,1.0,content_diversity,it's a deal,let's meet somewhere else,why didn't you invite me,where are you guys going,are you going on a date,-0.028,0.945,-0.102,-0.680,-0.239,22.098081,0.961628,0.303929,6.716237,0.292266,13.848082,2.499840,0.000000,4.208827,0.759773
test.context.txt::01711,test.context.txt::01711,So you think people won't be able to tell,0.0,content_diversity,i believe that,"yes, of course","yes, correct","positive, that's my thinking",i think this will happen,-0.013,0.976,-0.098,-0.684,-0.658,28.061145,1.868921,0.257620,7.229119,0.481472,41.178365,0.967059,0.000000,10.608381,0.249134
test.context.txt::01712,test.context.txt::01712,This is a terrible attempt at viral marketing universal studios,0.0,content_diversity,you are correct on this,I think so too,I concur with that,it is pretty bad,it is not a job well done by them,-0.016,0.967,-0.041,-0.656,-0.428,25.332199,1.904453,0.258070,6.537469,0.491481,48.482147,0.645217,0.000000,12.511766,0.166511
test.context.txt::01715,test.context.txt::01715,Oh yeah well well your mom is a talking face,1.0,content_diversity,my mother is very nice,don't talk about my mother,you should shut up,I have no idea what you say,she is also a very beautiful and kind lady,-0.023,0.959,-0.150,-0.670,-0.202,11.107367,0.802657,0.462608,5.138355,0.371316,46.320016,0.596841,0.000000,21.428002,0.276103
test.context.txt::01716,test.context.txt::01716,Sorry for taking do long to respond something came up,0.0,content_diversity,let's cut to the chase,say what you want,spit it out,can you just cut the chit chat,make your point already,-0.011,0.974,-0.024,-0.683,-0.334,38.170382,2.255052,0.276542,10.555730,0.623618,33.227597,1.052504,0.000000,9.188840,0.291062
test.context.txt::01717,test.context.txt::01717,Ill give you that but it doesn't seem likely does it,1.0,content_diversity,it does seem likely,what do you mean by that?,I have no idea,it does not,I agree with you,-0.029,0.949,-0.003,-0.641,-0.298,18.899083,1.389868,0.405861,7.670391,0.564092,22.600676,0.782153,0.000000,9.172722,0.317445
test.context.txt::01719,test.context.txt::01719,Then I'm going to eat your brain and gain your knowledge,1.0,content_diversity,you wish,you sound a bit nuts,you makes no sense,you will die if you try to eat my brain,you can not handle my knowledge,-0.058,0.956,-0.093,-0.696,-0.303,19.715147,1.184688,0.292426,5.765217,0.346433,33.963321,1.516952,0.000000,9.931750,0.443596
test.context.txt::01723,test.context.txt::01723,And this in no way can lower speeds,1.0,content_diversity,it can not,it may be able to,so do you have other solutions?,I can think of other ways,let's look for other options,-0.021,0.968,-0.167,-0.670,-0.422,25.429405,1.158468,0.341754,8.690611,0.395912,37.457434,0.829927,0.000000,12.801242,0.283631
test.context.txt::01724,test.context.txt::01724,He is the most interesting extra in the world,1.0,content_diversity,what do you mean by that,i know one guy who is more interesting,what are you talking about,i don't believe a word you say,i don't understand your english,-0.030,0.954,-0.070,-0.703,-0.323,23.374271,0.813649,0.424130,9.913738,0.345093,38.944642,0.830280,0.000000,16.517605,0.352147
test.context.txt::01725,test.context.txt::01725,Pants never again would they be purchased or worn,1.0,content_diversity,we still need pants,people are no longer going to work,talk about working at home,I like that,sometimes pants are still nice,-0.012,0.975,-0.167,-0.687,-0.190,25.889538,1.271211,0.304662,7.887562,0.387290,28.700426,1.432138,0.000000,8.743933,0.436318
test.context.txt::01726,test.context.txt::01726__row902,Was there even enough demand to match that output,1.0,content_diversity,there should be,"well, we can raise the price then",I think there is higher demand than supply,"not really, no one buy it",what are you talking about?,-0.004,0.993,-0.008,-0.644,-0.247,39.866144,1.327372,0.330071,13.158649,0.438127,51.473564,1.508418,0.000000,16.989919,0.497885
test.context.txt::01726,test.context.txt::01726__row903,Was there even enough demand to match that output,0.0,content_diversity,there is,"yes, I think so",of course,it seems to be the case,the demand is there,-0.018,0.967,-0.049,-0.633,-0.680,20.054415,1.686635,0.279915,5.613534,0.472115,25.077084,1.003017,0.000000,7.019454,0.280760
test.context.txt::01727,test.context.txt::01727,What about your teammates do they have a high ping too,1.0,content_diversity,Yeah,Only two of them,"No, their ping is fine",What does the ping mean,How can you lower your ping,-0.011,0.981,-0.141,-0.639,-0.300,18.374573,1.727236,0.224826,4.131083,0.388328,30.273890,2.494084,0.000000,6.806360,0.560735
test.context.txt::01728,test.context.txt::01728,Cuz whats real is something the eyes can't see,1.0,content_diversity,the eyes can see what is real,what are you saying?,I can see,my eyes can see real things in front of me,you should shut up now,-0.053,0.909,-0.175,-0.693,-0.308,14.617039,0.832486,0.384204,5.615924,0.319845,36.502197,1.504779,0.000000,14.024287,0.578142
test.context.txt::01729,test.context.txt::01729,Are you saying it flew over their head,1.0,content_diversity,I think so,I am not sure they understand what they are doing,that is not what I meant,maybe they did not pay attention,"yes, it did",-0.030,0.943,-0.085,-0.596,-0.323,26.604469,0.814141,0.320446,8.525297,0.260888,41.537809,1.760281,0.000000,13.310627,0.564075
test.context.txt::01731,test.context.txt::01731,Can you trim it and post another pic,1.0,content_diversity,yes I can,no I don't want to,what pic are you talking about?,what do I get for doing so?,already done,-0.016,0.974,-0.122,-0.619,-0.222,33.037020,1.398964,0.244699,8.084110,0.342324,37.140824,1.269803,0.000000,9.088305,0.310719
test.context.txt::01732,test.context.txt::01732,And you get a pink slip and you get a pink slip,1.0,content_diversity,thank you,what can I use it for?,what is a pink slip?,I never ask for one,"wow, can't wait to use it",-0.018,0.956,-0.042,-0.644,-0.212,14.659189,0.882069,0.341399,5.004633,0.301138,42.382733,1.269896,0.000000,14.469424,0.433541
test.context.txt::01735,test.context.txt::01735,Picture of a black african child must need food and water,0.0,content_diversity,I don't need people who say things like that.,That's disgusting...you must follow the president.,I'm disappointed and gone...,That's enough from you,You are pathetic but I think you know that already.,-0.011,0.976,-0.166,-0.696,-0.345,29.722906,1.250924,0.316200,9.398381,0.395542,63.606921,1.445931,0.000000,20.112504,0.457203
test.context.txt::01736,test.context.txt::01736,Dude spoilers all of you people I just started watching it,0.0,content_diversity,I don't want spoiler,don't spill the beans,I want to watch it myself,don't say it out,can you not ruin it for me,-0.034,0.952,-0.268,-0.691,-0.266,22.495040,1.188072,0.467358,10.513227,0.555254,9.854504,0.920692,0.000000,4.605577,0.430292
test.context.txt::01737,test.context.txt::01737,We are both awful awful people literally the worst,1.0,content_diversity,speak for yourself,I am not awful,who says you can speak on my behalf,you have no right to make comment for me,you can call yourself aweful but don't include me in it,-0.024,0.953,-0.037,-0.715,-0.340,24.479454,1.259964,0.363291,8.893167,0.457734,80.217151,0.633086,0.000000,29.142175,0.229994
test.context.txt::01738,test.context.txt::01738__row912,I am in I am on black 1 by the way,1.0,content_diversity,i can't find you,where exactly on black 1?,are you sure you're there,why did you leave?,where were you before that?,-0.031,0.965,-0.110,-0.672,-0.272,18.375967,0.942228,0.391135,7.187479,0.368538,24.679740,0.685958,0.000000,9.653104,0.268302
test.context.txt::01738,test.context.txt::01738__row913,I am in I am on black 1 by the way,0.0,content_diversity,why even leaving that place?,what's the reason that made you leave?,you could've stayed,did you leave early?,you should've stayed and waited for us,-0.033,0.962,-0.176,-0.798,-0.356,24.853891,1.193577,0.335896,8.348321,0.400918,41.884774,1.486092,0.000000,14.068926,0.499172
test.context.txt::01740,test.context.txt::01740,Does spaghetti have it's own corner in that,0.0,content_diversity,I assume you like italian cuisine,So you are a fan of italian food,You like italian?,Are you italian cuisine fan?,Do you like food from italy?,-0.057,0.918,-0.466,-0.941,-0.828,41.358733,1.663917,0.257073,10.632215,0.427748,20.584486,1.015611,0.000000,5.291716,0.261086
test.context.txt::01743,test.context.txt::01743,Now you mention it I think they might have been,1.0,content_diversity,what do you mean?,they might have been what?,What on earth are you talking about?,I think they may be innocent,they may be guilty,-0.042,0.930,-0.006,-0.731,-0.414,33.884137,1.270282,0.320583,10.862669,0.407230,21.061908,0.628958,0.000000,6.752084,0.201633
test.context.txt::01744,test.context.txt::01744__row916,Exactly a lifetime of firefly episodes doesn't it sound awesome,1.0,content_diversity,that sounds pretty good,I like it,it does not,maybe for someone else,it sounds exhausting,-0.026,0.765,-0.242,-0.661,-0.300,17.599809,1.418125,0.331104,5.827372,0.469547,19.855235,1.186310,0.000000,6.574153,0.392792
test.context.txt::01744,test.context.txt::01744__row917,Exactly a lifetime of firefly episodes doesn't it sound awesome,0.0,content_diversity,not for me,someone else may like that,I am not one to enjoy such things,it is not something I desire,that is not what I want,-0.043,0.941,-0.130,-0.739,-0.545,46.949918,1.788898,0.310191,14.563457,0.554901,30.225451,1.541662,0.000000,9.375672,0.478210
test.context.txt::01745,test.context.txt::01745,Looks interesting too bad I have 14 cents in my checking account,0.0,content_diversity,"I'm broke, too...bummer!",I am always totally broke the day before payday.,As the saying goes: I'm always a day late and a dollar short.,I feel your pain. I'm in the same boat.,"Hey, I'm rich - I have $2.42!",-0.034,0.951,-0.207,-0.678,-0.282,22.319886,0.128632,0.339659,7.581151,0.043691,52.523210,2.575783,0.000000,17.839982,0.874888
test.context.txt::01746,test.context.txt::01746,They're my favorite band and this still made me laugh,1.0,content_diversity,why are they your favorite,they are my favorite too,they are pretty good,they are not very good,You need to listen to more music,-0.076,0.912,-0.245,-0.737,-0.262,21.309362,1.059038,0.392566,8.365341,0.415743,32.977743,0.657547,0.000000,12.945956,0.258131
test.context.txt::01747,test.context.txt::01747__row920,I would jump up and down  then update my subreddit,1.0,content_diversity,how can you update it,can someone help me with updates,then jump up,can you even move out of your chair,it is not worth updating,-0.021,0.961,-0.158,-0.643,-0.288,12.247380,0.559107,0.385157,4.717164,0.215344,49.686033,0.813269,0.000000,19.136925,0.313236
test.context.txt::01747,test.context.txt::01747__row921,I would jump up and down  then update my subreddit,0.0,content_diversity,this update is useless,don't update it,this new update is bad,it's not smart idea to update,don't even bother with updates,-0.048,0.937,-0.329,-0.933,-0.600,23.780008,1.178803,0.333725,7.935991,0.393396,45.702230,1.093344,0.000000,15.251992,0.364877
test.context.txt::01748,test.context.txt::01748,Do you think the episode was made better with the fbi,0.0,content_diversity,I really like that show,I love the show,I am a huge fan of this show,It's my favourite show,One of most interesting shows for me,-0.038,0.957,-0.430,-0.863,-0.763,15.388098,0.997077,0.305321,4.698312,0.304429,62.382010,1.199768,0.000000,19.046548,0.366314
test.context.txt::01749,test.context.txt::01749__row923,Also jesus still loves you even if you don't believe in him,1.0,content_diversity,I know he does,I deserve it,"of course, I am the best person I know",I could care less,I am not sure I believe in him,-0.075,0.925,-0.096,-0.623,-0.264,28.306310,1.313387,0.326706,9.247838,0.429091,55.797051,1.563621,0.000000,18.229225,0.510844
test.context.txt::01749,test.context.txt::01749__row924,Also jesus still loves you even if you don't believe in him,0.0,content_diversity,I am the best human I know,I would think so as the best human,I think I am most worthy,I deserve the most,it would be because I am worthy,-0.107,0.861,-0.201,-0.804,-0.668,44.527254,1.892508,0.282736,12.589445,0.535080,40.146022,0.889271,0.000000,11.350714,0.251429
test.context.txt::01750,test.context.txt::01750,Novelty account for 5 days bravo ill allow it,0.0,content_diversity,"it is my decision, not yours","this is my right to make, not yours",you have no say in this matter,I make the final decision,you don't have any authority here,-0.027,0.941,-0.268,-0.779,-0.410,46.841724,1.598185,0.398916,18.685903,0.637541,37.944457,0.955935,0.000000,15.136643,0.381337
test.context.txt::01751,test.context.txt::01751,They've been saying 15 more minutes for the past 20 minutes,0.0,content_diversity,Let us go,Let's go without them,Let's not wait,We can just leave this place,We should just go,-0.030,0.950,-0.285,-0.802,-0.558,22.451744,1.276569,0.296968,6.667447,0.379100,31.157235,1.744083,0.000000,9.252699,0.517937
test.context.txt::01752,test.context.txt::01752__row927,I'm glad to hear now give her the biggest hug ever,1.0,content_diversity,I will do so,I already did,where is she?,why are you telling me this?,I don't like hugging,-0.017,0.980,-0.135,-0.535,-0.177,12.622635,0.823465,0.338604,4.274077,0.278829,13.461807,1.180167,0.000000,4.558224,0.399609
test.context.txt::01752,test.context.txt::01752__row928,I'm glad to hear now give her the biggest hug ever,0.0,content_diversity,it is done,I have already done so,ten minutes ago already,"haha, I did it a while ago",I already gave her a hug,-0.039,0.936,-0.138,-0.664,-0.379,26.652145,1.230203,0.329039,8.769593,0.404785,49.049056,2.217742,0.000000,16.139048,0.729723
test.context.txt::01753,test.context.txt::01753__row929,Dogs have legs not arms it's an ankle,1.0,content_diversity,Do you always have to be such an ass?,"Okay, if it makes you happy. An ankle on the dog's leg!","Geez, get picky, why don't you.",You are seriously anal.,"You just try to start fights, don't you?",-0.016,0.974,-0.102,-0.707,-0.204,35.852315,1.201934,0.284143,10.187184,0.341521,69.094760,1.218535,0.000000,19.632792,0.346238
test.context.txt::01753,test.context.txt::01753__row930,Dogs have legs not arms it's an ankle,0.0,content_diversity,Why do you always have to correct people?,"You knew what I meant, jerk.",Hope that made you feel good because you look like an ass.,"There you go again...you can't help it, can you?",Why? Why? Why? Everyday!,-0.010,0.968,0.051,-0.658,-0.312,32.776043,0.361460,0.337495,11.061736,0.121991,51.812988,2.398010,0.000000,17.486601,0.809315
test.context.txt::01755,test.context.txt::01755,Wait theres places you can't get beer in a grocery store,1.0,content_diversity,I thought all grocery stores sold beer.,I don't think they sell beer in Utah grocery stores.,I think it's up to the franchise or store owners,I think most grocery stores do sell it,That's where people buy their booze on sundays,-0.050,0.933,-0.312,-0.836,-0.298,15.752404,0.351661,0.501887,7.905929,0.176494,65.373894,1.190380,0.000000,32.810317,0.597436
test.context.txt::01756,test.context.txt::01756,Confidence is key no matter what you look like p,0.0,content_diversity,there is other way to get confidence,you can gain confidence from other sources,confidence does not need to stem from look,confidence can be developed from other places besides look,outside appearance are not the only way to build confidence,-0.063,0.921,-0.267,-0.942,-0.634,42.337214,0.952397,0.473771,20.058146,0.451218,34.203915,0.553412,0.000000,16.204825,0.262191
test.context.txt::01757,test.context.txt::01757,Um you look great in both I don't see the difference,0.0,content_diversity,I appreciate it,I am flatter,thank you for saying that,you are making me blushed,I appreciate what you have said,-0.038,0.943,-0.160,-0.733,-0.434,29.489648,1.548390,0.345481,10.188120,0.534940,24.024478,1.929880,0.000000,8.300006,0.666737
test.context.txt::01758,test.context.txt::01758__row934,I think I'm looking in the wrong places,1.0,content_diversity,are you even looking?,what are you searching for?,try again,find the right place,you are right,-0.042,0.929,-0.011,-0.676,-0.303,22.115882,1.499041,0.297097,6.570553,0.445360,22.629596,0.880097,0.000000,6.723176,0.261474
test.context.txt::01758,test.context.txt::01758__row935,I think I'm looking in the wrong places,0.0,content_diversity,do it again,look again,give it another shot,redo it,make another effort to look,-0.040,0.938,-0.276,-0.755,-0.623,27.174407,3.143484,0.141309,3.839984,0.444202,38.820296,2.109108,0.000000,5.485652,0.298036
test.context.txt::01760,test.context.txt::01760,Happy I suppose the reason is that they're getting paid,1.0,content_diversity,I like getting paid,getting paid is nice,but they are interns,are they really getting paid though?,"what, I still  have not gotten my paycheck yet",-0.055,0.930,-0.164,-0.749,-0.277,-2.036311,0.667955,0.375250,-0.764126,0.250650,109.137316,1.756045,0.000000,40.953798,0.658956
test.context.txt::01761,test.context.txt::01761,Is there an ama of an international adoption anyone know,1.0,content_diversity,not to my knowledge,I don't know,I do know someone who may,why are you looking for adoption agency,who are you trying to adopt?,-0.027,0.944,0.103,-0.696,-0.253,26.575790,1.197949,0.350941,9.326546,0.420410,43.117324,0.774876,0.000000,15.131656,0.271936
test.context.txt::01762,test.context.txt::01762,I'm curious what the image is my ipad won't show it,1.0,content_diversity,my ipad show the image,the operating system seems  bit buggy,is it the connetion?,maybe it is something else,I can resend you the email,-0.032,0.962,0.021,-0.606,-0.159,17.450141,0.779302,0.341563,5.960315,0.266180,65.826070,1.584613,0.000000,22.483722,0.541244
test.context.txt::01764,test.context.txt::01764,Gt even though I have the game set on peaceful,0.0,content_diversity,i don't like that game,i'm not a fan of the game,it's poorly executed game,i hate this game,i believe this game is not fun,-0.062,0.932,-0.415,-0.865,-0.701,29.893292,1.448012,0.333747,9.976790,0.483269,35.165021,0.957923,0.000000,11.736213,0.319704
test.context.txt::01767,test.context.txt::01767,Obama talked for 4 minutes longer than romney he said enough,1.0,content_diversity,it is pretty long,"well, that is not fair debate time",nobody cares,I don't think I would have listened,what is he talking about,-0.012,0.976,-0.084,-0.600,-0.321,17.790737,0.934765,0.411206,7.315666,0.384381,62.226812,1.625765,0.000000,25.588067,0.668525
test.context.txt::01768,test.context.txt::01768,Worlds best at becoming the worlds best at stuff,1.0,content_diversity,I like world best,being the best is nice,so it is about being the best at everything then,sounds exhausting,"no one can be the best at everything, can they?",-0.054,0.892,-0.105,-0.691,-0.449,24.133338,0.840661,0.399896,9.650824,0.336177,37.613864,1.513300,0.000000,15.041631,0.605163
test.context.txt::01769,test.context.txt::01769,Yeah him and his wife were both really sweet,1.0,content_diversity,they are nice people,to whom were they sweet to?,they were not sweet to me?,they are funny too,we have a party next week,-0.046,0.937,-0.160,-0.662,-0.231,19.532037,0.872399,0.348880,6.814334,0.304362,47.878569,1.440079,0.000000,16.703868,0.502414
test.context.txt::01771,test.context.txt::01771,I hate when people make titles like this,1.0,content_diversity,why do you hate it,it is their choice,"well, don't buy those then",haha and now you are walking on it,what tiles?,-0.014,0.975,-0.055,-0.610,-0.174,28.465353,0.543615,0.223728,6.368484,0.121622,74.989565,4.210674,0.000000,16.777233,0.942044
test.context.txt::01772,test.context.txt::01772,Whos ray and whats so important about him,1.0,content_diversity,he is a celebrity,i think he is a famous athleete,how do you not know him?,he is my best friend,no one important,-0.053,0.917,-0.171,-0.631,-0.296,25.404210,0.968201,0.369653,9.390747,0.357899,46.616621,0.991254,0.000000,17.231983,0.366420
test.context.txt::01773,test.context.txt::01773,Can we please be honest and call it 08,0.0,content_diversity,all right,we can call it that,I agree to do that,I will allow that,that will work,-0.039,0.947,-0.197,-0.727,-0.683,35.948025,2.204890,0.251742,9.049621,0.555063,17.675167,1.125732,0.000000,4.449578,0.283394
test.context.txt::01774,test.context.txt::01774,Hey I know that guy  he stole my hat,1.0,content_diversity,he stole mine too,he is a thief,do you have proof?,ask for it back?,"that hat is not very pretty, he may do you a favor",-0.026,0.948,-0.115,-0.630,-0.193,-10.823995,0.731487,0.337723,-3.655510,0.247040,123.159441,1.641027,0.000000,41.593748,0.554212
test.context.txt::01775,test.context.txt::01775,Don't have to tell me twice to go back to bed,0.0,content_diversity,time for bed,you should sleep,then off to bed,you can sleep now,why are you not sleeping then?,-0.026,0.960,-0.229,-0.900,-0.579,10.924091,1.241398,0.313337,3.422918,0.388975,49.230194,1.114084,0.000000,15.425625,0.349083
test.context.txt::01778,test.context.txt::01778__row948,I tried that too but it still doesn't work,1.0,content_diversity,why does it not work?,it should,that is too bad,tried harder,you can make it work,-0.017,0.978,-0.194,-0.641,-0.348,17.532666,1.631511,0.276159,4.841808,0.450557,25.774781,2.171687,0.000000,7.117944,0.599731
test.context.txt::01778,test.context.txt::01778__row949,I tried that too but it still doesn't work,0.0,content_diversity,put in more effort,make more of yourselves,I want you to push yourself,tried to do better,you can take it up a notch,-0.012,0.976,-0.178,-0.698,-0.554,41.654597,1.952677,0.263770,10.987250,0.515058,30.692554,1.254795,0.000000,8.095788,0.330978
test.context.txt::01779,test.context.txt::01779__row950,Just wondering but why choose rice over rice,1.0,content_diversity,I want both,rice over rice is nice if it is good rice,I did not choose that,what is rice over rice?,what do you mean?,-0.026,0.932,0.005,-0.646,-0.236,31.270972,1.188397,0.288114,9.009600,0.342394,45.817599,2.256057,0.000000,13.200685,0.650001
test.context.txt::01779,test.context.txt::01779__row951,Just wondering but why choose rice over rice,0.0,content_diversity,that was not my choice,I did not  make the decision to choose that,I never select that,that is not what I selected,that selection is not my decision,-0.082,0.904,-0.338,-0.957,-0.661,47.463226,1.874778,0.296911,14.092362,0.556643,55.909763,1.177304,0.000000,16.600233,0.349555
test.ca-cb.ca::00680,test.ca-cb.ca::00680__row952,I know you are but what am I,1.0,content_diversity,A child disguised as a man,You're an idiot,lol I have yet figured that one out,A loser? yes that's what you are,How would I know what you really are?,-0.014,0.968,0.014,-0.618,-0.204,28.131573,1.033122,0.326967,9.198110,0.337797,55.167227,1.338679,0.000000,18.037890,0.437704
test.ca-cb.ca::00680,test.ca-cb.ca::00680__row953,I know you are but what am I,0.0,content_diversity,A child not a man,You're a child not a man,Disguised as a man but really a child,Not a man but a child,You're a child disguised as a man,-0.251,0.729,-0.417,-0.962,-0.641,62.717907,2.480944,0.257655,16.159611,0.639229,16.132310,0.483633,0.000000,4.156578,0.124611
test.ca-cb.ca::00683,test.ca-cb.ca::00683,You really went out on a limb with that pun,1.0,content_diversity,I really did and it worked!,"Well thank you, I will take that as a compliment.",It's what I do best.,I tried almost a dozen and no pun in ten did.,It's the way I tell it.,-0.042,0.953,-0.156,-0.632,-0.363,10.802723,0.294087,0.324566,3.506199,0.095451,65.863449,1.421088,0.000000,21.377054,0.461237
test.ca-cb.ca::00684,test.ca-cb.ca::00684,That is the cutest cat I have ever seen,1.0,content_diversity,its ok looking,its not that cute,aww look at that cat,how cute,cats are cool,-0.017,0.965,-0.152,-0.692,-0.421,25.981202,1.764872,0.218163,5.668141,0.385030,24.523777,1.129749,0.000000,5.350185,0.246470
test.ca-cb.ca::00685,test.ca-cb.ca::00685,It's not working for me anyone else with the same problem,1.0,content_diversity,Yeah I have the same issue,It's working for me,It worked for me when I did it,Looks like it's working for some but not others,I think it's a problem on their end,-0.035,0.947,-0.266,-0.723,-0.440,22.497167,0.750127,0.482523,10.855390,0.361953,32.451163,0.630398,0.000000,15.658417,0.304181
test.ca-cb.ca::00687,test.ca-cb.ca::00687,Some things just don't belong on a ballot,0.0,content_diversity,Are you refering to anything special?,Was there something in particular you had in mind?,What type of issues were you thinking of?,Would you please eleborate about the specifics?,Can you name some examples?,-0.028,0.971,-0.178,-0.796,-0.559,39.593015,0.845077,0.367808,14.562609,0.310826,64.312541,1.184582,0.000000,23.654638,0.435698
test.ca-cb.ca::00688,test.ca-cb.ca::00688,I would say otherwise please do so we can laugh at you,1.0,content_diversity,That's not very kind.,I'll be the one laughing.,Why would you laugh at me?,I will and I'll have the last laugh.,I have no idea what you're talking about.,-0.014,0.968,-0.145,-0.761,-0.330,15.261897,0.624501,0.442299,6.750315,0.276216,34.902015,1.246452,0.000000,15.437110,0.551304
test.ca-cb.ca::00690,test.ca-cb.ca::00690__row959,Reported for reporting had to do it at least once,1.0,content_diversity,Who would report you?,What did you report?,This makes no sense.,We need details.,Did they suspend you?,-0.005,0.789,-0.297,-0.708,-0.294,16.148710,0.942138,0.303199,4.896275,0.285655,25.591154,1.426861,0.000000,7.759216,0.432623
test.ca-cb.ca::00690,test.ca-cb.ca::00690__row960,Reported for reporting had to do it at least once,0.0,content_diversity,More details?,Please give us more details.,More details so we understand.,Can you elaborate to us.,I need more details on what you did.,-0.031,0.942,-0.313,-0.904,-0.673,24.247325,0.981664,0.307195,7.448668,0.301563,34.823052,1.720651,0.000000,10.697483,0.528576
test.ca-cb.ca::00691,test.ca-cb.ca::00691__row961,I think the funniest part about this story is the decline bench,1.0,content_diversity,Is that something to lift weights with?,I'm sitting on one right now,Somewhere I sit when I say no,What about the recline bench,It's all hilarious,0.000,0.993,-0.097,-0.630,-0.242,38.792394,1.177300,0.291171,11.295215,0.342795,53.414455,1.650996,0.000000,15.552732,0.480722
test.ca-cb.ca::00691,test.ca-cb.ca::00691__row962,I think the funniest part about this story is the decline bench,0.0,content_diversity,Do you use it to work out,Does it help build muscles,Are you building any muscle tone with it,Can you use it for curls too,Is it for deadweights or cables?,-0.059,0.921,-0.344,-0.734,-0.395,35.264622,1.156325,0.257211,9.070458,0.297420,80.126161,2.169822,0.000000,20.609351,0.558103
test.ca-cb.ca::00693,test.ca-cb.ca::00693__row963,Your kids are always annoying someone you just learn to ignore it,1.0,content_diversity,my kids are great,they are kids,"well, they have to learn to socialize",I doubt it,I think you are annoying,-0.030,0.945,-0.240,-0.643,-0.198,22.386453,1.247650,0.340979,7.633306,0.425422,34.286090,1.608469,0.000000,11.690830,0.548454
test.ca-cb.ca::00693,test.ca-cb.ca::00693__row964,Your kids are always annoying someone you just learn to ignore it,0.0,content_diversity,they are adorable,they are lovely,I think they are cute,I think they are very good kids,my kids are wonderful,-0.154,0.788,-0.482,-0.786,-0.760,29.706831,1.426271,0.376309,11.178953,0.536719,26.298320,0.612324,0.000000,9.896298,0.230423
test.ca-cb.ca::00695,test.ca-cb.ca::00695,As an engineer I take offense to that comment,1.0,content_diversity,Why is it offensive?,You are too easily offended,Why would someone get mad over a comment,"Yes, me too",I am not even an engineer but I'm also offended,-0.012,0.980,-0.083,-0.679,-0.321,13.213095,0.751593,0.369178,4.877979,0.277471,38.775209,2.132549,0.000000,14.314939,0.787289
test.ca-cb.ca::00697,test.ca-cb.ca::00697,Whoa what happened I forgot what your post said,1.0,content_diversity,read it again,it said everything,i dont know,it could have been anything,i dont feel like looking again,-0.037,0.937,-0.137,-0.682,-0.218,11.485728,1.063317,0.443822,5.097621,0.471924,28.121226,0.709198,0.000000,12.480825,0.314758
test.ca-cb.ca::00698,test.ca-cb.ca::00698__row967,What is this business of putting dollar signs after the amount,1.0,content_diversity,the correct way to count money is what that is,who knows,its really straightforward,honestly its essentially to know these things,im not sure,-0.007,0.976,-0.022,-0.694,-0.270,34.016887,1.382481,0.245878,8.364016,0.339922,107.869711,0.908955,0.000000,26.522827,0.223492
test.ca-cb.ca::00698,test.ca-cb.ca::00698__row968,What is this business of putting dollar signs after the amount,0.0,content_diversity,its the right way,theres the way,its the correct way to count it,the only way to count it,it is the right way to indentify money and count it,-0.159,0.788,-0.255,-0.871,-0.550,26.466931,1.664754,0.277568,7.346369,0.462082,76.138995,1.971032,0.000000,21.133737,0.547095
test.ca-cb.ca::00699,test.ca-cb.ca::00699,It's better protected than the current space station,0.0,content_diversity,nothing is more protected than the space station you're misinformed,"Nope, nothing is more protected than the space station",wrong nothing is more protected than the space station,nothing is more protected than the space station you're wrong,False nothing is more protected than the space station,-0.821,0.325,-0.590,-0.986,-0.839,59.737609,1.019040,0.513395,30.668974,0.523170,20.750741,0.335062,0.000000,10.653321,0.172019
test.ca-cb.ca::00701,test.ca-cb.ca::00701,Difference is no body was begging for that fight,1.0,content_diversity,I was really looking forward to it personally.,Yeah everyone knew that was going to be a snooze fest.,I have no idea why they thought that was a good idea.,A friend of mine was so excited about it but he's insane.,The next fight will be much better.,-0.024,0.956,-0.226,-0.669,-0.286,24.420588,0.341149,0.472529,11.539433,0.161203,65.748362,0.808501,0.000000,31.067998,0.382040
test.ca-cb.ca::00702,test.ca-cb.ca::00702,Why refer to yourself as a kid you're 22,1.0,content_diversity,22 is still very young.,It's all relative.,I guess you're right.,Fine I'm a young adult.,I haven't even worked a real job yet.,-0.011,0.976,-0.183,-0.677,-0.250,9.809019,0.817309,0.400066,3.924258,0.326978,44.851596,0.941350,0.000000,17.943614,0.376603
test.ca-cb.ca::00703,test.ca-cb.ca::00703,The entire episode focused around the medic makes me sob,1.0,content_diversity,Oh my goodness it was so sad!,I found it hard to feel bad for the medic.,From beginning to end it made my cry.,"There's no need to be so soft, we all have a sob story.",That episode was so boring.,-0.031,0.958,-0.175,-0.686,-0.399,22.972272,0.409808,0.372874,8.565753,0.152807,88.129129,0.852202,0.000000,32.861022,0.317763
test.ca-cb.ca::00704,test.ca-cb.ca::00704,Orange you glad he did't say stab instead,0.0,content_diversity,it does suck,your joke is not funny,its just really not funny,i didn't find the joke funny,your joke is bad,-0.061,0.890,-0.394,-0.817,-0.689,39.201219,1.735318,0.227590,8.921825,0.394942,30.165685,2.731256,0.000000,6.865423,0.621608
test.ca-cb.ca::00705,test.ca-cb.ca::00705__row974,Aye well good luck being owned by china,1.0,content_diversity,I'm an American!,Who's owned by China?,That's bad luck.,Are you sure you mean China?,What do you mean by that?,-0.020,0.943,-0.133,-0.676,-0.230,19.498016,1.023709,0.316395,6.169084,0.323897,23.851849,2.033577,0.000000,7.546617,0.643415
test.ca-cb.ca::00705,test.ca-cb.ca::00705__row975,Aye well good luck being owned by china,0.0,content_diversity,Who are you talking about?,I would really like to know who is owned by China.,Whoever do you mean?,"Who do you mean, makes no sense, about being owned by China.",Owned by China? Who?,-0.036,0.929,-0.121,-0.772,-0.522,39.441445,1.126660,0.344974,13.606286,0.388669,82.301647,1.347484,0.000000,28.391956,0.464848
test.ca-cb.ca::00706,test.ca-cb.ca::00706,When I moved to america it was the thing I missed most,0.0,content_diversity,It never occurred to me to miss that.,I can't say I missed that at all.,I don't crave that at all.,I haven't found myself longing for that.,I've had no desire for that.,-0.062,0.909,-0.443,-0.791,-0.566,40.522431,1.202921,0.330457,13.390915,0.397514,9.454078,0.645444,0.000000,3.124165,0.213291
test.ca-cb.ca::00707,test.ca-cb.ca::00707,I would love to try out some new soap d,1.0,content_diversity,why? soap is soap,All soaps are the same though,"New soap, where? I want to try too",I love trying new soap like oatmeal ones are so cool,So go buy some new soap,-0.024,0.959,-0.100,-0.936,-0.444,49.620201,1.419153,0.249439,12.377224,0.353992,78.556879,1.103091,0.000000,19.595167,0.275154
test.ca-cb.ca::00708,test.ca-cb.ca::00708,It's the only way anyone has ever left reddit,0.0,content_diversity,There are many ways to leave.,I know several ways to leave.,I'm aware of quite a few ways to leave.,There are a bunch of ways to leave.,There's tons of ways to leave.,-0.230,0.786,-0.754,-0.980,-0.888,38.669460,1.107367,0.429330,16.601961,0.475426,18.183098,0.506957,0.000000,7.806550,0.217652
test.ca-cb.ca::00709,test.ca-cb.ca::00709,I hate him and I'm crying I hate him because I'm crying,1.0,content_diversity,we get it you hate him,dont cry,thats bad im sorry,guys are awful so makes sense,ok please cry,-0.008,0.990,-0.051,-0.668,-0.374,19.185201,1.026195,0.249068,4.778423,0.255593,65.158186,1.522218,0.000000,16.228830,0.379136
test.ca-cb.ca::00711,test.ca-cb.ca::00711__row980,Ok I told him to let you know when to delete yours,1.0,content_diversity,So lets synchronize our watches.,Why do I always have to delete mine?,I am not going to give up my copy of the program.,Who is he and what does he matter?,Does he do everything you tell him too?,-0.011,0.976,-0.181,-0.582,-0.213,25.384877,0.583738,0.401190,10.184169,0.234190,35.715992,1.047959,0.000000,14.328914,0.420431
test.ca-cb.ca::00711,test.ca-cb.ca::00711__row981,Ok I told him to let you know when to delete yours,0.0,content_diversity,"I am not deleting mine, ever.",That program will never depart from my computer.,There is no way I am getting rid of that file.,Its mine all mine and its going to stay that way.,No matter what he says it will be on my machine forever.,-0.015,0.966,-0.245,-0.721,-0.520,30.105906,0.652783,0.419089,12.617065,0.273574,37.540832,0.829504,0.000000,15.732964,0.347636
test.ca-cb.ca::00712,test.ca-cb.ca::00712__row982,We have a name for that ya know,1.0,content_diversity,"As do we, as do we.",Please tell me what it is.,I bet you do!,I am guessing it isn't going to be nice!,It wouldn't involve a butt would it?,-0.006,0.981,-0.048,-0.609,-0.299,9.164218,0.767939,0.266093,2.438536,0.204343,47.916185,1.876275,0.000000,12.750171,0.499264
test.ca-cb.ca::00712,test.ca-cb.ca::00712__row983,We have a name for that ya know,0.0,content_diversity,That doesn't surprise me at all!,I wouldn't have doubted it for a second.,Am I supposed to be shocked?,I cannot say I am stunned by that news.,That is so predictable.,-0.016,0.976,-0.235,-0.701,-0.411,28.978787,0.785477,0.369081,10.695526,0.289905,38.250001,0.736129,0.000000,14.117357,0.271691
test.ca-cb.ca::00713,test.ca-cb.ca::00713,No the new thing is talking about it,1.0,content_diversity,it is?,i thought being quiet was the new,first im hearing about it,no one cares,thats cool with me,-0.006,0.990,-0.007,-0.631,-0.269,18.009623,0.694011,0.224862,4.049676,0.156057,35.347114,5.038790,0.000000,7.948216,1.133031
test.ca-cb.ca::00714,test.ca-cb.ca::00714__row985,Thats the coolest thing I've read all day,1.0,content_diversity,Thank you,Yeah same for me,Glad you guys liked it,"Not for me, I've read more interesting things today",I showed this to my dad and it really made his day,-0.012,0.981,-0.070,-0.681,-0.299,9.475043,0.818456,0.360450,3.415278,0.295012,74.911375,1.172484,0.000000,27.001798,0.422622
test.ca-cb.ca::00714,test.ca-cb.ca::00714__row986,Thats the coolest thing I've read all day,0.0,content_diversity,Really glad you liked,I'm grateful for your support,"Thank you very much, I'm so glad you liked it","Thanks, really appreciate you liking it",Your support is much appreciated,-0.042,0.921,-0.162,-0.875,-0.821,39.646126,1.128754,0.421474,16.709830,0.475741,21.870023,0.646494,0.000000,9.217657,0.272481
test.ca-cb.ca::00715,test.ca-cb.ca::00715__row987,It wouldve sucked if you had to fall off,1.0,content_diversity,I'm more prone to fall out.,Hail Ceaser,Do you know the way to Minnesota,How do you do?,Don't eat al the mushrooms yoursef,-0.010,0.976,-0.024,-0.574,-0.094,-4.947844,0.517988,0.177118,-0.876354,0.091745,100.967874,2.663703,0.000000,17.883253,0.471790
test.ca-cb.ca::00715,test.ca-cb.ca::00715__row988,It wouldve sucked if you had to fall off,0.0,content_diversity,I'm a heroin addict who overdoses a lot,I'm bad a doing drugs,I use needles to shoot my dope,Better have the narcan when I'm around,I like to do a lot of that fetty dope,-0.033,0.945,-0.230,-0.697,-0.314,29.318351,1.103103,0.219527,6.436171,0.242161,62.889081,1.626664,0.000000,13.805854,0.357097
test.ca-cb.ca::00716,test.ca-cb.ca::00716,Perhaps he's upset that he missed the joke,0.0,content_diversity,Your joke was offensive,You offended him with your joke,I think it was offensive joke,That joke was inappropriate,That was very offensive joke,-0.100,0.890,-0.530,-0.968,-0.833,46.083193,1.672553,0.348271,16.049432,0.582501,20.210645,0.546893,0.000000,7.038778,0.190467
test.ca-cb.ca::00717,test.ca-cb.ca::00717,Gt edit I'm alive   day isn't over yet,1.0,content_diversity,"well, it might as well be",it is good you are alive,"well, day is over for me, I am going to bed",it is late here,"yes, it is a long day today",-0.058,0.939,-0.062,-0.684,-0.268,34.210053,1.306192,0.358233,12.255162,0.467921,25.855192,0.572612,0.000000,9.262177,0.205128
test.ca-cb.ca::00719,test.ca-cb.ca::00719,Fixed input did't see the error in the last row,1.0,content_diversity,Really? It was a pretty obvious error,Yeah that error could have been easily missed,I didn't see it either until it was mentioned,what error are you talking about?,Glad you fixed it,-0.021,0.965,-0.136,-0.696,-0.322,26.275998,0.336457,0.430755,11.318519,0.144930,29.795325,1.508420,0.000000,12.834487,0.649759
test.ca-cb.ca::00720,test.ca-cb.ca::00720,Happens to me somewhat regularly linear time is just an illusion,1.0,content_diversity,its all an illusion,happens to us all,yeah sounds typical,"Ah, well what can you do",thats a regular thing,-0.005,0.990,-0.094,-0.640,-0.345,25.225152,1.325168,0.324100,8.175463,0.429486,36.665148,1.357203,0.000000,11.883161,0.439869
test.ca-cb.ca::00721,test.ca-cb.ca::00721,This is reposted off the top post on this subreddit,1.0,content_diversity,Yeah I know,I don't think it is,I think this is an orginal post,What makes you think that?,I've never read this post,-0.034,0.944,-0.047,-0.640,-0.204,22.081550,0.848356,0.341730,7.545926,0.289909,28.382612,1.421141,0.000000,9.699187,0.485646
test.ca-cb.ca::00722,test.ca-cb.ca::00722,If everyone dies he can't bond with them at all gtgt,0.0,content_diversity,bonding is really good,yes lets bond,ok bonding is ok,i agree with bonding,yeah bonding is a a good idea,-0.052,0.904,-0.291,-0.960,-0.749,30.402499,1.934645,0.260792,7.928729,0.504540,27.179122,1.379874,0.000000,7.088098,0.359860
test.ca-cb.ca::00723,test.ca-cb.ca::00723,Do you guys surf I'm also from texas btw,1.0,content_diversity,I've never been surfing before.,I surf all the time.,Oh my god I love to surf.,Surfing is fun if you don't get bit by a shark.,I try to surf but it doesn't go very well.,-0.022,0.968,-0.316,-0.938,-0.379,16.422057,0.762903,0.469135,7.704165,0.357905,55.741966,0.852031,0.000000,26.150518,0.399718
test.ca-cb.ca::00724,test.ca-cb.ca::00724,That is by far the best troll I've ever seen,0.0,content_diversity,It wasn't that great.,I've seen greater.,I've seen finer.,I've seen superior trolling.,I've seen higher quality trolling.,-0.117,0.883,-0.480,-0.812,-0.495,26.608106,1.436094,0.270191,7.189279,0.388020,28.175198,1.674314,0.000000,7.612693,0.452385
test.ca-cb.ca::00725,test.ca-cb.ca::00725__row997,It's cool but it can't beat jedi knight ii,1.0,content_diversity,I don't want to beat jedi knight,I think I am like a jedi knight,what is it?,which jedi knight?,"of course, jedi knight are the second best after sith lord.",-0.037,0.941,-0.255,-0.780,-0.328,0.388174,1.394423,0.296308,0.115019,0.413179,114.734249,1.413696,0.000000,33.996696,0.418890
test.ca-cb.ca::00725,test.ca-cb.ca::00725__row998,It's cool but it can't beat jedi knight ii,0.0,content_diversity,I am similar to jedi knight,jedi knight and I are alike,I sometime think I have traits of jedi knight,I believe I am alike compared to jedi knight,jedi knight can be me,-0.138,0.861,-0.429,-0.965,-0.737,73.764212,2.078798,0.279995,20.653642,0.582054,57.633786,1.261216,0.000000,16.137196,0.353135
test.ca-cb.ca::00726,test.ca-cb.ca::00726__row999,Video is awesome booty is amazing I would like to see more,1.0,content_diversity,Who wouldn't,Yes I would also like to see more,That is very inappropriate,"I agree with you, video is awesome",This is so disgusting,-0.015,0.976,-0.132,-0.624,-0.277,25.054892,0.910211,0.372741,9.338982,0.339273,11.791970,1.458059,0.000000,4.395349,0.543478
test.ca-cb.ca::00726,test.ca-cb.ca::00726__row1000,Video is awesome booty is amazing I would like to see more,0.0,content_diversity,That is not appopriate content,This is only for 18+,That content is very inappropriate,This is not the place for that kind of content,You can't post inappropriate content here,-0.063,0.914,-0.088,-0.770,-0.315,44.481304,1.327020,0.344332,15.316315,0.456935,24.011104,1.984754,0.000000,8.267780,0.683413
test.ca-cb.ca::00728,test.ca-cb.ca::00728,I find that text to speech comes in pretty handy,1.0,content_diversity,Yeah me too,It is really helpful to have text,I don't need it,Text to speech is for those who are not capable of doing it without it,I couldn't agree more with you,-0.013,0.971,0.021,-0.647,-0.288,26.288282,0.969947,0.326735,8.589289,0.316915,68.441028,1.804724,0.000000,22.362046,0.589666
test.ca-cb.ca::00729,test.ca-cb.ca::00729,Is it safe to agree with eli that he's an elite qb,1.0,content_diversity,he is the best,I think he is all right,I am not sure if he is elite,I agree with you 100%,he is not that good,-0.083,0.910,-0.178,-0.663,-0.316,26.410988,1.153179,0.365688,9.658190,0.421704,26.835238,1.038738,0.000000,9.813333,0.379854
test.ca-cb.ca::00731,test.ca-cb.ca::00731,Thats because they need to ai in bw is a lot worse,1.0,content_diversity,What do you mean by that?,I don't think you are right,I showed that post to my dad and he agrees with you,I believe you don't know much about AI,You are 100% right,-0.034,0.956,-0.091,-0.710,-0.120,37.894637,0.790758,0.407776,15.452528,0.322452,54.408141,0.629375,0.000000,22.186341,0.256644
test.ca-cb.ca::00732,test.ca-cb.ca::00732,Are we gonna blame this one on the defense too,1.0,content_diversity,Yes I guess we are going to blame defense too,"Not blaming defense, but seems like they should be blamed",Why is the defense being blamed anyways?,What else do you know is being blamed on the defense?,Yup it's easier to blame them that's why,-0.025,0.955,-0.213,-0.903,-0.608,25.594138,0.467521,0.373634,9.562839,0.174682,45.101392,1.023740,0.000000,16.851411,0.382504
test.ca-cb.ca::00733,test.ca-cb.ca::00733,I lold when I got to senior management,1.0,content_diversity,Were you proud?,Wow that is a great achievement,How did you celebrate your promotion?,Is going to work more enjoyable now?,Did you also get a hefty paycheck raise?,-0.015,0.980,-0.201,-0.739,-0.291,26.709471,0.900310,0.302225,8.072263,0.272096,45.698373,1.389961,0.000000,13.811178,0.420080
test.ca-cb.ca::00734,test.ca-cb.ca::00734,Gamecube still the only console to come with a handle to date,1.0,content_diversity,Gamecube stands out from the rest,Wait gamecube has a handle?,Who needs a handle though?,No I think there's another console with a handle,I hate Gamecubes handle that's why there the only ones with it,-0.027,0.956,-0.204,-0.849,-0.369,4.546869,0.580188,0.431020,1.959792,0.250073,75.700950,0.580947,0.000000,32.628635,0.250400
test.ca-cb.ca::00736,test.ca-cb.ca::00736,No pics  down vote sorry op   edit up vote sick gun,0.0,content_diversity,"You are unclear, I don't understand it",I don't understand your post,Sorry but your sentence is meaningless,I don't know what you're trying to say,I can't understand this bunch of words,-0.061,0.921,-0.293,-0.767,-0.598,23.372070,0.674590,0.452185,10.568507,0.305040,44.635149,1.053848,0.000000,20.183359,0.476535
test.ca-cb.ca::00737,test.ca-cb.ca::00737__row1008,Well lets just hope that this will a mount to something,1.0,content_diversity,I do hope so,it already has,"maybe it will, maybe it will not",why would it not be,I wonder about that too,-0.025,0.939,-0.073,-0.689,-0.352,19.401918,0.948479,0.374479,7.265619,0.355186,19.717999,0.719744,0.000000,7.383985,0.269529
test.ca-cb.ca::00737,test.ca-cb.ca::00737__row1009,Well lets just hope that this will a mount to something,0.0,content_diversity,it is already,I think it is a long time ago,it already amounts to something,it has became large,it has grown exponentially,-0.071,0.921,-0.232,-0.711,-0.445,34.167953,1.506523,0.347995,11.890260,0.524262,47.182856,1.469243,0.000000,16.419375,0.511289
test.ca-cb.ca::00740,test.ca-cb.ca::00740,Does that sound weird to people not from wales,1.0,content_diversity,It certainly sounds weird to me.,It sounds normal to me.,I'm from wales so I can't judge.,It absolutely does!,I think that sounds weird no matter where you're from.,-0.045,0.927,-0.206,-0.741,-0.312,13.378737,0.755394,0.464890,6.219639,0.351175,32.263723,1.238870,0.000000,14.999078,0.575938
test.ca-cb.ca::00741,test.ca-cb.ca::00741,Waiting list even though I live across the pond,1.0,content_diversity,Which pond is that?,What are you waiting for?,I wouldn't wait for that.,How far away is it?,The waiting list is very long.,-0.016,0.976,-0.187,-0.663,-0.236,16.711691,0.779664,0.381671,6.378367,0.297575,25.302333,1.809343,0.000000,9.657166,0.690574
test.ca-cb.ca::00742,test.ca-cb.ca::00742,I see how would you like new technology for them to use,1.0,content_diversity,"Yeah, I think it would really help get things done.",The technology will help them adapt for the future.,I feel like it is the best way forward.,Do you not agree that they will need it?,New tech is going to be the best for their careers.,-0.023,0.958,-0.318,-0.712,-0.408,14.579552,0.444214,0.434664,6.337203,0.193084,28.764194,0.471799,0.000000,12.502753,0.205074
test.ca-cb.ca::00743,test.ca-cb.ca::00743__row1013,Same here but it doesn't matter in texas,1.0,content_diversity,it matters here,"who cares what matters in texas, this happens here",what does texas have to do with it,you are not making sense,I agree with you,-0.022,0.959,-0.032,-0.698,-0.253,37.668166,1.084955,0.399494,15.048211,0.433433,76.684051,0.886800,0.000000,30.634828,0.354271
test.ca-cb.ca::00743,test.ca-cb.ca::00743__row1014,Same here but it doesn't matter in texas,0.0,content_diversity,but it happens here,it has an effect here,it is relevant here,its impact is here,it has an impact here,-0.107,0.860,-0.376,-0.877,-0.835,36.611293,1.903819,0.326459,11.952078,0.621518,29.250685,1.673131,0.000000,9.549143,0.546208
test.ca-cb.ca::00744,test.ca-cb.ca::00744,My husband did that for me and I forgot to unlike,0.0,content_diversity,Oh yes that explains it,"Now that you explained it, it really makes sense","Alright, I understand it now","Thanks for clearing that out, now I get it",When you explain then it makes sense,-0.055,0.930,-0.271,-0.851,-0.672,32.557565,0.942282,0.360257,11.729104,0.339464,25.506429,0.946148,0.000000,9.188880,0.340857
test.ca-cb.ca::00745,test.ca-cb.ca::00745,What age did you watch it at I'm 22,1.0,content_diversity,I watched it as a teenager.,I never watched it.,I watched it when I was 9.,Why would anyone want to watch that?,I still haven't but I plan to soon.,-0.080,0.906,-0.376,-0.694,-0.250,5.273333,0.342933,0.513408,2.707369,0.176064,50.291840,0.926764,0.000000,25.820213,0.475807
test.ca-cb.ca::00746,test.ca-cb.ca::00746__row1017,It almost seems like you want to be canadian,1.0,content_diversity,I am an American,why did you say that?,that makes no sense,I do not want to be a canadian,do not put your words in my mouth,-0.011,0.971,-0.104,-0.636,-0.220,12.443027,0.694712,0.423325,5.267441,0.294089,34.043454,0.893614,0.000000,14.411435,0.378289
test.ca-cb.ca::00746,test.ca-cb.ca::00746__row1018,It almost seems like you want to be canadian,0.0,content_diversity,don't speak for me,don't say I say things I did not say,you make that up,stop making things up and said I say it,never make assumption and then speak on my behalf,-0.027,0.930,-0.128,-0.746,-0.289,34.706610,1.629687,0.304118,10.554909,0.495617,81.814704,1.257479,0.000000,24.881333,0.382422
test.ca-cb.ca::00748,test.ca-cb.ca::00748__row1019,I cannot comprehend why this is not a national holiday,1.0,content_diversity,Because the government says so,That is a good question,I haven't really thought about it much,Just take the holiday and stop worrying about it,Does it hurt you in anyway to take the holiday,-0.032,0.934,-0.089,-0.673,-0.221,20.841901,0.655702,0.434758,9.061188,0.285072,51.451562,0.649014,0.000000,22.368991,0.282164
test.ca-cb.ca::00748,test.ca-cb.ca::00748__row1020,I cannot comprehend why this is not a national holiday,0.0,content_diversity,Don't worry about it and take the holiday,Why don't you just take the holiday and not worry,Don't think about it and take the holiday anyway,You can just not worry and take the holiday,Take it anyway and don't worry,-0.207,0.735,-0.513,-0.968,-0.775,58.985875,1.308521,0.378231,22.310301,0.494924,25.605708,0.801434,0.000000,9.684879,0.303127
test.ca-cb.ca::00749,test.ca-cb.ca::00749,Congressmen hates romney for using this one weird trick,1.0,content_diversity,Congressmen hates everyone not just romney,Everyone hates romney not just congressmen,What congressmen said they hate him?,What weird trick did romney use?,I hate romney and all congressmen politics suck,-0.048,0.930,-0.221,-0.884,-0.475,30.749080,0.918464,0.431785,13.276986,0.396579,68.014592,1.346740,0.000000,29.367668,0.581502
test.ca-cb.ca::00751,test.ca-cb.ca::00751,I believe it was in gta vice city as well,1.0,content_diversity,I think it was GTA5.,I think you are right.,It was in both.,It was not in Vice City.,It was only in the original.,-0.074,0.902,-0.297,-0.646,-0.219,12.162235,0.816675,0.330117,4.014966,0.269599,25.294316,1.231336,0.000000,8.350095,0.406485
test.ca-cb.ca::00752,test.ca-cb.ca::00752__row1023,Yes go see the documentary man on wire,1.0,content_diversity,I heard that was fantastic.,That documentary was awful.,I'm too busy to watch it.,I hate documentaries.,I'm so looking forward to watching it!,-0.016,0.968,-0.362,-0.732,-0.240,13.244544,0.743965,0.408354,5.408463,0.303801,27.933334,0.715572,0.000000,11.406691,0.292207
test.ca-cb.ca::00752,test.ca-cb.ca::00752__row1024,Yes go see the documentary man on wire,0.0,content_diversity,Word is that's great.,I was told that was fantastic.,I heard great things about that.,That's supposed to be spectacular.,My friend told me it was really good.,-0.017,0.959,-0.353,-0.747,-0.621,25.116652,0.905082,0.376860,9.465466,0.341089,15.414624,1.088895,0.000000,5.809158,0.410361
test.ca-cb.ca::00753,test.ca-cb.ca::00753,Technically anyone can walk on water depending on how deep it is,1.0,content_diversity,"haha, that is not walking on water but in it",no way jose,you are not making much sense,I do not agree with you,that is right,-0.024,0.956,-0.024,-0.589,-0.258,19.853804,1.088826,0.293183,5.820806,0.319226,85.788954,2.241974,0.000000,25.151897,0.657310
test.ca-cb.ca::00754,test.ca-cb.ca::00754,When you remove honor from police this happens,1.0,content_diversity,It's so sad when things like this happen.,It's so disappointing to see.,Money always has such a pull on people.,It's sad that it came to this.,What a terrible incident.,-0.028,0.949,-0.374,-0.721,-0.579,34.419237,0.921314,0.362557,12.478933,0.334029,44.771588,1.164094,0.000000,16.232250,0.422050
test.ca-cb.ca::00755,test.ca-cb.ca::00755,What the heck I hate you I'm so jealous,1.0,content_diversity,Lol I hate you too,You should be I'm the best,"I don't blame you, everyone is jealous of me",Jealous because you love me actually,Don't be jealous I will share with you,-0.026,0.959,-0.163,-0.778,-0.350,26.036321,0.785733,0.409958,10.673792,0.322117,36.292885,0.784393,0.000000,14.878550,0.321568
test.ca-cb.ca::00757,test.ca-cb.ca::00757,And how only one of them is right,1.0,content_diversity,How do you know it's only of them that is right?,Actually two of them were right,It's a lie no one knows how many were right,yup I wonder how only on them were right too,Maybe they were all wrong,-0.054,0.925,-0.163,-0.808,-0.456,41.244212,0.960285,0.392495,16.188136,0.376907,93.472121,1.625363,0.000000,36.687315,0.637947
test.ca-cb.ca::00758,test.ca-cb.ca::00758,I think the solution may be to get rid of the tree,1.0,content_diversity,I like that tree,maybe you are right,chopping time it is,let's get it done,the tree is bearing some nice fruit,-0.013,0.974,-0.095,-0.673,-0.299,32.950919,2.101267,0.248171,8.177469,0.521474,52.009432,1.945642,0.000000,12.907244,0.482852
test.ca-cb.ca::00759,test.ca-cb.ca::00759,How does he know what groceries she buys,0.0,content_diversity,I think he's stalking her.,Perhaps he's following her.,He might be tailing her.,Maybe he's watching her.,I bet he's been stalking her.,-0.080,0.914,-0.659,-0.836,-0.695,22.432298,0.942185,0.368913,8.275557,0.347584,20.876842,0.653506,0.000000,7.701729,0.241087
test.ca-cb.ca::00760,test.ca-cb.ca::00760,Clearly they did learn something from the feedback,1.0,content_diversity,Yeah it helped them to improve their service,What makes you so sure,I don't think they did,And they also implemented some new ideas,That is why they are my favourites,-0.010,0.988,-0.135,-0.624,-0.277,10.784255,0.515699,0.411264,4.435172,0.212088,44.925204,0.695300,0.000000,18.476101,0.285952
test.ca-cb.ca::00761,test.ca-cb.ca::00761,I thought most of those buildings had a name lol,0.0,content_diversity,someone should name them,I think they should get a name,I thought someone named them already,they do needs some name,I do think we need a way to call them,-0.048,0.925,-0.351,-0.917,-0.591,21.833402,0.897564,0.418668,9.140947,0.375781,60.176493,1.975184,0.000000,25.193974,0.826946
test.ca-cb.ca::00763,test.ca-cb.ca::00763__row1033,You can't post text and a link  one or the other,1.0,content_diversity,Why can't you do both?,I prefer links.,I want texts.,Who made you the boss of text and links?,I want both.,-0.040,0.954,-0.352,-0.723,-0.291,31.397004,1.741012,0.283007,8.885565,0.492718,52.363272,1.172254,0.000000,14.819160,0.331756
test.ca-cb.ca::00763,test.ca-cb.ca::00763__row1034,You can't post text and a link  one or the other,0.0,content_diversity,Is there a reason it has to be this way?,What is the reason for not doing both?,That makes no sense. Why can't you?,I would like both and want to know why we can't have both.,What is the reasoning behind this policy?,-0.026,0.949,-0.278,-0.754,-0.483,25.846741,0.641684,0.461950,11.939904,0.296426,60.753309,1.012470,0.000000,28.064996,0.467711
test.ca-cb.ca::00764,test.ca-cb.ca::00764,Hah jokes on you I don't even have a home,0.0,content_diversity,I live in a motorhome I like to say,I always have a place to sleep,My place is warmer in summer than winter,Th windows of my place get fogged up real easy,My house needs some gas,-0.022,0.959,-0.113,-0.668,-0.179,30.022995,0.549617,0.361047,10.839720,0.198438,77.525464,1.499047,0.000000,27.990356,0.541227
test.ca-cb.ca::00766,test.ca-cb.ca::00766__row1036,You took a pic of another dudes back sweat,1.0,content_diversity,no I did not,why would I ever do that,that makes no sense,you are mistaken,"I did not, so get lost",-0.030,0.945,-0.098,-0.662,-0.504,18.855571,1.219424,0.298611,5.630477,0.364133,52.744282,1.915087,0.000000,15.750013,0.571866
test.ca-cb.ca::00766,test.ca-cb.ca::00766__row1037,You took a pic of another dudes back sweat,0.0,content_diversity,you are wrong,you are incorrect,you make a mistake,your comment is wrong,what you said is not right,-0.058,0.927,-0.370,-0.844,-0.757,30.780383,1.780129,0.324989,10.003299,0.578523,26.793186,0.767794,0.000000,8.707502,0.249525
test.ca-cb.ca::00767,test.ca-cb.ca::00767__row1038,Not safe for work I hope new as well,1.0,content_diversity,It is new.,I don't think it's new.,It's safe for work.,I don't think it's safe for anyone.,What isn't safe for work.,-0.105,0.788,-0.404,-0.748,-0.292,15.869316,0.934932,0.324883,5.155668,0.303743,37.489459,1.637343,0.000000,12.179682,0.531945
test.ca-cb.ca::00767,test.ca-cb.ca::00767__row1039,Not safe for work I hope new as well,0.0,content_diversity,It looks new.,I think it's new.,Brand new and nice and shiny.,It sure does look new.,It's new with the tag still on it.,-0.045,0.954,-0.388,-0.894,-0.702,30.369536,1.565240,0.275112,8.355032,0.430617,55.791528,1.362924,0.000000,15.348934,0.374957
test.ca-cb.ca::00769,test.ca-cb.ca::00769__row1040,My mom says I'm not allowed to get wet,1.0,content_diversity,Don't listen to her!,You can do whatever you want you're 32 years old.,Your mom is a wise woman.,What does she know?,Why exactly is that?,-0.004,0.993,-0.153,-0.588,-0.165,14.238199,0.480194,0.344815,4.909547,0.165578,50.014656,0.739342,0.000000,17.245813,0.254936
test.ca-cb.ca::00769,test.ca-cb.ca::00769__row1041,My mom says I'm not allowed to get wet,0.0,content_diversity,Just ignore her.,She's not to be listened to.,You should disobey her.,Disregard what she says.,You should forget her advice.,-0.030,0.943,-0.380,-0.772,-0.624,29.369985,1.307446,0.271432,7.971942,0.354882,22.741386,0.651645,0.000000,6.172731,0.176877
test.ca-cb.ca::00771,test.ca-cb.ca::00771,Wasn't that hip and new 45 years ago by now,1.0,content_diversity,It will forever remain hip and new,Retro is coming back now for everything,It was never hip and new,Yeah I thought it was hip and new many years ago,It's not hip now but probably back then it was,-0.078,0.896,-0.237,-0.856,-0.347,12.677507,0.495309,0.436874,5.538478,0.216388,56.867813,1.225336,0.000000,24.844088,0.535318
test.ca-cb.ca::00772,test.ca-cb.ca::00772,Hell likely end up somewhere in the south next sigh,1.0,content_diversity,it is the way things goes,"cheer up, it is not that bad","no way, I doubt it",what are you talking about?,you are not making much sense.,-0.027,0.950,-0.013,-0.627,-0.273,21.850953,1.117303,0.371862,8.125539,0.415482,28.128769,1.474352,0.000000,10.460020,0.548256
test.ca-cb.ca::00773,test.ca-cb.ca::00773,I'm not even going to bother to google that thats right,1.0,content_diversity,Why are you scared of what google might reveal?,Maybe you should use google more,"That's wrong always verify yourself, google it!",Oh well don't google it then,You're a fool that doesn't use google,-0.038,0.959,-0.157,-0.916,-0.463,42.772705,1.109994,0.353378,15.114931,0.392247,80.610018,1.388852,0.000000,28.485803,0.490790
test.ca-cb.ca::00774,test.ca-cb.ca::00774,Unfortunately netflix streaming doesn't offer any workout videos anymore,1.0,content_diversity,That sucks netflix should lower the price then,Netflix offered workout videos?,I didn't know they ended workout streaming wow,Netflix is losing quality time to find a new service,I use workout apps for those videos not netflix,-0.017,0.974,-0.133,-0.875,-0.374,36.968847,0.854473,0.377156,13.943010,0.322269,58.823499,0.727046,0.000000,22.185617,0.274209
test.ca-cb.ca::00777,test.ca-cb.ca::00777,Pfft I read it at least 5 times a year,0.0,content_diversity,i cant find the time to do that,wish i could have the time,thats a lot of time to read,how does 1 find the time ?,its about the time,-0.095,0.891,-0.160,-0.756,-0.343,28.383588,0.931399,0.364404,10.343100,0.339406,42.884335,1.746761,0.000000,15.627234,0.636527
test.ca-cb.ca::00779,test.ca-cb.ca::00779__row1047,Yes women going with dangerous men is very uncommon    what,1.0,content_diversity,"well, some of them like the thrill",maybe they need it to feel alive,they make their own choices,they make their own graves,the smart one choose nicer guys,-0.064,0.903,-0.185,-0.691,-0.208,8.327210,0.362646,0.354042,2.948182,0.128392,57.529931,1.695696,0.000000,20.368012,0.600348
test.ca-cb.ca::00779,test.ca-cb.ca::00779__row1048,Yes women going with dangerous men is very uncommon    what,0.0,content_diversity,they like the excitement,they enjoy the thrill,they may want the rush,they crave that sensation,some needs to feel that to feel alive,-0.045,0.926,-0.425,-0.749,-0.570,16.716380,1.091854,0.317255,5.303362,0.346397,87.235215,1.981994,0.000000,27.675846,0.628798
