{"_runtime":582,"m":10,"a_n":297.1404521677607,"D":-442.9037414060323,"_timestamp":1.7731650025194957e+09,"_step":9999,"_wandb":{"runtime":582},"E":-1175.207710803737,"elapsed":0.06892108917236328,"draw_idx":999,"sigma_l":0.3891833768535133,"C":0.37687273265346916}