{"m":10,"sigma_l":0.33035369965077455,"_runtime":3193,"_step":9999,"E":693.03515625,"D":331.91954596499147,"a_n":72.75,"elapsed":0.4314601421356201,"C":0.47893608711136937,"_timestamp":1.7731930216902702e+09,"draw_idx":999,"_wandb":{"runtime":3193}}